PICKUP_DATETIME,DROPOFF_DATETIME,TRIP_DISTANCE,TRIP_DURATION_MIN,TOTAL_AMOUNT,TOLLS_AMOUNT,TIP_AMOUNT,STORE_AND_FWD_FLAG,PAYMENT_TYPE,PASSENGER_COUNT,MTA_TAX,IMPROVEMENT_SURCHARGE,FARE_AMOUNT,EXTRA,CONGESTION_SURCHARGE,AIRPORT_FEE,VENDORID,RATECODEID,PULOCATIONID,DOLOCATIONID
2023-01-25 09:38:03.000,2023-01-25 09:39:44.000,0.3,1,7.05,0,1.15,N,1,1,0.5,1,4.4,0,0,0,1,1,238,151
2023-01-25 09:34:30.000,2023-01-25 09:34:40.000,0,0,4.5,0,0,N,3,1,0.5,1,3,0,0,0,2,1,193,7
2023-01-25 10:45:00.000,2023-01-25 10:46:07.000,0.4,1,10.08,0,1.68,N,1,1,0.5,1,4.4,0,2.5,0,2,1,141,263
2023-01-25 10:09:04.000,2023-01-25 10:10:39.000,0.3,1,8.4,0,0,N,2,1,0.5,1,4.4,2.5,2.5,0,1,1,79,114
2023-01-25 10:23:24.000,2023-01-25 10:23:37.000,0,0,5.4,0,0.9,N,1,1,0.5,1,3,0,0,0,2,1,7,193
2023-01-25 10:47:14.000,2023-01-25 10:47:20.000,0.06,0,85.8,0,14.3,N,1,2,0.5,1,70,0,0,0,2,2,264,138
2023-01-25 10:20:04.000,2023-01-25 10:21:05.000,0.28,1,8.7,0,1,N,1,1,0.5,1,3.7,0,2.5,0,2,1,142,163
2023-01-25 10:58:00.000,2023-01-25 10:59:48.000,0.36,1,10.08,0,1.68,N,1,1,0.5,1,4.4,0,2.5,0,2,1,151,238
2023-01-25 10:20:37.000,2023-01-25 10:20:43.000,0,0,85.5,0,5,N,1,1,0,1,77,0,2.5,0,2,5,230,48
2023-01-25 10:35:33.000,2023-01-25 10:36:56.000,0.57,1,12.15,0,0,N,2,1,0.5,1,4.4,5,0,1.25,2,1,264,223
2023-01-25 10:04:59.000,2023-01-25 10:05:12.000,0,1,7,0,0,N,4,1,0.5,1,3,0,2.5,0,2,1,170,164
2023-01-25 10:10:19.000,2023-01-25 10:11:53.000,0.26,1,9.24,0,1.54,N,1,1,0.5,1,3.7,0,2.5,0,2,1,140,141
2023-01-25 10:50:17.000,2023-01-25 10:50:29.000,0.15,0,113.05,0,22.61,N,1,2,0,1,89.44,0,0,0,2,5,216,132
2023-01-25 11:22:06.000,2023-01-25 11:23:24.000,0.34,1,8.86,0,1.16,N,1,1,0.5,1,3.7,0,2.5,0,2,1,161,164
2023-01-25 11:37:02.000,2023-01-25 11:38:32.000,0.34,1,10.08,0,1.68,N,1,1,0.5,1,4.4,0,2.5,0,2,1,162,170
2023-01-25 11:23:04.000,2023-01-25 11:24:25.000,0.3,1,10.01,0,2.31,N,1,1,0.5,1,3.7,0,2.5,0,2,1,211,114
2023-01-25 11:21:08.000,2023-01-25 11:21:17.000,0,0,10,0,3,N,1,1,0.5,1,3,0,2.5,0,2,1,239,142
2023-01-25 11:02:18.000,2023-01-25 11:02:20.000,0.64,0,99.6,0,16.6,N,1,1,0,1,82,0,0,0,2,5,260,264
2023-01-25 11:46:43.000,2023-01-25 11:47:56.000,0.35,1,8.7,0,1,N,1,1,0.5,1,3.7,0,2.5,0,2,1,142,239
2023-01-25 11:48:25.000,2023-01-25 11:48:52.000,0.04,0,4.5,0,0,N,3,1,0.5,1,3,0,0,0,2,1,43,24
2023-01-25 11:23:34.000,2023-01-25 11:24:38.000,0.12,1,7.7,0,0,N,2,1,0.5,1,3.7,0,2.5,0,2,1,141,229
2023-01-25 11:02:43.000,2023-01-25 11:02:48.000,0.01,0,24,0,0,N,2,1,0,1,23,0,0,0,2,3,142,163
2023-01-25 11:39:14.000,2023-01-25 11:40:37.000,0.45,1,8.4,0,0,N,2,1,0.5,1,4.4,0,2.5,0,2,1,141,263
2023-01-25 11:25:09.000,2023-01-25 11:26:59.000,0.47,1,10.08,0,1.68,N,1,3,0.5,1,4.4,0,2.5,0,2,1,237,141
2023-01-25 11:49:15.000,2023-01-25 11:50:37.000,0.4,1,8.4,0,0,N,2,1,0.5,1,4.4,2.5,2.5,0,1,1,90,249
2023-01-25 12:18:08.000,2023-01-25 12:18:23.000,0,0,4.5,0,0,N,2,1,0.5,1,3,0,0,0,2,1,264,152
2023-01-25 12:35:35.000,2023-01-25 12:36:36.000,0.11,1,9.24,0,1.54,N,1,1,0.5,1,3.7,0,2.5,0,2,1,161,170
2023-01-25 12:39:00.000,2023-01-25 12:40:45.000,0.2,1,8.35,0,0.65,N,1,1,0.5,1,3.7,2.5,2.5,0,1,1,262,263
2023-01-25 12:53:13.000,2023-01-25 12:54:28.000,0.38,1,9.63,0,1.93,N,1,1,0.5,1,3.7,0,2.5,0,2,1,142,48
2023-01-25 12:40:26.000,2023-01-25 12:41:59.000,0.39,1,10.92,0,2.52,N,1,1,0.5,1,4.4,0,2.5,0,2,1,170,233
2023-01-25 12:38:23.000,2023-01-25 12:39:36.000,0.32,1,6.45,0,0,N,3,2,0.5,1,3.7,0,0,1.25,2,1,264,132
2023-01-25 12:37:54.000,2023-01-25 12:38:02.000,0,1,74,0,0,N,4,1,0.5,1,70,0,2.5,0,2,2,140,141
2023-01-25 12:47:36.000,2023-01-25 12:48:23.000,0.8,1,7,0,0,N,3,1,0.5,1,3,2.5,2.5,0,1,1,141,264
2023-01-25 12:09:29.000,2023-01-25 12:09:59.000,0.01,0,4.5,0,0,N,2,3,0.5,1,3,0,0,0,2,1,264,70
2023-01-25 12:23:36.000,2023-01-25 12:24:57.000,0.5,1,10.05,0,1.65,N,1,1,0.5,1,4.4,2.5,2.5,0,1,1,236,43
2023-01-25 12:05:46.000,2023-01-25 12:06:02.000,0,1,7,0,0,N,3,3,0.5,1,3,0,2.5,0,2,1,114,144
2023-01-25 12:27:25.000,2023-01-25 12:28:05.000,0.16,1,7,0,0,N,2,1,0.5,1,3,0,2.5,0,2,1,50,143
2023-01-25 12:47:17.000,2023-01-25 12:48:52.000,0.27,1,7.7,0,0,N,2,1,0.5,1,3.7,0,2.5,0,2,1,141,229
2023-01-25 12:47:09.000,2023-01-25 12:47:19.000,0.01,0,74,0,0,N,4,1,0.5,1,70,0,2.5,0,2,2,229,162
2023-01-25 12:30:03.000,2023-01-25 12:31:54.000,0.42,1,10.08,0,1.68,N,1,1,0.5,1,4.4,0,2.5,0,2,1,141,263
2023-01-25 12:46:32.000,2023-01-25 12:46:53.000,0,0,7,0,0,N,3,1,0.5,1,3,0,2.5,0,2,1,170,164
2023-01-25 13:05:00.000,2023-01-25 13:06:55.000,0.47,1,7.67,0,1.77,N,1,1,0.5,1,4.4,0,0,0,2,1,24,151
2023-01-25 13:47:48.000,2023-01-25 13:48:47.000,0.31,1,9.24,0,1.54,N,1,2,0.5,1,3.7,0,2.5,0,2,1,233,229
2023-01-25 13:02:21.000,2023-01-25 13:03:36.000,0.25,1,7.7,0,0,N,2,2,0.5,1,3.7,0,2.5,0,2,1,50,246
2023-01-25 13:15:31.000,2023-01-25 13:15:50.000,1.19,0,102.25,0,20.45,N,1,2,0,1,80.8,0,0,0,2,5,264,197
2023-01-25 13:43:16.000,2023-01-25 13:43:28.000,0,0,5.4,0,0.9,N,1,1,0.5,1,3,0,0,0,2,1,264,7
2023-01-25 13:44:40.000,2023-01-25 13:44:46.000,0,0,5.4,0,0.9,N,1,1,0.5,1,3,0,0,0,2,1,264,193
2023-01-25 13:35:18.000,2023-01-25 13:35:33.000,0,0,7,0,0,N,3,1,0.5,1,3,0,2.5,0,2,1,68,186
2023-01-25 13:13:06.000,2023-01-25 13:14:45.000,0.67,1,10.1,0,1,N,1,1,0.5,1,5.1,0,2.5,0,2,1,141,229
2023-01-25 13:52:27.000,2023-01-25 13:52:49.000,0,0,7,0,0,N,2,1,0.5,1,3,0,2.5,0,2,1,230,137
2023-01-25 13:08:03.000,2023-01-25 13:08:38.000,0,0,7,0,0,N,2,1,0.5,1,3,0,2.5,0,2,1,230,48
2023-01-25 13:14:25.000,2023-01-25 13:15:57.000,0.13,1,7.7,0,0,N,4,2,0.5,1,3.7,0,2.5,0,2,1,163,162
2023-01-25 13:47:39.000,2023-01-25 13:48:55.000,0.29,1,10.01,0,2.31,N,1,1,0.5,1,3.7,0,2.5,0,2,1,170,161
2023-01-25 13:25:34.000,2023-01-25 13:25:56.000,0.04,0,9.5,0,0,N,4,1,0.5,1,3,5,0,0,2,1,70,138
2023-01-25 13:48:47.000,2023-01-25 13:49:52.000,0.27,1,7.7,0,0,N,3,1,0.5,1,3.7,0,2.5,0,2,1,50,48
2023-01-25 13:30:29.000,2023-01-25 13:31:22.000,0.23,1,7.7,0,0,N,1,1,0.5,1,3.7,0,2.5,0,2,1,263,262
2023-01-25 13:14:46.000,2023-01-25 13:15:01.000,0.03,1,4.5,0,0,N,2,1,0.5,1,3,0,0,0,2,1,164,170
2023-01-25 13:52:32.000,2023-01-25 13:52:52.000,0.08,0,97.91,6.55,16.11,N,1,1,0.5,1,70,0,2.5,1.25,2,2,224,4
2023-01-25 14:13:15.000,2023-01-25 14:14:55.000,0.3,1,6.75,0,1.55,N,1,1,0.5,1,3.7,0,0,0,1,1,238,151
2023-01-25 14:36:18.000,2023-01-25 14:37:32.000,0.15,1,9.24,0,1.54,N,1,2,0.5,1,3.7,0,2.5,0,2,1,43,239
2023-01-25 14:29:47.000,2023-01-25 14:30:59.000,0.26,1,7.7,0,0,N,2,1,0.5,1,3.7,0,2.5,0,2,1,236,263
2023-01-25 14:22:04.000,2023-01-25 14:22:11.000,0.02,0,10.75,0,0,N,2,1,0.5,1,3,5,0,1.25,2,1,138,70
2023-01-25 13:45:09.000,2023-01-25 13:46:29.000,0.27,1,9.24,0,1.54,N,1,1,0.5,1,3.7,0,2.5,0,2,1,238,239
2023-01-25 14:30:55.000,2023-01-25 14:31:08.000,0.7,1,24,0,0,N,4,1,0,1,23,0,0,0,1,3,114,144
2023-01-25 14:53:19.000,2023-01-25 14:53:25.000,0,0,89.8,0,8,N,1,1,0,1,80.8,0,0,0,2,5,264,262
2023-01-25 14:37:38.000,2023-01-25 14:37:53.000,0.03,0,7,0,0,N,2,1,0.5,1,3,0,2.5,0,2,1,141,140
2023-01-25 14:33:56.000,2023-01-25 14:34:31.000,0.1,1,74,0,0,N,2,0,0.5,1,70,2.5,2.5,0,1,2,141,263
2023-01-25 14:21:19.000,2023-01-25 14:22:40.000,0.22,1,9.24,0,1.54,N,1,1,0.5,1,3.7,0,2.5,0,2,1,107,170
2023-01-25 14:27:45.000,2023-01-25 14:28:39.000,0.08,1,7,0,0,N,2,1,0.5,1,3,0,2.5,0,2,1,162,229
2023-01-25 14:21:16.000,2023-01-25 14:22:22.000,0.37,1,9.24,0,1.54,N,1,1,0.5,1,3.7,0,2.5,0,2,1,229,233
2023-01-25 14:11:15.000,2023-01-25 14:12:53.000,0.2,1,8.4,0,0,N,2,0,0.5,1,4.4,2.5,2.5,0,1,1,143,239
2023-01-25 14:47:15.000,2023-01-25 14:47:26.000,0.01,0,74,0,0,N,2,1,0.5,1,70,0,2.5,0,2,2,231,13
2023-01-25 14:37:28.000,2023-01-25 14:38:36.000,0.23,1,7.7,0,0,N,1,1,0.5,1,3.7,0,2.5,0,2,1,43,163
2023-01-25 14:37:17.000,2023-01-25 14:38:26.000,0.25,1,5.2,0,0,N,2,1,0.5,1,3.7,0,0,0,2,1,151,238
2023-01-25 15:29:48.000,2023-01-25 15:30:35.000,0.26,1,6.2,0,1,N,1,1,0.5,1,3.7,0,0,0,2,1,152,238
2023-01-25 15:04:23.000,2023-01-25 15:05:47.000,0.3,1,9.2,0,1.5,N,1,1,0.5,1,3.7,2.5,2.5,0,1,1,237,162
2023-01-25 15:35:05.000,2023-01-25 15:35:10.000,0.08,0,4.5,0,0,N,2,1,0.5,1,3,0,0,0,2,1,141,264
2023-01-25 15:53:26.000,2023-01-25 15:54:02.000,0.05,1,74,0,0,N,2,1,0.5,1,70,0,2.5,0,2,2,161,230
2023-01-25 15:50:43.000,2023-01-25 15:51:59.000,0.3,1,5.2,0,0,N,1,2,0.5,1,3.7,0,0,0,1,1,151,24
2023-01-25 15:58:58.000,2023-01-25 15:59:01.000,0.01,1,4.5,0,0,N,2,2,0.5,1,3,0,0,0,2,1,229,264
2023-01-25 15:04:08.000,2023-01-25 15:05:34.000,0.38,1,9.4,0,1,N,1,1,0.5,1,4.4,0,2.5,0,2,1,163,161
2023-01-25 15:06:17.000,2023-01-25 15:07:44.000,0.3,1,8.4,0,0,N,2,1,0.5,1,4.4,2.5,2.5,0,1,1,90,249
2023-01-25 15:48:15.000,2023-01-25 15:49:31.000,0.37,1,5.2,0,0,N,2,1,0.5,1,3.7,0,0,0,2,1,75,43
2023-01-25 16:11:03.000,2023-01-25 16:11:14.000,0,0,7,0,0,N,1,1,0.5,1,3,2.5,0,0,2,1,264,193
2023-01-25 16:45:38.000,2023-01-25 16:46:20.000,0.09,1,12,0,0,N,4,1,0.5,1,3,7.5,0,0,2,1,70,138
2023-01-25 16:11:20.000,2023-01-25 16:12:46.000,0.51,1,15.9,0,5,N,1,1,0.5,1,4.4,2.5,2.5,0,2,1,230,48
2023-01-25 16:38:08.000,2023-01-25 16:39:48.000,0.36,1,8.4,0,0,N,2,1,0.5,1,4.4,2.5,0,0,2,1,42,41
2023-01-25 16:35:09.000,2023-01-25 16:35:33.000,0.26,0,102.5,0,20.5,N,1,1,0,1,81,0,0,0,2,5,264,134
2023-01-25 16:53:42.000,2023-01-25 16:54:54.000,0.25,1,10.2,0,0,N,2,1,0.5,1,3.7,2.5,2.5,0,2,1,229,233
2023-01-25 16:20:19.000,2023-01-25 16:21:58.000,0.44,1,13.08,0,2.18,N,1,1,0.5,1,4.4,2.5,2.5,0,2,1,100,186
2023-01-25 16:53:41.000,2023-01-25 16:54:19.000,0.25,1,12.24,0,2.04,N,1,1,0.5,1,3.7,2.5,2.5,0,2,1,90,68
2023-01-25 16:56:37.000,2023-01-25 16:57:13.000,0.12,1,12.5,0,3,N,1,1,0.5,1,3,2.5,2.5,0,2,1,107,137
2023-01-25 16:08:21.000,2023-01-25 16:08:23.000,0.02,0,7,0,0,N,2,6,0.5,1,3,2.5,0,0,2,1,132,264
2023-01-25 16:52:31.000,2023-01-25 16:53:54.000,0.32,1,10.2,0,0,N,4,1,0.5,1,3.7,2.5,2.5,0,2,1,234,137
2023-01-25 16:22:06.000,2023-01-25 16:22:28.000,0.05,0,9.5,0,0,N,4,1,0.5,1,3,2.5,2.5,0,2,1,170,233
2023-01-25 16:51:58.000,2023-01-25 16:52:56.000,0.21,1,10.2,0,0,N,2,1,0.5,1,3.7,2.5,2.5,0,2,1,239,238
2023-01-25 17:27:22.000,2023-01-25 17:27:32.000,1.7,0,8,0,0,N,4,1,0.5,1,3,3.5,2.5,0,1,1,236,43
2023-01-25 17:45:03.000,2023-01-25 17:46:48.000,0.3,1,13.05,0,2.15,N,1,1,0.5,1,4.4,5,2.5,0,1,1,141,237
2023-01-25 17:53:41.000,2023-01-25 17:54:57.000,0.33,1,10.2,0,0,N,2,1,0.5,1,3.7,2.5,2.5,0,2,1,263,75
2023-01-25 17:37:15.000,2023-01-25 17:38:50.000,0.28,1,10.2,0,0,N,1,1,0.5,1,3.7,2.5,2.5,0,2,1,141,237
2023-01-25 17:37:00.000,2023-01-25 17:38:33.000,0.54,1,11.83,0,2.73,N,1,1,0.5,1,5.1,2.5,0,0,2,1,43,236
2023-01-09 20:30:37.000,2023-01-09 20:31:06.000,0.11,1,8,0,0,N,4,1,0.5,1,3,1,2.5,0,2,1,143,239
2023-01-09 20:54:02.000,2023-01-09 20:55:54.000,0.5,1,11.28,0,1.88,N,1,1,0.5,1,4.4,1,2.5,0,2,1,263,262
2023-01-09 20:20:12.000,2023-01-09 20:21:56.000,0.44,1,10.4,0,1,N,1,1,0.5,1,4.4,1,2.5,0,2,1,113,211
2023-01-09 20:22:40.000,2023-01-09 20:23:47.000,0.18,1,8.7,0,0,N,1,1,0.5,1,3.7,1,2.5,0,2,1,170,164
2023-01-09 20:00:14.000,2023-01-09 20:01:24.000,0.5,1,14.17,0,3.27,N,1,1,0.5,1,4.4,2.5,2.5,0,2,1,141,236
2023-01-09 20:01:47.000,2023-01-09 20:02:17.000,0,1,8,0,0,N,3,4,0.5,1,3,1,2.5,0,2,1,186,68
2023-01-09 20:45:04.000,2023-01-09 20:46:40.000,0.41,1,11.28,0,1.88,N,1,2,0.5,1,4.4,1,2.5,0,2,1,162,229
2023-01-09 20:35:17.000,2023-01-09 20:35:47.000,0.01,0,74,0,0,N,4,2,0.5,1,70,0,2.5,0,2,2,162,161
2023-01-09 21:07:06.000,2023-01-09 21:08:55.000,0.5,1,11.25,0,1.85,N,1,1,0.5,1,4.4,3.5,2.5,0,1,1,163,237
2023-01-09 21:18:14.000,2023-01-09 21:19:32.000,0.62,1,7.6,0,0,N,1,2,0.5,1,5.1,1,0,0,2,1,74,75
2023-01-09 21:42:09.000,2023-01-09 21:43:45.000,0.66,1,12.12,0,2.02,N,1,1,0.5,1,5.1,1,2.5,0,2,1,233,229
2023-01-09 21:59:15.000,2023-01-09 22:00:15.000,0.42,1,11.28,0,1.88,N,1,1,0.5,1,4.4,1,2.5,0,2,1,142,239
2023-01-09 21:43:10.000,2023-01-09 21:44:36.000,0.4,1,9.4,0,0,N,2,0,0.5,1,4.4,3.5,2.5,0,1,1,170,107
2023-01-09 21:53:57.000,2023-01-09 21:54:09.000,0.04,1,25,0,0,N,2,1,0,1,23,1,0,0,2,3,161,163
2023-01-09 21:36:13.000,2023-01-09 21:36:41.000,0,0,10.5,0,0,N,2,4,0.5,1,3,6,0,0,2,1,264,138
2023-01-09 21:24:14.000,2023-01-09 21:25:43.000,0.37,1,11.75,0,2.35,N,1,1,0.5,1,4.4,1,2.5,0,2,1,249,125
2023-01-09 21:47:01.000,2023-01-09 21:47:26.000,0.12,0,8,0,0,N,4,2,0.5,1,3,1,2.5,0,2,1,114,113
2023-01-09 21:15:59.000,2023-01-09 21:16:53.000,0.2,1,10.44,0,1.74,N,1,1,0.5,1,3.7,1,2.5,0,2,1,90,68
2023-01-09 21:22:32.000,2023-01-09 21:23:57.000,0.35,1,11.28,0,1.88,N,1,1,0.5,1,4.4,1,2.5,0,2,1,163,230
2023-01-09 21:02:11.000,2023-01-09 21:02:14.000,0,0,100,0,12,N,1,1,0,1,87,0,0,0,2,5,231,264
2023-01-09 21:11:51.000,2023-01-09 21:11:54.000,0,0,85.8,0,14.3,N,1,1,0.5,1,70,0,0,0,2,5,265,264
2023-01-09 21:11:08.000,2023-01-09 21:12:39.000,0.59,1,11.09,0,1.69,N,1,1,0.5,1,4.4,1,2.5,0,2,1,263,75
2023-01-09 22:06:00.000,2023-01-09 22:07:12.000,0,1,8,0,0,N,4,1,0.5,1,3,3.5,2.5,0,1,1,140,141
2023-01-09 22:08:30.000,2023-01-09 22:09:56.000,0.5,1,10.4,0,1,N,1,2,0.5,1,4.4,3.5,2.5,0,1,1,249,125
2023-01-09 22:35:34.000,2023-01-09 22:35:57.000,0.03,0,8,0,0,N,3,1,0.5,1,3,1,2.5,0,2,1,48,230
2023-01-09 22:53:39.000,2023-01-09 22:53:41.000,0,0,39.25,0,0,N,1,2,0,1,38.25,0,0,0,2,5,86,264
2023-01-09 22:10:11.000,2023-01-09 22:11:03.000,0.3,1,10.4,0,1.7,N,1,1,0.5,1,3.7,3.5,2.5,0,1,1,90,249
2023-01-09 22:52:17.000,2023-01-09 22:53:40.000,0.46,1,11.28,0,1.88,N,1,1,0.5,1,4.4,1,2.5,0,2,1,48,43
2023-01-09 22:03:09.000,2023-01-09 22:04:04.000,0.31,1,8.7,0,0,N,2,1,0.5,1,3.7,1,2.5,0,2,1,237,162
2023-01-09 22:27:08.000,2023-01-09 22:28:29.000,0.34,1,10.44,0,1.74,N,1,1,0.5,1,3.7,1,2.5,0,2,1,186,164
2023-01-09 22:51:09.000,2023-01-09 22:52:58.000,0.64,1,11.1,0,1,N,1,1,0.5,1,5.1,1,2.5,0,2,1,233,137
2023-01-09 22:58:48.000,2023-01-09 22:58:51.000,0,0,109.8,0,18.3,N,1,1,0.5,1,90,0,0,0,2,5,243,264
2023-01-09 22:14:31.000,2023-01-09 22:15:54.000,0.3,1,10.4,0,1.7,N,1,1,0.5,1,3.7,3.5,2.5,0,1,1,234,164
2023-01-09 23:33:42.000,2023-01-09 23:34:31.000,0.29,1,8.7,0,0,N,2,1,0.5,1,3.7,1,2.5,0,2,1,230,163
2023-01-09 23:22:26.000,2023-01-09 23:22:43.000,0,0,8,0,0,N,2,1,0.5,1,3,1,2.5,0,2,1,233,229
2023-01-09 23:56:21.000,2023-01-09 23:56:42.000,0.01,0,8,0,0,N,2,1,0.5,1,3,1,2.5,0,2,1,170,164
2023-01-09 23:11:09.000,2023-01-09 23:12:27.000,0.33,1,10.7,0,2,N,1,2,0.5,1,3.7,1,2.5,0,2,1,90,68
2023-01-09 23:58:04.000,2023-01-09 23:59:51.000,0.51,1,9.4,0,0,N,2,1,0.5,1,4.4,1,2.5,0,2,1,186,68
2023-01-09 23:17:04.000,2023-01-09 23:18:44.000,0.31,1,12.22,0,2.82,N,1,4,0.5,1,4.4,1,2.5,0,2,1,163,142
2023-01-09 23:41:08.000,2023-01-09 23:41:17.000,0,0,26.25,0,0,N,4,1,0,1,23,1,0,1.25,2,3,264,132
2023-01-09 23:28:46.000,2023-01-09 23:29:44.000,0.4,1,9.4,0,0,N,2,0,0.5,1,4.4,3.5,2.5,0,1,1,162,170
2023-01-09 23:47:05.000,2023-01-09 23:48:28.000,0.31,1,10.87,0,2.17,N,1,1,0.5,1,3.7,1,2.5,0,2,1,114,113
2023-01-09 23:48:24.000,2023-01-09 23:49:56.000,0.4,1,9.4,0,0,N,2,1,0.5,1,4.4,3.5,2.5,0,1,1,229,162
2023-01-09 23:21:40.000,2023-01-09 23:22:47.000,0.32,1,11.31,0,2.61,N,1,1,0.5,1,3.7,1,2.5,0,2,1,90,186
2023-01-10 00:23:55.000,2023-01-10 00:24:48.000,0.33,1,10.44,0,1.74,N,1,1,0.5,1,3.7,1,2.5,0,2,1,48,68
2023-01-10 00:50:13.000,2023-01-10 00:50:56.000,0.17,0,8,0,0,N,2,1,0.5,1,3,1,2.5,0,2,1,170,161
2023-01-10 00:30:06.000,2023-01-10 00:31:12.000,0.4,1,8.7,0,0,N,2,0,0.5,1,3.7,3.5,2.5,0,1,1,50,142
2023-01-10 01:07:55.000,2023-01-10 01:08:05.000,1.43,1,53.5,0,0,N,1,1,0,1,50,0,2.5,0,2,5,264,137
2023-01-10 01:21:13.000,2023-01-10 01:22:46.000,0.65,1,11.1,0,1,N,1,1,0.5,1,5.1,1,2.5,0,2,1,79,107
2023-01-10 01:23:43.000,2023-01-10 01:24:31.000,0,1,8,0,0,N,2,1,0.5,1,3,3.5,2.5,0,1,1,113,107
2023-01-10 02:42:41.000,2023-01-10 02:43:41.000,0.4,1,10,0,2,N,1,1,0.5,0.3,3.7,1,2.5,0,2,1,234,48
2023-01-10 02:00:31.000,2023-01-10 02:01:59.000,0.13,1,7.2,0,1,N,1,1,0.5,1,3.7,1,0,0,2,1,41,42
2023-01-10 02:08:24.000,2023-01-10 02:08:35.000,0,0,33.5,0,0,N,1,1,0,1,30,0,2.5,0,2,5,158,249
2023-01-10 02:02:12.000,2023-01-10 02:03:46.000,0.42,1,11.28,0,1.88,N,1,2,0.5,1,4.4,1,2.5,0,2,1,90,249
2023-01-10 02:07:01.000,2023-01-10 02:08:49.000,0.7,1,10.1,0,0,N,2,2,0.5,1,5.1,1,2.5,0,2,1,229,233
2023-01-10 03:05:13.000,2023-01-10 03:06:36.000,0.7,1,10.1,0,0,N,2,1,0.5,1,5.1,1,2.5,0,2,1,164,161
2023-01-10 03:23:19.000,2023-01-10 03:23:33.000,0,0,81,0,0,N,4,1,0,1,80,0,0,0,2,5,265,48
2023-01-10 04:12:48.000,2023-01-10 04:12:55.000,0,0,8,0,0,N,2,1,0.5,1,3,3.5,2.5,0,1,1,233,162
2023-01-10 04:40:46.000,2023-01-10 04:40:49.000,0,0,36.5,0,0,N,1,1,0.5,1,35,0,0,0,2,5,48,264
2023-01-10 05:13:17.000,2023-01-10 05:14:13.000,0.24,1,6.2,0,0,N,2,1,0.5,1,3.7,1,0,0,2,1,146,193
2023-01-10 05:35:20.000,2023-01-10 05:36:49.000,0.5,1,11.25,0,1.85,N,1,1,0.5,1,4.4,3.5,2.5,0,1,1,100,186
2023-01-10 06:59:09.000,2023-01-10 07:00:55.000,0.6,1,10.9,0,1.8,N,1,1,0.5,1,5.1,2.5,2.5,0,1,1,141,263
2023-01-10 06:31:12.000,2023-01-10 06:32:55.000,0.7,1,10.92,0,1.82,N,1,1,0.5,1,5.1,0,2.5,0,2,1,151,239
2023-01-10 06:51:00.000,2023-01-10 06:52:40.000,0.28,1,10.5,0,2.1,N,1,1,0.5,1,4.4,0,2.5,0,2,1,68,48
2023-01-10 06:30:11.000,2023-01-10 06:30:19.000,0,0,7,0,0,N,3,1,0.5,1,3,2.5,2.5,0,1,1,48,100
2023-01-10 06:57:44.000,2023-01-10 06:58:49.000,0.47,1,8.4,0,0,N,2,1,0.5,1,4.4,0,2.5,0,2,1,107,137
2023-01-10 06:30:50.000,2023-01-10 06:31:47.000,0.22,1,8.86,0,1.16,N,1,1,0.5,1,3.7,0,2.5,0,2,1,263,236
2023-01-10 06:28:05.000,2023-01-10 06:29:26.000,0.3,1,10.05,0,1.65,N,1,1,0.5,1,4.4,2.5,2.5,0,1,1,140,141
2023-01-10 06:01:10.000,2023-01-10 06:02:58.000,0.46,1,9.4,0,1,N,1,1,0.5,1,4.4,0,2.5,0,2,1,137,170
2023-01-10 07:27:00.000,2023-01-10 07:28:36.000,0.47,1,8.4,0,0,N,2,1,0.5,1,4.4,0,2.5,0,2,1,113,90
2023-01-10 07:01:25.000,2023-01-10 07:02:12.000,0.32,1,5.2,0,0,N,2,1,0.5,1,3.7,0,0,0,2,1,151,238
2023-01-10 07:14:14.000,2023-01-10 07:15:48.000,0.5,1,6.9,0,1,N,1,1,0.5,1,4.4,0,0,0,1,1,75,238
2023-01-10 07:56:05.000,2023-01-10 07:56:12.000,0.07,0,71.5,0,0,N,4,2,0.5,1,70,0,0,0,2,2,216,132
2023-01-10 08:44:01.000,2023-01-10 08:45:51.000,0.46,1,9.65,0,1.25,N,1,1,0.5,1,4.4,0,2.5,0,2,1,141,263
2023-01-10 08:07:40.000,2023-01-10 08:07:43.000,0,0,30.5,0,26,N,1,1,0.5,1,3,0,0,0,2,1,244,264
2023-01-10 08:27:14.000,2023-01-10 08:28:52.000,0.38,1,10.08,0,1.68,N,1,1,0.5,1,4.4,0,2.5,0,2,1,263,236
2023-01-10 08:26:58.000,2023-01-10 08:27:01.000,0.02,1,4.5,0,0,N,2,1,0.5,1,3,0,0,0,2,1,50,264
2023-01-10 08:02:21.000,2023-01-10 08:02:37.000,0,0,102.6,0,17.1,N,1,4,0,1,82,0,2.5,0,2,5,262,140
2023-01-10 09:25:13.000,2023-01-10 09:26:43.000,0.4,1,8.4,0,0,N,2,1,0.5,1,4.4,2.5,2.5,0,1,1,90,186
2023-01-10 09:30:02.000,2023-01-10 09:31:11.000,0.1,1,7.7,0,0,N,2,1,0.5,1,3.7,2.5,2.5,0,1,1,90,68
2023-01-10 09:48:33.000,2023-01-10 09:49:38.000,0.32,1,9.24,0,1.54,N,1,1,0.5,1,3.7,0,2.5,0,2,1,230,50
2023-01-10 09:30:50.000,2023-01-10 09:31:37.000,0.3,1,7.7,0,0,N,4,1,0.5,1,3.7,0,2.5,0,2,1,43,236
2023-01-10 09:53:42.000,2023-01-10 09:54:51.000,0.27,1,7.7,0,0,N,2,1,0.5,1,3.7,0,2.5,0,2,1,162,233
2023-01-10 09:14:00.000,2023-01-10 09:15:58.000,0.48,1,8.58,0,1.98,N,1,1,0.5,1,5.1,0,0,0,2,1,151,238
2023-01-10 09:43:07.000,2023-01-10 09:44:23.000,0.2,1,5.2,0,0,N,3,1,0.5,1,3.7,0,0,0,1,1,264,215
2023-01-10 09:52:59.000,2023-01-10 09:53:42.000,0.3,1,5.2,0,0,N,3,1,0.5,1,3.7,0,0,0,1,1,56,196
2023-01-10 09:31:15.000,2023-01-10 09:31:17.000,0,0,4.5,0,0,N,3,1,0.5,1,3,0,0,0,2,1,163,70
2023-01-10 09:25:30.000,2023-01-10 09:25:55.000,0.11,0,9.5,0,0,N,4,1,0.5,1,3,5,0,0,2,1,264,138
2023-01-10 09:12:19.000,2023-01-10 09:12:24.000,0,0,92,0,10,N,1,4,0,1,81,0,0,0,2,5,224,79
2023-01-10 09:27:18.000,2023-01-10 09:28:40.000,0.4,1,10.5,0,2.1,N,1,1,0.5,1,4.4,0,2.5,0,2,1,164,170
2023-01-10 09:16:06.000,2023-01-10 09:16:50.000,0.24,0,6.2,0,1,N,1,1,0.5,1,3.7,0,0,0,2,1,42,41
2023-01-10 10:26:05.000,2023-01-10 10:26:27.000,0.01,0,7,0,0,N,2,1,0.5,1,3,0,2.5,0,2,1,48,230
2023-01-10 10:27:20.000,2023-01-10 10:28:55.000,0.2,1,9.2,0,1.5,N,1,1,0.5,1,3.7,2.5,2.5,0,1,1,162,161
2023-01-10 10:46:26.000,2023-01-10 10:46:54.000,0.04,0,7,0,0,N,2,1,0.5,1,3,0,2.5,0,2,1,141,237
2023-01-10 10:18:32.000,2023-01-10 10:19:46.000,0.4,1,9.9,0,1.5,N,1,1,0.5,1,4.4,2.5,2.5,0,1,1,237,162
2023-01-10 10:06:34.000,2023-01-10 10:06:53.000,0,0,7,0,0,N,2,2,0.5,1,3,0,2.5,0,2,1,162,170
2023-01-10 10:32:17.000,2023-01-10 10:33:39.000,0.35,1,9.24,0,1.54,N,1,1,0.5,1,3.7,0,2.5,0,2,1,144,125
2023-01-10 10:51:00.000,2023-01-10 10:51:58.000,0.33,0,9.24,0,1.54,N,1,1,0.5,1,3.7,0,2.5,0,2,1,264,236
2023-01-10 10:13:04.000,2023-01-10 10:14:57.000,0.33,1,8.4,0,0,N,2,1,0.5,1,4.4,0,2.5,0,2,1,249,113
2023-01-10 10:13:08.000,2023-01-10 10:14:53.000,0.01,1,7.7,0,0,N,2,1,0.5,1,3.7,0,2.5,0,2,1,229,162
2023-01-10 10:26:06.000,2023-01-10 10:27:05.000,0,1,7,0,0,N,2,1,0.5,1,3,2.5,2.5,0,1,1,107,137
2023-01-17 16:55:24.000,2023-01-17 16:56:03.000,0.11,1,9.5,0,0,N,2,1,0.5,1,3,2.5,2.5,0,2,1,143,239
2023-01-17 16:16:11.000,2023-01-17 16:17:39.000,0.25,1,12.24,0,2.04,N,1,5,0.5,1,3.7,2.5,2.5,0,2,1,141,263
2023-01-17 16:16:28.000,2023-01-17 16:17:59.000,0.47,1,11.9,0,1,N,1,1,0.5,1,4.4,2.5,2.5,0,2,1,48,50
2023-01-17 16:16:46.000,2023-01-17 16:17:57.000,0.3,1,11.2,0,1,N,1,1,0.5,1,3.7,5,2.5,0,1,1,163,230
2023-01-17 16:22:13.000,2023-01-17 16:22:49.000,0,0,26.5,0,0,N,4,1,0,1,23,2.5,0,0,1,3,246,264
2023-01-17 16:04:04.000,2023-01-17 16:05:35.000,0.3,1,12.2,0,2,N,1,1,0.5,1,3.7,5,2.5,0,1,1,161,237
2023-01-17 16:40:05.000,2023-01-17 16:41:04.000,0.4,1,13.05,0,2.15,N,1,1,0.5,1,4.4,5,2.5,0,1,1,236,75
2023-01-17 16:16:26.000,2023-01-17 16:17:28.000,0.03,1,10.5,0,1,N,1,1,0.5,1,3,2.5,2.5,0,2,1,237,236
2023-01-17 16:36:07.000,2023-01-17 16:36:16.000,0.03,0,84.5,0,0,N,1,1,0,1,81,0,2.5,0,2,5,170,164
2023-01-17 17:34:59.000,2023-01-17 17:35:07.000,0,1,7,0,0,N,3,1,0.5,1,3,2.5,0,0,2,1,7,193
2023-01-17 17:49:35.000,2023-01-17 17:50:44.000,0.1,1,7.7,0,0,N,2,0,0.5,1,3.7,2.5,0,0,1,1,151,24
2023-01-17 17:24:02.000,2023-01-17 17:25:35.000,0.4,1,10.9,0,0,N,2,1,0.5,1,4.4,2.5,2.5,0,2,1,113,114
2023-01-17 17:21:20.000,2023-01-17 17:22:46.000,0.35,1,12.24,0,2.04,N,1,1,0.5,1,3.7,2.5,2.5,0,2,1,142,48
2023-01-17 17:07:09.000,2023-01-17 17:08:06.000,0.2,1,13.2,0,3,N,1,1,0.5,1,3.7,5,2.5,0,1,1,107,137
2023-01-17 17:42:46.000,2023-01-17 17:43:38.000,0.06,1,11.5,0,2,N,1,1,0.5,1,3,2.5,2.5,0,2,1,163,230
2023-01-17 17:48:37.000,2023-01-17 17:48:47.000,0.01,0,9.5,0,0,N,2,2,0.5,1,3,2.5,2.5,0,2,1,90,234
2023-01-17 17:13:16.000,2023-01-17 17:14:14.000,0.14,1,94.8,0,15.8,N,1,3,0.5,1,70,5,2.5,0,2,2,261,88
2023-01-17 17:27:31.000,2023-01-17 17:28:44.000,0.26,1,7.7,0,0,N,2,1,0.5,1,3.7,2.5,0,0,2,1,43,75
2023-01-17 17:50:09.000,2023-01-17 17:51:42.000,0.3,1,10.2,0,0,N,2,1,0.5,1,3.7,5,2.5,0,1,1,236,43
2023-01-17 17:19:15.000,2023-01-17 17:20:50.000,0.2,1,11.7,0,1.5,N,1,1,0.5,1,3.7,5,2.5,0,1,1,48,163
2023-01-17 17:28:22.000,2023-01-17 17:29:51.000,0.36,1,12.75,0,2.55,N,1,1,0.5,1,3.7,2.5,2.5,0,2,1,170,162
2023-01-17 18:21:01.000,2023-01-17 18:22:10.000,0.3,1,10.2,0,0,N,2,0,0.5,1,3.7,5,2.5,0,1,1,140,262
2023-01-17 18:41:05.000,2023-01-17 18:42:38.000,0.22,1,10.2,0,0,N,2,2,0.5,1,3.7,2.5,2.5,0,2,1,107,170
2023-01-17 18:50:15.000,2023-01-17 18:51:38.000,0.21,1,9.24,0,1.54,N,1,1,0.5,1,3.7,2.5,0,0,2,1,238,151
2023-01-17 18:49:22.000,2023-01-17 18:50:07.000,0.14,1,11.4,0,1.9,N,1,1,0.5,1,3,2.5,2.5,0,2,1,4,79
2023-01-17 18:57:01.000,2023-01-17 18:58:19.000,0.3,1,10.97,0,0.77,N,1,1,0.5,1,3.7,2.5,2.5,0,2,1,114,113
2023-01-17 18:23:04.000,2023-01-17 18:23:51.000,0.23,0,10.2,0,0,N,2,1,0.5,1,3.7,2.5,2.5,0,2,1,236,263
2023-01-17 18:30:02.000,2023-01-17 18:30:51.000,0.18,0,12.2,0,2,N,1,1,0.5,1,3.7,2.5,2.5,0,2,1,237,141
2023-01-17 18:49:49.000,2023-01-17 18:50:42.000,0.28,1,12.24,0,2.04,N,1,1,0.5,1,3.7,2.5,2.5,0,2,1,238,239
2023-01-17 18:40:12.000,2023-01-17 18:40:15.000,0,0,25.4,0,2,N,1,1,0.5,1,21.9,0,0,0,2,5,236,264
2023-01-17 18:24:14.000,2023-01-17 18:24:42.000,0.01,0,9.5,0,0,N,2,1,0.5,1,3,2.5,2.5,0,2,1,170,161
2023-01-17 19:00:30.000,2023-01-17 19:01:47.000,0.36,1,12.24,0,2.04,N,1,1,0.5,1,3.7,2.5,2.5,0,2,1,239,238
2023-01-17 19:18:54.000,2023-01-17 19:18:56.000,0,0,56,0,0,N,1,1,0,1,55,0,0,0,2,5,198,264
2023-01-17 19:19:50.000,2023-01-17 19:20:21.000,0.06,1,12,0,0,N,2,1,0.5,1,3,7.5,0,0,2,1,264,138
2023-01-17 19:10:10.000,2023-01-17 19:11:51.000,0.41,1,13.63,0,2.73,N,1,1,0.5,1,4.4,2.5,2.5,0,2,1,79,224
2023-01-17 19:45:14.000,2023-01-17 19:46:43.000,0.47,1,13.08,0,2.18,N,1,1,0.5,1,4.4,2.5,2.5,0,2,1,141,236
2023-01-17 19:55:03.000,2023-01-17 19:56:36.000,0.3,1,8.4,0,0,N,2,2,0.5,1,4.4,2.5,0,0,1,1,151,238
2023-01-17 19:56:12.000,2023-01-17 19:56:33.000,0.1,0,11.4,0,1.9,N,1,1,0.5,1,3,2.5,2.5,0,2,1,161,229
2023-01-17 19:53:20.000,2023-01-17 19:54:44.000,0.37,1,10.9,0,0,N,2,1,0.5,1,4.4,2.5,2.5,0,2,1,237,162
2023-01-17 19:08:17.000,2023-01-17 19:09:27.000,0.22,1,12.24,0,2.04,N,1,1,0.5,1,3.7,2.5,2.5,0,2,1,170,164
2023-01-17 19:10:32.000,2023-01-17 19:11:55.000,0.25,1,12.24,0,2.04,N,1,1,0.5,1,3.7,2.5,2.5,0,2,1,237,162
2023-01-17 19:05:27.000,2023-01-17 19:06:53.000,0.25,1,13.26,0,3.06,N,1,1,0.5,1,3.7,2.5,2.5,0,2,1,234,107
2023-01-17 19:10:22.000,2023-01-17 19:11:39.000,0.21,1,10.2,0,0,N,2,1,0.5,1,3.7,2.5,2.5,0,2,1,236,75
2023-01-17 20:10:47.000,2023-01-17 20:11:53.000,0.4,1,9.7,0,1,N,1,1,0.5,1,3.7,3.5,2.5,0,1,1,140,263
2023-01-17 20:55:39.000,2023-01-17 20:56:45.000,0.35,1,10.44,0,1.74,N,1,1,0.5,1,3.7,1,2.5,0,2,1,50,48
2023-01-17 20:41:00.000,2023-01-17 20:42:12.000,0.3,1,9.7,0,1,N,1,1,0.5,1,3.7,3.5,2.5,0,1,1,142,163
2023-01-17 20:08:56.000,2023-01-17 20:09:06.000,0,1,9.25,0,0,N,3,1,0.5,1,3,1,2.5,1.25,2,1,186,68
2023-01-17 20:07:03.000,2023-01-17 20:07:39.000,0,0,9.5,0,0,N,2,1,0.5,1,3,2.5,2.5,0,2,1,163,161
2023-01-17 20:40:04.000,2023-01-17 20:40:36.000,0,0,10.5,0,0,N,3,1,0.5,1,3,6,0,0,1,1,70,138
2023-01-17 20:25:29.000,2023-01-17 20:26:53.000,0.16,1,8.7,0,0,N,4,2,0.5,1,3.7,1,2.5,0,2,1,90,249
2023-01-17 21:22:42.000,2023-01-17 21:23:58.000,0.3,1,8.7,0,0,N,1,1,0.5,1,3.7,3.5,2.5,0,1,1,137,170
2023-01-17 21:36:01.000,2023-01-17 21:36:59.000,0.35,0,9.2,0,0.5,N,1,6,0.5,1,3.7,1,2.5,0,2,1,79,107
2023-01-17 21:49:04.000,2023-01-17 21:50:35.000,0.46,1,11.75,0,2.35,N,1,1,0.5,1,4.4,1,2.5,0,2,1,234,186
2023-01-17 21:13:28.000,2023-01-17 21:14:41.000,0.2,1,11.2,0,5,N,1,1,0.5,1,3.7,1,0,0,1,1,74,42
2023-01-17 21:41:05.000,2023-01-17 21:41:08.000,0,0,30.6,0,5.1,N,1,1,0.5,1,24,0,0,0,2,5,239,264
2023-01-17 21:41:18.000,2023-01-17 21:42:49.000,0.52,1,9.4,0,0,N,2,2,0.5,1,4.4,1,2.5,0,2,1,233,170
2023-01-17 21:03:34.000,2023-01-17 21:04:56.000,0.33,1,8.7,0,0,N,2,1,0.5,1,3.7,1,2.5,0,2,1,143,43
2023-01-17 21:49:08.000,2023-01-17 21:49:53.000,0.12,0,9.6,0,1.6,N,1,1,0.5,1,3,1,2.5,0,2,1,239,238
2023-01-17 21:22:15.000,2023-01-17 21:23:55.000,0.59,1,11.28,0,1.88,N,1,1,0.5,1,4.4,1,2.5,0,2,1,229,233
2023-01-17 21:57:13.000,2023-01-17 21:58:48.000,0.4,1,11.25,0,1.85,N,1,1,0.5,1,4.4,3.5,2.5,0,1,1,107,137
2023-01-17 21:15:36.000,2023-01-17 21:15:53.000,0,0,97.91,6.55,16.11,N,1,1,0.5,1,70,0,2.5,1.25,2,2,264,142
2023-01-17 21:49:19.000,2023-01-17 21:50:34.000,0.37,1,8.7,0,0,N,2,1,0.5,1,3.7,1,2.5,0,2,1,234,164
2023-01-17 21:01:54.000,2023-01-17 21:01:59.000,0,0,88.5,0,0,N,1,1,0.5,1,87,0,0,0,2,5,132,264
2023-01-17 21:21:18.000,2023-01-17 21:22:49.000,0.35,1,10.44,0,1.74,N,1,1,0.5,1,3.7,1,2.5,0,2,1,100,186
2023-01-17 22:22:28.000,2023-01-17 22:23:57.000,0.36,1,9.4,0,0,N,4,2,0.5,1,4.4,1,2.5,0,2,1,237,141
2023-01-17 22:02:29.000,2023-01-17 22:02:36.000,0.04,0,25,0,0,N,4,1,0,1,23,1,0,0,2,3,132,10
2023-01-17 22:02:03.000,2023-01-17 22:03:25.000,0.45,1,10.4,0,1,N,1,5,0.5,1,4.4,1,2.5,0,2,1,48,68
2023-01-17 22:57:47.000,2023-01-17 22:58:42.000,0.09,1,9.6,0,1.6,N,1,3,0.5,1,3,1,2.5,0,2,1,234,164
2023-01-17 22:43:16.000,2023-01-17 22:44:42.000,0.5,1,11.25,0,1.85,N,1,1,0.5,1,4.4,3.5,2.5,0,1,1,234,113
2023-01-17 22:38:46.000,2023-01-17 22:39:56.000,0.51,1,12.22,0,2.82,N,1,1,0.5,1,4.4,1,2.5,0,2,1,233,229
2023-01-17 22:30:20.000,2023-01-17 22:31:48.000,0.22,1,11.31,0,2.61,N,1,1,0.5,1,3.7,1,2.5,0,2,1,162,229
2023-01-17 22:08:37.000,2023-01-17 22:09:36.000,0.18,1,10.44,0,1.74,N,1,1,0.5,1,3.7,1,2.5,0,2,1,263,236
2023-01-17 22:42:18.000,2023-01-17 22:42:22.000,0.01,0,28.2,0,4.7,N,1,1,0,1,20,0,2.5,0,2,5,164,170
2023-01-17 22:22:17.000,2023-01-17 22:23:21.000,0.38,1,9.57,0,0.87,N,1,1,0.5,1,3.7,1,2.5,0,2,1,263,141
2023-01-17 22:56:52.000,2023-01-17 22:57:00.000,0.02,1,74,0,0,N,4,1,0.5,1,70,0,2.5,0,2,2,186,90
2023-01-17 23:24:20.000,2023-01-17 23:25:43.000,0,1,8,0,0,Y,3,0,0.5,1,3,3.5,2.5,0,1,1,137,170
2023-01-17 23:58:20.000,2023-01-17 23:59:59.000,0.65,1,10.1,0,0,N,2,5,0.5,1,5.1,1,2.5,0,2,1,48,68
2023-01-17 23:34:26.000,2023-01-17 23:34:44.000,0,0,17.9,0,1.5,N,1,4,0,1,12.9,0,2.5,0,2,5,79,4
2023-01-17 23:09:15.000,2023-01-17 23:10:38.000,0.5,1,10.9,0,1.5,N,1,1,0.5,1,4.4,3.5,2.5,0,1,1,140,262
2023-01-17 23:27:00.000,2023-01-17 23:28:43.000,0.54,1,10.81,0,1.41,N,1,2,0.5,1,4.4,1,2.5,0,2,1,164,234
2023-01-17 23:39:56.000,2023-01-17 23:40:07.000,0.13,1,61,0,0,N,1,1,0,1,60,0,0,0,2,5,173,93
2023-01-17 23:13:32.000,2023-01-17 23:14:08.000,0,1,97.15,7,16.15,N,1,0,0.5,1,70,2.5,2.5,0,1,2,233,170
2023-01-17 23:41:00.000,2023-01-17 23:42:09.000,0.2,1,10.4,0,1.7,N,1,1,0.5,1,3.7,3.5,2.5,0,1,1,114,79
2023-01-17 23:32:24.000,2023-01-17 23:33:34.000,0.38,1,10.44,0,1.74,N,1,1,0.5,1,3.7,1,2.5,0,2,1,246,68
2023-01-17 23:15:34.000,2023-01-17 23:15:43.000,0,0,26.25,0,0,N,3,2,0,1,23,1,0,1.25,2,3,264,132
2023-01-17 23:11:43.000,2023-01-17 23:11:45.000,0.06,0,25,0,0,N,2,5,0,1,23,1,0,0,2,3,70,264
2023-01-18 00:42:24.000,2023-01-18 00:43:17.000,0.13,1,18.7,0,10,N,1,5,0.5,1,3.7,1,2.5,0,2,1,234,90
2023-01-18 00:07:45.000,2023-01-18 00:08:58.000,0.44,1,9.4,0,0,N,4,1,0.5,1,4.4,1,2.5,0,2,1,238,151
2023-01-18 00:40:26.000,2023-01-18 00:41:42.000,0.48,1,10.4,0,1,N,1,1,0.5,1,4.4,1,2.5,0,2,1,237,236
2023-01-18 00:48:36.000,2023-01-18 00:48:39.000,0.02,0,5.5,0,0,N,3,1,0.5,1,3,1,0,0,2,1,125,264
2023-01-18 00:24:37.000,2023-01-18 00:25:53.000,0.33,1,9.4,0,0,N,2,1,0.5,1,4.4,1,2.5,0,2,1,125,113
2023-01-18 00:11:28.000,2023-01-18 00:12:14.000,0.42,1,83.75,12.75,0,N,2,1,0,1,70,0,0,0,2,5,265,1
2023-01-18 01:58:19.000,2023-01-18 01:59:46.000,0.68,1,129,0,10,N,1,1,0.5,1,115,0,2.5,0,2,5,186,90
2023-01-18 02:51:06.000,2023-01-18 02:52:42.000,0.5,1,9.4,0,0,N,2,1,0.5,1,4.4,3.5,2.5,0,1,1,141,162
2023-01-18 02:21:25.000,2023-01-18 02:22:51.000,0.41,1,11.75,0,2.35,N,1,1,0.5,1,4.4,1,2.5,0,2,1,233,229
2023-01-18 02:35:17.000,2023-01-18 02:36:19.000,0.4,1,11.31,0,2.61,N,1,1,0.5,1,3.7,1,2.5,0,2,1,263,141
2023-01-18 03:00:31.000,2023-01-18 03:01:47.000,0.1,1,9,0,1,N,1,1,0.5,1,3,3.5,2.5,0,1,1,144,231
2023-01-18 04:26:55.000,2023-01-18 04:27:50.000,0.4,1,11.25,0,1.85,N,1,0,0.5,1,4.4,3.5,2.5,0,1,1,79,107
2023-01-18 04:54:37.000,2023-01-18 04:55:24.000,0,1,34.7,0,0,N,1,1,0.5,1,33.2,0,0,0,1,1,90,68
2023-01-18 04:25:21.000,2023-01-18 04:26:45.000,0.52,1,9.4,0,0,N,2,1,0.5,1,4.4,1,2.5,0,2,1,79,107
2023-01-01 00:37:17.000,2023-01-01 00:38:51.000,0,1,49.2,0,8.2,N,1,1,0,1,40,0,0,0,2,5,255,264
2023-01-01 00:51:10.000,2023-01-01 00:52:55.000,0.6,1,12.1,0,2,N,1,2,0.5,1,5.1,3.5,2.5,0,1,1,237,229
2023-01-01 00:38:23.000,2023-01-01 00:39:39.000,0.4,1,11.28,0,1.88,N,1,1,0.5,1,4.4,1,2.5,0,2,1,140,263
2023-01-01 00:57:26.000,2023-01-01 00:58:41.000,0.57,1,11.28,0,1.88,N,1,1,0.5,1,4.4,1,2.5,0,2,1,125,158
2023-01-01 00:29:55.000,2023-01-01 00:29:57.000,0,0,14.95,0,3.45,N,1,3,0.5,1,10,0,0,0,2,5,41,264
2023-01-01 00:10:30.000,2023-01-01 00:11:49.000,0.49,1,11.28,0,1.88,N,1,1,0.5,1,4.4,1,2.5,0,2,1,239,238
2023-01-01 00:18:37.000,2023-01-01 00:19:28.000,0,1,8,0,0,Y,4,1,0.5,1,3,3.5,2.5,0,1,1,262,263
2023-01-01 00:39:03.000,2023-01-01 00:40:59.000,0.65,1,12.12,0,2.02,N,1,2,0.5,1,5.1,1,2.5,0,2,1,239,238
2023-01-01 00:18:17.000,2023-01-01 00:19:45.000,0.5,1,9.4,0,0,N,2,1,0.5,1,4.4,3.5,2.5,0,1,1,90,68
2023-01-01 00:35:23.000,2023-01-01 00:35:34.000,0.01,0,74,0,0,N,3,1,0.5,1,70,0,2.5,0,2,2,50,48
2022-12-31 23:59:48.000,2023-01-01 00:00:47.000,0.38,1,10.44,0,1.74,N,1,1,0.5,1,3.7,1,2.5,0,2,1,140,141
2023-01-01 00:50:17.000,2023-01-01 00:51:36.000,0.28,1,10.44,0,1.74,N,1,1,0.5,1,3.7,1,2.5,0,2,1,137,164
2023-01-01 01:55:17.000,2023-01-01 01:56:45.000,0.26,1,29.7,0,21,N,1,1,0.5,1,3.7,1,2.5,0,2,1,13,261
2023-01-01 01:28:19.000,2023-01-01 01:29:20.000,0.1,1,8,0,0,N,3,3,0.5,1,3,3.5,2.5,0,1,1,90,186
2023-01-01 01:04:21.000,2023-01-01 01:05:03.000,0.15,1,8,0,0,N,2,1,0.5,1,3,1,2.5,0,2,1,68,246
2023-01-01 01:39:35.000,2023-01-01 01:40:30.000,0.13,1,8.7,0,0,N,2,2,0.5,1,3.7,1,2.5,0,2,1,238,43
2023-01-01 01:59:25.000,2023-01-01 02:00:49.000,0.47,1,11.28,0,1.88,N,1,1,0.5,1,4.4,1,2.5,0,2,1,263,141
2023-01-01 01:08:19.000,2023-01-01 01:08:22.000,0,0,49.8,0,8.3,N,1,2,0.5,1,40,0,0,0,2,5,238,264
2023-01-01 01:24:45.000,2023-01-01 01:24:47.000,0,0,17.5,0,2,N,1,1,0.5,1,14,0,0,0,2,5,263,264
2023-01-01 01:20:43.000,2023-01-01 01:21:45.000,0.14,1,6.2,0,0,N,2,1,0.5,1,3.7,1,0,0,2,1,49,97
2023-01-01 01:37:29.000,2023-01-01 01:37:31.000,0.12,0,37.8,0,6.3,N,1,2,0.5,1,30,0,0,0,2,5,50,264
2023-01-01 01:38:11.000,2023-01-01 01:39:39.000,0.36,1,10.88,0,2.18,N,1,1,0.5,1,3.7,1,2.5,0,2,1,229,141
2023-01-01 01:45:36.000,2023-01-01 01:46:24.000,0.08,1,5.5,0,0,N,3,1,0.5,1,3,1,0,0,2,1,41,24
2023-01-01 01:51:41.000,2023-01-01 01:52:28.000,0.5,1,51,0,0,N,1,1,0,1,50,0,0,0,2,5,168,247
2023-01-01 01:01:19.000,2023-01-01 01:01:22.000,0,0,31,0,0,N,1,1,0,1,30,0,0,0,2,5,56,264
2023-01-01 01:53:39.000,2023-01-01 01:54:49.000,0,1,53,0,5,N,1,1,0,1,47,0,0,0,1,5,249,113
2023-01-01 01:40:59.000,2023-01-01 01:41:12.000,0.08,1,25,0,0,N,2,3,0,1,23,1,0,0,2,3,79,107
2023-01-01 01:46:31.000,2023-01-01 01:47:47.000,0.16,1,8.7,0,0,N,2,1,0.5,1,3.7,1,2.5,0,2,1,162,229
2023-01-01 01:36:30.000,2023-01-01 01:36:50.000,0.05,0,8,0,0,N,4,2,0.5,1,3,1,2.5,0,2,1,162,233
2023-01-01 01:15:12.000,2023-01-01 01:16:48.000,0.3,1,11.25,0,1.85,N,1,2,0.5,1,4.4,3.5,2.5,0,1,1,263,141
2023-01-01 01:00:57.000,2023-01-01 01:01:14.000,0.04,1,91.8,6.55,10,N,1,2,0.5,1,70,0,2.5,1.25,2,2,262,263
2023-01-01 01:14:59.000,2023-01-01 01:15:50.000,0.2,1,11.31,0,2.61,N,1,1,0.5,1,3.7,1,2.5,0,2,1,233,137
2023-01-01 01:36:19.000,2023-01-01 01:37:45.000,0.44,1,11.28,0,1.88,N,1,1,0.5,1,4.4,1,2.5,0,2,1,141,263
2023-01-01 01:31:07.000,2023-01-01 01:31:52.000,0.1,0,10,0,2,N,1,0,0.5,1,3,3.5,2.5,0,1,1,90,186
2023-01-01 01:41:36.000,2023-01-01 01:42:50.000,0.14,1,6.8,0,0,N,3,1,0.5,0.3,3,0.5,2.5,0,2,1,163,161
2023-01-01 01:26:09.000,2023-01-01 01:27:55.000,0.4,1,11.25,0,1.85,N,1,1,0.5,1,4.4,3.5,2.5,0,1,1,239,142
2023-01-01 02:31:49.000,2023-01-01 02:31:51.000,0.3,0,33,0,5.5,N,1,1,0.5,1,26,0,0,0,2,5,7,264
2023-01-01 02:05:02.000,2023-01-01 02:06:43.000,0.5,1,11.25,0,1.85,N,1,3,0.5,1,4.4,3.5,2.5,0,1,1,140,263
2023-01-01 02:21:05.000,2023-01-01 02:22:09.000,0.26,1,7.44,0,1.24,N,1,1,0.5,1,3.7,1,0,0,2,1,151,24
2023-01-01 02:11:07.000,2023-01-01 02:12:42.000,0.3,1,10.4,0,1,N,1,2,0.5,1,4.4,3.5,2.5,0,1,1,151,238
2023-01-01 02:53:33.000,2023-01-01 02:54:28.000,0.13,1,6.2,0,0,N,4,2,0.5,1,3.7,1,0,0,2,1,116,42
2023-01-01 02:21:25.000,2023-01-01 02:21:27.000,0,0,25.8,0,4.3,N,1,1,0.5,1,20,0,0,0,2,5,68,264
2023-01-01 02:50:55.000,2023-01-01 02:51:58.000,0.25,1,8.7,0,0,N,2,2,0.5,1,3.7,1,2.5,0,2,1,50,246
2023-01-01 02:36:47.000,2023-01-01 02:36:50.000,0,0,25.2,0,4.2,N,1,2,0,1,20,0,0,0,2,5,179,264
2023-01-01 02:07:11.000,2023-01-01 02:08:57.000,0.6,1,12.1,0,2,N,1,2,0.5,1,5.1,3.5,2.5,0,1,1,263,141
2023-01-01 02:05:10.000,2023-01-01 02:06:35.000,0.29,1,10.44,0,1.74,N,1,2,0.5,1,3.7,1,2.5,0,2,1,148,45
2023-01-01 02:30:52.000,2023-01-01 02:30:55.000,0,0,51.5,0,46,N,1,6,0.5,1,3,1,0,0,2,1,265,264
2023-01-01 02:35:05.000,2023-01-01 02:36:57.000,0.6,1,12.12,0,2.02,N,1,3,0.5,1,5.1,1,2.5,0,2,1,170,233
2023-01-01 02:35:12.000,2023-01-01 02:36:41.000,0.74,1,30.83,0,0,N,4,3,0.5,1,29.33,0,0,0,2,5,260,226
2023-01-01 02:34:19.000,2023-01-01 02:35:38.000,0.56,1,12.22,0,2.82,N,1,1,0.5,1,4.4,1,2.5,0,2,1,237,236
2023-01-01 02:07:09.000,2023-01-01 02:07:15.000,0,0,33.5,0,0,N,1,1,0,1,30,0,2.5,0,2,5,229,162
2023-01-01 02:06:46.000,2023-01-01 02:07:41.000,0.42,1,11.28,0,1.88,N,1,1,0.5,1,4.4,1,2.5,0,2,1,238,239
2023-01-01 02:02:31.000,2023-01-01 02:03:05.000,0.03,1,8,0,0,N,2,1,0.5,1,3,1,2.5,0,2,1,148,79
2023-01-01 02:29:30.000,2023-01-01 02:29:41.000,0.02,0,3.9,0,0,N,2,4,0,1,0.4,0,2.5,0,2,5,48,50
2023-01-01 02:40:09.000,2023-01-01 02:41:52.000,0.53,1,11.28,0,1.88,N,1,1,0.5,1,4.4,1,2.5,0,2,1,239,238
2023-01-01 02:07:01.000,2023-01-01 02:07:59.000,0.22,0,8.7,0,0,N,2,3,0.5,1,3.7,1,2.5,0,2,1,137,107
2023-01-01 02:10:32.000,2023-01-01 02:11:42.000,0.1,1,8.7,0,0,N,2,1,0.5,1,3.7,3.5,2.5,0,1,1,125,211
2023-01-01 02:35:50.000,2023-01-01 02:35:54.000,0.09,0,39.36,0,6.56,N,1,1,0,0.3,30,0,2.5,0,2,5,238,264
2023-01-01 02:48:05.000,2023-01-01 02:48:10.000,0,0,8,0,0,N,2,1,0.5,1,3,1,2.5,0,2,1,48,82
2023-01-01 02:34:13.000,2023-01-01 02:35:46.000,0.21,1,6.2,0,0,N,3,1,0.5,1,3.7,1,0,0,2,1,226,146
2023-01-01 02:41:49.000,2023-01-01 02:41:52.000,0.03,0,10.52,0,1.75,N,1,1,0,1,7.77,0,0,0,2,5,137,264
2023-01-01 02:21:59.000,2023-01-01 02:22:28.000,0.01,1,8,0,0,N,2,4,0.5,1,3,1,2.5,0,2,1,113,249
2023-01-01 03:09:40.000,2023-01-01 03:10:49.000,0.04,1,8.7,0,0,N,4,1,0.5,1,3.7,1,2.5,0,2,1,170,164
2023-01-01 03:05:02.000,2023-01-01 03:06:14.000,0.42,1,11.28,0,1.88,N,1,1,0.5,1,4.4,1,2.5,0,2,1,137,107
2023-01-01 03:25:27.000,2023-01-01 03:25:30.000,0,0,56,0,5,N,1,2,0,1,50,0,0,0,2,5,228,264
2023-01-01 03:26:25.000,2023-01-01 03:26:35.000,0,0,21.01,0,0.01,N,1,1,0,1,17.5,0,2.5,0,2,5,137,170
2023-01-01 03:46:42.000,2023-01-01 03:46:50.000,0.03,0,5.5,0,0,N,2,1,0.5,1,3,1,0,0,2,1,74,168
2023-01-01 03:56:45.000,2023-01-01 03:57:32.000,0.08,1,8,0,0,N,2,1,0.5,1,3,1,2.5,0,2,1,100,230
2023-01-01 03:40:38.000,2023-01-01 03:41:52.000,0.52,1,10.4,0,1,N,1,1,0.5,1,4.4,1,2.5,0,2,1,90,249
2023-01-01 03:11:39.000,2023-01-01 03:11:42.000,0.01,0,66,0,5,N,1,2,0,1,60,0,0,0,2,5,42,264
2023-01-01 03:50:35.000,2023-01-01 03:50:38.000,0,0,31.2,0,5.2,N,1,2,0,1,25,0,0,0,2,5,229,264
2023-01-01 03:44:12.000,2023-01-01 03:45:40.000,0.56,1,11.75,0,2.35,N,1,2,0.5,1,4.4,1,2.5,0,2,1,249,90
2023-01-01 03:06:20.000,2023-01-01 03:06:34.000,0,0,5.5,0,0,N,2,1,0.5,1,3,1,0,0,2,1,146,193
2023-01-01 03:41:34.000,2023-01-01 03:41:52.000,0,0,113.5,0,10,N,1,2,0,1,100,0,2.5,0,2,5,107,170
2023-01-01 03:37:33.000,2023-01-01 03:38:39.000,0.3,1,9.7,0,1,N,1,1,0.5,1,3.7,1,2.5,0,2,1,237,162
2023-01-01 03:38:57.000,2023-01-01 03:39:02.000,0.34,1,25.3,0,0,N,1,1,0,0.3,25,0,0,0,2,5,202,145
2023-01-01 03:31:17.000,2023-01-01 03:32:20.000,0.52,1,9.4,0,0,N,2,1,0.5,1,4.4,1,2.5,0,2,1,125,114
2023-01-01 03:48:20.000,2023-01-01 03:49:59.000,0.34,1,19.4,0,10,N,1,2,0.5,1,4.4,1,2.5,0,2,1,234,186
2023-01-01 03:03:33.000,2023-01-01 03:04:59.000,0.54,1,10.4,0,1,N,1,1,0.5,1,4.4,1,2.5,0,2,1,229,233
2023-01-01 03:18:18.000,2023-01-01 03:19:25.000,0.03,1,8.7,0,0,N,4,1,0.5,1,3.7,1,2.5,0,2,1,79,113
2023-01-01 03:10:08.000,2023-01-01 03:11:38.000,0,1,8.7,0,0,N,2,0,0.5,1,3.7,3.5,2.5,0,1,1,164,161
2023-01-01 04:16:10.000,2023-01-01 04:17:58.000,0.53,1,11.28,0,1.88,N,1,1,0.5,1,4.4,1,2.5,0,2,1,186,100
2023-01-01 04:07:10.000,2023-01-01 04:07:13.000,0,0,20.54,0,4.74,N,1,1,0,1,14.8,0,0,0,2,5,262,264
2023-01-01 04:40:35.000,2023-01-01 04:41:53.000,0.49,1,11.28,0,1.88,N,1,1,0.5,1,4.4,1,2.5,0,2,1,141,229
2023-01-01 04:16:08.000,2023-01-01 04:17:55.000,0.4,1,11.28,0,1.88,N,1,2,0.5,1,4.4,3.5,2.5,0,1,1,239,238
2023-01-01 04:20:07.000,2023-01-01 04:21:20.000,0.3,1,8.7,0,0,N,2,1,0.5,1,3.7,3.5,2.5,0,1,1,229,233
2023-01-01 04:24:34.000,2023-01-01 04:25:10.000,0.02,1,74,0,0,N,4,2,0.5,1,70,0,2.5,0,2,2,231,211
2023-01-01 04:12:03.000,2023-01-01 04:13:45.000,0.68,1,12.12,0,2.02,N,1,1,0.5,1,5.1,1,2.5,0,2,1,148,79
2023-01-01 04:29:14.000,2023-01-01 04:30:48.000,0.14,1,10.44,0,1.74,N,1,1,0.5,1,3.7,1,2.5,0,2,1,79,148
2023-01-01 04:06:43.000,2023-01-01 04:06:56.000,0.07,0,183.5,0,0,N,4,1,0,1,180,0,2.5,0,2,5,100,68
2023-01-01 04:55:39.000,2023-01-01 04:56:57.000,0.24,1,8.7,0,0,N,2,2,0.5,1,3.7,1,2.5,0,2,1,100,48
2023-01-01 04:10:09.000,2023-01-01 04:11:52.000,0.43,1,11.28,0,1.88,N,1,1,0.5,1,4.4,1,2.5,0,2,1,263,141
2023-01-01 04:10:15.000,2023-01-01 04:11:50.000,0.35,1,9.4,0,0,N,2,1,0.5,1,4.4,1,2.5,0,2,1,48,50
2023-01-01 04:51:12.000,2023-01-01 04:52:28.000,0.42,1,9.4,0,0,N,2,6,0.5,1,4.4,1,2.5,0,2,1,68,48
2023-01-01 04:32:09.000,2023-01-01 04:33:42.000,0.5,1,11.28,0,1.88,N,1,1,0.5,1,4.4,1,2.5,0,2,1,233,170
2023-01-01 04:17:20.000,2023-01-01 04:18:27.000,0.4,1,11.25,0,1.85,N,1,0,0.5,1,4.4,3.5,2.5,0,1,1,143,142
2023-01-01 05:35:18.000,2023-01-01 05:36:58.000,0.28,1,11.9,0,2.5,N,1,1,0.5,1,4.4,1,2.5,0,2,1,4,79
2023-01-01 05:08:32.000,2023-01-01 05:08:33.000,0,0,41,0,0,N,1,1,0,1,40,0,0,0,2,5,138,264
2023-01-01 05:57:25.000,2023-01-01 05:57:57.000,0.18,0,121.3,22.8,0,N,1,2,0,1,95,0,2.5,0,2,5,264,265
2023-01-01 05:07:29.000,2023-01-01 05:07:31.000,0,0,96.26,0,19.25,N,1,1,0,1,76.01,0,0,0,2,5,22,264
2023-01-25 17:51:09.000,2023-01-25 17:52:26.000,0.05,1,10.2,0,0,N,4,1,0.5,1,3.7,2.5,2.5,0,2,1,50,246
2023-01-25 17:04:05.000,2023-01-25 17:04:40.000,0.35,0,87.05,10.55,0,N,2,1,0.5,1,70,5,0,0,2,2,216,132
2023-01-25 17:53:46.000,2023-01-25 17:54:06.000,0.1,1,9.5,0,0,N,3,1,0.5,1,3,5,2.5,0,1,1,246,68
2023-01-25 18:16:18.000,2023-01-25 18:17:53.000,0.29,1,10.2,0,0,N,2,1,0.5,1,3.7,2.5,2.5,0,2,1,48,50
2023-01-25 18:20:52.000,2023-01-25 18:21:12.000,0,1,38,0,0,N,1,1,0,1,37,0,0,0,2,5,264,87
2023-01-25 18:42:02.000,2023-01-25 18:43:32.000,0.38,1,14.17,0,3.27,N,1,3,0.5,1,4.4,2.5,2.5,0,2,1,234,186
2023-01-25 18:17:40.000,2023-01-25 18:18:57.000,0.3,1,12.2,0,2,N,1,1,0.5,1,3.7,5,2.5,0,1,1,233,229
2023-01-25 18:20:17.000,2023-01-25 18:21:52.000,0.5,1,11.99,0,1.09,N,1,2,0.5,1,4.4,2.5,2.5,0,2,1,263,141
2023-01-25 18:43:56.000,2023-01-25 18:44:40.000,0.19,1,10.5,0,1,N,1,1,0.5,1,3,2.5,2.5,0,2,1,114,79
2023-01-25 18:22:14.000,2023-01-25 18:23:55.000,0.43,1,13.9,0,3,N,1,1,0.5,1,4.4,2.5,2.5,0,2,1,233,170
2023-01-25 18:43:04.000,2023-01-25 18:44:26.000,0.36,1,12.9,0,2,N,1,1,0.5,1,4.4,2.5,2.5,0,2,1,246,68
2023-01-25 18:34:37.000,2023-01-25 18:35:31.000,0.18,1,12.24,0,2.04,N,1,3,0.5,1,3.7,2.5,2.5,0,2,1,186,68
2023-01-25 18:55:05.000,2023-01-25 18:56:25.000,0.48,1,13.08,0,2.18,N,1,1,0.5,1,4.4,2.5,2.5,0,2,1,170,162
2023-01-25 18:36:25.000,2023-01-25 18:37:50.000,0.2,1,12.2,0,2,N,1,2,0.5,1,3.7,5,2.5,0,1,1,48,264
2023-01-25 18:52:05.000,2023-01-25 18:53:58.000,0.4,1,12.4,0,1.5,N,1,1,0.5,1,4.4,2.5,2.5,0,2,1,142,143
2023-01-25 18:52:22.000,2023-01-25 18:53:17.000,0.21,1,12.24,0,2.04,N,1,1,0.5,1,3.7,2.5,2.5,0,2,1,263,141
2023-01-25 18:50:40.000,2023-01-25 18:51:04.000,0.06,1,9.5,0,0,N,2,1,0.5,1,3,2.5,2.5,0,2,1,230,161
2023-01-25 18:54:11.000,2023-01-25 18:55:34.000,0.1,1,13.5,0,4,N,1,1,0.5,1,3,5,2.5,0,1,1,142,43
2023-01-25 18:32:21.000,2023-01-25 18:33:29.000,0.26,1,12.75,0,2.55,N,1,1,0.5,1,3.7,2.5,2.5,0,2,1,162,170
2023-01-25 18:52:05.000,2023-01-25 18:53:48.000,0.3,1,10.9,0,0,N,2,2,0.5,1,4.4,5,2.5,0,1,1,143,142
2023-01-25 18:12:00.000,2023-01-25 18:13:34.000,0.34,1,13.08,0,2.18,N,1,1,0.5,1,4.4,2.5,2.5,0,2,1,87,209
2023-01-25 18:17:29.000,2023-01-25 18:18:54.000,0.07,1,11.2,0,1,N,1,1,0.5,1,3.7,2.5,2.5,0,2,1,100,170
2023-01-25 18:33:44.000,2023-01-25 18:34:59.000,0.18,1,12.24,0,2.04,N,1,1,0.5,1,3.7,2.5,2.5,0,2,1,100,161
2023-01-25 19:13:09.000,2023-01-25 19:14:26.000,0.3,1,11.2,0,1,N,1,1,0.5,1,3.7,2.5,2.5,0,2,1,239,238
2023-01-25 19:23:02.000,2023-01-25 19:23:11.000,0,0,19.5,0,10,N,1,1,0.5,1,3,2.5,2.5,0,2,1,68,264
2023-01-25 19:18:09.000,2023-01-25 19:19:00.000,0.2,1,11.2,0,1,N,1,1,0.5,1,3.7,2.5,2.5,0,2,1,234,107
2023-01-25 19:11:18.000,2023-01-25 19:12:01.000,0,1,9.5,0,0,N,3,1,0.5,1,3,5,2.5,0,1,1,261,87
2023-01-25 19:01:15.000,2023-01-25 19:02:53.000,0.48,1,13.08,0,2.18,N,1,1,0.5,1,4.4,2.5,2.5,0,2,1,90,68
2023-01-25 19:41:44.000,2023-01-25 19:42:05.000,0.02,1,9.5,0,0,N,2,1,0.5,1,3,2.5,2.5,0,2,1,141,140
2023-01-25 19:34:06.000,2023-01-25 19:35:26.000,0.3,1,12.24,0,2.04,N,1,1,0.5,0.3,4.4,2.5,2.5,0,2,4,263,236
2023-01-25 19:34:50.000,2023-01-25 19:35:40.000,0.08,1,79,0,0,N,4,2,0.5,1,70,5,2.5,0,2,2,249,114
2023-01-25 19:58:00.000,2023-01-25 19:59:27.000,0.25,1,12.24,0,2.04,N,1,1,0.5,1,3.7,2.5,2.5,0,2,1,170,162
2023-01-25 19:31:08.000,2023-01-25 19:32:29.000,0.39,1,13.63,0,2.73,N,1,1,0.5,1,4.4,2.5,2.5,0,2,1,249,125
2023-01-25 19:42:02.000,2023-01-25 19:43:28.000,0.65,1,13.92,0,2.32,N,1,2,0.5,1,5.1,2.5,2.5,0,2,1,142,239
2023-01-25 19:19:00.000,2023-01-25 19:20:20.000,0.15,1,10.2,0,0,N,1,1,0.5,1,3.7,2.5,2.5,0,2,1,246,68
2023-01-25 19:52:39.000,2023-01-25 19:52:43.000,0,0,13.68,0,2.28,N,1,1,0,1,10.4,0,0,0,2,5,24,43
2023-01-25 19:42:52.000,2023-01-25 19:43:34.000,0,1,76,0,0,N,1,2,0,1,75,0,0,0,2,5,138,264
2023-01-25 19:52:40.000,2023-01-25 19:53:48.000,0.15,1,12.24,0,2.04,N,1,1,0.5,1,3.7,2.5,2.5,0,2,1,234,164
2023-01-25 19:21:02.000,2023-01-25 19:22:50.000,0.4,1,13.6,0,2.7,N,1,4,0.5,1,4.4,5,2.5,0,1,1,249,113
2023-01-25 19:02:28.000,2023-01-25 19:03:00.000,0.05,1,9.5,0,0,N,3,4,0.5,1,3,2.5,2.5,0,2,1,68,90
2023-01-25 19:48:06.000,2023-01-25 19:49:13.000,0.3,1,12.75,0,2.55,N,1,1,0.5,1,3.7,2.5,2.5,0,2,1,238,239
2023-01-25 19:13:00.000,2023-01-25 19:14:56.000,0.46,1,13.08,0,2.18,N,1,1,0.5,1,4.4,2.5,2.5,0,2,1,100,162
2023-01-25 19:43:20.000,2023-01-25 19:43:40.000,0,0,103.91,6.55,17.11,N,1,1,0.5,1,70,5,2.5,1.25,2,2,162,161
2023-01-25 20:38:32.000,2023-01-25 20:39:50.000,0.5,1,8.9,0,2,N,1,1,0.5,1,4.4,1,0,0,1,1,75,43
2023-01-25 20:42:05.000,2023-01-25 20:43:42.000,0.7,1,13.13,0,3.03,N,1,1,0.5,1,5.1,3.5,2.5,0,1,1,239,238
2023-01-25 20:03:55.000,2023-01-25 20:04:38.000,0,1,8,0,0,N,3,1,0.5,1,3,3.5,2.5,0,1,1,236,141
2023-01-25 20:26:18.000,2023-01-25 20:26:23.000,0,0,99,0,16.5,N,1,2,0.5,0,82,0,0,0,2,5,232,264
2023-01-25 20:09:02.000,2023-01-25 20:10:40.000,0.26,1,10.7,0,2,N,1,1,0.5,1,3.7,1,2.5,0,2,1,141,140
2023-01-25 20:43:24.000,2023-01-25 20:43:40.000,0,0,12.6,0,2.1,N,1,1,0,1,7,0,2.5,0,2,5,230,163
2023-01-25 20:55:13.000,2023-01-25 20:56:47.000,0.53,1,8.28,0,1.38,N,1,1,0.5,1,4.4,1,0,0,2,1,75,263
2023-01-25 20:31:40.000,2023-01-25 20:32:52.000,0.22,1,8.7,0,0,N,2,3,0.5,1,3.7,1,2.5,0,2,1,43,237
2023-01-25 20:32:22.000,2023-01-25 20:33:48.000,0.4,1,10.9,0,1.5,N,1,1,0.5,1,4.4,3.5,2.5,0,1,1,142,48
2023-01-25 20:42:07.000,2023-01-25 20:43:35.000,0.43,1,11.4,0,2,N,1,2,0.5,1,4.4,1,2.5,0,2,1,262,263
2023-01-25 20:38:07.000,2023-01-25 20:39:52.000,0.37,1,11.28,0,1.88,N,1,1,0.5,1,4.4,1,2.5,0,2,1,170,162
2023-01-25 20:52:04.000,2023-01-25 20:53:37.000,0.56,1,10.4,0,1,N,1,1,0.5,1,4.4,1,2.5,0,2,1,263,141
2023-01-25 20:55:29.000,2023-01-25 20:56:20.000,0.25,1,10.44,0,1.74,N,1,1,0.5,1,3.7,1,2.5,0,2,1,211,249
2023-01-25 21:08:38.000,2023-01-25 21:08:42.000,0,0,9.6,0,1.6,N,1,1,0.5,1,3,1,2.5,0,2,1,162,161
2023-01-25 21:54:05.000,2023-01-25 21:54:31.000,0.07,0,101,0,2,N,1,2,0,1,98,0,0,0,2,5,88,87
2023-01-25 21:12:07.000,2023-01-25 21:13:13.000,0.21,1,91.2,0,15.2,N,1,1,0,1,75,0,0,0,2,5,180,63
2023-01-25 21:46:22.000,2023-01-25 21:47:09.000,0.13,1,8,0,0,N,4,1,0.5,1,3,1,2.5,0,2,1,233,170
2023-01-25 21:36:31.000,2023-01-25 21:37:55.000,0.16,1,10.44,0,1.74,N,1,2,0.5,1,3.7,1,2.5,0,2,1,237,236
2023-01-25 21:26:03.000,2023-01-25 21:27:26.000,0.36,1,11.28,0,1.88,N,1,1,0.5,1,4.4,1,2.5,0,2,1,236,237
2023-01-25 21:20:05.000,2023-01-25 21:21:51.000,0.19,1,11.31,0,2.61,N,1,1,0.5,1,3.7,1,2.5,0,2,1,68,246
2023-01-25 21:07:49.000,2023-01-25 21:08:55.000,0.44,1,11.28,0,1.88,N,1,2,0.5,1,4.4,1,2.5,0,2,1,263,262
2023-01-25 21:19:20.000,2023-01-25 21:20:29.000,0.16,1,74,0,0,N,3,1,0.5,1,70,0,2.5,0,2,2,100,230
2023-01-25 21:36:39.000,2023-01-25 21:37:57.000,0.23,1,10.44,0,1.74,N,1,1,0.5,1,3.7,1,2.5,0,2,1,211,114
2023-01-25 21:47:10.000,2023-01-25 21:48:54.000,0.4,1,14.4,0,5,N,1,1,0.5,1,4.4,3.5,2.5,0,1,1,234,186
2023-01-25 21:25:04.000,2023-01-25 21:25:57.000,0.29,0,11.31,0,2.61,N,1,1,0.5,1,3.7,1,2.5,0,2,1,162,170
2023-01-25 21:25:28.000,2023-01-25 21:26:31.000,0.27,1,11.31,0,2.61,N,1,2,0.5,1,3.7,1,2.5,0,2,1,151,238
2023-01-25 22:25:19.000,2023-01-25 22:26:56.000,0.33,1,6.9,0,0,N,2,1,0.5,1,4.4,1,0,0,2,1,236,263
2023-01-25 22:24:48.000,2023-01-25 22:25:44.000,0.17,1,8.7,0,0,N,4,1,0.5,1,3.7,1,2.5,0,2,1,68,186
2023-01-25 22:58:39.000,2023-01-25 22:59:00.000,0,1,26.5,0,1,N,1,1,0.5,1,24,0,0,0,2,5,4,264
2023-01-25 22:51:39.000,2023-01-25 22:51:53.000,0.03,0,74,0,0,N,4,1,0.5,1,70,0,2.5,0,2,2,162,233
2023-01-25 22:59:10.000,2023-01-25 23:00:28.000,0.47,1,9.4,0,0,N,1,1,0.5,1,4.4,1,2.5,0,2,1,229,233
2023-01-25 22:37:04.000,2023-01-25 22:37:06.000,0,0,81.52,0,0.02,N,1,1,0.5,1,80,0,0,0,2,5,161,264
2023-01-25 22:33:37.000,2023-01-25 22:34:17.000,0.5,1,6.9,0,0,N,2,2,0.5,1,4.4,1,0,0,1,1,130,28
2023-01-25 23:11:31.000,2023-01-25 23:12:36.000,0.2,1,8.7,0,0,N,2,1,0.5,1,3.7,3.5,2.5,0,1,1,263,236
2023-01-25 23:28:14.000,2023-01-25 23:29:11.000,0.2,1,10.44,0,1.74,N,1,1,0.5,1,3.7,1,2.5,0,2,1,142,48
2023-01-25 23:42:46.000,2023-01-25 23:43:56.000,0.03,1,8.7,0,0,N,2,3,0.5,1,3.7,1,2.5,0,2,1,249,90
2023-01-25 23:32:01.000,2023-01-25 23:33:42.000,0,1,8.7,0,0,N,3,1,0.5,1,3.7,3.5,2.5,0,1,1,87,209
2023-01-25 23:36:07.000,2023-01-25 23:36:36.000,3.18,0,8,0,0,N,4,1,0.5,1,3,1,2.5,0,2,1,264,138
2023-01-25 23:52:27.000,2023-01-25 23:53:58.000,0.5,1,11.28,0,1.88,N,1,2,0.5,1,4.4,1,2.5,0,2,1,230,100
2023-01-25 23:05:19.000,2023-01-25 23:06:11.000,0.3,1,10.87,0,2.17,N,1,1,0.5,1,3.7,1,2.5,0,2,1,239,238
2023-01-25 23:18:57.000,2023-01-25 23:19:00.000,1.88,1,17.8,0,0,N,2,2,0.5,1,12.8,1,2.5,0,2,1,236,264
2023-01-26 00:00:59.000,2023-01-26 00:01:01.000,0.09,1,27.95,0,6.45,N,1,1,0.5,1,20,0,0,0,2,5,249,264
2023-01-26 00:43:35.000,2023-01-26 00:43:52.000,0.23,0,18.95,12.75,0,N,2,3,0.5,1,3.7,1,0,0,2,1,265,23
2023-01-26 00:16:06.000,2023-01-26 00:17:34.000,0.36,1,11.28,0,1.88,N,1,1,0.5,1,4.4,1,2.5,0,2,1,230,163
2023-01-26 00:12:58.000,2023-01-26 00:13:03.000,0.02,1,74,0,0,N,2,1,0.5,1,70,0,2.5,0,2,2,249,68
2023-01-26 00:11:08.000,2023-01-26 00:12:30.000,0.66,1,7.6,0,0,N,2,1,0.5,1,5.1,1,0,0,2,1,74,75
2023-01-26 00:26:15.000,2023-01-26 00:26:25.000,2.99,0,18.51,0,0.01,N,1,1,0.5,1,13.5,1,2.5,0,2,1,231,125
2023-01-26 01:10:31.000,2023-01-26 01:11:59.000,0.23,1,8.7,0,0,N,2,4,0.5,1,3.7,1,2.5,0,2,1,107,137
2023-01-26 01:52:30.000,2023-01-26 01:53:55.000,0.61,1,11.1,0,1,N,1,1,0.5,1,5.1,1,2.5,0,2,1,141,236
2023-01-26 01:10:31.000,2023-01-26 01:10:42.000,3.8,0,10.5,0,0,N,3,0,0.5,1,3,6,0,0,1,1,70,138
2023-01-26 01:39:43.000,2023-01-26 01:39:46.000,0,0,14.38,0,2.88,N,1,1,0.5,1,10,0,0,0,2,5,170,264
2023-01-26 01:19:00.000,2023-01-26 01:20:59.000,0.33,1,11.28,0,1.88,N,1,2,0.5,1,4.4,1,2.5,0,2,1,148,144
2023-01-26 01:09:25.000,2023-01-26 01:10:59.000,0.4,1,11.75,0,2.35,N,1,1,0.5,1,4.4,1,2.5,0,2,1,231,125
2023-01-26 02:36:24.000,2023-01-26 02:37:51.000,0.55,1,9.4,0,0,N,2,1,0.5,1,4.4,1,2.5,0,2,1,263,75
2023-01-26 02:05:38.000,2023-01-26 02:05:40.000,0,0,71.5,0,0,N,2,1,0.5,1,70,0,0,0,2,2,132,264
2023-01-26 02:12:25.000,2023-01-26 02:12:33.000,0,0,8,0,0,N,2,1,0.5,1,3,1,2.5,0,2,1,230,48
2023-01-26 02:39:24.000,2023-01-26 02:39:34.000,0,0,45.5,0,0,N,1,4,0,1,42,0,2.5,0,2,5,246,42
2023-01-10 11:43:17.000,2023-01-10 11:44:10.000,0.1,1,7.7,0,0,N,2,1,0.5,1,3.7,2.5,2.5,0,1,1,151,238
2023-01-10 11:46:29.000,2023-01-10 11:47:52.000,0,1,7.7,0,0,N,3,1,0.5,1,3.7,2.5,2.5,0,1,1,239,142
2023-01-10 11:57:49.000,2023-01-10 11:58:17.000,0,1,7,0,0,N,3,1,0.5,1,3,2.5,2.5,0,1,1,113,79
2023-01-10 11:47:16.000,2023-01-10 11:48:06.000,0.2,1,9.2,0,1.5,N,1,1,0.5,1,3.7,2.5,2.5,0,1,1,164,234
2023-01-10 11:49:06.000,2023-01-10 11:50:20.000,0.24,1,7.7,0,0,N,2,1,0.5,1,3.7,0,2.5,0,2,1,238,151
2023-01-10 11:26:07.000,2023-01-10 11:27:40.000,0.3,1,10.5,0,2.1,N,1,2,0.5,1,4.4,2.5,2.5,0,1,1,142,48
2023-01-10 11:56:15.000,2023-01-10 11:56:31.000,0.03,0,7,0,0,N,4,1,0.5,1,3,0,2.5,0,2,1,48,100
2023-01-10 11:01:04.000,2023-01-10 11:02:58.000,0.53,1,10.92,0,2.52,N,1,5,0.5,1,4.4,0,2.5,0,2,1,163,161
2023-01-10 11:47:05.000,2023-01-10 11:48:49.000,0.32,1,5.9,0,0,N,2,1,0.5,1,4.4,0,0,0,2,1,152,166
2023-01-10 11:50:09.000,2023-01-10 11:50:13.000,0,0,102.6,0,17.1,N,1,1,0,1,82,0,2.5,0,2,5,230,48
2023-01-10 11:29:04.000,2023-01-10 11:30:20.000,0.24,1,9.24,0,1.54,N,1,2,0.5,1,3.7,0,2.5,0,2,1,229,141
2023-01-10 11:16:34.000,2023-01-10 11:16:40.000,0.04,0,80,0,5,N,1,1,0,1,74,0,0,0,2,5,256,232
2023-01-10 11:02:38.000,2023-01-10 11:03:07.000,0,1,7,0,0,N,2,1,0.5,1,3,0,2.5,0,2,1,163,48
2023-01-10 12:58:13.000,2023-01-10 12:59:21.000,0.19,1,7.7,0,0,N,2,1,0.5,1,3.7,0,2.5,0,2,1,162,141
2023-01-10 12:54:02.000,2023-01-10 12:55:48.000,0.48,1,8.4,0,0,N,2,1,0.5,1,4.4,0,2.5,0,2,1,140,262
2023-01-10 12:56:54.000,2023-01-10 12:57:24.000,0.05,1,7,0,0,N,2,2,0.5,1,3,0,2.5,0,2,1,114,211
2023-01-10 12:23:03.000,2023-01-10 12:24:52.000,0.5,1,8.4,0,0,N,2,2,0.5,1,4.4,2.5,2.5,0,1,1,79,107
2023-01-10 12:22:47.000,2023-01-10 12:23:25.000,0.22,1,6.24,0,1.04,N,1,1,0.5,1,3.7,0,0,0,2,1,151,238
2023-01-10 12:38:58.000,2023-01-10 12:39:51.000,0.2,1,7.7,0,0,N,4,1,0.5,1,3.7,0,2.5,0,2,1,263,262
2023-01-10 12:40:57.000,2023-01-10 12:41:02.000,0,1,87.25,0,10,N,1,2,0,1,75,0,0,1.25,2,5,264,132
2023-01-10 12:10:28.000,2023-01-10 12:11:53.000,0.43,1,9.24,0,0.84,N,1,1,0.5,1,4.4,0,2.5,0,2,1,236,75
2023-01-10 12:04:38.000,2023-01-10 12:04:52.000,0,0,4.5,0,0,N,3,1,0.5,1,3,0,0,0,2,1,264,193
2023-01-10 12:09:20.000,2023-01-10 12:10:48.000,0,1,5.2,0,0,N,2,1,0.5,1,3.7,0,0,0,2,1,7,193
2023-01-10 12:08:41.000,2023-01-10 12:09:58.000,0.27,1,10,0,2.3,N,1,1,0.5,1,3.7,0,2.5,0,2,1,263,236
2023-01-10 12:56:33.000,2023-01-10 12:56:40.000,0.02,0,74,0,0,N,4,1,0.5,1,70,0,2.5,0,2,2,137,170
2023-01-10 12:37:10.000,2023-01-10 12:38:53.000,0.3,1,7.05,0,1.15,N,1,1,0.5,1,4.4,0,0,0,1,1,238,151
2023-01-10 12:22:12.000,2023-01-10 12:23:49.000,0.3,1,10.08,0,1.68,N,1,1,0.5,1,4.4,0,2.5,0,2,1,170,164
2023-01-10 12:31:42.000,2023-01-10 12:32:11.000,0.08,1,24,0,0,N,4,1,0,1,23,0,0,0,2,3,236,141
2023-01-10 13:52:57.000,2023-01-10 13:53:42.000,0.19,1,7.7,0,0,N,2,2,0.5,1,3.7,0,2.5,0,2,1,263,236
2023-01-10 13:47:04.000,2023-01-10 13:48:58.000,0.2,1,10.05,0,1.65,N,1,1,0.5,1,4.4,2.5,2.5,0,1,1,142,143
2023-01-10 13:53:13.000,2023-01-10 13:53:17.000,0,0,87,0,5,N,1,1,0,1,81,0,0,0,2,5,264,100
2023-01-10 13:43:34.000,2023-01-10 13:44:02.000,0,1,9.5,0,0,N,2,1,0.5,1,3,5,0,0,2,1,264,138
2023-01-10 13:27:45.000,2023-01-10 13:28:06.000,0,1,9.5,0,0,N,3,1,0.5,1,3,5,0,0,1,1,70,138
2023-01-10 13:19:10.000,2023-01-10 13:20:25.000,0.3,1,7.7,0,0,N,2,3,0.5,1,3.7,2.5,2.5,0,1,1,163,161
2023-01-10 13:38:21.000,2023-01-10 13:38:52.000,0.07,0,7,0,0,N,2,1,0.5,1,3,0,2.5,0,2,1,68,186
2023-01-10 13:54:08.000,2023-01-10 13:55:13.000,0.03,1,7.7,0,0,N,2,1,0.5,1,3.7,0,2.5,0,2,1,249,90
2023-01-10 13:17:11.000,2023-01-10 13:18:59.000,0.33,1,8.4,0,0,N,4,1,0.5,1,4.4,0,2.5,0,2,1,262,236
2023-01-10 13:28:07.000,2023-01-10 13:28:31.000,0.22,0,64,0,3,N,1,1,0,1,60,0,0,0,2,5,196,93
2023-01-10 13:30:12.000,2023-01-10 13:31:33.000,0.33,1,9.24,0,1.54,N,1,1,0.5,1,3.7,0,2.5,0,2,1,229,162
2023-01-10 14:11:00.000,2023-01-10 14:12:07.000,0.3,1,7.7,0,0,N,2,1,0.5,1,3.7,2.5,2.5,0,1,1,151,238
2023-01-10 14:17:09.000,2023-01-10 14:17:35.000,32.24,0,80.55,6.55,0,N,2,1,0.5,1,70,0,2.5,0,2,2,13,132
2023-01-10 14:33:38.000,2023-01-10 14:34:56.000,0.3,1,7.7,0,0,N,2,2,0.5,1,3.7,2.5,2.5,0,1,1,237,263
2023-01-10 14:17:22.000,2023-01-10 14:17:26.000,0,0,29,0,3,N,1,1,0,1,25,0,0,0,2,5,140,264
2023-01-10 14:33:16.000,2023-01-10 14:34:42.000,0.2,1,7.7,0,0,N,2,4,0.5,1,3.7,0,2.5,0,2,1,262,140
2023-01-10 14:50:07.000,2023-01-10 14:51:25.000,0.26,1,9.62,0,1.92,N,1,2,0.5,1,3.7,0,2.5,0,2,1,231,261
2023-01-10 14:08:40.000,2023-01-10 14:09:56.000,0.05,1,7,0,0,N,2,1,0.5,1,3,0,2.5,0,2,1,238,239
2023-01-10 14:34:31.000,2023-01-10 14:35:53.000,0.31,1,9.24,0,1.54,N,1,5,0.5,1,3.7,0,2.5,0,2,1,262,263
2023-01-10 14:55:06.000,2023-01-10 14:56:33.000,0.29,1,9.24,0,1.54,N,1,4,0.5,1,3.7,0,2.5,0,2,1,151,238
2023-01-10 14:23:15.000,2023-01-10 14:23:17.000,0,0,73.8,0,12.3,N,1,1,0.5,1,60,0,0,0,2,5,188,264
2023-01-10 14:57:06.000,2023-01-10 14:58:10.000,0.21,1,9.24,0,1.54,N,1,1,0.5,1,3.7,0,2.5,0,2,1,143,142
2023-01-10 14:58:45.000,2023-01-10 14:59:39.000,0.1,1,7,0,0,Y,3,1,0.5,1,3,2.5,2.5,0,1,1,161,163
2023-01-10 14:44:08.000,2023-01-10 14:44:11.000,0.03,0,24,0,0,N,2,2,0,1,23,0,0,0,2,3,93,264
2023-01-10 15:46:01.000,2023-01-10 15:47:44.000,0.26,1,10.08,0,1.68,N,1,1,0.5,1,4.4,0,2.5,0,2,1,107,224
2023-01-10 15:51:19.000,2023-01-10 15:52:46.000,0.4,1,10.05,0,1.65,N,1,0,0.5,1,4.4,2.5,2.5,0,1,1,249,113
2023-01-10 15:55:02.000,2023-01-10 15:56:57.000,0.37,1,9.4,0,1,N,1,1,0.5,1,4.4,0,2.5,0,2,1,142,143
2023-01-10 15:05:13.000,2023-01-10 15:06:52.000,0.12,1,24.7,0,0,N,1,4,0,1,23.7,0,0,0,2,3,137,170
2023-01-10 15:25:45.000,2023-01-10 15:25:56.000,0.09,0,68,0,7,N,1,1,0,1,60,0,0,0,2,5,223,70
2023-01-10 15:57:01.000,2023-01-10 15:58:43.000,0.33,1,10.08,0,1.68,N,1,1,0.5,1,4.4,0,2.5,0,2,1,237,162
2023-01-10 15:14:18.000,2023-01-10 15:15:54.000,0.31,1,7.7,0,0,N,2,2,0.5,1,3.7,0,2.5,0,2,1,142,143
2023-01-10 15:43:07.000,2023-01-10 15:44:11.000,0.16,1,8.86,0,1.16,N,1,1,0.5,1,3.7,0,2.5,0,2,1,186,90
2023-01-10 15:42:01.000,2023-01-10 15:42:32.000,0,0,9.5,0,0,N,4,1,0.5,1,3,5,0,0,1,1,70,138
2023-01-10 15:24:25.000,2023-01-10 15:24:29.000,0.03,0,103.2,0,17.2,N,1,1,0,1,85,0,0,0,2,5,216,132
2023-01-10 15:16:21.000,2023-01-10 15:17:54.000,0,1,11.45,0,0,N,2,2,0.5,1,3.7,5,0,1.25,2,1,264,138
2023-01-10 15:27:42.000,2023-01-10 15:27:47.000,0.02,0,24,0,0,N,1,1,0,1,23,0,0,0,2,3,107,79
2023-01-10 16:52:24.000,2023-01-10 16:53:59.000,0.21,1,13.2,0,3,N,1,1,0.5,1,3.7,2.5,2.5,0,2,1,107,137
2023-01-10 16:54:25.000,2023-01-10 16:55:38.000,0.3,1,13.95,0,0,N,2,2,0.5,1,3.7,7.5,0,1.25,2,1,264,138
2023-01-10 16:28:33.000,2023-01-10 16:29:41.000,0.11,1,79,0,0,N,2,2,0.5,1,70,5,2.5,0,2,2,140,141
2023-01-10 16:46:48.000,2023-01-10 16:46:53.000,0,0,40,0,8,N,1,2,0,1,31,0,0,0,2,5,264,134
2023-01-10 16:36:48.000,2023-01-10 16:37:11.000,0.07,1,108.19,6.55,21.39,N,1,2,0.5,1,70,5,2.5,1.25,2,2,114,211
2023-01-10 16:08:11.000,2023-01-10 16:08:13.000,0,0,20.3,0,0,N,3,1,0,1,19.3,0,0,0,2,5,43,264
2023-01-10 16:21:45.000,2023-01-10 16:22:06.000,0.02,1,79,0,0,N,2,1,0.5,1,70,5,2.5,0,2,2,140,141
2023-01-10 16:09:32.000,2023-01-10 16:10:27.000,0.3,1,11.2,0,1,N,1,6,0.5,1,3.7,2.5,2.5,0,2,1,141,263
2023-01-10 16:15:21.000,2023-01-10 16:16:50.000,0.3,1,10.9,0,0,N,2,1,0.5,1,4.4,2.5,2.5,0,2,1,90,186
2023-01-10 16:16:06.000,2023-01-10 16:17:52.000,0.45,1,10.9,0,0,N,2,1,0.5,1,4.4,2.5,2.5,0,2,1,262,140
2023-01-10 16:45:50.000,2023-01-10 16:45:53.000,0,0,101.5,0,10,N,1,3,0.5,1,90,0,0,0,2,5,132,264
2023-01-10 16:59:46.000,2023-01-10 16:59:53.000,0.01,0,9.5,0,0,N,2,1,0.5,1,3,2.5,2.5,0,2,1,237,140
2023-01-10 16:46:28.000,2023-01-10 16:46:31.000,0.01,0,7,0,0,N,2,1,0.5,1,3,0,2.5,0,2,1,230,264
2023-01-10 16:37:06.000,2023-01-10 16:38:43.000,0.59,1,13.08,0,2.18,N,1,1,0.5,1,4.4,2.5,2.5,0,2,1,238,239
2023-01-10 17:04:52.000,2023-01-10 17:05:02.000,0,1,9.5,0,0,N,2,1,0.5,1,3,2.5,2.5,0,2,1,43,237
2023-01-10 17:33:24.000,2023-01-10 17:33:31.000,0,0,79,0,0,N,4,4,0.5,1,70,5,2.5,0,2,2,164,170
2023-01-10 17:00:23.000,2023-01-10 17:00:44.000,0.05,0,9.5,0,0,N,3,1,0.5,1,3,2.5,2.5,0,2,1,239,143
2023-01-10 17:29:25.000,2023-01-10 17:30:35.000,0.34,1,11.2,0,1,N,1,1,0.5,1,3.7,2.5,2.5,0,2,1,113,114
2023-01-10 17:09:11.000,2023-01-10 17:10:44.000,1.4,1,71,0,10,N,1,1,0,1,60,0,0,0,2,5,93,138
2023-01-10 17:20:13.000,2023-01-10 17:21:12.000,0.23,1,10.2,0,0,N,1,1,0.5,1,3.7,2.5,2.5,0,2,1,263,236
2023-01-10 17:48:03.000,2023-01-10 17:49:23.000,0.38,1,12.24,0,2.04,N,1,1,0.5,1,3.7,2.5,2.5,0,2,1,237,236
2023-01-10 17:13:30.000,2023-01-10 17:14:44.000,0.37,1,11.2,0,1,N,1,2,0.5,1,3.7,2.5,2.5,0,2,1,170,164
2023-01-10 17:23:51.000,2023-01-10 17:24:59.000,0.33,1,12.24,0,2.04,N,1,1,0.5,1,3.7,2.5,2.5,0,2,1,88,87
2023-01-10 17:09:04.000,2023-01-10 17:09:12.000,0.02,0,79,0,0,N,2,2,0.5,1,70,5,2.5,0,2,2,232,148
2023-01-10 17:38:01.000,2023-01-10 17:39:46.000,0.45,1,13.08,0,2.18,N,1,1,0.5,1,4.4,2.5,2.5,0,2,1,263,141
2023-01-10 18:34:14.000,2023-01-10 18:35:45.000,0.36,1,11.45,0,1.25,N,1,1,0.5,1,3.7,2.5,2.5,0,2,1,141,237
2023-01-10 18:58:32.000,2023-01-10 18:59:35.000,0.3,1,12.2,0,2,N,1,1,0.5,1,3.7,5,2.5,0,1,1,90,186
2023-01-10 18:34:24.000,2023-01-10 18:35:27.000,0.04,1,12.35,0,2.85,N,1,1,0.5,1,3,2.5,2.5,0,2,1,246,68
2023-01-10 18:49:54.000,2023-01-10 18:50:03.000,0,1,9.5,0,0,N,2,1,0.5,1,3,2.5,2.5,0,2,1,141,237
2023-01-10 18:18:11.000,2023-01-10 18:18:14.000,0,0,16.09,0,0,N,2,1,0,1,15.09,0,0,0,2,5,114,264
2023-01-10 18:20:17.000,2023-01-10 18:21:56.000,0.26,1,8.4,0,0,N,2,5,0.5,1,4.4,2.5,0,0,2,1,166,151
2023-01-10 18:30:44.000,2023-01-10 18:30:46.000,0,0,86,0,0,N,1,2,0,1,85,0,0,0,2,5,132,264
2023-01-10 18:08:16.000,2023-01-10 18:09:58.000,0.54,1,13.9,0,3,N,1,1,0.5,1,4.4,2.5,2.5,0,2,1,75,43
2023-01-10 18:41:57.000,2023-01-10 18:42:41.000,0.2,1,10.2,0,0,N,3,1,0.5,1,3.7,5,2.5,0,1,1,229,141
2023-01-10 18:07:50.000,2023-01-10 18:08:00.000,0.02,1,9.5,0,0,N,4,1,0.5,1,3,2.5,2.5,0,2,1,261,87
2023-01-10 17:59:56.000,2023-01-10 17:59:58.000,0,0,109.8,0,18.3,N,1,1,0.5,1,90,0,0,0,2,5,164,264
2023-01-10 18:17:27.000,2023-01-10 18:18:05.000,0.19,1,10.5,0,1,N,1,4,0.5,1,3,2.5,2.5,0,2,1,233,162
2023-01-18 04:58:16.000,2023-01-18 04:59:49.000,0.51,1,11,0,1.6,N,1,1,0.5,1,4.4,1,2.5,0,2,1,48,246
2023-01-18 04:55:13.000,2023-01-18 04:55:15.000,1.68,0,103.75,0,20.75,N,1,1,0,1,82,0,0,0,2,5,132,264
2023-01-18 05:27:03.000,2023-01-18 05:27:39.000,0.04,0,74,0,0,N,2,1,0.5,1,70,0,2.5,0,2,2,236,263
2023-01-18 05:32:57.000,2023-01-18 05:33:28.000,0.2,1,8.7,0,0,N,2,1,0.5,1,3.7,3.5,2.5,0,1,1,230,100
2023-01-18 05:40:45.000,2023-01-18 05:40:54.000,0.03,0,8,0,0,N,4,1,0.5,1,3,1,2.5,0,2,1,107,234
2023-01-18 05:28:42.000,2023-01-18 05:29:15.000,0.12,1,74,0,0,N,1,2,0.5,1,70,0,2.5,0,2,2,141,237
2023-01-18 05:44:08.000,2023-01-18 05:45:51.000,0.42,1,9.4,0,0,N,1,1,0.5,1,4.4,1,2.5,0,2,1,100,230
2023-01-18 05:20:55.000,2023-01-18 05:20:58.000,0.03,0,97,0,10,N,1,2,0,1,86,0,0,0,2,5,132,264
2023-01-18 05:58:11.000,2023-01-18 05:58:14.000,0,0,91.8,0,15.3,N,1,1,0.5,1,75,0,0,0,2,5,132,264
2023-01-18 05:25:22.000,2023-01-18 05:26:27.000,0.4,1,9.1,0,0,N,2,1,0.5,1,4.4,3.2,2.5,0,1,1,48,230
2023-01-18 06:47:36.000,2023-01-18 06:48:56.000,0.3,1,8.4,0,0,N,2,1,0.5,1,4.4,2.5,2.5,0,1,1,68,48
2023-01-18 06:59:33.000,2023-01-18 07:00:07.000,0.03,1,7,0,0,N,3,1,0.5,1,3,0,2.5,0,2,1,234,90
2023-01-18 06:34:26.000,2023-01-18 06:34:28.000,0.38,0,99.6,0,16.6,N,1,1,0,1,82,0,0,0,2,5,197,264
2023-01-18 06:09:06.000,2023-01-18 06:10:48.000,0.51,1,11.28,0,1.88,N,1,1,0.5,1,4.4,1,2.5,0,2,1,170,164
2023-01-18 06:35:42.000,2023-01-18 06:36:26.000,0.63,1,70.8,0,11.8,N,1,1,0,1,58,0,0,0,2,5,223,70
2023-01-18 06:04:31.000,2023-01-18 06:05:49.000,0.36,1,10.7,0,2,N,1,1,0.5,1,3.7,1,2.5,0,2,1,161,237
2023-01-18 06:47:04.000,2023-01-18 06:48:45.000,0.59,1,10.92,0,1.82,N,1,1,0.5,1,5.1,0,2.5,0,2,1,100,186
2023-01-18 06:51:01.000,2023-01-18 06:52:46.000,0.19,1,9.24,0,0.84,N,1,1,0.5,1,4.4,0,2.5,0,2,1,264,234
2023-01-18 06:26:23.000,2023-01-18 06:27:27.000,0.37,1,9.24,0,1.54,N,1,1,0.5,1,3.7,0,2.5,0,2,1,140,141
2023-01-18 06:53:26.000,2023-01-18 06:54:43.000,0.3,1,8.4,0,0,N,1,1,0.5,1,4.4,2.5,2.5,0,1,1,43,163
2023-01-18 07:29:04.000,2023-01-18 07:30:42.000,0.06,1,7.7,0,0,N,3,1,0.5,1,3.7,0,2.5,0,2,1,236,237
2023-01-18 07:10:19.000,2023-01-18 07:11:27.000,0.46,1,5.9,0,0,N,2,1,0.5,1,4.4,0,0,0,2,1,75,74
2023-01-18 07:51:00.000,2023-01-18 07:52:51.000,0.5,1,8.4,0,0,N,2,1,0.5,1,4.4,2.5,2.5,0,1,1,229,233
2023-01-18 07:11:11.000,2023-01-18 07:12:51.000,0.32,1,8.4,0,0,N,1,2,0.5,1,4.4,0,2.5,0,2,1,186,100
2023-01-18 07:54:01.000,2023-01-18 07:54:04.000,0.45,0,85.8,0,14.3,N,1,3,0.5,1,70,0,0,0,2,5,265,264
2023-01-18 07:35:07.000,2023-01-18 07:35:24.000,0,0,56,0,5,N,1,1,0,1,50,0,0,0,2,5,138,264
2023-01-18 08:50:52.000,2023-01-18 08:51:50.000,0.38,1,8.7,0,1,N,1,1,0.5,1,3.7,0,2.5,0,2,1,263,236
2023-01-18 08:51:25.000,2023-01-18 08:52:59.000,0.54,1,11.4,0,3,N,1,1,0.5,1,4.4,0,2.5,0,2,1,246,68
2023-01-18 08:21:09.000,2023-01-18 08:22:33.000,0.4,1,10.05,0,1.65,N,1,1,0.5,1,4.4,2.5,2.5,0,1,1,162,170
2023-01-18 08:17:33.000,2023-01-18 08:18:50.000,0.4,1,9.4,0,1,N,1,1,0.5,1,4.4,2.5,2.5,0,1,1,261,231
2023-01-18 09:36:54.000,2023-01-18 09:37:11.000,0.01,1,74,0,0,N,4,1,0.5,1,70,0,2.5,0,2,2,68,48
2023-01-18 09:18:04.000,2023-01-18 09:19:53.000,0.6,1,9.1,0,0,N,1,1,0.5,1,5.1,0,2.5,0,2,1,238,239
2023-01-18 09:43:11.000,2023-01-18 09:44:58.000,0.2,1,10.05,0,1.65,N,1,1,0.5,1,4.4,2.5,2.5,0,1,1,107,170
2023-01-18 09:03:42.000,2023-01-18 09:04:55.000,0.3,1,9.2,0,1.5,N,1,1,0.5,1,3.7,2.5,2.5,0,1,1,137,170
2023-01-18 09:23:05.000,2023-01-18 09:23:11.000,0,0,7,0,0,N,4,1,0.5,1,3,0,2.5,0,2,1,234,107
2023-01-18 09:47:39.000,2023-01-18 09:48:16.000,0.08,1,9.5,0,0,N,2,1,0.5,1,3,5,0,0,2,1,70,138
2023-01-18 09:28:50.000,2023-01-18 09:28:57.000,0,0,7,0,0,N,4,1,0.5,1,3,0,2.5,0,2,1,237,163
2023-01-18 09:03:30.000,2023-01-18 09:04:43.000,0.2,1,7.7,0,0,N,2,1,0.5,1,3.7,2.5,2.5,0,1,1,137,170
2023-01-18 09:35:53.000,2023-01-18 09:36:00.000,0.08,1,94.91,6.55,15.61,N,1,2,0.5,1,70,0,0,1.25,2,2,264,138
2023-01-18 09:33:20.000,2023-01-18 09:33:52.000,0.06,0,4.5,0,0,N,2,1,0.5,1,3,0,0,0,2,1,70,264
2023-01-18 09:00:33.000,2023-01-18 09:01:41.000,0.24,1,10.7,0,3,N,1,1,0.5,1,3.7,0,2.5,0,2,1,230,161
2023-01-18 09:02:38.000,2023-01-18 09:02:56.000,0.16,0,4.5,0,0,N,4,2,0.5,1,3,0,0,0,2,1,264,70
2023-01-18 09:21:14.000,2023-01-18 09:22:26.000,0.36,1,8.7,0,1,N,1,1,0.5,1,3.7,0,2.5,0,2,1,237,162
2023-01-18 09:50:36.000,2023-01-18 09:51:13.000,0.03,1,12,0,0,N,4,1,0.5,1,3,5,2.5,0,2,1,264,138
2023-01-18 09:01:59.000,2023-01-18 09:02:05.000,0.06,1,99.3,0,16.55,N,1,2,0,1,81.75,0,0,0,2,5,216,132
2023-01-18 09:46:08.000,2023-01-18 09:47:26.000,0.1,1,7.7,0,0,N,2,1,0.5,1,3.7,0,2.5,0,2,1,162,163
2023-01-18 10:04:17.000,2023-01-18 10:05:06.000,0,1,7,0,0,N,3,1,0.5,1,3,2.5,2.5,0,1,1,170,162
2023-01-18 10:42:02.000,2023-01-18 10:43:39.000,0.1,1,5.2,0,0,N,2,1,0.5,1,3.7,0,0,0,1,1,181,97
2023-01-18 10:09:11.000,2023-01-18 10:10:59.000,0.64,1,10.46,0,1.36,N,1,1,0.5,1,5.1,0,2.5,0,2,1,236,263
2023-01-18 10:53:21.000,2023-01-18 10:54:57.000,0.54,1,8.4,0,0,N,2,2,0.5,1,4.4,0,2.5,0,2,1,137,170
2023-01-18 10:30:32.000,2023-01-18 10:31:07.000,0.02,1,4.5,0,0,N,4,1,0.5,1,3,0,0,0,2,1,70,138
2023-01-18 10:30:40.000,2023-01-18 10:30:48.000,0,0,71.5,0,0,N,4,1,0.5,1,70,0,0,0,2,2,264,161
2023-01-18 10:32:48.000,2023-01-18 10:32:57.000,0,0,71.5,0,0,N,2,1,0.5,1,70,0,0,0,2,2,264,164
2023-01-18 10:34:38.000,2023-01-18 10:35:19.000,0,1,67,0,5,N,1,1,0,1,61,0,0,0,2,5,264,164
2023-01-18 11:49:13.000,2023-01-18 11:49:18.000,0,0,4.52,0,0.02,N,1,4,0.5,1,3,0,0,0,2,1,7,193
2023-01-18 11:34:00.000,2023-01-18 11:34:58.000,0.3,0,8.7,0,1,N,1,1,0.5,1,3.7,2.5,2.5,0,1,1,236,75
2023-01-18 11:20:02.000,2023-01-18 11:21:58.000,0.3,1,8.4,0,0,N,2,1,0.5,1,4.4,2.5,2.5,0,1,1,141,237
2023-01-18 11:26:32.000,2023-01-18 11:27:55.000,0.39,1,10.08,0,1.68,N,1,1,0.5,1,4.4,0,2.5,0,2,1,142,143
2023-01-18 11:13:58.000,2023-01-18 11:14:06.000,1,1,4.5,0,0,N,4,0,0.5,1,3,0,0,0,1,1,264,75
2023-01-18 11:32:25.000,2023-01-18 11:33:20.000,0.08,1,10.01,0,2.31,N,1,1,0.5,1,3.7,0,2.5,0,2,1,264,170
2023-01-18 11:58:36.000,2023-01-18 11:58:47.000,0,0,20.3,0,13.3,N,1,1,0.5,1,3,0,2.5,0,2,1,236,43
2023-01-18 11:41:27.000,2023-01-18 11:41:39.000,0.03,0,74,0,0,N,4,1,0.5,1,70,0,2.5,0,2,2,230,100
2023-01-18 11:05:52.000,2023-01-18 11:06:43.000,0.6,1,80.7,0,13.45,N,1,1,0,1,65,1.25,0,1.25,1,5,129,138
2023-01-18 11:23:46.000,2023-01-18 11:24:34.000,0.15,1,7,0,0,N,2,1,0.5,1,3,0,2.5,0,2,1,141,140
2023-01-18 11:24:08.000,2023-01-18 11:25:30.000,0.4,1,8.4,0,0,N,2,2,0.5,1,4.4,2.5,2.5,0,1,1,234,90
2023-01-18 11:13:11.000,2023-01-18 11:13:14.000,0.05,0,58.8,0,9.8,N,1,1,0,1,48,0,0,0,2,5,43,264
2023-01-18 12:21:36.000,2023-01-18 12:22:05.000,0.15,1,8.4,0,1.4,N,1,1,0.5,1,3,0,2.5,0,2,1,262,263
2023-01-18 12:17:35.000,2023-01-18 12:18:58.000,0.3,1,8.4,0,0,N,2,1,0.5,1,4.4,2.5,2.5,0,1,1,236,75
2023-01-18 12:36:13.000,2023-01-18 12:37:16.000,0.31,1,9.63,0,1.93,N,1,1,0.5,1,3.7,0,2.5,0,2,1,142,239
2023-01-18 11:57:21.000,2023-01-18 11:57:30.000,0.03,0,4.5,0,0,N,3,1,0.5,1,3,0,0,0,2,1,87,264
2023-01-18 12:09:03.000,2023-01-18 12:10:51.000,0.17,1,7.7,0,0,N,2,1,0.5,1,3.7,0,2.5,0,2,1,246,68
2023-01-18 12:13:05.000,2023-01-18 12:14:31.000,0.26,1,9.24,0,1.54,N,1,1,0.5,1,3.7,0,2.5,0,2,1,43,238
2023-01-18 12:14:03.000,2023-01-18 12:15:54.000,0.37,1,8.4,0,0,N,2,1,0.5,1,4.4,0,2.5,0,2,1,100,186
2023-01-18 12:00:28.000,2023-01-18 12:01:44.000,0.12,1,17.7,0,10,N,1,1,0.5,1,3.7,0,2.5,0,2,1,163,237
2023-01-18 12:40:25.000,2023-01-18 12:40:52.000,0,0,19.2,0,3.2,N,1,1,0,1,15,0,0,0,2,5,236,75
2023-01-18 12:59:10.000,2023-01-18 12:59:12.000,0.01,0,55.2,0,9.2,N,1,7,0,1,45,0,0,0,2,5,138,264
2023-01-18 12:28:55.000,2023-01-18 12:29:40.000,0.1,1,8.4,0,1.4,N,1,1,0.5,1,3,0,2.5,0,2,1,142,43
2023-01-18 13:34:42.000,2023-01-18 13:35:13.000,0,1,7,0,0,N,3,1,0.5,1,3,2.5,2.5,0,1,1,263,236
2023-01-18 13:55:10.000,2023-01-18 13:56:56.000,0.05,1,5.2,0,0,N,4,1,0.5,1,3.7,0,0,0,2,1,151,24
2023-01-18 13:15:05.000,2023-01-18 13:16:54.000,0.2,1,8.4,0,0,N,2,0,0.5,1,4.4,2.5,2.5,0,1,1,107,137
2023-01-18 13:56:03.000,2023-01-18 13:57:49.000,0.34,1,10.92,0,2.52,N,1,1,0.5,1,4.4,0,2.5,0,2,1,163,48
2023-01-18 13:07:10.000,2023-01-18 13:07:32.000,0.19,0,24,0,0,N,2,2,0,1,23,0,0,0,2,3,226,145
2023-01-18 13:51:01.000,2023-01-18 13:51:26.000,0.23,0,9.5,0,0,N,4,1,0.5,1,3,5,0,0,2,1,264,138
2023-01-18 13:41:09.000,2023-01-18 13:42:36.000,0.49,1,10.08,0,1.68,N,1,1,0.5,1,4.4,0,2.5,0,2,1,90,234
2023-01-18 13:13:44.000,2023-01-18 13:14:48.000,0.31,1,9.24,0,1.54,N,1,1,0.5,1,3.7,0,2.5,0,2,1,141,237
2023-01-18 13:20:28.000,2023-01-18 13:21:46.000,0.39,1,9.66,0,1.26,N,1,1,0.5,1,4.4,0,2.5,0,2,1,263,141
2023-01-18 14:55:46.000,2023-01-18 14:56:32.000,0,1,7,0,0,N,3,1,0.5,1,3,2.5,2.5,0,1,1,43,142
2023-01-18 14:00:44.000,2023-01-18 14:01:59.000,0.1,1,5.2,0,0,N,2,1,0.5,1,3.7,0,0,0,1,1,74,41
2023-01-18 14:06:17.000,2023-01-18 14:07:38.000,0.27,1,9.24,0,1.54,N,1,1,0.5,1,3.7,0,2.5,0,2,1,162,170
2023-01-18 14:54:29.000,2023-01-18 14:55:53.000,0.46,1,8.4,0,0,N,2,1,0.5,1,4.4,0,2.5,0,2,1,142,239
2023-01-18 14:42:48.000,2023-01-18 14:43:07.000,0,1,7,0,0,N,2,2,0.5,1,3,0,2.5,0,2,1,246,48
2023-01-18 14:17:09.000,2023-01-18 14:18:48.000,0.5,1,10.4,0,2,N,1,1,0.5,1,4.4,2.5,2.5,0,1,1,162,170
2023-01-18 14:15:38.000,2023-01-18 14:16:13.000,0.02,1,5.85,0,1.35,N,1,1,0.5,1,3,0,0,0,2,1,264,230
2023-01-18 14:03:21.000,2023-01-18 14:03:29.000,0.01,0,4.5,0,0,N,2,1,0.5,1,3,0,0,0,2,1,223,179
2023-01-18 14:29:39.000,2023-01-18 14:29:57.000,0.02,0,7,0,0,N,4,1,0.5,1,3,0,2.5,0,2,1,234,90
2023-01-18 15:10:05.000,2023-01-18 15:10:45.000,0.04,0,7,0,0,N,2,2,0.5,1,3,0,2.5,0,2,1,163,237
2023-01-18 15:26:12.000,2023-01-18 15:27:36.000,0.2,1,5.72,0,0.52,N,1,1,0.5,1,3.7,0,0,0,2,1,24,151
2023-01-18 15:34:47.000,2023-01-18 15:35:53.000,0.29,1,8.86,0,1.16,N,1,1,0.5,1,3.7,0,2.5,0,2,1,163,161
2023-01-18 15:27:43.000,2023-01-18 15:28:20.000,0.02,1,7,0,0,N,4,1,0.5,1,3,0,2.5,0,2,1,239,143
2023-01-18 15:10:00.000,2023-01-18 15:11:59.000,0.5,1,10.05,0,1.65,N,1,1,0.5,1,4.4,2.5,2.5,0,1,1,237,141
2023-01-18 15:26:21.000,2023-01-18 15:27:53.000,0.37,1,8.4,0,0,N,2,1,0.5,1,4.4,0,2.5,0,2,1,141,263
2023-01-01 05:36:17.000,2023-01-01 05:37:48.000,0.56,1,11.28,0,1.88,N,1,1,0.5,1,4.4,1,2.5,0,2,1,90,186
2023-01-01 05:40:01.000,2023-01-01 05:41:25.000,0.5,1,11.4,0,2,N,1,1,0.5,1,4.4,1,2.5,0,2,1,229,237
2022-10-24 21:45:35.000,2022-10-24 21:45:38.000,0,0,90.36,0,15.06,N,1,1,0,0.3,75,0,0,0,2,5,48,264
2023-01-01 05:15:50.000,2023-01-01 05:16:55.000,0.01,1,8.7,0,0,N,4,1,0.5,1,3.7,1,2.5,0,2,1,48,100
2023-01-01 06:31:25.000,2023-01-01 06:31:47.000,0.04,0,7,0,0,N,3,1,0.5,1,3,0,2.5,0,2,1,238,43
2023-01-01 06:37:24.000,2023-01-01 06:37:44.000,0,0,91.8,6.55,10,N,1,3,0.5,1,70,0,2.5,1.25,2,2,264,132
2023-01-01 06:38:45.000,2023-01-01 06:39:13.000,0.33,1,1.01,0,0,N,3,1,0,1,0.01,0,0,0,2,5,40,195
2023-01-01 06:09:08.000,2023-01-01 06:10:59.000,0.47,1,10.08,0,1.68,N,1,3,0.5,1,4.4,0,2.5,0,2,1,79,4
2023-01-01 06:26:28.000,2023-01-01 06:27:40.000,0.29,1,7.7,0,0,N,2,1,0.5,1,3.7,0,2.5,0,2,1,230,161
2023-01-01 06:04:55.000,2023-01-01 06:05:49.000,0.4,1,9.4,0,0,N,2,1,0.5,1,4.4,1,2.5,0,2,1,90,68
2023-01-01 06:03:44.000,2023-01-01 06:04:42.000,0.67,1,7.6,0,0,N,1,1,0.5,1,5.1,1,0,0,2,1,260,232
2023-01-01 06:53:37.000,2023-01-01 06:54:42.000,0.5,1,14.2,0,5.8,N,1,1,0.5,1,4.4,0,2.5,0,2,1,239,142
2023-01-01 06:08:59.000,2023-01-01 06:09:07.000,0,1,18.5,0,0,N,4,1,0,1,15,0,2.5,0,2,5,43,239
2023-01-01 06:20:27.000,2023-01-01 06:20:30.000,0,0,241.24,0,40.21,N,1,2,0,1,200.03,0,0,0,2,5,265,264
2023-01-01 07:47:11.000,2023-01-01 07:48:42.000,0.7,1,9.1,0,0,N,2,0,0.5,1,5.1,2.5,2.5,0,1,1,79,107
2023-01-01 07:24:01.000,2023-01-01 07:25:51.000,0.6,1,10.9,0,1.8,N,1,1,0.5,1,5.1,2.5,2.5,0,1,1,140,262
2023-01-01 07:56:18.000,2023-01-01 07:57:26.000,0.4,1,8.4,0,0,N,2,2,0.5,1,4.4,2.5,2.5,0,1,1,234,186
2023-01-01 07:32:05.000,2023-01-01 07:32:17.000,0,0,136.5,22.75,22.75,N,1,2,0,1,90,0,0,0,2,5,264,1
2023-01-01 07:22:05.000,2023-01-01 07:23:18.000,0.48,1,10.08,0,1.68,N,1,1,0.5,1,4.4,0,2.5,0,2,1,48,68
2023-01-01 07:56:28.000,2023-01-01 07:57:42.000,0.42,1,10.08,0,1.68,N,1,1,0.5,1,4.4,0,2.5,0,2,1,140,141
2023-01-01 07:38:29.000,2023-01-01 07:38:32.000,0.88,0,99.6,0,16.6,N,1,2,0,1,82,0,0,0,2,5,216,264
2023-01-01 07:38:23.000,2023-01-01 07:38:35.000,0,0,25,0,16.5,N,1,1,0,1,5,0,2.5,0,2,5,100,186
2023-01-01 08:15:36.000,2023-01-01 08:16:59.000,0.66,1,9.1,0,0,N,3,1,0.5,1,5.1,0,2.5,0,2,1,229,140
2023-01-01 08:01:20.000,2023-01-01 08:01:47.000,0,0,7,0,0,N,3,1,0.5,1,3,0,2.5,0,2,1,107,113
2023-01-01 08:03:01.000,2023-01-01 08:03:29.000,0,0,7,0,0,N,2,1,0.5,1,3,0,2.5,0,2,1,113,87
2023-01-01 08:20:01.000,2023-01-01 08:21:49.000,0.5,1,10.08,0,1.68,N,1,1,0.5,1,4.4,0,2.5,0,2,1,234,186
2023-01-01 08:26:47.000,2023-01-01 08:26:49.000,0.1,0,97.2,0,16.2,N,1,1,0,1,80,0,0,0,2,5,90,264
2023-01-01 08:26:02.000,2023-01-01 08:27:38.000,0.7,1,10.92,0,1.82,N,1,1,0.5,1,5.1,2.5,2.5,0,1,1,229,141
2023-01-01 08:31:35.000,2023-01-01 08:32:49.000,0.48,1,10.08,0,1.68,N,1,1,0.5,1,4.4,0,2.5,0,2,1,162,229
2023-01-01 08:06:06.000,2023-01-01 08:06:14.000,0.03,0,39,0,0,N,2,1,0,1,38,0,0,0,2,5,42,247
2023-01-01 08:24:54.000,2023-01-01 08:25:23.000,0.1,1,74,0,0,N,4,1,0.5,1,70,0,2.5,0,2,2,164,170
2023-01-01 08:52:28.000,2023-01-01 08:52:54.000,0,0,176.25,0,35.25,N,1,1,0,1,140,0,0,0,2,5,265,264
2023-01-01 09:08:27.000,2023-01-01 09:09:56.000,0.2,1,12.7,0,0,N,2,4,0.5,1,3.7,7.5,2.5,0,1,1,264,138
2023-01-01 09:19:11.000,2023-01-01 09:20:46.000,0.63,1,10.92,0,1.82,N,1,2,0.5,1,5.1,0,2.5,0,2,1,238,239
2023-01-01 09:15:05.000,2023-01-01 09:16:46.000,0.66,1,11.83,0,2.73,N,1,1,0.5,1,5.1,0,2.5,0,2,1,140,263
2023-01-01 09:54:12.000,2023-01-01 09:54:58.000,0.16,0,9.5,0,0,N,2,1,0.5,1,3,5,0,0,2,1,70,138
2023-01-01 09:12:51.000,2023-01-01 09:12:57.000,0.06,0,98.4,0,16.4,N,1,1,0,1,81,0,0,0,2,5,216,132
2023-01-01 09:35:06.000,2023-01-01 09:35:40.000,0.14,0,71.5,0,0,N,2,2,0.5,1,70,0,0,0,2,2,33,66
2023-01-01 09:48:24.000,2023-01-01 09:49:40.000,0.4,1,8.4,0,0,N,2,2,0.5,1,4.4,2.5,2.5,0,1,1,90,186
2023-01-01 09:45:20.000,2023-01-01 09:46:51.000,0.5,1,9.4,0,1,N,1,2,0.5,1,4.4,2.5,2.5,0,1,1,137,162
2023-01-01 09:40:05.000,2023-01-01 09:41:23.000,0.4,1,10.4,0,2,N,1,1,0.5,1,4.4,2.5,2.5,0,1,1,263,75
2023-01-01 09:49:38.000,2023-01-01 09:50:59.000,0.57,1,10.08,0,1.68,N,1,1,0.5,1,4.4,0,2.5,0,2,1,125,113
2023-01-01 09:28:18.000,2023-01-01 09:28:20.000,0.65,0,99.6,0,16.6,N,1,2,0,1,82,0,0,0,2,5,132,264
2023-01-01 09:44:08.000,2023-01-01 09:45:32.000,0.16,1,5.2,0,0,N,2,1,0.5,1,3.7,0,0,0,2,1,24,166
2023-01-01 09:27:17.000,2023-01-01 09:28:24.000,0.34,1,7.7,0,0,N,4,1,0.5,1,3.7,0,2.5,0,2,1,113,114
2023-01-01 09:06:03.000,2023-01-01 09:06:09.000,0,0,72.75,0,0,N,2,2,0.5,1,70,0,0,1.25,2,2,83,82
2023-01-01 10:41:17.000,2023-01-01 10:41:40.000,0.1,0,7,0,0,N,4,1,0.5,1,3,0,2.5,0,2,1,170,162
2023-01-01 10:58:13.000,2023-01-01 10:59:56.000,0.66,1,7.6,0,1,N,1,2,0.5,1,5.1,0,0,0,2,1,75,74
2023-01-01 10:40:39.000,2023-01-01 10:40:41.000,0,0,31.2,0,5.2,N,1,1,0,1,25,0,0,0,2,5,239,264
2023-01-01 10:39:11.000,2023-01-01 10:40:42.000,0.52,1,5.9,0,0,N,2,2,0.5,1,4.4,0,0,0,2,1,52,33
2023-01-01 10:13:24.000,2023-01-01 10:13:45.000,0.08,0,101.94,6.55,20.14,N,1,1,0.5,1,70,0,2.5,1.25,2,2,264,238
2023-01-01 10:50:09.000,2023-01-01 10:51:58.000,0.54,1,10.01,0,0.91,N,1,1,0.5,1,5.1,0,2.5,0,2,1,236,237
2023-01-01 10:11:09.000,2023-01-01 10:12:42.000,0.65,1,10.92,0,1.82,N,1,1,0.5,1,5.1,0,2.5,0,2,1,141,140
2023-01-01 10:34:44.000,2023-01-01 10:35:23.000,0.2,1,8.24,0,0.54,N,1,1,0.5,1,3.7,2.5,2.5,0,1,1,239,238
2023-01-01 10:55:05.000,2023-01-01 10:56:52.000,0.87,1,11.76,0,1.96,N,1,1,0.5,1,5.8,0,2.5,0,2,1,107,233
2023-01-01 10:11:51.000,2023-01-01 10:12:29.000,0.26,1,9.24,0,1.54,N,1,1,0.5,1,3.7,0,2.5,0,2,1,90,68
2023-01-01 10:45:05.000,2023-01-01 10:46:07.000,0.25,1,7.7,0,0,N,1,1,0.5,1,3.7,0,2.5,0,2,1,48,50
2023-01-01 10:34:41.000,2023-01-01 10:35:19.000,0.13,1,5.75,0,0,N,2,4,0.5,1,3,0,0,1.25,2,1,264,132
2023-01-01 10:26:36.000,2023-01-01 10:26:43.000,0,0,72.75,0,0,N,2,2,0.5,1,70,0,0,1.25,2,2,132,264
2023-01-01 10:45:25.000,2023-01-01 10:46:32.000,0.4,1,10.05,0,1.65,N,1,0,0.5,1,4.4,2.5,2.5,0,1,1,107,137
2023-01-01 10:53:36.000,2023-01-01 10:54:55.000,0.4,1,10.08,0,1.68,N,1,1,0.5,1,4.4,0,2.5,0,2,1,239,238
2023-01-01 10:49:51.000,2023-01-01 10:49:55.000,0,0,118.8,0,19.8,N,1,4,0,1,98,0,0,0,2,5,264,265
2023-01-01 10:23:50.000,2023-01-01 10:23:58.000,0.12,0,99.3,0,16.55,N,1,3,0,1,81.75,0,0,0,2,5,216,132
2023-01-01 10:41:39.000,2023-01-01 10:41:41.000,0,0,61.5,0,0,N,1,1,0.5,1,60,0,0,0,2,5,132,264
2023-01-01 10:26:00.000,2023-01-01 10:26:52.000,0.34,0,9.63,0,1.93,N,1,2,0.5,1,3.7,0,2.5,0,2,1,162,237
2023-01-01 10:45:53.000,2023-01-01 10:45:56.000,0.47,0,103.8,0,17.3,N,1,1,0.5,1,85,0,0,0,2,5,132,264
2023-01-01 11:46:10.000,2023-01-01 11:47:48.000,0.61,1,10.92,0,1.82,N,1,1,0.5,1,5.1,0,2.5,0,2,1,263,141
2023-01-01 11:16:57.000,2023-01-01 11:17:13.000,0,1,81.8,6.55,0,N,1,3,0.5,1,70,0,2.5,1.25,2,2,264,132
2023-01-01 11:57:09.000,2023-01-01 11:58:59.000,0.37,1,8.4,0,0,N,2,1,0.5,1,4.4,0,2.5,0,2,1,234,164
2023-01-01 11:15:24.000,2023-01-01 11:16:54.000,0.6,1,10.92,0,1.82,N,1,1,0.5,1,5.1,0,2.5,0,2,1,237,236
2023-01-01 11:33:58.000,2023-01-01 11:34:58.000,0.27,1,7.7,0,0,N,2,1,0.5,1,3.7,0,2.5,0,2,1,262,140
2023-01-01 11:25:31.000,2023-01-01 11:25:46.000,0,0,7,0,0,N,2,2,0.5,1,3,0,2.5,0,2,1,48,50
2023-01-01 11:33:21.000,2023-01-01 11:34:53.000,0.65,1,11.38,0,2.28,N,1,1,0.5,1,5.1,0,2.5,0,2,1,237,263
2023-01-01 11:56:13.000,2023-01-01 11:57:52.000,0.23,1,9.24,0,1.54,N,1,1,0.5,1,3.7,0,2.5,0,2,1,161,230
2023-01-01 11:10:03.000,2023-01-01 11:11:17.000,0.34,1,7.7,0,0,N,2,1,0.5,1,3.7,0,2.5,0,2,1,233,170
2023-01-01 11:33:10.000,2023-01-01 11:34:31.000,0.35,1,8.7,0,1,N,1,2,0.5,1,3.7,0,2.5,0,2,1,163,142
2023-01-01 11:21:40.000,2023-01-01 11:22:05.000,0.02,1,7,0,0,N,2,2,0.5,1,3,0,2.5,0,2,1,43,163
2023-01-01 11:20:42.000,2023-01-01 11:20:46.000,0,0,111.31,0,22.26,N,1,1,0.5,1,87.55,0,0,0,2,5,132,264
2023-01-01 11:27:11.000,2023-01-01 11:27:13.000,0.07,0,81.5,0,5,N,1,2,0.5,1,75,0,0,0,2,5,114,264
2023-01-01 12:32:55.000,2023-01-01 12:33:10.000,0,1,9.5,0,0,N,4,1,0.5,1,3,5,0,0,1,1,70,138
2023-01-01 12:48:04.000,2023-01-01 12:49:17.000,0.38,1,9.4,0,1,N,1,1,0.5,1,4.4,0,2.5,0,2,1,90,249
2023-01-01 12:27:10.000,2023-01-01 12:28:52.000,0.69,1,9.1,0,0,N,2,6,0.5,1,5.1,0,2.5,0,2,1,239,142
2023-01-01 12:25:26.000,2023-01-01 12:26:55.000,0.5,1,8.4,0,0,N,2,1,0.5,1,4.4,2.5,2.5,0,1,1,236,237
2023-01-01 12:26:10.000,2023-01-01 12:27:49.000,0.6,1,10.9,0,1.8,N,1,2,0.5,1,5.1,2.5,2.5,0,1,1,249,90
2023-01-01 12:10:11.000,2023-01-01 12:11:46.000,0.4,1,11.4,0,3,N,1,1,0.5,1,4.4,2.5,2.5,0,1,1,90,68
2023-01-01 12:08:35.000,2023-01-01 12:09:59.000,0.2,1,10.7,0,3,N,1,1,0.5,1,3.7,2.5,2.5,0,1,1,68,186
2023-01-01 12:07:12.000,2023-01-01 12:08:48.000,0.62,1,9.1,0,0,N,2,1,0.5,1,5.1,0,2.5,0,2,1,262,263
2023-01-01 12:09:38.000,2023-01-01 12:10:50.000,0.42,1,8.4,0,0,N,2,1,0.5,1,4.4,0,2.5,0,2,1,141,229
2023-01-01 12:47:20.000,2023-01-01 12:48:16.000,0.4,1,8.4,0,0,N,2,1,0.5,1,4.4,2.5,2.5,0,1,1,262,263
2023-01-01 12:17:41.000,2023-01-01 12:17:43.000,0,0,85.2,0,14.2,N,1,1,0,1,70,0,0,0,2,5,55,264
2023-01-01 12:29:22.000,2023-01-01 12:30:47.000,0.39,1,10.08,0,1.68,N,1,6,0.5,1,4.4,0,2.5,0,2,1,140,262
2023-01-01 12:43:14.000,2023-01-01 12:44:31.000,0.3,1,9.24,0,1.54,N,1,1,0.5,1,3.7,0,2.5,0,2,1,170,161
2023-01-01 12:26:25.000,2023-01-01 12:27:41.000,0.43,1,10.4,0,2,N,1,1,0.5,1,4.4,0,2.5,0,2,1,68,186
2023-01-01 13:29:00.000,2023-01-01 13:29:42.000,0,0,7,0,0,N,4,1,0.5,1,3,2.5,2.5,0,1,1,164,170
2023-01-01 13:09:04.000,2023-01-01 13:10:51.000,0.7,1,10.9,0,1.8,N,1,2,0.5,1,5.1,2.5,2.5,0,1,1,142,239
2023-01-01 13:24:15.000,2023-01-01 13:24:43.000,0.09,0,7,0,0,N,3,1,0.5,1,3,0,2.5,0,2,1,48,230
2023-01-01 13:05:21.000,2023-01-01 13:05:25.000,0,0,99.6,0,16.6,N,1,2,0,1,82,0,0,0,2,5,114,264
2023-01-01 13:55:04.000,2023-01-01 13:56:20.000,0.4,1,10.05,0,1.65,N,1,1,0.5,1,4.4,2.5,2.5,0,1,1,263,141
2023-01-01 13:27:24.000,2023-01-01 13:28:59.000,0.39,1,86.8,7.8,5,N,1,2,0.5,1,70,0,2.5,0,2,2,262,263
2023-01-01 13:45:34.000,2023-01-01 13:46:52.000,0.38,1,9.66,0,1.26,N,1,1,0.5,1,4.4,0,2.5,0,2,1,234,113
2023-01-01 13:34:00.000,2023-01-01 13:35:54.000,0.26,1,8.4,0,0,N,2,2,0.5,1,4.4,0,2.5,0,2,1,140,262
2023-01-18 15:51:29.000,2023-01-18 15:51:31.000,0,0,6.7,0,0,N,1,1,0,1,5.7,0,0,0,2,5,74,264
2023-01-18 15:58:06.000,2023-01-18 15:59:39.000,0.2,1,10.7,0,3,N,1,1,0.5,1,3.7,2.5,2.5,0,1,1,236,263
2023-01-18 15:09:45.000,2023-01-18 15:09:51.000,0.04,0,99.6,0,16.6,N,1,2,0,1,82,0,0,0,2,5,219,132
2023-01-18 15:34:27.000,2023-01-18 15:35:36.000,0.11,1,7.7,0,0,N,2,2,0.5,1,3.7,0,2.5,0,2,1,263,236
2023-01-18 15:56:29.000,2023-01-18 15:57:25.000,0.1,1,9.7,0,2,N,1,1,0.5,1,3.7,2.5,2.5,0,1,1,237,236
2023-01-18 15:35:16.000,2023-01-18 15:36:50.000,0.1,1,7.7,0,0,N,2,1,0.5,1,3.7,0,2.5,0,2,1,237,163
2023-01-18 15:27:02.000,2023-01-18 15:28:53.000,0.17,1,8.4,0,0,N,2,1,0.5,1,4.4,0,2.5,0,2,1,234,90
2023-01-18 15:07:38.000,2023-01-18 15:07:51.000,0,0,7,0,0,N,4,1,0.5,1,3,2.5,2.5,0,1,1,162,264
2023-01-18 15:52:13.000,2023-01-18 15:52:18.000,0,0,92.64,0,15.44,N,1,1,0,1,73.7,0,2.5,0,2,5,249,113
2023-01-18 15:52:26.000,2023-01-18 15:53:33.000,0.38,1,5.6,0,0.4,N,1,1,0.5,1,3.7,0,0,0,2,1,75,263
2023-01-18 15:43:32.000,2023-01-18 15:44:22.000,0.14,1,7,0,0,N,2,2,0.5,1,3,0,2.5,0,2,1,263,262
2023-01-18 15:58:54.000,2023-01-18 15:59:54.000,0.26,1,7.7,0,0,N,2,5,0.5,1,3.7,0,2.5,0,2,1,161,230
2023-01-18 15:44:09.000,2023-01-18 15:45:53.000,0.31,1,7.7,0,0,N,3,1,0.5,1,3.7,0,2.5,0,2,1,170,161
2023-01-18 15:08:07.000,2023-01-18 15:08:21.000,0.03,0,4.5,0,0,N,2,1,0.5,1,3,0,0,0,2,1,134,197
2023-01-18 16:50:17.000,2023-01-18 16:51:44.000,0.2,1,12.24,0,2.04,N,1,1,0.5,1,3.7,2.5,2.5,0,2,1,161,170
2023-01-18 16:46:09.000,2023-01-18 16:47:22.000,0.28,1,12.24,0,2.04,N,1,1,0.5,1,3.7,2.5,2.5,0,2,1,262,263
2023-01-18 16:12:10.000,2023-01-18 16:13:14.000,0.2,1,10.2,0,0,N,2,2,0.5,1,3.7,5,2.5,0,1,1,151,238
2023-01-18 16:54:15.000,2023-01-18 16:55:25.000,0.1,1,7.7,0,0,N,2,1,0.5,1,3.7,2.5,0,0,1,1,33,65
2023-01-18 16:38:40.000,2023-01-18 16:39:53.000,0.31,1,13.26,0,3.06,N,1,1,0.5,1,3.7,2.5,2.5,0,2,1,249,90
2023-01-18 16:58:06.000,2023-01-18 16:59:28.000,0.4,1,14.17,0,3.27,N,1,1,0.5,1,4.4,2.5,2.5,0,2,1,234,186
2023-01-18 16:45:32.000,2023-01-18 16:46:56.000,0.36,1,12.24,0,2.04,N,1,1,0.5,1,3.7,2.5,2.5,0,2,1,142,143
2023-01-18 16:14:06.000,2023-01-18 16:14:21.000,0,0,85.55,6.55,0,N,1,1,0.5,1,70,5,2.5,0,2,2,164,186
2023-01-18 16:02:38.000,2023-01-18 16:03:59.000,0.28,1,11.2,0,1,N,1,1,0.5,1,3.7,2.5,2.5,0,2,1,263,236
2023-01-18 16:36:37.000,2023-01-18 16:36:39.000,0.18,0,11,0,0,N,1,1,0,1,10,0,0,0,2,5,79,264
2023-01-18 16:53:32.000,2023-01-18 16:53:40.000,0,0,8.25,0,0,N,2,1,0.5,1,3,2.5,0,1.25,2,1,132,264
2023-01-18 16:44:33.000,2023-01-18 16:45:52.000,0.38,1,12.24,0,2.04,N,1,1,0.5,1,3.7,2.5,2.5,0,2,1,237,236
2023-01-18 16:52:01.000,2023-01-18 16:53:32.000,0.22,1,10.2,0,0,N,2,1,0.5,1,3.7,2.5,2.5,0,2,1,261,87
2023-01-18 16:14:50.000,2023-01-18 16:14:52.000,0.01,0,91,0,10,N,1,1,0,1,80,0,0,0,2,5,132,264
2023-01-18 17:40:03.000,2023-01-18 17:41:29.000,0,1,12.2,0,2,N,1,1,0.5,1,3.7,5,2.5,0,1,1,161,162
2023-01-18 17:23:02.000,2023-01-18 17:23:16.000,0.04,0,26.5,0,0,N,2,3,0,1,23,2.5,0,0,2,3,43,163
2023-01-18 17:08:16.000,2023-01-18 17:08:29.000,2.6,0,9.5,0,0,N,4,0,0.5,1,3,5,2.5,0,1,1,233,162
2023-01-18 17:04:19.000,2023-01-18 17:05:59.000,0.22,1,13.2,0,3,N,1,1,0.5,1,3.7,2.5,2.5,0,2,1,107,137
2023-01-18 17:39:30.000,2023-01-18 17:40:59.000,0.23,1,11.7,0,1.5,N,1,2,0.5,1,3.7,2.5,2.5,0,2,1,229,141
2023-01-18 17:32:32.000,2023-01-18 17:33:25.000,0.21,1,10.2,0,0,N,2,1,0.5,1,3.7,2.5,2.5,0,2,1,263,236
2023-01-18 17:01:07.000,2023-01-18 17:02:50.000,0.41,1,13.08,0,2.18,N,1,1,0.5,1,4.4,2.5,2.5,0,2,1,142,239
2023-01-18 17:13:11.000,2023-01-18 17:14:48.000,0.35,1,7.7,0,0,N,2,1,0.5,1,3.7,2.5,0,0,2,1,24,151
2023-01-18 17:08:01.000,2023-01-18 17:09:46.000,0.46,1,10.9,0,0,N,2,1,0.5,1,4.4,2.5,2.5,0,2,1,48,50
2023-01-18 17:31:04.000,2023-01-18 17:31:25.000,0.05,0,79,0,0,N,3,1,0.5,1,70,5,2.5,0,2,2,262,263
2023-01-18 17:08:20.000,2023-01-18 17:09:57.000,0.35,1,13.08,0,2.18,N,1,1,0.5,1,4.4,2.5,2.5,0,2,1,161,162
2023-01-18 17:08:46.000,2023-01-18 17:08:48.000,0.02,0,7,0,0,N,2,1,0.5,1,3,0,2.5,0,2,1,237,264
2023-01-18 17:56:24.000,2023-01-18 17:57:50.000,0.1,1,11.2,0,1,N,1,1,0.5,1,3.7,5,2.5,0,1,1,163,162
2023-01-18 18:23:12.000,2023-01-18 18:24:23.000,0.37,1,12.75,0,2.55,N,1,1,0.5,1,3.7,2.5,2.5,0,2,1,263,141
2023-01-18 18:38:11.000,2023-01-18 18:39:30.000,0.48,1,13.08,0,2.18,N,1,1,0.5,1,4.4,2.5,2.5,0,2,1,263,75
2023-01-18 18:10:06.000,2023-01-18 18:11:12.000,0.3,1,12.2,0,2,N,1,1,0.5,1,3.7,5,2.5,0,1,1,230,48
2023-01-18 18:37:20.000,2023-01-18 18:38:57.000,0.5,1,14.17,0,3.27,N,1,1,0.5,1,4.4,2.5,2.5,0,2,1,246,68
2023-01-18 18:03:00.000,2023-01-18 18:04:28.000,0.4,1,10.9,0,0,N,2,1,0.5,1,4.4,5,2.5,0,1,1,113,90
2023-01-18 18:30:57.000,2023-01-18 18:31:42.000,1,1,9.5,0,0,N,4,2,0.5,1,3,5,2.5,0,1,1,141,237
2023-01-18 18:51:13.000,2023-01-18 18:52:59.000,0.59,1,12.76,0,1.16,N,1,2,0.5,1,5.1,2.5,2.5,0,2,1,236,75
2023-01-18 18:31:47.000,2023-01-18 18:31:53.000,0,0,74,0,0,N,2,2,0.5,1,70,0,2.5,0,2,2,143,142
2023-01-18 18:06:29.000,2023-01-18 18:07:54.000,0.36,1,13.63,0,2.73,N,1,1,0.5,1,4.4,2.5,2.5,0,2,1,230,163
2023-01-18 18:23:01.000,2023-01-18 18:24:54.000,0.6,1,13.92,0,2.32,N,1,1,0.5,1,5.1,2.5,2.5,0,2,1,162,141
2023-01-18 18:57:01.000,2023-01-18 18:58:51.000,0.47,1,14.17,0,3.27,N,1,1,0.5,1,4.4,2.5,2.5,0,2,1,239,238
2023-01-18 18:56:42.000,2023-01-18 18:57:19.000,0.06,1,79,0,0,N,2,1,0.5,1,70,5,2.5,0,2,2,233,170
2023-01-18 18:27:25.000,2023-01-18 18:27:28.000,0.01,0,105.6,0,17.6,N,1,2,0,1,87,0,0,0,2,5,161,264
2023-01-18 18:14:19.000,2023-01-18 18:15:58.000,0.16,1,22.2,0,12,N,1,1,0.5,1,3.7,2.5,2.5,0,2,1,249,114
2023-01-18 18:03:35.000,2023-01-18 18:03:53.000,0.17,0,103.4,10.17,17.23,N,1,1,0,1,75,0,0,0,2,5,197,216
2023-01-18 18:23:35.000,2023-01-18 18:23:49.000,0.16,0,102.66,6.55,17.11,N,1,1,0.5,1,70,5,2.5,0,2,2,216,132
2023-01-18 18:16:25.000,2023-01-18 18:17:45.000,0.37,1,10.08,0,1.68,N,1,1,0.5,1,4.4,2.5,0,0,2,1,151,24
2023-01-18 19:59:00.000,2023-01-18 20:00:51.000,0.21,1,10.9,0,0.7,N,1,1,0.5,1,3.7,2.5,2.5,0,2,1,263,262
2023-01-18 19:45:13.000,2023-01-18 19:46:03.000,0.36,1,8.5,0,0.8,N,1,1,0.5,1,3.7,2.5,0,0,2,1,166,151
2023-01-18 19:54:57.000,2023-01-18 19:55:45.000,0.2,1,12.2,0,2,N,1,1,0.5,1,3.7,5,2.5,0,1,1,236,75
2023-01-18 19:40:07.000,2023-01-18 19:40:59.000,0.27,0,12.24,0,2.04,N,1,1,0.5,1,3.7,2.5,2.5,0,2,1,137,233
2023-01-18 19:31:17.000,2023-01-18 19:32:23.000,0.25,1,10.2,0,0,N,3,2,0.5,1,3.7,2.5,2.5,0,2,1,140,141
2023-01-18 19:36:03.000,2023-01-18 19:37:36.000,0.39,1,13.08,0,2.18,N,1,1,0.5,1,4.4,2.5,2.5,0,2,1,164,162
2023-01-18 19:10:19.000,2023-01-18 19:10:30.000,0.01,0,79,0,0,N,4,1,0.5,1,70,5,2.5,0,2,2,163,162
2023-01-18 19:59:11.000,2023-01-18 20:00:55.000,0.64,1,12.6,0,1,N,1,1,0.5,1,5.1,2.5,2.5,0,2,1,238,151
2023-01-18 19:27:32.000,2023-01-18 19:28:58.000,0.1,1,10.2,0,0,Y,2,1,0.5,1,3.7,5,2.5,0,1,1,90,249
2023-01-18 19:15:28.000,2023-01-18 19:16:52.000,0.5,1,12.4,0,1.5,N,1,1,0.5,1,4.4,2.5,2.5,0,2,1,48,68
2023-01-18 19:51:47.000,2023-01-18 19:51:54.000,0,0,9.5,0,0,N,2,1,0.5,1,3,2.5,2.5,0,2,1,148,232
2023-01-18 19:12:39.000,2023-01-18 19:13:41.000,0.63,1,102,0,15,N,1,1,0,1,86,0,0,0,2,5,226,141
2023-01-18 19:02:56.000,2023-01-18 19:03:59.000,0.3,1,12.2,0,2,N,1,1,0.5,1,3.7,5,2.5,0,1,1,143,239
2023-01-18 19:11:17.000,2023-01-18 19:12:59.000,0.66,1,13.92,0,2.32,N,1,1,0.5,1,5.1,2.5,2.5,0,2,1,237,236
2023-01-18 19:12:16.000,2023-01-18 19:13:53.000,0.33,1,10.2,0,0,N,2,1,0.5,1,3.7,2.5,2.5,0,2,1,233,162
2023-01-18 20:28:01.000,2023-01-18 20:29:50.000,0.42,1,11.75,0,2.35,N,1,1,0.5,1,4.4,1,2.5,0,2,1,164,170
2023-01-18 20:33:01.000,2023-01-18 20:34:47.000,0.64,1,10.1,0,0,N,2,1,0.5,1,5.1,1,2.5,0,2,1,211,113
2023-01-18 20:16:09.000,2023-01-18 20:17:44.000,0.35,1,11.75,0,2.35,N,1,1,0.5,1,4.4,1,2.5,0,2,1,125,249
2023-01-18 20:20:06.000,2023-01-18 20:20:26.000,0.06,0,5.5,0,0,N,2,1,0.5,1,3,1,0,0,2,1,70,138
2023-01-18 20:13:33.000,2023-01-18 20:13:58.000,0,0,8,0,0,N,4,1,0.5,1,3,3.5,2.5,0,1,1,107,234
2023-01-18 20:47:30.000,2023-01-18 20:47:34.000,0,0,8,0,0,N,4,1,0.5,1,3,3.5,2.5,0,1,1,90,186
2023-01-18 20:38:04.000,2023-01-18 20:38:20.000,0.01,0,8,0,0,N,4,1,0.5,1,3,1,2.5,0,2,1,264,161
2023-01-18 20:29:57.000,2023-01-18 20:30:46.000,0.3,1,10.44,0,1.74,N,1,1,0.5,1,3.7,1,2.5,0,2,1,263,236
2023-01-18 20:02:25.000,2023-01-18 20:03:52.000,0.4,1,11.25,0,1.85,N,1,1,0.5,1,4.4,3.5,2.5,0,1,1,162,233
2023-01-18 20:32:57.000,2023-01-18 20:33:40.000,0.06,1,8,0,0,N,4,1,0.5,1,3,1,2.5,0,2,1,237,162
2023-01-18 19:59:32.000,2023-01-18 19:59:38.000,0,0,60.3,0,0,N,2,1,0,0.3,60,0,0,0,2,5,17,264
2023-01-18 20:32:35.000,2023-01-18 20:32:37.000,0,0,15,0,2.5,N,1,1,0.5,1,11,0,0,0,2,5,162,264
2023-01-18 20:46:31.000,2023-01-18 20:47:56.000,0.29,1,10.87,0,2.17,N,1,1,0.5,1,3.7,1,2.5,0,2,1,100,186
2023-01-18 20:18:35.000,2023-01-18 20:18:46.000,0,0,251.5,0,0,N,1,1,0.5,1,250,0,0,0,2,5,265,264
2023-01-18 21:51:01.000,2023-01-18 21:52:25.000,0.5,1,11.28,0,1.88,N,1,2,0.5,1,4.4,3.5,2.5,0,1,1,142,239
2023-01-18 21:27:04.000,2023-01-18 21:28:44.000,0.4,1,11.25,0,1.85,N,1,0,0.5,1,4.4,3.5,2.5,0,1,1,230,100
2023-01-18 21:28:19.000,2023-01-18 21:29:56.000,0.3,1,11.25,0,1.85,N,1,1,0.5,1,4.4,3.5,2.5,0,1,1,162,229
2023-01-18 21:08:01.000,2023-01-18 21:09:55.000,0.54,1,11.75,0,2.35,N,1,1,0.5,1,4.4,1,2.5,0,2,1,233,162
2023-01-18 21:06:11.000,2023-01-18 21:07:38.000,0.22,1,9.7,0,1,N,1,5,0.5,1,3.7,1,2.5,0,2,1,75,263
2023-01-18 21:28:15.000,2023-01-18 21:29:40.000,0.46,1,11.28,0,1.88,N,1,1,0.5,1,4.4,1,2.5,0,2,1,90,249
2023-01-18 21:31:02.000,2023-01-18 21:32:39.000,0.59,1,11.75,0,2.35,N,1,1,0.5,1,4.4,1,2.5,0,2,1,229,170
2023-01-18 21:13:00.000,2023-01-18 21:14:46.000,0.21,1,11,0,1.6,N,1,1,0.5,1,4.4,1,2.5,0,2,1,141,237
2023-01-18 21:16:04.000,2023-01-18 21:17:49.000,0.5,1,9.4,0,0,N,1,1,0.5,1,4.4,3.5,2.5,0,1,1,79,107
2023-01-18 21:46:03.000,2023-01-18 21:47:18.000,0.57,1,11.28,0,1.88,N,1,6,0.5,1,4.4,1,2.5,0,2,1,229,233
2023-01-18 21:00:37.000,2023-01-18 21:01:51.000,0.17,1,74,0,0,N,3,2,0.5,1,70,0,2.5,0,2,2,142,48
2023-01-18 21:26:06.000,2023-01-18 21:27:43.000,0.57,1,11.28,0,1.88,N,1,1,0.5,1,4.4,1,2.5,0,2,1,48,68
2023-01-18 21:41:50.000,2023-01-18 21:42:59.000,0.1,1,8.7,0,0,N,2,1,0.5,1,3.7,1,2.5,0,2,1,88,87
2023-01-26 04:13:56.000,2023-01-26 04:14:15.000,0.07,1,8,0,0,N,2,2,0.5,1,3,1,2.5,0,2,1,100,170
2023-01-26 04:47:11.000,2023-01-26 04:47:17.000,0.08,0,99.36,0,16.56,N,1,2,0,1,81.8,0,0,0,2,5,216,132
2023-01-26 05:52:12.000,2023-01-26 05:53:51.000,0.69,1,12.62,0,2.52,N,1,1,0.5,1,5.1,1,2.5,0,2,1,68,186
2023-01-26 05:22:23.000,2023-01-26 05:23:59.000,0.47,1,9.4,0,0,N,2,1,0.5,1,4.4,1,2.5,0,2,1,230,161
2023-01-26 05:27:21.000,2023-01-26 05:28:51.000,0.5,1,11.25,0,1.85,N,1,1,0.5,1,4.4,3.5,2.5,0,1,1,100,186
2023-01-26 06:58:26.000,2023-01-26 06:59:47.000,0.26,1,7.7,0,0,N,2,1,0.5,1,3.7,0,2.5,0,2,1,263,236
2023-01-26 06:57:13.000,2023-01-26 06:58:42.000,0.48,1,9.66,0,1.26,N,1,1,0.5,1,4.4,0,2.5,0,2,1,239,142
2023-01-26 06:22:06.000,2023-01-26 06:23:22.000,0.3,1,8.7,0,1,N,1,1,0.5,1,3.7,2.5,2.5,0,1,1,262,263
2023-01-26 06:00:27.000,2023-01-26 06:00:54.000,0.13,0,91.8,6.55,10,N,1,2,0.5,1,70,0,2.5,1.25,2,2,264,28
2023-01-26 06:45:15.000,2023-01-26 06:46:38.000,0.35,1,9.24,0,1.54,N,1,1,0.5,1,3.7,0,2.5,0,2,1,48,68
2023-01-26 06:10:50.000,2023-01-26 06:11:36.000,0.08,1,4.5,0,0,N,4,1,0.5,1,3,0,0,0,2,1,151,238
2023-01-26 06:43:43.000,2023-01-26 06:44:34.000,0.3,1,89,0,5,N,1,1,0,1,83,0,0,0,1,5,134,132
2023-01-26 06:59:08.000,2023-01-26 07:00:53.000,0.35,1,10.08,0,1.68,N,1,1,0.5,1,4.4,0,2.5,0,2,1,236,75
2023-01-26 07:59:33.000,2023-01-26 08:00:30.000,0.36,1,8.7,0,1,N,1,1,0.5,1,3.7,0,2.5,0,2,1,211,114
2023-01-26 07:23:29.000,2023-01-26 07:24:54.000,0.48,1,9,0,0.6,N,1,1,0.5,1,4.4,0,2.5,0,2,1,162,170
2023-01-26 07:26:04.000,2023-01-26 07:27:18.000,0.44,1,10.92,0,2.52,N,1,1,0.5,1,4.4,0,2.5,0,2,1,170,107
2023-01-26 07:34:57.000,2023-01-26 07:35:47.000,0,1,4.5,0,0,N,4,1,0.5,1,3,0,0,0,1,1,43,75
2023-01-26 07:40:01.000,2023-01-26 07:41:52.000,0.5,1,10.4,0,2,N,1,0,0.5,1,4.4,2.5,2.5,0,1,1,236,75
2023-01-26 07:17:11.000,2023-01-26 07:18:55.000,0.32,1,5.9,0,0,N,1,1,0.5,1,4.4,0,0,0,2,1,42,41
2023-01-26 07:03:37.000,2023-01-26 07:04:48.000,0.42,1,5.9,0,0,N,2,1,0.5,1,4.4,0,0,0,2,1,151,238
2023-01-26 07:47:33.000,2023-01-26 07:48:07.000,0.03,1,7,0,0,N,2,1,0.5,1,3,0,2.5,0,2,1,246,68
2023-01-26 07:13:09.000,2023-01-26 07:14:14.000,0.4,1,10.05,0,1.65,N,1,1,0.5,1,4.4,2.5,2.5,0,1,1,186,164
2023-01-26 07:26:03.000,2023-01-26 07:27:57.000,0.68,1,7.35,0,0.75,N,1,1,0.5,1,5.1,0,0,0,2,1,151,166
2023-01-26 07:18:28.000,2023-01-26 07:18:31.000,0,0,58,0,1,N,1,1,0,1,56,0,0,0,2,5,62,264
2023-01-26 08:17:58.000,2023-01-26 08:18:23.000,0,1,4.5,0,0,N,1,1,0.5,1,3,0,0,0,2,1,193,7
2023-01-26 08:00:04.000,2023-01-26 08:01:52.000,0.22,1,10.2,0,5,N,1,1,0.5,1,3.7,0,0,0,2,1,37,80
2023-01-26 08:18:15.000,2023-01-26 08:18:18.000,0.02,0,96.5,0,10,N,1,1,0.5,1,85,0,0,0,2,5,43,264
2023-01-26 08:07:08.000,2023-01-26 08:08:35.000,0.5,1,6.9,0,1,N,1,1,0.5,1,4.4,0,0,0,1,1,151,24
2023-01-26 08:45:38.000,2023-01-26 08:45:49.000,0,0,9.1,0,2.1,N,1,1,0.5,1,3,2.5,2.5,0,1,1,100,186
2023-01-26 08:08:17.000,2023-01-26 08:08:20.000,2,0,7,0,0,N,2,1,0.5,1,3,2.5,2.5,0,1,1,137,170
2023-01-26 08:05:26.000,2023-01-26 08:06:35.000,0.3,1,7.7,0,0,N,4,1,0.5,1,3.7,0,2.5,0,2,1,161,170
2023-01-26 08:02:18.000,2023-01-26 08:03:15.000,0.28,1,7.7,0,0,N,2,1,0.5,1,3.7,0,2.5,0,2,1,48,230
2023-01-26 08:51:15.000,2023-01-26 08:51:35.000,0.03,0,7,0,0,N,2,1,0.5,1,3,0,2.5,0,2,1,125,211
2023-01-26 09:03:07.000,2023-01-26 09:04:39.000,0.42,1,10.5,0,2.1,N,1,1,0.5,1,4.4,0,2.5,0,2,1,141,263
2023-01-26 09:18:04.000,2023-01-26 09:19:20.000,0.3,1,8.7,0,1,N,1,1,0.5,1,3.7,2.5,2.5,0,1,1,262,263
2023-01-26 09:55:06.000,2023-01-26 09:56:42.000,0.26,1,8.86,0,1.16,N,1,3,0.5,1,3.7,0,2.5,0,2,1,87,209
2023-01-26 09:00:02.000,2023-01-26 09:01:12.000,0.27,1,7.7,0,0,N,4,1,0.5,1,3.7,0,2.5,0,2,1,90,68
2023-01-26 09:18:14.000,2023-01-26 09:19:39.000,0.3,1,8.4,0,0,N,2,1,0.5,1,4.4,2.5,2.5,0,1,1,262,263
2023-01-26 09:10:42.000,2023-01-26 09:11:49.000,0.3,1,9.24,0,1.54,N,1,1,0.5,1,3.7,0,2.5,0,2,1,246,68
2023-01-26 09:28:13.000,2023-01-26 09:28:26.000,0,0,91.26,17.76,2,N,1,1,0.5,1,70,0,0,0,2,2,264,265
2023-01-26 10:27:21.000,2023-01-26 10:28:36.000,0.39,1,9.62,0,1.92,N,1,1,0.5,1,3.7,0,2.5,0,2,1,229,237
2023-01-26 10:24:48.000,2023-01-26 10:25:51.000,0.3,1,7.7,0,0,N,2,1,0.5,1,3.7,0,2.5,0,2,1,236,263
2023-01-26 10:12:21.000,2023-01-26 10:13:31.000,0.3,1,7.7,0,0,N,1,0,0.5,1,3.7,2.5,2.5,0,1,1,140,262
2023-01-26 10:16:33.000,2023-01-26 10:16:51.000,0.09,0,7,0,0,N,4,1,0.5,1,3,0,2.5,0,2,1,236,75
2023-01-26 10:27:38.000,2023-01-26 10:27:59.000,0,0,4.5,0,0,N,3,1,0.5,1,3,0,0,0,2,1,264,193
2023-01-26 10:42:18.000,2023-01-26 10:43:47.000,0.53,1,10.08,0,1.68,N,1,1,0.5,1,4.4,0,2.5,0,2,1,263,75
2023-01-26 10:19:28.000,2023-01-26 10:20:52.000,0.59,1,5.9,0,0,N,2,1,0.5,1,4.4,0,0,0,2,1,238,43
2023-01-26 10:08:00.000,2023-01-26 10:08:32.000,0.1,0,9.5,0,0,N,4,1,0.5,1,3,5,0,0,2,1,264,138
2023-01-26 10:56:03.000,2023-01-26 10:57:19.000,0.14,1,7.7,0,0,N,2,1,0.5,1,3.7,0,2.5,0,2,1,186,90
2023-01-26 10:00:01.000,2023-01-26 10:01:26.000,0.41,1,10.5,0,2.1,N,1,1,0.5,1,4.4,0,2.5,0,2,1,137,170
2023-01-26 10:44:12.000,2023-01-26 10:45:40.000,0,1,9.24,0,1.54,N,1,1,0.5,1,3.7,0,2.5,0,2,1,249,90
2023-01-26 10:05:36.000,2023-01-26 10:05:43.000,0,0,7,0,0,N,2,1,0.5,1,3,0,2.5,0,2,1,68,246
2023-01-26 11:03:01.000,2023-01-26 11:04:56.000,0.7,1,10,0,0.9,N,1,1,0.5,1,5.1,2.5,2.5,0,1,1,170,233
2023-01-26 11:02:09.000,2023-01-26 11:02:55.000,0,0,4.5,0,0,N,4,1,0.5,1,3,0,0,0,2,1,238,151
2023-01-26 11:50:35.000,2023-01-26 11:50:44.000,0.03,0,88.8,0,14.8,N,1,1,0.5,1,70,0,2.5,0,2,2,249,158
2023-01-26 11:10:29.000,2023-01-26 11:11:57.000,0.24,1,7.7,0,0,N,2,1,0.5,1,3.7,0,2.5,0,2,1,90,50
2023-01-26 11:52:07.000,2023-01-26 11:53:47.000,0.3,1,9.2,0,1.5,N,1,1,0.5,1,3.7,2.5,2.5,0,1,1,161,164
2023-01-26 11:07:46.000,2023-01-26 11:08:37.000,0.08,1,7.5,0,0.5,N,1,1,0.5,1,3,0,2.5,0,2,1,263,236
2023-01-26 10:47:06.000,2023-01-26 10:48:49.000,0.21,1,9.62,0,1.92,N,1,5,0.5,1,3.7,0,2.5,0,2,1,262,140
2023-01-26 11:20:12.000,2023-01-26 11:21:58.000,0.47,1,10.5,0,2.1,N,1,1,0.5,1,4.4,0,2.5,0,2,1,262,263
2023-01-26 11:51:20.000,2023-01-26 11:51:34.000,0,0,4.5,0,0,N,3,1,0.5,1,3,0,0,0,2,1,193,7
2023-01-26 11:25:27.000,2023-01-26 11:26:49.000,0.35,1,9.24,0,1.54,N,1,1,0.5,1,3.7,0,2.5,0,2,1,143,48
2023-01-26 11:40:20.000,2023-01-26 11:41:33.000,0,1,9,0,2,N,1,1,0.5,1,3,2.5,2.5,0,1,1,239,143
2023-01-26 11:50:49.000,2023-01-26 11:51:55.000,0.24,1,13.95,0,0,N,2,1,0.5,1,3.7,5,2.5,1.25,2,1,70,138
2023-01-26 11:52:01.000,2023-01-26 11:53:38.000,0.42,1,10.08,0,1.68,N,1,1,0.5,1,4.4,0,2.5,0,2,1,249,158
2023-01-26 11:24:53.000,2023-01-26 11:25:38.000,0.18,1,8.75,0,1.75,N,1,1,0.5,1,3,0,2.5,0,2,1,137,107
2023-01-26 11:56:40.000,2023-01-26 11:56:42.000,0,0,21.5,0,7,N,1,1,0.5,1,13,0,0,0,2,5,162,264
2023-01-26 12:53:33.000,2023-01-26 12:54:16.000,0,1,10.75,0,0,N,4,1,0.5,1,3,6.25,0,1.25,1,1,70,138
2023-01-26 12:48:51.000,2023-01-26 12:49:55.000,0.37,1,10.01,0,2.31,N,1,1,0.5,1,3.7,0,2.5,0,2,1,263,236
2023-01-26 12:21:18.000,2023-01-26 12:21:44.000,0,0,74,0,0,N,2,2,0.5,1,70,0,2.5,0,2,2,234,164
2023-01-26 12:13:28.000,2023-01-26 12:14:23.000,0.14,1,7,0,0,N,1,1,0.5,1,3,0,2.5,0,2,1,163,43
2023-01-26 12:41:09.000,2023-01-26 12:41:58.000,0.1,0,8.4,0,1.4,N,1,1,0.5,1,3,2.5,2.5,0,1,1,162,237
2023-01-26 12:39:03.000,2023-01-26 12:40:45.000,0.1,1,7.7,0,0,N,2,1,0.5,1,3.7,2.5,2.5,0,1,1,263,237
2023-01-26 12:49:05.000,2023-01-26 12:49:12.000,0,0,24.5,0,20,N,1,1,0.5,1,3,0,0,0,2,1,65,33
2023-01-26 12:37:06.000,2023-01-26 12:38:56.000,0.3,1,10,0,2.3,Y,1,1,0.5,1,3.7,2.5,2.5,0,1,1,161,237
2023-01-26 12:36:20.000,2023-01-26 12:36:24.000,0.03,0,86.4,0,14.4,N,1,1,0,1,71,0,0,0,2,5,70,138
2023-01-26 12:19:42.000,2023-01-26 12:19:50.000,0,0,25.2,0,4.2,N,1,2,0,1,20,0,0,0,2,5,162,161
2023-01-26 13:08:51.000,2023-01-26 13:09:03.000,0.01,1,90,0,0,N,1,2,0,1,86.5,0,2.5,0,2,5,264,161
2023-01-26 13:53:48.000,2023-01-26 13:54:56.000,0.38,1,5.9,0,0,N,2,1,0.5,1,4.4,0,0,0,2,1,24,238
2023-01-26 13:16:20.000,2023-01-26 13:16:56.000,0,0,8.4,0,1.4,N,1,1,0.5,1,3,0,2.5,0,2,1,264,166
2023-01-26 13:40:10.000,2023-01-26 13:41:14.000,0.21,1,9.24,0,1.54,N,1,1,0.5,1,3.7,0,2.5,0,2,1,234,113
2023-01-26 13:41:33.000,2023-01-26 13:42:52.000,0.3,1,6.2,0,1,N,1,1,0.5,1,3.7,0,0,0,1,1,24,151
2023-01-26 13:35:52.000,2023-01-26 13:36:23.000,0.04,1,9.5,0,0,N,4,1,0.5,1,3,5,0,0,2,1,70,138
2023-01-26 13:34:49.000,2023-01-26 13:35:40.000,0.15,1,20.57,0,0,N,4,1,0.5,1,16.57,0,2.5,0,2,5,79,4
2023-01-26 13:34:03.000,2023-01-26 13:35:48.000,0.5,1,8.4,0,0,N,2,1,0.5,1,4.4,2.5,2.5,0,1,1,90,264
2023-01-26 13:12:16.000,2023-01-26 13:13:35.000,0.38,1,8.4,0,0,N,2,1,0.5,1,4.4,0,2.5,0,2,1,236,75
2023-01-26 13:39:28.000,2023-01-26 13:40:50.000,0.13,1,7.7,0,0,N,3,1,0.5,1,3.7,0,2.5,0,2,1,230,48
2023-01-26 14:30:52.000,2023-01-26 14:31:06.000,0,1,7,0,0,N,2,1,0.5,1,3,0,2.5,0,2,1,263,141
2023-01-26 14:11:26.000,2023-01-26 14:12:34.000,0.07,1,7.7,0,0,N,4,1,0.5,1,3.7,0,2.5,0,2,1,263,236
2023-01-26 14:16:05.000,2023-01-26 14:16:20.000,0,0,5.4,0,0.9,N,3,1,0.5,1,3,0,0,0,2,1,7,193
2023-01-26 14:05:01.000,2023-01-26 14:06:14.000,0.19,1,9.24,0,1.54,N,1,1,0.5,1,3.7,0,2.5,0,2,1,162,161
2023-01-26 14:44:52.000,2023-01-26 14:45:26.000,0.04,1,9.5,0,0,N,4,1,0.5,1,3,5,0,0,2,1,70,138
2023-01-26 14:39:05.000,2023-01-26 14:39:17.000,0.01,0,7,0,0,N,2,1,0.5,1,3,0,2.5,0,2,1,237,163
2023-01-26 14:07:13.000,2023-01-26 14:07:25.000,0,0,98.16,0,16.36,N,1,4,0,1,80.8,0,0,0,2,5,75,263
2023-01-26 14:35:43.000,2023-01-26 14:35:45.000,0,0,104.4,0,17.4,N,1,2,0,1,86,0,0,0,2,5,161,264
2023-01-26 14:18:30.000,2023-01-26 14:18:41.000,0,0,72.75,0,0,N,2,2,0.5,1,70,0,0,1.25,2,2,264,138
2023-01-26 14:52:15.000,2023-01-26 14:52:22.000,0,0,20,0,13,N,1,1,0.5,1,3,0,2.5,0,2,1,230,161
2023-01-26 14:25:13.000,2023-01-26 14:26:45.000,0.18,1,9.24,0,1.54,N,1,1,0.5,1,3.7,0,2.5,0,2,1,237,161
2023-01-26 14:25:27.000,2023-01-26 14:25:29.000,0,0,106.8,0,17.8,N,1,1,0.5,1,85,0,2.5,0,2,5,230,264
2023-01-26 14:48:31.000,2023-01-26 14:49:07.000,0.01,1,7,0,0,N,2,1,0.5,1,3,0,2.5,0,2,1,79,107
2023-01-26 14:59:30.000,2023-01-26 15:00:59.000,0.1,1,7.71,0,0.01,N,1,0,0.5,1,3.7,2.5,2.5,0,1,1,107,234
2023-01-26 15:01:29.000,2023-01-26 15:01:31.000,0.04,0,80.7,0,13.45,N,1,5,0,1,60,5,0,1.25,2,5,138,264
2023-01-26 15:58:27.000,2023-01-26 15:59:25.000,0.26,1,9.63,0,1.93,N,1,1,0.5,1,3.7,0,2.5,0,2,1,107,79
2023-01-26 15:51:31.000,2023-01-26 15:52:56.000,0.23,1,7.7,0,0,N,2,1,0.5,1,3.7,0,2.5,0,2,1,249,158
2023-01-26 15:05:03.000,2023-01-26 15:05:05.000,0,0,31,0,10,N,1,1,0,1,20,0,0,0,2,5,151,264
2023-01-26 15:59:51.000,2023-01-26 16:00:01.000,0.11,1,102.25,0,20.45,N,1,1,0,1,80.8,0,0,0,2,5,264,216
2023-01-26 15:28:16.000,2023-01-26 15:28:39.000,0,0,4.5,0,0,N,2,1,0.5,1,3,0,0,0,2,1,236,43
2023-01-26 15:22:09.000,2023-01-26 15:23:25.000,0.3,1,7.7,0,0,N,2,1,0.5,1,3.7,0,2.5,0,2,1,234,164
2023-01-26 15:57:45.000,2023-01-26 15:58:51.000,0.1,1,7.7,0,0,N,2,1,0.5,1,3.7,2.5,2.5,0,1,1,230,161
2023-01-26 15:16:18.000,2023-01-26 15:17:01.000,0.02,1,97.91,6.55,16.11,N,1,2,0.5,1,70,0,2.5,1.25,2,2,186,100
2023-01-26 15:51:08.000,2023-01-26 15:52:26.000,0.3,1,7.2,0,0,N,2,1,0,1,3.7,2.5,2.5,0,1,1,164,234
2023-01-26 15:26:02.000,2023-01-26 15:27:47.000,0.58,1,9.4,0,1,N,1,1,0.5,1,4.4,0,2.5,0,2,1,142,239
2023-01-26 15:52:33.000,2023-01-26 15:53:38.000,0,1,7,0,0,N,3,0,0.5,1,3,2.5,2.5,0,1,1,68,158
2023-01-26 15:26:32.000,2023-01-26 15:27:43.000,0.3,1,9.2,0,1.5,N,1,2,0.5,1,3.7,2.5,2.5,0,1,1,140,262
2023-01-26 15:06:30.000,2023-01-26 15:06:48.000,0,0,7,0,0,N,2,1,0.5,1,3,2.5,2.5,0,1,1,48,230
2023-01-26 15:58:39.000,2023-01-26 15:58:54.000,0.06,0,9.5,0,0,N,2,1,0.5,1,3,5,0,0,2,1,70,138
2023-01-26 15:02:27.000,2023-01-26 15:03:52.000,0.18,1,7.7,0,0,N,2,1,0.5,1,3.7,0,2.5,0,2,1,161,230
2023-01-26 15:28:50.000,2023-01-26 15:28:52.000,2.94,0,26.38,0,3.98,N,1,1,0.5,1,18.4,0,2.5,0,2,1,186,264
2023-01-26 16:16:04.000,2023-01-26 16:16:12.000,0,0,7,0,0,N,3,1,0.5,1,3,2.5,0,0,2,1,264,193
2023-01-26 16:05:57.000,2023-01-26 16:06:22.000,0.12,1,7,0,0,N,1,1,0.5,1,3,2.5,0,0,2,1,264,7
2023-01-26 16:53:22.000,2023-01-26 16:54:38.000,0.05,1,10.2,0,0,N,1,2,0.5,1,3.7,2.5,2.5,0,2,1,100,68
2023-01-26 16:56:34.000,2023-01-26 16:56:36.000,0.05,0,16.25,0,3.25,N,1,1,0,1,12,0,0,0,2,5,246,264
2023-01-26 16:38:02.000,2023-01-26 16:39:55.000,0.1,1,10.9,0,0,N,2,3,0.5,1,4.4,5,2.5,0,1,1,238,239
2023-01-26 16:07:44.000,2023-01-26 16:08:01.000,0.07,1,12,0,0,N,2,1,0.5,1,3,7.5,0,0,2,1,70,138
2023-01-26 16:01:02.000,2023-01-26 16:02:56.000,0.33,1,7.08,0,1.18,N,1,1,0.5,1,4.4,0,0,0,2,1,24,151
2023-01-26 16:39:13.000,2023-01-26 16:39:44.000,0.03,0,7,0,0,N,4,1,0.5,1,3,2.5,0,0,2,1,70,138
2023-01-26 16:53:02.000,2023-01-26 16:54:28.000,0.34,1,12.24,0,2.04,N,1,1,0.5,1,3.7,2.5,2.5,0,2,1,230,161
2023-01-26 16:32:23.000,2023-01-26 16:32:32.000,3.3,0,7,0,0,N,2,1,0.5,1,3,2.5,0,0,1,1,238,151
2023-01-26 16:02:06.000,2023-01-26 16:03:13.000,0.16,1,79,0,0,N,2,1,0.5,1,70,5,2.5,0,2,2,100,186
2023-01-26 16:53:53.000,2023-01-26 16:54:13.000,0.01,1,9.5,0,0,N,4,2,0.5,1,3,2.5,2.5,0,2,1,264,230
2023-01-26 16:55:13.000,2023-01-26 16:56:32.000,0.36,1,10.9,0,0,N,2,1,0.5,1,4.4,2.5,2.5,0,2,1,236,263
2023-01-26 16:09:07.000,2023-01-26 16:09:37.000,0.03,0,103.91,6.55,17.11,N,1,1,0.5,1,70,5,2.5,1.25,2,2,230,161
2023-01-26 16:35:14.000,2023-01-26 16:36:58.000,0.17,1,10.2,0,0,N,2,1,0.5,1,3.7,2.5,2.5,0,2,1,48,142
2023-01-26 16:24:03.000,2023-01-26 16:24:09.000,0.05,0,145.2,0,24.2,N,1,1,0,1,120,0,0,0,2,5,265,1
2023-01-26 16:48:05.000,2023-01-26 16:49:13.000,0.26,1,11.73,0,1.53,N,1,1,0.5,1,3.7,2.5,2.5,0,2,1,238,239
2023-01-26 17:37:25.000,2023-01-26 17:38:55.000,0.33,1,11.9,0,1,N,1,1,0.5,1,4.4,2.5,2.5,0,2,1,140,141
2023-01-26 17:44:43.000,2023-01-26 17:45:58.000,0.44,1,11.9,0,1,N,1,1,0.5,1,4.4,2.5,2.5,0,2,1,262,263
2023-01-26 17:46:05.000,2023-01-26 17:47:19.000,0.22,1,12.24,0,2.04,N,1,1,0.5,1,3.7,2.5,2.5,0,2,1,163,237
2023-01-26 17:03:55.000,2023-01-26 17:04:39.000,0.21,1,13.2,0,3,N,1,1,0.5,1,3.7,2.5,2.5,0,2,1,107,137
2023-01-26 17:11:18.000,2023-01-26 17:12:30.000,0.2,1,12.2,0,2,N,1,1,0.5,1,3.7,5,2.5,0,1,1,90,186
2023-01-26 17:23:11.000,2023-01-26 17:24:59.000,0.4,1,10.08,0,1.68,N,1,1,0.5,1,4.4,2.5,0,0,2,1,151,238
2023-01-26 17:16:54.000,2023-01-26 17:17:10.000,0.03,1,79,0,0,N,4,1,0.5,1,70,5,2.5,0,2,2,161,162
2023-01-26 18:22:36.000,2023-01-26 18:23:53.000,0.47,1,11.9,0,1,N,1,1,0.5,1,4.4,2.5,2.5,0,2,1,140,262
2023-01-26 18:44:25.000,2023-01-26 18:44:39.000,0,0,9.5,0,0,N,3,1,0.5,1,3,5,2.5,0,1,1,141,263
2023-01-26 18:43:23.000,2023-01-26 18:43:43.000,0.08,0,79,0,0,N,2,1,0.5,1,70,5,2.5,0,2,2,162,170
2023-01-26 18:35:14.000,2023-01-26 18:35:37.000,0.11,0,12,0,0,N,2,1,0.5,1,3,7.5,0,0,2,1,264,138
2023-01-26 18:44:04.000,2023-01-26 18:44:53.000,0.22,0,12.7,0,2.5,N,1,1,0.5,1,3.7,2.5,2.5,0,2,1,48,50
2023-01-26 18:52:46.000,2023-01-26 18:53:47.000,0.33,1,12.24,0,2.04,N,1,1,0.5,1,3.7,2.5,2.5,0,2,1,238,239
2023-01-26 18:58:41.000,2023-01-26 18:59:32.000,0.2,1,12.2,0,2,N,1,1,0.5,1,3.7,5,2.5,0,1,1,144,114
2023-01-26 18:05:29.000,2023-01-26 18:05:57.000,0,0,13.25,0,0,N,3,0,0.5,1,3,8.75,0,1.25,1,1,138,264
2023-01-26 18:41:03.000,2023-01-26 18:41:06.000,0,0,13,0,2,N,1,1,0,1,10,0,0,0,2,5,233,264
2023-01-26 19:00:20.000,2023-01-26 19:01:32.000,0.17,1,13.26,0,3.06,N,1,1,0.5,1,3.7,2.5,2.5,0,2,1,137,170
2023-01-26 18:57:03.000,2023-01-26 18:58:54.000,0.5,1,13.08,0,2.18,N,1,3,0.5,1,4.4,2.5,2.5,0,2,1,75,263
2023-01-26 18:24:05.000,2023-01-26 18:25:02.000,0.15,1,9.5,0,0,N,2,1,0.5,1,3,2.5,2.5,0,2,1,43,237
2023-01-26 18:08:12.000,2023-01-26 18:09:51.000,0.34,1,11.9,0,1,N,1,1,0.5,1,4.4,2.5,2.5,0,2,1,90,234
2023-01-26 18:41:06.000,2023-01-26 18:42:51.000,0.3,1,13.05,0,2.15,N,1,1,0.5,1,4.4,5,2.5,0,1,1,263,236
2023-01-26 18:40:19.000,2023-01-26 18:41:50.000,0.5,1,10.9,0,0,N,2,1,0.5,1,4.4,5,2.5,0,1,1,90,249
2023-01-26 18:22:07.000,2023-01-26 18:23:58.000,0.28,1,13.08,0,2.18,N,1,1,0.5,1,4.4,2.5,2.5,0,2,1,48,142
2023-01-26 19:16:43.000,2023-01-26 19:17:18.000,0.02,1,9.5,0,0,N,4,2,0.5,1,3,2.5,2.5,0,2,1,163,43
2023-01-26 19:47:01.000,2023-01-26 19:48:45.000,0.2,1,10.2,0,0,N,2,1,0.5,1,3.7,2.5,2.5,0,2,1,230,163
2023-01-26 19:32:20.000,2023-01-26 19:33:36.000,0.2,1,12.2,0,2,N,1,1,0.5,1,3.7,5,2.5,0,1,1,158,249
2023-01-26 19:51:50.000,2023-01-26 19:52:47.000,0.29,1,10.2,0,0,N,1,3,0.5,1,3.7,2.5,2.5,0,2,1,48,163
2023-01-26 19:57:01.000,2023-01-26 19:58:56.000,0.42,1,10.08,0,1.68,N,1,1,0.5,1,4.4,2.5,0,0,2,1,151,236
2023-01-26 19:40:06.000,2023-01-26 19:41:54.000,0.5,1,13.05,0,2.15,N,1,3,0.5,1,4.4,5,2.5,0,1,1,125,114
2023-01-26 19:33:21.000,2023-01-26 19:34:48.000,0.42,1,13.08,0,2.18,N,1,1,0.5,1,4.4,2.5,2.5,0,2,1,75,263
2023-01-26 19:57:29.000,2023-01-26 19:57:43.000,0.03,0,79.38,0,15.88,N,1,1,0,1,60,0,2.5,0,2,5,232,4
2023-01-26 19:38:21.000,2023-01-26 19:39:47.000,0.29,1,11,0,0.8,N,1,1,0.5,1,3.7,2.5,2.5,0,2,1,148,79
2023-01-26 19:04:58.000,2023-01-26 19:05:33.000,0.01,1,103.91,6.55,17.11,N,1,2,0.5,1,70,5,2.5,1.25,2,2,148,144
2023-01-26 19:32:01.000,2023-01-26 19:33:51.000,0.31,1,12.24,0,2.04,N,1,1,0.5,1,3.7,2.5,2.5,0,2,1,263,141
2023-01-26 19:27:41.000,2023-01-26 19:27:50.000,0,0,71.85,48,14.35,N,1,1,0.5,1,3,5,2.5,0,1,1,43,163
2023-01-26 19:15:12.000,2023-01-26 19:16:49.000,0.28,1,10.2,0,0,N,2,1,0.5,1,3.7,2.5,2.5,0,2,1,48,230
2023-01-26 19:54:42.000,2023-01-26 19:55:28.000,0.01,1,9.5,0,0,N,2,1,0.5,1,3,2.5,2.5,0,2,1,263,236
2023-01-26 19:22:12.000,2023-01-26 19:22:19.000,0.01,0,26.5,0,0,N,3,3,0,1,23,2.5,0,0,2,3,148,232
2023-01-26 19:37:15.000,2023-01-26 19:37:20.000,0.02,0,79,0,0,N,2,1,0.5,1,70,5,2.5,0,2,2,161,162
2023-01-26 19:25:30.000,2023-01-26 19:25:55.000,0.12,0,9.5,0,0,N,2,1,0.5,1,3,2.5,2.5,0,2,1,107,113
2023-01-26 20:44:19.000,2023-01-26 20:44:23.000,0,0,5.5,0,0,N,2,1,0.5,1,3,1,0,0,2,1,7,193
2023-01-26 20:52:19.000,2023-01-26 20:53:49.000,0.4,1,11.25,0,1.85,N,1,2,0.5,1,4.4,3.5,2.5,0,1,1,141,262
2023-01-26 20:44:49.000,2023-01-26 20:44:56.000,0,0,5.5,0,0,N,1,1,0.5,1,3,1,0,0,2,1,193,7
2023-01-26 20:19:18.000,2023-01-26 20:20:28.000,0.38,1,9.4,0,0,N,2,1,0.5,1,4.4,1,2.5,0,2,1,239,238
2023-01-26 20:15:12.000,2023-01-26 20:16:58.000,0.3,1,10.4,0,1.7,N,1,2,0.5,1,3.7,3.5,2.5,0,1,1,107,234
2023-01-26 20:15:31.000,2023-01-26 20:16:43.000,0.17,1,10,0,1.3,N,1,1,0.5,1,3.7,1,2.5,0,2,1,170,161
2023-01-26 20:11:11.000,2023-01-26 20:12:39.000,0.48,1,9.4,0,0,N,2,1,0.5,1,4.4,1,2.5,0,2,1,246,48
2023-01-26 20:21:04.000,2023-01-26 20:22:42.000,0.35,1,9.7,0,1,N,1,1,0.5,1,3.7,1,2.5,0,2,1,170,233
2023-01-26 20:21:16.000,2023-01-26 20:21:44.000,0.02,0,8,0,0,N,2,1,0.5,1,3,1,2.5,0,2,1,170,161
2023-01-26 21:11:12.000,2023-01-26 21:12:41.000,0.2,1,11.3,0,2.6,N,1,1,0.5,1,3.7,3.5,2.5,0,1,1,234,164
2023-01-26 21:33:27.000,2023-01-26 21:33:48.000,0.05,0,8,0,0,N,4,1,0.5,1,3,1,2.5,0,2,1,143,142
2023-01-26 21:07:49.000,2023-01-26 21:08:33.000,0.2,1,10.4,0,1.7,N,1,1,0.5,1,3.7,3.5,2.5,0,1,1,87,209
2023-01-26 21:22:12.000,2023-01-26 21:23:38.000,0.3,1,11.75,0,2.35,N,1,1,0.5,1,4.4,3.5,2.5,0,1,1,151,238
2023-01-26 21:14:40.000,2023-01-26 21:15:49.000,0.25,1,8.7,0,0,N,1,2,0.5,1,3.7,1,2.5,0,2,1,48,230
2023-01-26 21:37:53.000,2023-01-26 21:38:12.000,0.09,1,5.5,0,0,N,4,2,0.5,1,3,1,0,0,2,1,24,41
2023-01-26 21:24:06.000,2023-01-26 21:25:36.000,0.38,1,11.75,0,2.35,N,1,1,0.5,1,4.4,1,2.5,0,2,1,234,113
2023-01-26 21:07:52.000,2023-01-26 21:08:24.000,0,1,8,0,0,N,3,1,0.5,1,3,1,2.5,0,2,1,141,237
2023-01-26 21:37:06.000,2023-01-26 21:38:34.000,0.46,1,11.28,0,1.88,N,1,2,0.5,1,4.4,1,2.5,0,2,1,234,164
2023-01-26 21:29:24.000,2023-01-26 21:30:43.000,0.19,1,10.44,0,1.74,N,1,1,0.5,1,3.7,1,2.5,0,2,1,113,234
2023-01-26 21:57:01.000,2023-01-26 21:58:57.000,0.43,1,9.4,0,0,N,2,1,0.5,1,4.4,1,2.5,0,2,1,79,107
2023-01-26 21:31:10.000,2023-01-26 21:32:41.000,0.47,1,11.28,0,1.88,N,1,1,0.5,1,4.4,1,2.5,0,2,1,113,114
2023-01-26 21:32:21.000,2023-01-26 21:33:39.000,0.25,1,10.44,0,1.74,N,1,1,0.5,1,3.7,1,2.5,0,2,1,233,170
2023-01-26 21:47:07.000,2023-01-26 21:48:31.000,0.46,1,9.4,0,0,N,2,1,0.5,1,4.4,1,2.5,0,2,1,233,170
2023-01-26 21:34:02.000,2023-01-26 21:35:05.000,0.43,1,11.75,0,2.35,N,1,2,0.5,1,4.4,1,2.5,0,2,1,170,234
2023-01-26 21:01:06.000,2023-01-26 21:02:53.000,0.33,1,11.28,0,1.88,N,1,1,0.5,1,4.4,1,2.5,0,2,1,48,68
2023-01-26 22:25:11.000,2023-01-26 22:26:58.000,0.44,1,9.4,0,0,N,1,1,0.5,1,4.4,1,2.5,0,2,1,186,48
2023-01-01 13:12:08.000,2023-01-01 13:13:47.000,0.5,1,9.4,0,1,N,1,0,0.5,1,4.4,2.5,2.5,0,1,1,233,137
2023-01-01 13:23:23.000,2023-01-01 13:24:44.000,0.68,1,6.6,0,0,N,2,2,0.5,1,5.1,0,0,0,2,1,75,74
2023-01-01 13:49:02.000,2023-01-01 13:50:10.000,0.5,1,10.08,0,1.68,N,1,1,0.5,1,4.4,2.5,2.5,0,1,1,249,68
2023-01-01 13:08:08.000,2023-01-01 13:09:54.000,0.46,1,8.4,0,0,N,2,2,0.5,1,4.4,0,2.5,0,2,1,161,164
2023-01-01 13:27:07.000,2023-01-01 13:28:07.000,0.31,1,9.62,0,1.92,N,1,1,0.5,1,3.7,0,2.5,0,2,1,234,90
2023-01-01 13:27:19.000,2023-01-01 13:28:46.000,0.66,1,10.46,0,1.36,N,1,1,0.5,1,5.1,0,2.5,0,2,1,90,186
2023-01-01 13:55:02.000,2023-01-01 13:56:10.000,0.45,1,10.5,0,2.1,N,1,1,0.5,1,4.4,0,2.5,0,2,1,170,234
2023-01-01 13:26:02.000,2023-01-01 13:27:25.000,0.23,1,9.24,0,1.54,N,1,1,0.5,1,3.7,0,2.5,0,2,1,148,79
2023-01-01 13:11:07.000,2023-01-01 13:12:47.000,0.62,1,10.92,0,1.82,N,1,1,0.5,1,5.1,0,2.5,0,2,1,239,142
2023-01-01 13:54:13.000,2023-01-01 13:54:47.000,0.06,0,4.5,0,0,N,2,2,0.5,1,3,0,0,0,2,1,70,138
2023-01-01 13:27:55.000,2023-01-01 13:27:58.000,1.27,0,86,0,0,N,1,2,0,1,85,0,0,0,2,5,197,264
2023-01-01 13:56:03.000,2023-01-01 13:57:28.000,0.49,1,8.4,0,0,N,2,1,0.5,1,4.4,0,2.5,0,2,1,239,238
2023-01-01 13:43:10.000,2023-01-01 13:44:22.000,0.5,1,8.4,0,0,N,2,1,0.5,1,4.4,2.5,2.5,0,1,1,43,237
2023-01-01 13:16:45.000,2023-01-01 13:16:57.000,0.02,0,93.66,6.55,15.61,N,1,2,0.5,1,70,0,0,0,2,2,43,238
2023-01-01 13:45:49.000,2023-01-01 13:46:01.000,0.01,1,81.6,0,13.6,N,1,2,0,1,67,0,0,0,2,5,226,146
2023-01-01 13:57:53.000,2023-01-01 13:58:27.000,0.08,1,103.2,0,17.2,N,1,2,0,1,85,0,0,0,2,5,132,264
2023-01-01 14:19:02.000,2023-01-01 14:20:48.000,0.14,1,7.7,0,0,N,1,1,0.5,1,3.7,0,2.5,0,2,1,143,142
2023-01-01 14:56:22.000,2023-01-01 14:57:07.000,0,1,9.5,0,0,N,2,1,0.5,1,3,5,0,0,2,1,264,70
2023-01-01 14:49:04.000,2023-01-01 14:50:52.000,0.51,1,8.4,0,0,N,2,1,0.5,1,4.4,0,2.5,0,2,1,141,236
2023-01-01 14:42:47.000,2023-01-01 14:42:58.000,0,0,4.5,0,0,N,2,1,0.5,1,3,0,0,0,2,1,238,151
2023-01-01 14:42:08.000,2023-01-01 14:43:20.000,0.45,1,10.08,0,1.68,N,1,1,0.5,1,4.4,0,2.5,0,2,1,234,164
2023-01-01 14:38:10.000,2023-01-01 14:39:52.000,0.46,1,8.4,0,0,N,2,1,0.5,1,4.4,0,2.5,0,2,1,137,233
2023-01-01 14:41:20.000,2023-01-01 14:41:23.000,0,0,79.8,0,13.3,N,1,1,0.5,1,65,0,0,0,2,5,42,264
2023-01-01 14:57:00.000,2023-01-01 14:58:28.000,0.47,1,8.4,0,0,N,2,2,0.5,1,4.4,0,2.5,0,2,1,230,100
2023-01-01 15:44:33.000,2023-01-01 15:44:44.000,0.08,0,99.6,0,16.6,N,1,3,0,1,82,0,0,0,2,5,82,260
2023-01-01 15:54:04.000,2023-01-01 15:55:27.000,0.48,1,10.92,0,2.52,N,1,1,0.5,1,4.4,0,2.5,0,2,1,263,236
2023-01-01 15:35:25.000,2023-01-01 15:35:41.000,28.31,0,81.8,6.55,0,N,1,2,0.5,1,70,0,2.5,1.25,2,2,264,132
2023-01-01 15:13:16.000,2023-01-01 15:14:41.000,0.34,1,8.4,0,0,N,2,1,0.5,1,4.4,0,2.5,0,2,1,90,186
2023-01-01 15:07:04.000,2023-01-01 15:08:01.000,0.05,1,10.75,0,0,N,2,1,0.5,1,3,5,0,1.25,2,1,264,138
2023-01-01 15:25:31.000,2023-01-01 15:25:36.000,0,0,54.5,0,1,N,1,1,0,1,50,0,2.5,0,2,5,13,261
2023-01-01 15:51:11.000,2023-01-01 15:52:48.000,0.59,1,9.1,0,0,N,3,1,0.5,1,5.1,0,2.5,0,2,1,137,170
2023-01-01 15:13:11.000,2023-01-01 15:14:57.000,0.88,1,11.76,0,1.96,N,1,1,0.5,1,5.8,0,2.5,0,2,1,68,186
2023-01-01 15:11:50.000,2023-01-01 15:12:19.000,0.05,1,97.91,6.55,16.11,N,1,1,0.5,1,70,0,2.5,1.25,2,2,170,137
2023-01-01 15:57:19.000,2023-01-01 15:57:50.000,0.03,0,7,0,0,N,2,4,0.5,1,3,0,2.5,0,2,1,68,48
2023-01-01 15:30:22.000,2023-01-01 15:31:59.000,0.1,1,7.7,0,0,N,2,1,0.5,1,3.7,2.5,2.5,0,1,1,12,88
2023-01-01 15:06:00.000,2023-01-01 15:06:06.000,0.03,0,75.25,0,0,N,2,2,0.5,1,70,0,2.5,1.25,2,2,79,148
2023-01-01 15:34:13.000,2023-01-01 15:34:17.000,0,0,11,0,0,N,1,1,0,1,10,0,0,0,2,5,265,264
2022-10-25 07:48:15.000,2022-10-25 07:48:18.000,0.76,0,94.56,0,15.76,N,1,2,0.5,0.3,78,0,0,0,2,5,132,264
2023-01-01 16:17:00.000,2023-01-01 16:18:50.000,0.59,1,10.08,0,1.68,N,1,1,0.5,1,4.4,0,2.5,0,2,1,263,262
2023-01-01 16:46:12.000,2023-01-01 16:47:44.000,0,1,7,0,0,N,2,1,0.5,1,3,2.5,2.5,0,1,1,43,142
2023-01-01 16:21:30.000,2023-01-01 16:21:33.000,0,0,14.5,0,1,N,1,1,0.5,1,12,0,0,0,2,5,237,264
2023-01-01 16:16:28.000,2023-01-01 16:17:22.000,0.12,1,7,0,0,N,2,3,0.5,1,3,0,2.5,0,2,1,43,163
2023-01-01 16:45:05.000,2023-01-01 16:46:16.000,0.6,1,6.6,0,0,N,2,2,0.5,1,5.1,0,0,0,1,1,130,28
2023-01-01 16:22:07.000,2023-01-01 16:22:24.000,0.11,0,117.06,0,19.51,N,1,1,0,1,96.55,0,0,0,2,5,264,134
2023-01-01 16:27:25.000,2023-01-01 16:28:47.000,0.5,1,7.05,0,1.15,N,1,2,0.5,1,4.4,0,0,0,1,1,151,24
2023-01-01 16:25:15.000,2023-01-01 16:26:59.000,0.81,1,9.8,0,0,N,2,1,0.5,1,5.8,0,2.5,0,2,1,79,107
2023-01-01 16:58:11.000,2023-01-01 16:58:19.000,0,0,74,0,0,N,4,4,0.5,1,70,0,2.5,0,2,2,237,163
2023-01-01 16:31:42.000,2023-01-01 16:32:36.000,0.01,1,4.5,0,0,N,2,2,0.5,1,3,0,0,0,2,1,264,166
2023-01-01 16:19:04.000,2023-01-01 16:20:47.000,0.55,1,8.4,0,0,N,2,1,0.5,1,4.4,0,2.5,0,2,1,79,137
2023-01-01 16:08:12.000,2023-01-01 16:09:21.000,0.27,1,7.7,0,0,N,3,1,0.5,1,3.7,0,2.5,0,2,1,68,48
2023-01-01 16:21:36.000,2023-01-01 16:21:43.000,0.04,0,71.5,0,0,N,2,2,0.5,1,70,0,0,0,2,2,196,95
2023-01-01 16:52:12.000,2023-01-01 16:53:19.000,0.08,1,6.3,0,0,N,2,1,0.5,0.3,3,0,2.5,0,2,1,162,161
2023-01-01 16:42:54.000,2023-01-01 16:43:49.000,0.2,1,8.7,0,1,N,1,1,0.5,1,3.7,2.5,2.5,0,1,1,161,163
2023-01-01 16:22:29.000,2023-01-01 16:23:44.000,1.09,1,93,0,10,N,1,2,0,1,82,0,0,0,2,5,132,264
2023-01-01 17:05:07.000,2023-01-01 17:06:48.000,0.45,1,10.08,0,1.68,N,1,1,0.5,1,4.4,0,2.5,0,2,1,137,107
2023-01-01 17:43:05.000,2023-01-01 17:44:44.000,0.65,1,9.1,0,0,N,2,1,0.5,1,5.1,0,2.5,0,2,1,249,186
2023-01-01 17:56:00.000,2023-01-01 17:56:10.000,0,0,7,0,0,N,4,1,0.5,1,3,0,2.5,0,2,1,211,114
2023-01-01 17:23:43.000,2023-01-01 17:24:17.000,0.06,1,4.5,0,0,N,4,1,0.5,1,3,0,0,0,2,1,260,83
2023-01-01 18:40:17.000,2023-01-01 18:41:10.000,0.34,1,9.24,0,1.54,N,1,1,0.5,1,3.7,0,2.5,0,2,1,262,263
2023-01-01 18:20:10.000,2023-01-01 18:20:27.000,1.42,0,97.91,6.55,16.11,N,1,2,0.5,1,70,0,2.5,1.25,2,2,264,132
2023-01-01 18:30:41.000,2023-01-01 18:30:59.000,0.11,0,91.8,6.55,10,N,1,1,0.5,1,70,0,2.5,1.25,2,2,238,239
2023-01-01 18:50:22.000,2023-01-01 18:51:47.000,0.65,1,6.6,0,0,N,2,1,0.5,1,5.1,0,0,0,2,1,74,263
2023-01-01 18:32:39.000,2023-01-01 18:33:38.000,0.38,1,7.7,0,0,N,4,1,0.5,1,3.7,0,2.5,0,2,1,239,238
2023-01-01 18:06:12.000,2023-01-01 18:07:53.000,0.55,1,10.1,0,1,N,1,1,0.5,1,5.1,0,2.5,0,2,1,140,263
2023-01-01 18:36:05.000,2023-01-01 18:37:31.000,0.19,1,7.7,0,0,N,4,1,0.5,1,3.7,0,2.5,0,2,1,142,48
2023-01-01 18:23:04.000,2023-01-01 18:24:22.000,0.32,1,5.2,0,0,N,2,1,0.5,1,3.7,0,0,0,2,1,24,166
2023-01-01 18:09:10.000,2023-01-01 18:10:45.000,0.47,1,10.92,0,2.52,N,1,1,0.5,1,4.4,0,2.5,0,2,1,238,239
2023-01-01 18:46:59.000,2023-01-01 18:47:51.000,0.19,1,7.7,0,0,N,2,1,0.5,1,3.7,0,2.5,0,2,1,137,170
2023-01-01 18:46:06.000,2023-01-01 18:47:24.000,0.03,1,5.2,0,0,N,2,1,0.5,1,3.7,0,0,0,2,1,151,238
2023-01-01 18:38:26.000,2023-01-01 18:39:59.000,0.5,1,10.08,0,1.68,N,1,1,0.5,1,4.4,0,2.5,0,2,1,249,68
2023-01-01 19:43:01.000,2023-01-01 19:44:10.000,0.24,1,9.24,0,1.54,N,1,2,0.5,1,3.7,0,2.5,0,2,1,164,186
2023-01-01 19:08:07.000,2023-01-01 19:09:03.000,0.3,1,6.75,0,1.55,N,1,1,0.5,1,3.7,0,0,0,1,1,74,75
2023-01-01 19:35:10.000,2023-01-01 19:36:26.000,0.2,1,11.7,0,4,N,1,1,0.5,1,3.7,2.5,2.5,0,1,1,249,68
2023-01-01 19:08:26.000,2023-01-01 19:09:31.000,0.45,1,9.4,0,1,N,1,2,0.5,1,4.4,0,2.5,0,2,1,236,263
2023-01-01 19:47:07.000,2023-01-01 19:48:18.000,0.4,1,8.4,0,0,N,2,2,0.5,1,4.4,0,2.5,0,2,1,230,163
2023-01-01 19:38:30.000,2023-01-01 19:38:33.000,3.36,0,27.12,0,5.42,N,1,1,0.5,1,17.7,2.5,0,0,2,1,25,264
2023-01-01 19:21:19.000,2023-01-01 19:22:00.000,0.1,1,9.5,0,0,N,4,1,0.5,1,3,5,0,0,1,1,70,138
2023-01-01 19:50:23.000,2023-01-01 19:51:33.000,0.4,1,8.4,0,0,Y,2,2,0.5,1,4.4,2.5,2.5,0,1,1,140,141
2023-01-01 19:03:29.000,2023-01-01 19:04:46.000,0.54,1,10.08,0,1.68,N,1,3,0.5,1,4.4,0,2.5,0,2,1,141,236
2023-01-01 19:56:09.000,2023-01-01 19:57:49.000,0.46,1,10.08,0,1.68,N,1,2,0.5,1,4.4,0,2.5,0,2,1,50,142
2023-01-01 19:56:14.000,2023-01-01 19:57:59.000,0.5,1,9.1,0,0,N,2,3,0.5,1,5.1,2.5,2.5,0,1,1,141,237
2023-01-01 19:31:48.000,2023-01-01 19:31:51.000,0,0,99,0,16.5,N,1,1,0.5,1,81,0,0,0,2,5,132,264
2023-01-01 20:52:02.000,2023-01-01 20:52:12.000,0,0,10.4,0,2.4,N,1,1,0.5,1,3,1,2.5,0,2,1,43,163
2023-01-01 20:36:38.000,2023-01-01 20:36:41.000,0,0,103.2,0,17.2,N,1,4,0,1,85,0,0,0,2,5,132,264
2023-01-01 20:55:38.000,2023-01-01 20:56:53.000,0.21,1,10.44,0,1.74,N,1,1,0.5,1,3.7,1,2.5,0,2,1,239,142
2023-01-01 20:05:05.000,2023-01-01 20:06:43.000,0.62,1,10.35,0,1.25,N,1,1,0.5,1,5.1,0,2.5,0,2,1,239,142
2023-01-01 20:49:01.000,2023-01-01 20:49:07.000,0.02,0,71.5,0,0,N,3,1,0.5,1,70,0,0,0,2,2,264,261
2023-01-01 20:17:25.000,2023-01-01 20:18:36.000,1.12,1,71.5,0,0,N,2,2,0.5,1,70,0,0,0,2,2,10,215
2023-01-01 20:17:34.000,2023-01-01 20:18:31.000,0.3,1,9.2,0,1.5,N,1,1,0.5,1,3.7,2.5,2.5,0,1,1,239,142
2023-01-01 20:24:20.000,2023-01-01 20:25:05.000,0.29,1,9.7,0,1,N,1,1,0.5,1,3.7,1,2.5,0,2,1,239,238
2022-10-25 13:03:37.000,2022-10-25 13:03:40.000,0.22,0,78.5,0,15.7,N,1,2,0.5,0.3,62,0,0,0,2,5,138,264
2023-01-01 21:24:18.000,2023-01-01 21:24:21.000,0.02,0,5.5,0,0,N,2,1,0.5,1,3,1,0,0,2,1,132,264
2023-01-01 21:11:54.000,2023-01-01 21:12:01.000,0,1,25,0,0,N,2,3,0,1,23,1,0,0,2,3,186,90
2023-01-01 21:34:26.000,2023-01-01 21:34:42.000,10.21,0,6.2,0,0,N,4,2,0.5,1,3.7,1,0,0,2,1,264,70
2023-01-01 21:48:06.000,2023-01-01 21:48:26.000,0.01,0,8,0,0,N,4,1,0.5,1,3,1,2.5,0,2,1,230,48
2023-01-01 21:05:29.000,2023-01-01 21:05:32.000,0,0,165,0,15,N,1,1,0,1,149,0,0,0,2,5,265,264
2023-01-01 21:23:29.000,2023-01-01 21:24:35.000,0.48,1,12.22,0,2.82,N,1,1,0.5,1,4.4,1,2.5,0,2,1,249,90
2023-01-01 21:39:56.000,2023-01-01 21:40:00.000,0,1,102,0,17,N,1,1,0,1,84,0,0,0,2,5,68,246
2023-01-01 21:49:04.000,2023-01-01 21:49:16.000,0,0,16.2,0,2.7,N,1,1,0,1,10,0,2.5,0,2,5,170,137
2023-01-01 21:57:17.000,2023-01-01 21:58:41.000,0.51,1,9.4,0,0,N,3,1,0.5,1,4.4,1,2.5,0,2,1,90,249
2023-01-01 22:40:21.000,2023-01-01 22:41:58.000,0.57,1,11.28,0,1.88,N,1,1,0.5,1,4.4,1,2.5,0,2,1,263,141
2023-01-18 22:17:21.000,2023-01-18 22:17:30.000,0,0,74,0,0,N,2,1,0.5,1,70,0,2.5,0,2,2,142,163
2023-01-18 22:40:45.000,2023-01-18 22:40:48.000,0,0,23.5,0,0,N,1,1,0.5,1,22,0,0,0,2,5,148,264
2023-01-18 22:01:59.000,2023-01-18 22:02:59.000,0.41,1,11.4,0,2,N,1,1,0.5,1,4.4,1,2.5,0,2,1,170,107
2023-01-18 22:54:37.000,2023-01-18 22:55:54.000,0.5,1,11.28,0,1.88,N,1,1,0.5,1,4.4,1,2.5,0,2,1,237,162
2023-01-18 22:31:14.000,2023-01-18 22:31:46.000,0.05,0,8,0,0,N,2,1,0.5,1,3,1,2.5,0,2,1,142,239
2023-01-18 22:48:21.000,2023-01-18 22:49:32.000,0.32,1,8.7,0,0,N,4,1,0.5,1,3.7,1,2.5,0,2,1,263,236
2023-01-18 22:17:35.000,2023-01-18 22:17:37.000,0,0,103.5,0,10,N,1,2,0.5,1,92,0,0,0,2,5,186,264
2023-01-18 22:46:04.000,2023-01-18 22:47:54.000,0.4,1,9.4,0,0,N,2,1,0.5,1,4.4,3.5,2.5,0,1,1,141,262
2023-01-18 22:21:46.000,2023-01-18 22:21:51.000,0,0,72.75,0,0,N,2,1,0.5,1,70,0,0,1.25,2,2,264,138
2023-01-18 22:49:48.000,2023-01-18 22:50:16.000,0.07,1,25.2,0,4.2,N,1,1,0,1,20,0,0,0,2,5,129,70
2023-01-18 22:39:04.000,2023-01-18 22:40:49.000,0.37,1,11.75,0,2.35,N,1,1,0.5,1,4.4,1,2.5,0,2,1,100,164
2023-01-18 22:35:07.000,2023-01-18 22:36:08.000,0.37,1,10.44,0,1.74,N,1,1,0.5,1,3.7,1,2.5,0,2,1,163,230
2023-01-18 22:17:29.000,2023-01-18 22:18:55.000,0.6,1,10.1,0,0,N,2,1,0.5,1,5.1,1,2.5,0,2,1,230,48
2023-01-18 22:30:31.000,2023-01-18 22:31:27.000,0.29,1,10.87,0,2.17,N,1,2,0.5,1,3.7,1,2.5,0,2,1,230,100
2023-01-18 22:48:09.000,2023-01-18 22:49:55.000,0.3,1,11.25,0,1.85,N,1,1,0.5,1,4.4,3.5,2.5,0,1,1,142,48
2023-01-18 23:58:10.000,2023-01-18 23:59:43.000,0.51,1,12.22,0,2.82,N,1,1,0.5,1,4.4,1,2.5,0,2,1,263,141
2023-01-18 23:37:13.000,2023-01-18 23:38:35.000,0.3,1,11.3,0,2.6,N,1,1,0.5,1,3.7,3.5,2.5,0,1,1,229,233
2023-01-18 23:18:23.000,2023-01-18 23:18:25.000,2.9,0,23,0,3.8,N,1,0,0.5,1,14.2,3.5,2.5,0,1,1,114,113
2023-01-18 23:21:03.000,2023-01-18 23:22:06.000,0.2,1,8.7,0,0,N,1,1,0.5,1,3.7,3.5,2.5,0,1,1,143,239
2023-01-18 23:08:56.000,2023-01-18 23:09:17.000,0.03,1,8,0,0,N,4,1,0.5,1,3,1,2.5,0,2,1,229,162
2023-01-18 23:47:01.000,2023-01-18 23:48:39.000,0.5,1,11.25,0,1.85,N,1,1,0.5,1,4.4,3.5,2.5,0,1,1,137,107
2023-01-18 23:31:13.000,2023-01-18 23:32:50.000,0.32,1,11.28,0,1.88,N,1,1,0.5,1,4.4,1,2.5,0,2,1,107,224
2023-01-18 23:31:11.000,2023-01-18 23:32:47.000,0.56,1,12.62,0,2.52,N,1,2,0.5,1,5.1,1,2.5,0,2,1,263,75
2023-01-18 23:58:25.000,2023-01-18 23:58:28.000,0,0,109.8,0,18.3,N,1,1,0.5,1,90,0,0,0,2,5,211,264
2023-01-18 23:59:07.000,2023-01-19 00:00:59.000,0.25,1,9.4,0,0,N,2,1,0.5,1,4.4,1,2.5,0,2,1,163,230
2023-01-18 23:32:04.000,2023-01-18 23:32:07.000,0,0,122.46,0,20.41,N,1,1,0.5,1,100.55,0,0,0,2,5,112,264
2023-01-19 00:31:12.000,2023-01-19 00:32:56.000,0.64,1,12.12,0,2.02,N,1,1,0.5,1,5.1,1,2.5,0,2,1,263,141
2023-01-19 00:28:22.000,2023-01-19 00:29:31.000,0.43,1,9.4,0,0,N,1,1,0.5,1,4.4,1,2.5,0,2,1,239,238
2023-01-19 00:40:37.000,2023-01-19 00:41:45.000,0,1,109.8,0,18.3,N,1,1,0,1,88,0,2.5,0,2,5,164,170
2023-01-19 00:24:46.000,2023-01-19 00:25:03.000,0.08,1,8,0,0,N,2,1,0.5,1,3,1,2.5,0,2,1,79,107
2023-01-19 00:23:07.000,2023-01-19 00:24:30.000,0.52,1,10.9,0,1.5,N,1,1,0.5,1,4.4,1,2.5,0,2,1,237,236
2023-01-19 00:08:21.000,2023-01-19 00:08:38.000,0.09,0,97.56,6.55,19.51,N,1,1,0.5,1,70,0,0,0,2,2,166,152
2023-01-19 00:02:43.000,2023-01-19 00:03:22.000,0.05,1,153.5,0,0,N,1,4,0,1,150,0,2.5,0,2,5,164,265
2023-01-19 00:10:00.000,2023-01-19 00:11:25.000,0.26,1,8.7,0,0,N,1,1,0.5,1,3.7,1,2.5,0,2,1,79,114
2023-01-19 01:25:29.000,2023-01-19 01:26:49.000,0.45,1,11.75,0,2.35,N,1,1,0.5,1,4.4,1,2.5,0,2,1,186,100
2023-01-19 01:49:20.000,2023-01-19 01:50:55.000,0.4,1,11.75,0,2.35,N,1,2,0.5,1,4.4,3.5,2.5,0,1,1,230,163
2023-01-19 01:08:00.000,2023-01-19 01:09:02.000,0.19,1,6.2,0,0,N,2,1,0.5,1,3.7,1,0,0,2,1,146,7
2023-01-19 01:32:35.000,2023-01-19 01:32:47.000,0.1,0,18.25,12.75,0,N,2,1,0.5,1,3,1,0,0,1,1,265,243
2023-01-19 01:57:41.000,2023-01-19 01:58:32.000,0.22,1,8.7,0,0,N,2,2,0.5,1,3.7,1,2.5,0,2,1,79,224
2023-01-19 02:33:18.000,2023-01-19 02:34:56.000,0.56,1,10.1,0,0,N,2,2,0.5,1,5.1,1,2.5,0,2,1,262,263
2023-01-19 02:44:02.000,2023-01-19 02:44:59.000,0.38,0,11.7,0,3,N,1,2,0.5,1,3.7,1,2.5,0,2,1,229,233
2023-01-19 03:18:04.000,2023-01-19 03:19:42.000,0.71,1,12.12,0,2.02,N,1,1,0.5,1,5.1,1,2.5,0,2,1,263,141
2023-01-19 03:31:38.000,2023-01-19 03:32:38.000,0.21,1,8.7,0,0,N,2,1,0.5,1,3.7,1,2.5,0,2,1,138,230
2023-01-19 03:09:13.000,2023-01-19 03:10:53.000,0.7,1,12.1,0,2,N,1,1,0.5,1,5.1,3.5,2.5,0,1,1,229,233
2023-01-19 04:38:16.000,2023-01-19 04:39:45.000,0.42,1,9.4,0,0,N,1,3,0.5,1,4.4,1,2.5,0,2,1,186,246
2023-01-19 04:13:22.000,2023-01-19 04:13:25.000,0.14,0,49.8,0,8.3,N,1,3,0.5,1,40,0,0,0,2,5,148,264
2023-01-19 04:18:56.000,2023-01-19 04:19:01.000,0,1,87.05,0,14.3,N,1,1,0.5,1,70,0,0,1.25,2,2,264,138
2023-01-19 05:17:18.000,2023-01-19 05:18:24.000,0.48,1,11.28,0,1.88,N,1,1,0.5,1,4.4,1,2.5,0,2,1,90,68
2023-01-19 05:28:14.000,2023-01-19 05:29:58.000,0.4,1,10.4,0,1,N,1,1,0.5,1,4.4,3.5,2.5,0,1,1,162,161
2023-01-19 05:36:05.000,2023-01-19 05:37:59.000,0.3,1,9.4,0,0,N,2,1,0.5,1,4.4,3.5,2.5,0,1,1,48,230
2023-01-19 06:13:48.000,2023-01-19 06:14:17.000,0.16,1,7,0,0,N,2,1,0.5,1,3,0,2.5,0,2,1,79,4
2023-01-19 06:53:27.000,2023-01-19 06:54:49.000,0.36,1,7.7,0,0,N,3,1,0.5,1,3.7,0,2.5,0,2,1,262,236
2023-01-19 06:38:47.000,2023-01-19 06:39:53.000,0.34,1,7.7,0,0,N,2,1,0.5,1,3.7,0,2.5,0,2,1,90,186
2023-01-19 06:30:19.000,2023-01-19 06:31:36.000,0.38,1,8.4,0,0,N,2,1,0.5,1,4.4,0,2.5,0,2,1,186,164
2023-01-19 06:39:10.000,2023-01-19 06:40:25.000,0.5,1,10.05,0,1.65,N,1,1,0.5,1,4.4,2.5,2.5,0,1,1,233,229
2023-01-19 06:38:36.000,2023-01-19 06:39:48.000,0.32,1,9.63,0,1.93,N,1,1,0.5,1,3.7,0,2.5,0,2,1,48,230
2023-01-19 06:59:30.000,2023-01-19 07:00:43.000,0.49,1,9.66,0,1.26,N,1,1,0.5,1,4.4,0,2.5,0,2,1,239,142
2023-01-19 06:10:03.000,2023-01-19 06:11:56.000,0.48,1,8.4,0,0,N,2,1,0.5,1,4.4,0,2.5,0,2,1,141,236
2023-01-19 07:27:04.000,2023-01-19 07:28:50.000,0.31,1,9.24,0,1.54,N,1,1,0.5,1,3.7,0,2.5,0,2,1,170,137
2023-01-19 07:35:35.000,2023-01-19 07:36:45.000,0.14,1,7.7,0,0,N,2,1,0.5,1,3.7,0,2.5,0,2,1,48,246
2023-01-19 07:48:13.000,2023-01-19 07:49:23.000,0.32,1,9,0,1.3,N,1,2,0.5,1,3.7,0,2.5,0,2,1,234,90
2023-01-19 07:31:22.000,2023-01-19 07:31:30.000,0.02,0,7,0,0,N,2,1,0.5,1,3,0,2.5,0,2,1,249,158
2023-01-19 07:31:27.000,2023-01-19 07:32:44.000,0.46,1,10.5,0,2.1,N,1,1,0.5,1,4.4,0,2.5,0,2,1,90,186
2023-01-19 07:39:00.000,2023-01-19 07:39:43.000,0.1,0,7,0,0,N,3,1,0.5,1,3,2.5,2.5,0,1,1,264,231
2023-01-19 07:13:18.000,2023-01-19 07:14:51.000,0.57,1,10.08,0,1.68,N,1,1,0.5,1,4.4,0,2.5,0,2,1,238,151
2023-01-19 07:39:07.000,2023-01-19 07:40:57.000,0.5,1,5.9,0,0,N,2,3,0.5,1,4.4,0,0,0,2,1,264,237
2023-01-19 08:49:15.000,2023-01-19 08:50:32.000,0.3,1,9.2,0,1.5,N,1,1,0.5,1,3.7,2.5,2.5,0,1,1,161,164
2023-01-19 08:52:47.000,2023-01-19 08:53:58.000,0.23,1,9.24,0,1.54,N,1,1,0.5,1,3.7,0,2.5,0,2,1,237,163
2023-01-19 08:10:00.000,2023-01-19 08:10:54.000,0.29,0,10.01,0,2.31,N,1,1,0.5,1,3.7,0,2.5,0,2,1,230,163
2023-01-19 08:21:43.000,2023-01-19 08:22:46.000,0.3,1,10.7,0,3,N,1,1,0.5,1,3.7,2.5,2.5,0,1,1,90,186
2023-01-19 08:12:06.000,2023-01-19 08:12:24.000,0,0,7,0,0,N,3,1,0.5,1,3,2.5,2.5,0,1,1,48,163
2023-01-19 08:07:20.000,2023-01-19 08:08:54.000,0.5,1,10.08,0,1.68,N,1,1,0.5,1,4.4,0,2.5,0,2,1,137,170
2023-01-19 08:50:17.000,2023-01-19 08:50:36.000,0.19,0,4.5,0,0,N,4,2,0.5,1,3,0,0,0,2,1,264,70
2023-01-19 08:51:02.000,2023-01-19 08:52:48.000,0.55,1,9.4,0,1,N,1,1,0.5,1,4.4,0,2.5,0,2,1,137,170
2023-01-19 08:05:01.000,2023-01-19 08:06:49.000,0.6,1,10.92,0,1.82,N,1,1,0.5,1,5.1,0,2.5,0,2,1,90,68
2023-01-19 09:29:58.000,2023-01-19 09:30:17.000,0,1,33.5,0,0,N,1,1,0,1,30,0,2.5,0,2,5,48,100
2023-01-19 09:38:08.000,2023-01-19 09:39:22.000,0.41,1,8.4,0,0,N,2,1,0.5,1,4.4,0,2.5,0,2,1,262,75
2023-01-19 09:10:25.000,2023-01-19 09:11:44.000,0.3,1,6.2,0,1,N,1,1,0.5,1,3.7,0,0,0,1,1,264,166
2023-01-19 09:43:00.000,2023-01-19 09:44:26.000,0.3,1,7.7,0,0,N,2,1,0.5,1,3.7,2.5,2.5,0,1,1,90,68
2023-01-19 09:12:36.000,2023-01-19 09:13:16.000,0.04,1,7,0,0,N,2,1,0.5,1,3,0,2.5,0,2,1,230,163
2023-01-19 09:02:22.000,2023-01-19 09:03:25.000,0.3,1,8.7,0,1,N,1,1,0.5,1,3.7,2.5,2.5,0,1,1,100,186
2023-01-19 09:46:37.000,2023-01-19 09:47:21.000,0.09,1,37.2,24,6.2,N,1,1,0.5,1,3,0,2.5,0,2,1,161,163
2023-01-19 09:16:22.000,2023-01-19 09:17:47.000,0.28,1,7.7,0,0,N,4,3,0.5,1,3.7,0,2.5,0,2,1,170,233
2023-01-19 10:34:17.000,2023-01-19 10:35:52.000,0.3,1,8.86,0,1.16,N,1,1,0.5,1,3.7,2.5,2.5,0,1,1,229,237
2023-01-19 10:56:11.000,2023-01-19 10:57:11.000,0.3,1,9.2,0,1.5,N,1,1,0.5,1,3.7,2.5,2.5,0,1,1,238,239
2023-01-19 10:44:02.000,2023-01-19 10:45:07.000,0.26,1,5.2,0,0,N,2,1,0.5,1,3.7,0,0,0,2,1,24,151
2023-01-19 10:13:04.000,2023-01-19 10:14:29.000,0.38,1,5.9,0,0,N,2,1,0.5,1,4.4,0,0,0,2,1,24,151
2023-01-19 10:25:13.000,2023-01-19 10:26:38.000,0.62,1,11.38,0,2.28,N,1,1,0.5,1,5.1,0,2.5,0,2,1,239,43
2023-01-19 10:41:05.000,2023-01-19 10:42:58.000,0.44,1,8.4,0,0,N,2,1,0.5,1,4.4,0,2.5,0,2,1,50,142
2023-01-19 10:38:07.000,2023-01-19 10:39:09.000,0.2,1,7.7,0,0,N,2,2,0.5,1,3.7,2.5,2.5,0,1,1,170,161
2023-01-19 11:30:22.000,2023-01-19 11:31:52.000,0.21,1,5.2,0,0,N,2,1,0.5,1,3.7,0,0,0,2,1,238,151
2023-01-19 11:05:09.000,2023-01-19 11:06:52.000,0.18,1,7.7,0,0,N,2,1,0.5,1,3.7,0,2.5,0,2,1,230,161
2023-01-19 11:01:18.000,2023-01-19 11:02:35.000,0.53,1,6.9,0,1,N,1,1,0.5,1,4.4,0,0,0,2,1,24,151
2023-01-19 11:37:21.000,2023-01-19 11:38:58.000,0.52,1,15.9,0,10,N,1,1,0.5,1,4.4,0,0,0,2,1,75,74
2023-01-19 11:54:00.000,2023-01-19 11:55:25.000,0.33,1,9.24,0,1.54,N,1,1,0.5,1,3.7,0,2.5,0,2,1,231,125
2023-01-19 11:22:57.000,2023-01-19 11:23:06.000,2.38,1,7,0,0,N,4,1,0.5,1,3,0,2.5,0,2,1,264,230
2023-01-19 11:57:19.000,2023-01-19 11:58:56.000,0.4,1,10.4,0,2,N,1,1,0.5,1,4.4,2.5,2.5,0,1,1,186,90
2023-01-19 11:45:12.000,2023-01-19 11:45:15.000,0,0,4.5,0,0,N,3,3,0.5,1,3,0,0,0,2,1,262,264
2023-01-19 11:35:03.000,2023-01-19 11:35:09.000,0,0,26,0,0,N,2,2,0,1,25,0,0,0,2,5,161,163
2023-01-19 12:52:57.000,2023-01-19 12:53:18.000,0,1,4.52,0,0.02,N,1,3,0.5,1,3,0,0,0,2,1,7,193
2023-01-10 18:56:47.000,2023-01-10 18:57:32.000,0.19,1,323.5,0,0,N,1,1,0,1,320,0,2.5,0,2,5,68,265
2023-01-10 19:39:04.000,2023-01-10 19:40:18.000,0.36,1,12.24,0,2.04,N,1,1,0.5,1,3.7,2.5,2.5,0,2,1,141,263
2023-01-10 19:56:05.000,2023-01-10 19:56:07.000,0.02,0,28.8,0,4.8,N,1,1,0,1,23,0,0,0,2,5,13,264
2023-01-10 19:23:41.000,2023-01-10 19:24:49.000,0.34,1,12.24,0,2.04,N,1,1,0.5,1,3.7,2.5,2.5,0,2,1,237,263
2023-01-10 19:25:06.000,2023-01-10 19:26:41.000,0.21,1,12.24,0,2.04,N,1,2,0.5,1,3.7,2.5,2.5,0,2,1,100,48
2023-01-10 19:22:01.000,2023-01-10 19:23:50.000,0.59,1,11.6,0,0,N,2,1,0.5,1,5.1,2.5,2.5,0,2,1,141,229
2023-01-10 19:40:40.000,2023-01-10 19:41:52.000,0.4,1,12.2,0,2,N,1,1,0.5,1,3.7,5,2.5,0,1,1,186,48
2023-01-10 19:33:10.000,2023-01-10 19:33:14.000,0,0,7,0,0,N,2,1,0.5,1,3,0,2.5,0,2,1,234,107
2023-01-10 18:58:15.000,2023-01-10 18:59:23.000,0.34,1,12.75,0,2.55,N,1,1,0.5,1,3.7,2.5,2.5,0,2,1,234,164
2023-01-10 19:12:00.000,2023-01-10 19:13:40.000,0.42,1,13.08,0,2.18,N,1,2,0.5,1,4.4,2.5,2.5,0,2,1,43,237
2023-01-10 19:50:27.000,2023-01-10 19:51:44.000,0.3,1,10.9,0,0,N,2,6,0.5,1,4.4,2.5,2.5,0,2,1,68,186
2023-01-10 19:43:06.000,2023-01-10 19:44:06.000,0,1,94.8,0,15.8,N,1,1,0.5,1,70,7.5,2.5,0,1,2,263,141
2023-01-10 19:24:50.000,2023-01-10 19:25:15.000,0,1,9.5,0,0,N,3,1,0.5,1,3,5,2.5,0,1,1,158,249
2023-01-10 19:20:11.000,2023-01-10 19:21:45.000,0.57,1,10.9,0,0,N,1,1,0.5,1,4.4,2.5,2.5,0,2,1,141,263
2023-01-10 19:37:40.000,2023-01-10 19:38:55.000,0.4,1,10.2,0,0,N,2,1,0.5,1,3.7,2.5,2.5,0,2,1,100,186
2023-01-10 19:47:19.000,2023-01-10 19:48:07.000,0.31,1,11.2,0,1,N,1,1,0.5,1,3.7,2.5,2.5,0,2,1,237,141
2023-01-10 19:11:23.000,2023-01-10 19:11:43.000,0.01,0,9.5,0,0,N,4,1,0.5,1,3,2.5,2.5,0,2,1,161,230
2023-01-10 19:43:49.000,2023-01-10 19:44:04.000,0,1,16.1,0,0,N,2,1,0,1,12.6,0,2.5,0,2,5,263,236
2023-01-10 19:30:41.000,2023-01-10 19:30:44.000,0,0,91.5,0,0,N,1,1,0.5,1,90,0,0,0,2,5,132,264
2023-01-10 19:38:04.000,2023-01-10 19:39:54.000,0.54,1,13.08,0,2.18,N,1,1,0.5,1,4.4,2.5,2.5,0,2,1,229,237
2023-01-10 19:33:40.000,2023-01-10 19:33:58.000,0.2,0,99.66,6.55,16.61,N,1,2,0.5,1,70,5,0,0,2,2,216,132
2023-01-10 19:51:54.000,2023-01-10 19:52:39.000,0,1,9.5,0,0,N,2,1,0.5,1,3,5,2.5,0,1,1,246,158
2023-01-10 19:50:25.000,2023-01-10 19:50:28.000,0,0,76.5,0,0,N,2,1,0.5,1,70,2.5,2.5,0,2,2,239,264
2023-01-10 19:07:06.000,2023-01-10 19:08:57.000,0.33,1,13.63,0,2.73,N,1,1,0.5,1,4.4,2.5,2.5,0,2,1,229,233
2023-01-10 19:17:47.000,2023-01-10 19:17:50.000,0,0,106.5,0,15,N,1,1,0.5,1,90,0,0,0,2,5,239,264
2023-01-10 19:13:35.000,2023-01-10 19:14:21.000,0.29,1,7.7,0,0,N,2,1,0.5,1,3.7,2.5,0,0,2,1,74,42
2023-01-10 20:33:34.000,2023-01-10 20:34:00.000,0,1,5.5,0,0,N,4,1,0.5,1,3,1,0,0,1,1,151,264
2023-01-10 20:04:22.000,2023-01-10 20:05:11.000,0.27,1,7.44,0,1.24,N,1,1,0.5,1,3.7,1,0,0,2,1,75,236
2023-01-10 20:27:10.000,2023-01-10 20:28:41.000,0.63,1,12.62,0,2.52,N,1,1,0.5,1,5.1,1,2.5,0,2,1,141,262
2023-01-10 20:26:20.000,2023-01-10 20:27:30.000,0.12,1,10.44,0,1.74,N,1,1,0.5,1,3.7,1,2.5,0,2,1,107,170
2023-01-10 20:24:35.000,2023-01-10 20:25:13.000,0,1,8,0,0,N,4,1,0.5,1,3,3.5,2.5,0,1,1,48,230
2023-01-10 20:18:10.000,2023-01-10 20:19:26.000,0.1,1,6.2,0,0,N,2,3,0.5,1,3.7,1,0,0,1,1,151,24
2023-01-10 20:56:29.000,2023-01-10 20:56:32.000,0,0,16.5,0,0,N,1,1,0.5,1,15,0,0,0,2,5,87,264
2023-01-10 20:10:15.000,2023-01-10 20:11:35.000,0.38,1,8.7,0,0,N,1,1,0.5,1,3.7,1,2.5,0,2,1,113,114
2023-01-10 20:41:13.000,2023-01-10 20:42:19.000,0.29,1,10.44,0,1.74,N,1,1,0.5,1,3.7,1,2.5,0,2,1,90,234
2023-01-10 20:18:05.000,2023-01-10 20:19:35.000,0.54,1,11.28,0,1.88,N,1,1,0.5,1,4.4,1,2.5,0,2,1,239,238
2023-01-10 20:30:07.000,2023-01-10 20:30:29.000,0.01,0,10.5,0,0,N,2,1,0.5,1,3,6,0,0,2,1,70,138
2023-01-10 20:20:29.000,2023-01-10 20:21:32.000,0.24,1,10.44,0,1.74,N,1,1,0.5,1,3.7,1,2.5,0,2,1,141,262
2023-01-10 20:22:15.000,2023-01-10 20:23:55.000,0.37,1,11.28,0,1.88,N,1,1,0.5,1,4.4,1,2.5,0,2,1,234,164
2023-01-10 20:36:24.000,2023-01-10 20:36:29.000,0.01,0,74,0,0,N,4,1,0.5,1,70,0,2.5,0,2,2,90,68
2023-01-10 20:21:19.000,2023-01-10 20:22:57.000,0.24,1,8.7,0,0,N,3,1,0.5,1,3.7,1,2.5,0,2,1,164,170
2023-01-10 21:49:25.000,2023-01-10 21:49:35.000,0.03,0,82,0,1,N,1,1,0,1,80,0,0,0,2,5,119,247
2023-01-10 21:47:45.000,2023-01-10 21:48:56.000,0.28,1,6.2,0,0,N,1,1,0.5,1,3.7,1,0,0,2,1,244,116
2023-01-10 21:19:09.000,2023-01-10 21:20:18.000,0.16,1,8.7,0,0,N,3,2,0.5,1,3.7,1,2.5,0,2,1,161,163
2023-01-10 21:23:09.000,2023-01-10 21:24:59.000,0.61,1,12.1,0,2,N,1,1,0.5,1,5.1,1,2.5,0,2,1,236,263
2023-01-10 21:20:13.000,2023-01-10 21:21:31.000,0.45,1,10.9,0,1.5,N,1,1,0.5,1,4.4,1,2.5,0,2,1,236,237
2023-01-10 21:06:34.000,2023-01-10 21:07:52.000,0.47,1,9.4,0,0,N,2,1,0.5,1,4.4,1,2.5,0,2,1,90,249
2023-01-10 21:56:12.000,2023-01-10 21:57:52.000,0.51,1,10.4,0,1,N,1,1,0.5,1,4.4,1,2.5,0,2,1,161,162
2023-01-10 21:49:22.000,2023-01-10 21:50:55.000,0.56,1,11.9,0,1.8,N,1,1,0.5,1,5.1,1,2.5,0,2,1,239,238
2023-01-10 21:15:15.000,2023-01-10 21:16:00.000,0.24,1,96.66,6.55,16.11,N,1,1,0.5,1,70,0,2.5,0,2,2,164,234
2023-01-10 21:38:08.000,2023-01-10 21:39:37.000,0.22,1,8.7,0,0,N,2,1,0.5,1,3.7,1,2.5,0,2,1,48,230
2023-01-10 21:16:08.000,2023-01-10 21:17:53.000,0.41,1,11.28,0,1.88,N,1,1,0.5,1,4.4,1,2.5,0,2,1,164,170
2023-01-10 21:50:51.000,2023-01-10 21:51:15.000,0.05,1,74,0,0,N,2,1,0.5,1,70,0,2.5,0,2,2,87,209
2023-01-10 21:23:06.000,2023-01-10 21:23:55.000,0.04,0,8,0,0,N,4,1,0.5,1,3,1,2.5,0,2,1,79,114
2023-01-10 21:52:11.000,2023-01-10 21:52:15.000,0,0,96.5,0,8,N,1,1,0,1,85,0,2.5,0,2,5,239,142
2023-01-10 22:48:07.000,2023-01-10 22:49:33.000,0.36,1,10.44,0,1.74,N,1,1,0.5,1,3.7,1,2.5,0,2,1,144,261
2023-01-10 22:35:23.000,2023-01-10 22:36:48.000,0.4,1,11.75,0,2.35,N,1,1,0.5,1,4.4,3.5,2.5,0,1,1,164,234
2023-01-10 22:23:46.000,2023-01-10 22:24:13.000,0,1,8,0,0,N,3,0,0.5,1,3,3.5,2.5,0,1,1,170,161
2023-01-10 22:46:03.000,2023-01-10 22:47:31.000,0.46,1,11.28,0,1.88,N,1,1,0.5,1,4.4,1,2.5,0,2,1,158,125
2023-01-10 22:10:44.000,2023-01-10 22:11:58.000,0.41,1,12.22,0,2.82,N,1,1,0.5,1,4.4,1,2.5,0,2,1,90,234
2023-01-10 22:27:34.000,2023-01-10 22:27:45.000,0,0,74,0,0,N,2,1,0.5,1,70,0,2.5,0,2,2,264,144
2023-01-10 22:38:12.000,2023-01-10 22:38:53.000,0.26,0,8.7,0,0,N,2,1,0.5,1,3.7,1,2.5,0,2,1,50,143
2023-01-10 22:31:24.000,2023-01-10 22:31:26.000,0,0,94.5,0,13,N,1,1,0.5,1,80,0,0,0,2,5,140,264
2023-01-10 22:42:25.000,2023-01-10 22:43:11.000,0.17,1,9.6,0,1.6,N,1,1,0.5,1,3,1,2.5,0,2,1,230,100
2023-01-10 22:00:36.000,2023-01-10 22:00:44.000,0,0,56,0,0,N,2,1,0,1,55,0,0,0,2,5,181,228
2023-01-10 22:18:25.000,2023-01-10 22:19:57.000,0.29,1,18.7,0,10,N,1,1,0.5,1,3.7,1,2.5,0,2,1,170,164
2023-01-10 22:11:16.000,2023-01-10 22:12:42.000,0.5,1,11.25,0,1.85,N,1,1,0.5,1,4.4,3.5,2.5,0,1,1,164,161
2023-01-10 22:04:49.000,2023-01-10 22:05:29.000,0.26,1,6.2,0,0,N,2,1,0.5,1,3.7,1,0,0,2,1,75,74
2023-01-10 23:34:35.000,2023-01-10 23:35:00.000,0.1,1,10.5,0,0,N,3,1,0.5,1,3,6,0,0,1,1,70,138
2023-01-10 23:15:21.000,2023-01-10 23:15:32.000,0.12,0,5.5,0,0,N,2,2,0.5,1,3,1,0,0,2,1,226,145
2023-01-10 23:07:22.000,2023-01-10 23:08:47.000,0.1,1,8.7,0,0,N,1,2,0.5,1,3.7,3.5,2.5,0,1,1,170,164
2023-01-10 23:05:05.000,2023-01-10 23:06:55.000,0.51,1,9.4,0,0,N,2,1,0.5,1,4.4,1,2.5,0,2,1,48,50
2023-01-10 23:32:58.000,2023-01-10 23:33:18.000,0,1,8,0,0,N,2,2,0.5,1,3,1,2.5,0,2,1,100,164
2023-01-10 23:39:40.000,2023-01-10 23:39:59.000,0.01,0,8,0,0,N,4,1,0.5,1,3,1,2.5,0,2,1,229,107
2023-01-10 23:53:01.000,2023-01-10 23:54:57.000,0.49,1,11.28,0,1.88,N,1,3,0.5,1,4.4,1,2.5,0,2,1,90,164
2023-01-10 23:46:24.000,2023-01-10 23:47:44.000,0.47,1,9.4,0,0,N,2,1,0.5,1,4.4,1,2.5,0,2,1,211,249
2023-01-11 00:05:59.000,2023-01-11 00:06:33.000,0.02,1,8,0,0,N,4,1,0.5,1,3,1,2.5,0,2,1,170,161
2023-01-11 00:12:12.000,2023-01-11 00:13:43.000,0.54,1,10.4,0,1,N,1,1,0.5,1,4.4,1,2.5,0,2,1,48,50
2023-01-11 00:55:25.000,2023-01-11 00:55:37.000,0,0,99.86,0,16.64,N,1,4,0,1,82.22,0,0,0,2,5,264,170
2023-01-11 00:38:03.000,2023-01-11 00:39:46.000,0.7,1,12.6,0,2.5,N,1,1,0.5,1,5.1,3.5,2.5,0,1,1,141,229
2023-01-11 00:29:20.000,2023-01-11 00:30:24.000,0.6,1,9.4,0,0,N,2,6,0.5,1,4.4,1,2.5,0,2,1,143,239
2023-01-11 00:36:47.000,2023-01-11 00:37:42.000,0.2,1,10.44,0,1.74,N,1,1,0.5,1,3.7,1,2.5,0,2,1,158,90
2023-01-11 00:11:42.000,2023-01-11 00:12:11.000,0.02,1,8,0,0,N,4,1,0.5,1,3,1,2.5,0,2,1,4,79
2023-01-11 01:15:20.000,2023-01-11 01:16:49.000,0.6,1,6.9,0,0,N,1,2,0.5,1,4.4,1,0,0,1,1,177,76
2023-01-11 01:55:53.000,2023-01-11 01:56:06.000,0,1,96.66,6.55,16.11,N,1,1,0.5,1,70,0,2.5,0,2,2,211,125
2023-01-11 01:59:05.000,2023-01-11 02:00:43.000,0.6,1,10.1,0,0,N,2,1,0.5,1,5.1,3.5,2.5,0,1,1,263,141
2023-01-11 01:41:21.000,2023-01-11 01:41:22.000,0,0,85.8,0,14.3,N,1,1,0.5,1,70,0,0,0,2,5,68,264
2023-01-11 01:48:23.000,2023-01-11 01:49:58.000,0.25,1,9.4,0,0,N,2,1,0.5,1,4.4,1,2.5,0,2,1,100,230
2023-01-11 02:29:14.000,2023-01-11 02:29:33.000,0.1,0,10.5,0,0,N,3,0,0.5,1,3,6,0,0,1,1,70,138
2023-01-11 02:16:54.000,2023-01-11 02:16:57.000,0,0,26,0,0,N,1,1,0,1,25,0,0,0,2,5,87,264
2023-01-11 02:49:02.000,2023-01-11 02:50:16.000,0.54,1,11.28,0,1.88,N,1,1,0.5,1,4.4,1,2.5,0,2,1,249,234
2023-01-11 03:01:09.000,2023-01-11 03:01:22.000,0.14,0,11,0,0,N,1,1,0,1,10,0,0,0,2,5,93,134
2023-01-11 03:46:21.000,2023-01-11 03:47:57.000,0.6,1,13.1,0,3,N,1,1,0.5,1,5.1,3.5,2.5,0,1,1,107,170
2023-01-11 04:51:28.000,2023-01-11 04:52:55.000,0.67,1,12.12,0,2.02,N,1,1,0.5,1,5.1,1,2.5,0,2,1,141,262
2023-01-11 04:23:07.000,2023-01-11 04:24:12.000,0.52,1,10.9,0,1.5,N,1,1,0.5,1,4.4,1,2.5,0,2,1,90,186
2023-01-11 04:00:28.000,2023-01-11 04:01:44.000,0.56,1,12.22,0,2.82,N,1,1,0.5,1,4.4,1,2.5,0,2,1,68,186
2023-01-11 04:16:48.000,2023-01-11 04:16:58.000,0,0,140.1,22.75,23.35,N,1,2,0,1,93,0,0,0,2,5,264,1
2023-01-11 04:11:46.000,2023-01-11 04:11:49.000,0.37,0,91.5,0,5,N,1,2,0.5,1,85,0,0,0,2,5,197,264
2023-01-11 04:41:02.000,2023-01-11 04:41:10.000,0,0,8,0,0,Y,3,1,0.5,1,3,3.5,2.5,0,1,1,90,68
2023-01-11 05:10:51.000,2023-01-11 05:10:55.000,0.04,0,107.5,0,21.5,N,1,1,0,1,85,0,0,0,2,5,80,260
2023-01-11 05:30:42.000,2023-01-11 05:31:57.000,0.6,1,9.4,0,0,N,2,1,0.5,1,4.4,3.5,2.5,0,1,1,230,186
2023-01-11 05:56:49.000,2023-01-11 05:57:18.000,0,1,5.5,0,0,N,2,1,0.5,1,3,1,0,0,2,1,257,106
2023-01-11 05:54:01.000,2023-01-11 05:55:48.000,0.71,1,10.1,0,0,N,2,1,0.5,1,5.1,1,2.5,0,2,1,262,140
2023-01-11 05:31:57.000,2023-01-11 05:32:11.000,0,1,145.51,22.76,24.25,N,1,1,0,1,95,0,2.5,0,2,5,264,1
2023-01-11 05:53:20.000,2023-01-11 05:54:41.000,0,1,6.2,0,0,N,2,1,0.5,1,3.7,1,0,0,2,1,41,24
2023-01-11 05:21:24.000,2023-01-11 05:21:35.000,0.01,0,48.5,0,5,N,1,1,0,1,40,0,2.5,0,2,5,230,163
2023-01-11 05:17:24.000,2023-01-11 05:17:26.000,0.83,0,99.6,0,16.6,N,1,2,0,1,82,0,0,0,2,5,132,264
2023-01-11 06:28:12.000,2023-01-11 06:29:14.000,0.3,1,7.7,0,0,N,2,1,0.5,1,3.7,2.5,2.5,0,1,1,164,100
2023-01-11 06:56:31.000,2023-01-11 06:57:59.000,0.47,1,10.08,0,1.68,N,1,1,0.5,1,4.4,0,2.5,0,2,1,262,140
2023-01-11 06:55:12.000,2023-01-11 06:56:40.000,0.1,1,7.7,0,0,N,2,1,0.5,1,3.7,2.5,2.5,0,1,1,140,262
2023-01-11 06:46:12.000,2023-01-11 06:47:33.000,0.45,1,10.08,0,1.68,N,1,1,0.5,1,4.4,0,2.5,0,2,1,161,163
2023-01-11 06:14:09.000,2023-01-11 06:15:48.000,0.6,1,11.35,0,2.25,N,1,1,0.5,1,5.1,2.5,2.5,0,1,1,113,114
2023-01-11 06:49:12.000,2023-01-11 06:50:35.000,0.48,1,10.08,0,1.68,N,1,1,0.5,1,4.4,0,2.5,0,2,1,239,238
2023-01-11 06:21:00.000,2023-01-11 06:22:28.000,0.46,1,10.08,0,1.68,N,1,1,0.5,1,4.4,0,2.5,0,2,1,48,230
2023-01-11 06:12:32.000,2023-01-11 06:13:17.000,0.05,1,7,0,0,N,2,1,0.5,1,3,0,2.5,0,2,1,100,164
2023-01-11 06:45:10.000,2023-01-11 06:46:05.000,0.6,1,79.2,0,13.2,N,1,1,0,1,60,5,0,0,1,5,264,138
2023-01-11 06:33:09.000,2023-01-11 06:34:59.000,0.4,1,8.4,0,0,N,2,1,0.5,1,4.4,0,2.5,0,2,1,239,142
2023-01-11 07:35:08.000,2023-01-11 07:36:26.000,0.21,1,9.24,0,1.54,N,1,1,0.5,1,3.7,0,2.5,0,2,1,246,68
2023-01-11 07:56:19.000,2023-01-11 07:57:55.000,0.67,1,10.92,0,1.82,N,1,1,0.5,1,5.1,0,2.5,0,2,1,239,142
2023-01-11 07:30:07.000,2023-01-11 07:31:57.000,0.34,1,9.4,0,1,N,1,1,0.5,1,4.4,0,2.5,0,2,1,238,239
2023-01-11 07:20:04.000,2023-01-11 07:21:51.000,0.61,1,10.92,0,1.82,N,1,1,0.5,1,5.1,0,2.5,0,2,1,237,236
2023-01-11 06:56:26.000,2023-01-11 06:57:55.000,0.38,1,8.47,0,0.77,N,1,1,0.5,1,3.7,0,2.5,0,2,1,236,75
2023-01-11 07:14:23.000,2023-01-11 07:15:25.000,0.3,1,9.92,0,2.22,N,1,1,0.5,1,3.7,2.5,2.5,0,1,1,137,233
2023-01-11 07:22:29.000,2023-01-11 07:23:54.000,0.4,1,9.4,0,1,N,1,1,0.5,1,4.4,2.5,2.5,0,1,1,237,236
2023-01-11 07:01:30.000,2023-01-11 07:01:32.000,0,0,99.6,0,16.6,N,1,1,0,1,82,0,0,0,2,5,148,264
2023-01-11 07:17:21.000,2023-01-11 07:18:58.000,0.64,1,9.1,0,0,N,2,1,0.5,1,5.1,0,2.5,0,2,1,90,158
2023-01-11 08:51:25.000,2023-01-11 08:52:55.000,0.51,1,9.4,0,1,N,1,1,0.5,1,4.4,0,2.5,0,2,1,234,186
2023-01-11 08:38:02.000,2023-01-11 08:39:54.000,0.62,1,12.1,0,3,N,1,1,0.5,1,5.1,0,2.5,0,2,1,186,90
2023-01-11 08:26:17.000,2023-01-11 08:27:01.000,0.17,1,7,0,0,N,2,1,0.5,1,3,0,2.5,0,2,1,264,230
2023-01-11 08:22:09.000,2023-01-11 08:23:53.000,0.28,1,10.5,0,2.1,N,1,1,0.5,1,4.4,0,2.5,0,2,1,100,186
2023-01-11 08:50:13.000,2023-01-11 08:50:31.000,0.1,0,9.5,0,0,N,3,1,0.5,1,3,5,0,0,1,1,70,138
2023-01-11 08:57:25.000,2023-01-11 08:58:28.000,0.41,1,10.08,0,1.68,N,1,1,0.5,1,4.4,0,2.5,0,2,1,90,234
2023-01-11 08:51:52.000,2023-01-11 08:52:00.000,0,1,7,0,0,N,2,1,0.5,1,3,0,2.5,0,2,1,170,162
2023-01-11 08:36:00.000,2023-01-11 08:37:53.000,0.38,1,9.66,0,1.26,N,1,1,0.5,1,4.4,0,2.5,0,2,1,170,164
2023-01-11 09:17:42.000,2023-01-11 09:18:19.000,0,1,7,0,0,N,3,6,0.5,1,3,0,2.5,0,2,1,140,141
2023-01-11 09:38:25.000,2023-01-11 09:39:52.000,0.41,1,8.4,0,0,N,2,1,0.5,1,4.4,0,2.5,0,2,1,238,239
2023-01-11 09:45:45.000,2023-01-11 09:46:18.000,0,1,7,0,0,N,3,1,0.5,1,3,2.5,2.5,0,1,1,113,234
2023-01-11 09:43:35.000,2023-01-11 09:44:21.000,0.03,1,7,0,0,N,2,1,0.5,1,3,0,2.5,0,2,1,170,137
2023-01-11 09:16:50.000,2023-01-11 09:16:55.000,0.02,0,98.4,0,16.4,N,1,1,0,1,81,0,0,0,2,5,264,194
2023-01-11 09:02:07.000,2023-01-11 09:03:52.000,0.35,1,10.08,0,1.68,N,1,1,0.5,1,4.4,0,2.5,0,2,1,137,170
2023-01-11 09:24:59.000,2023-01-11 09:25:19.000,0.05,1,74,0,0,N,2,1,0.5,1,70,0,2.5,0,2,2,249,158
2023-01-11 09:22:18.000,2023-01-11 09:23:59.000,0.28,1,10.08,0,1.68,N,1,1,0.5,1,4.4,0,2.5,0,2,1,164,230
2023-01-11 10:49:44.000,2023-01-11 10:50:59.000,0,1,7.7,0,0,N,2,2,0.5,1,3.7,2.5,2.5,0,1,1,237,141
2023-01-11 10:19:09.000,2023-01-11 10:20:49.000,0.44,1,9.4,0,1,N,1,1,0.5,1,4.4,0,2.5,0,2,1,140,262
2023-01-11 10:55:11.000,2023-01-11 10:56:35.000,0.3,1,7.7,0,0,N,2,1,0.5,1,3.7,2.5,2.5,0,1,1,151,238
2023-01-11 10:38:27.000,2023-01-11 10:38:30.000,0.01,0,71.5,0,0,N,2,1,0.5,1,70,0,0,0,2,2,231,264
2023-01-11 10:58:03.000,2023-01-11 10:59:48.000,0.4,1,10.5,0,2.1,N,1,0,0.5,1,4.4,2.5,2.5,0,1,1,263,236
2023-01-11 10:41:12.000,2023-01-11 10:41:40.000,0.02,0,7,0,0,N,2,1,0.5,1,3,0,2.5,0,2,1,79,224
2023-01-11 10:23:02.000,2023-01-11 10:23:07.000,0.01,0,74,0,0,N,2,3,0.5,1,70,0,2.5,0,2,2,68,100
2023-01-11 11:05:23.000,2023-01-11 11:05:30.000,0,0,4.5,0,0,N,2,1,0.5,1,3,0,0,0,2,1,193,7
2023-01-11 11:40:47.000,2023-01-11 11:41:07.000,0.03,1,74,0,0,N,4,1,0.5,1,70,0,2.5,0,2,2,262,263
2023-01-11 11:31:13.000,2023-01-11 11:31:56.000,0.1,0,8,0,1,N,1,0,0.5,1,3,2.5,2.5,0,1,1,249,68
2023-01-11 11:14:04.000,2023-01-11 11:15:38.000,0.2,1,7.7,0,0,N,2,1,0.5,1,3.7,2.5,2.5,0,1,1,239,142
2023-01-11 11:43:43.000,2023-01-11 11:43:58.000,0,0,7,0,0,N,4,1,0.5,1,3,0,2.5,0,2,1,79,234
2023-01-11 11:33:02.000,2023-01-11 11:34:52.000,0.35,1,9.66,0,1.26,N,1,1,0.5,1,4.4,0,2.5,0,2,1,141,236
2023-01-11 11:19:29.000,2023-01-11 11:20:52.000,0.6,1,11.3,0,2.2,N,1,1,0.5,1,5.1,0,2.5,0,2,1,239,236
2023-01-11 11:18:31.000,2023-01-11 11:19:38.000,0.18,1,7.7,0,0,N,2,1,0.5,1,3.7,0,2.5,0,2,1,263,236
2023-01-11 12:36:54.000,2023-01-11 12:37:46.000,0,1,18.7,0,0,N,1,1,0.5,1,17.2,0,0,0,1,1,233,170
2023-01-11 12:06:09.000,2023-01-11 12:07:10.000,0.2,1,9.24,0,1.54,N,1,1,0.5,1,3.7,0,2.5,0,2,1,140,262
2023-01-11 12:52:03.000,2023-01-11 12:53:07.000,0.12,1,5.2,0,0,N,2,1,0.5,1,3.7,0,0,0,2,1,74,42
2023-01-11 12:07:00.000,2023-01-11 12:08:42.000,0.34,1,9.4,0,1,N,1,1,0.5,1,4.4,0,2.5,0,2,1,237,163
2023-01-11 12:49:41.000,2023-01-11 12:50:57.000,0.23,1,7.7,0,0,N,1,1,0.5,1,3.7,0,2.5,0,2,1,162,170
2023-01-11 12:21:26.000,2023-01-11 12:21:29.000,0,0,71.5,0,0,N,2,3,0.5,1,70,0,0,0,2,2,236,264
2023-01-11 12:00:46.000,2023-01-11 12:01:22.000,0.21,1,7.7,0,0,N,4,1,0.5,1,3.7,0,2.5,0,2,1,211,148
2023-01-11 12:22:19.000,2023-01-11 12:22:25.000,0.01,0,101.4,0,16.9,N,1,1,0,1,81,0,2.5,0,2,5,163,230
2023-01-11 12:10:17.000,2023-01-11 12:10:20.000,0,0,89.38,0,17.88,N,1,1,0.5,1,70,0,0,0,2,2,132,264
2023-01-11 12:22:25.000,2023-01-11 12:23:56.000,0.45,1,10.4,0,2,N,1,1,0.5,1,4.4,0,2.5,0,2,1,263,236
2023-01-11 12:39:03.000,2023-01-11 12:40:43.000,0.34,1,10.5,0,2.1,N,1,1,0.5,1,4.4,0,2.5,0,2,1,142,239
2023-01-11 12:47:00.000,2023-01-11 12:48:38.000,0.05,1,9.24,0,1.54,N,1,1,0.5,1,3.7,0,2.5,0,2,1,164,100
2023-01-11 12:29:51.000,2023-01-11 12:30:57.000,0.31,1,7.7,0,0,N,2,1,0.5,1,3.7,0,2.5,0,2,1,239,238
2023-01-11 12:49:33.000,2023-01-11 12:49:43.000,0.12,0,103.2,0,17.2,N,1,1,0,1,85,0,0,0,2,5,197,216
2023-01-11 13:01:23.000,2023-01-11 13:01:25.000,0,0,101.25,0,20.25,N,1,1,0,1,80,0,0,0,2,5,132,264
2023-01-11 13:59:52.000,2023-01-11 14:00:57.000,0,1,12.7,0,5,N,1,0,0.5,1,3.7,2.5,2.5,0,1,1,161,162
2023-01-11 13:47:07.000,2023-01-11 13:47:30.000,0.28,0,18.3,13.1,0,N,2,2,0.5,1,3.7,0,0,0,2,1,6,14
2023-01-11 13:32:28.000,2023-01-11 13:33:46.000,0.25,1,10.01,0,2.31,N,1,6,0.5,1,3.7,0,2.5,0,2,1,239,238
2023-01-11 13:20:29.000,2023-01-11 13:20:35.000,0,0,104.4,0,17.4,N,1,2,0,1,86,0,0,0,2,5,264,170
2023-01-11 13:50:03.000,2023-01-11 13:50:11.000,0,0,72.6,0,12.1,N,1,2,0,1,57,0,2.5,0,2,5,148,144
2023-01-11 13:28:59.000,2023-01-11 13:29:02.000,0,1,5.85,0,1.35,N,1,1,0.5,1,3,0,0,0,2,1,163,264
2023-01-11 13:13:13.000,2023-01-11 13:14:27.000,0.24,1,7.7,0,0,N,2,1,0.5,1,3.7,0,2.5,0,2,1,48,50
2023-01-11 13:03:15.000,2023-01-11 13:04:49.000,0.42,1,10.08,0,1.68,N,1,1,0.5,1,4.4,0,2.5,0,2,1,90,249
2023-01-11 13:16:59.000,2023-01-11 13:17:48.000,0.05,1,7,0,0,N,3,2,0.5,1,3,0,2.5,0,2,1,161,162
2023-01-11 13:43:07.000,2023-01-11 13:43:28.000,0,0,72.75,0,0,N,2,1,0.5,1,70,0,0,1.25,2,2,138,264
2023-01-11 13:48:18.000,2023-01-11 13:49:52.000,0.38,1,7.7,0,0,N,3,1,0.5,1,3.7,0,2.5,0,2,1,90,234
2023-01-11 13:40:29.000,2023-01-11 13:40:46.000,0,0,4.5,0,0,N,2,1,0.5,1,3,0,0,0,2,1,264,166
2023-01-11 14:34:12.000,2023-01-11 14:35:23.000,0.3,1,7.7,0,0,N,2,1,0.5,1,3.7,2.5,2.5,0,1,1,161,164
2023-01-11 14:59:07.000,2023-01-11 15:00:22.000,0.4,1,10,0,2.3,N,1,1,0.5,1,3.7,2.5,2.5,0,1,1,143,239
2023-01-11 14:46:08.000,2023-01-11 14:47:36.000,0.2,1,5.9,0,0,N,2,1,0.5,1,4.4,0,0,0,1,1,151,24
2023-01-11 14:13:30.000,2023-01-11 14:14:52.000,0.17,1,7.7,0,0,N,3,1,0.5,1,3.7,0,2.5,0,2,1,170,233
2023-01-11 14:32:44.000,2023-01-11 14:33:13.000,0.05,1,7,0,0,N,4,1,0.5,1,3,0,2.5,0,2,1,140,141
2023-01-11 14:21:56.000,2023-01-11 14:22:13.000,0,1,7,0,0,N,3,1,0.5,1,3,2.5,2.5,0,1,1,141,237
2023-01-11 14:00:42.000,2023-01-11 14:01:19.000,0,1,7,0,0,N,2,1,0.5,1,3,0,2.5,0,2,1,236,43
2023-01-11 14:52:15.000,2023-01-11 14:52:28.000,0.06,0,74,0,0,N,2,1,0.5,1,70,0,2.5,0,2,2,90,234
2023-01-11 14:19:10.000,2023-01-11 14:19:40.000,0.03,0,7,0,0,N,3,1,0.5,1,3,0,2.5,0,2,1,141,236
2023-01-11 14:16:03.000,2023-01-11 14:17:42.000,0.38,1,8.4,0,0,N,2,1,0.5,1,4.4,0,2.5,0,2,1,237,141
2023-01-11 14:16:15.000,2023-01-11 14:17:52.000,0.17,1,7.7,0,0,N,2,1,0.5,1,3.7,0,2.5,0,2,1,230,161
2023-01-11 14:45:18.000,2023-01-11 14:46:55.000,0.2,1,7.7,0,0,N,2,1,0.5,1,3.7,2.5,2.5,0,1,1,48,50
2023-01-11 14:29:08.000,2023-01-11 14:29:53.000,0.26,0,7.7,0,0,N,2,1,0.5,1,3.7,0,2.5,0,2,1,229,162
2023-01-11 14:29:50.000,2023-01-11 14:29:53.000,0.51,0,51.3,0,2,N,1,0,0.5,1,47.8,0,0,0,2,5,17,264
2023-01-11 14:16:24.000,2023-01-11 14:17:10.000,0.18,1,7.7,0,0,N,4,1,0.5,1,3.7,0,2.5,0,2,1,238,239
2023-01-11 14:35:38.000,2023-01-11 14:36:03.000,0,1,83.11,0,1.11,N,1,2,0,1,81,0,0,0,2,5,132,264
2023-01-11 14:41:59.000,2023-01-11 14:42:02.000,0,1,99.6,0,16.6,N,1,4,0,1,82,0,0,0,2,5,100,264
2023-01-01 22:08:04.000,2023-01-01 22:09:12.000,0.06,1,8.7,0,0,N,2,1,0.5,1,3.7,1,2.5,0,2,1,48,142
2023-01-01 22:09:53.000,2023-01-01 22:10:28.000,0.13,1,8,0,0,N,2,1,0.5,1,3,1,2.5,0,2,1,236,263
2023-01-01 22:49:37.000,2023-01-01 22:50:58.000,0.3,1,8.7,0,0,N,2,1,0.5,1,3.7,3.5,2.5,0,1,1,48,50
2023-01-01 22:55:09.000,2023-01-01 22:56:48.000,0.44,1,9.4,0,0,N,2,1,0.5,1,4.4,1,2.5,0,2,1,186,100
2023-01-01 22:31:03.000,2023-01-01 22:32:02.000,0.1,1,97.15,7,16.15,N,1,0,0.5,1,70,2.5,2.5,0,1,2,140,141
2023-01-01 22:09:01.000,2023-01-01 22:10:55.000,0.62,1,10.1,0,0,N,2,1,0.5,1,5.1,1,2.5,0,2,1,143,239
2023-01-01 22:24:54.000,2023-01-01 22:25:47.000,0.1,1,8.7,0,0,N,3,1,0.5,1,3.7,3.5,2.5,0,1,1,158,249
2023-01-01 22:53:30.000,2023-01-01 22:54:58.000,0.42,1,11.28,0,1.88,N,1,2,0.5,1,4.4,1,2.5,0,2,1,113,144
2023-01-01 22:28:20.000,2023-01-01 22:28:28.000,0,0,19.5,0,1,N,1,2,0,1,15,0,2.5,0,2,5,161,230
2023-01-01 22:17:20.000,2023-01-01 22:18:48.000,0.5,1,9.4,0,0,N,2,1,0.5,1,4.4,3.5,2.5,0,1,1,107,79
2023-01-01 22:21:48.000,2023-01-01 22:22:53.000,0.4,1,11.25,0,1.85,N,1,2,0.5,1,4.4,3.5,2.5,0,1,1,48,163
2023-01-01 23:36:05.000,2023-01-01 23:37:47.000,0.7,1,11.62,0,1.52,N,1,1,0.5,1,5.1,1,2.5,0,2,1,263,141
2023-01-01 23:56:13.000,2023-01-01 23:56:58.000,0.3,0,8.7,0,0,N,2,4,0.5,1,3.7,1,2.5,0,2,1,100,186
2023-01-01 23:52:25.000,2023-01-01 23:53:58.000,0.59,1,9.4,0,0,N,2,1,0.5,1,4.4,1,2.5,0,2,1,75,263
2023-01-01 23:44:57.000,2023-01-01 23:44:59.000,0,0,101,0,15,N,1,1,0,1,85,0,0,0,2,5,79,264
2023-01-01 23:19:34.000,2023-01-01 23:20:47.000,0.32,1,8.06,0,1.86,N,1,1,0.5,1,3.7,1,0,0,2,1,238,151
2023-01-01 23:41:51.000,2023-01-01 23:41:59.000,0.02,0,74,0,0,N,4,1,0.5,1,70,0,2.5,0,2,2,48,68
2023-01-01 23:35:07.000,2023-01-01 23:35:10.000,0,0,73.8,0,12.3,N,1,1,0.5,1,60,0,0,0,2,5,33,264
2023-01-02 00:35:31.000,2023-01-02 00:36:33.000,0.42,1,11.28,0,1.88,N,1,5,0.5,1,4.4,1,2.5,0,2,1,263,141
2023-01-02 00:19:05.000,2023-01-02 00:19:08.000,0,0,99,0,16.5,N,1,1,0.5,1,81,0,0,0,2,5,68,264
2023-01-02 00:38:24.000,2023-01-02 00:39:44.000,0.17,1,8.7,0,0,N,3,1,0.5,1,3.7,1,2.5,0,2,1,230,100
2023-01-02 00:15:29.000,2023-01-02 00:16:32.000,0.3,1,8.7,0,0,N,3,1,0.5,1,3.7,3.5,2.5,0,1,1,230,48
2023-01-02 01:01:06.000,2023-01-02 01:02:52.000,0.2,1,12.7,0,4,N,1,1,0.5,1,3.7,3.5,2.5,0,1,1,48,230
2023-01-02 01:14:19.000,2023-01-02 01:15:40.000,0.43,1,11.28,0,1.88,N,1,1,0.5,1,4.4,1,2.5,0,2,1,249,68
2023-01-02 02:27:33.000,2023-01-02 02:28:22.000,0.3,1,8.63,0,1.13,N,1,2,0.5,1,3,3,2.5,0,1,1,142,239
2023-01-02 02:00:16.000,2023-01-02 02:01:38.000,0.4,1,11.3,0,2.6,N,1,2,0.5,1,3.7,3.5,2.5,0,1,1,141,140
2023-01-02 02:21:19.000,2023-01-02 02:22:54.000,0.59,1,12.12,0,2.02,N,1,4,0.5,1,5.1,1,2.5,0,2,1,113,90
2023-01-02 03:45:19.000,2023-01-02 03:46:04.000,0.35,1,8.7,0,0,N,2,3,0.5,1,3.7,1,2.5,0,2,1,164,234
2023-01-02 03:39:01.000,2023-01-02 03:40:22.000,0.44,1,11.28,0,1.88,N,1,2,0.5,1,4.4,1,2.5,0,2,1,211,231
2023-01-02 03:52:18.000,2023-01-02 03:53:40.000,0.5,1,9.4,0,0,N,2,1,0.5,1,4.4,3.5,2.5,0,1,1,48,68
2023-01-02 04:54:39.000,2023-01-02 04:54:41.000,0,0,4.5,0,0,N,2,1,0.5,0.3,3,1,0,0,2,1,237,264
2023-01-02 05:48:37.000,2023-01-02 05:48:40.000,0,0,126.5,0,0,N,1,2,0.5,1,125,0,0,0,2,5,1,264
2023-01-02 05:58:29.000,2023-01-02 05:58:35.000,0,0,41,0,0,N,1,3,0,1,40,0,0,0,2,5,47,69
2023-01-02 05:54:22.000,2023-01-02 05:55:53.000,0.63,1,10.1,0,0,N,2,1,0.5,1,5.1,1,2.5,0,2,1,107,137
2023-01-02 06:58:20.000,2023-01-02 06:58:37.000,17.94,0,5.75,0,0,N,2,1,0.5,1,3,0,0,1.25,2,1,132,264
2023-01-02 06:58:22.000,2023-01-02 06:59:52.000,0.35,1,5.9,0,0,N,2,1,0.5,1,4.4,0,0,0,2,1,24,43
2023-01-02 06:48:07.000,2023-01-02 06:49:23.000,0.15,1,9.24,0,1.54,N,1,1,0.5,1,3.7,0,2.5,0,2,1,186,68
2023-01-02 06:43:36.000,2023-01-02 06:44:53.000,0.52,1,10.08,0,1.68,N,1,3,0.5,1,4.4,0,2.5,0,2,1,237,236
2023-01-02 06:19:19.000,2023-01-02 06:20:44.000,0.48,1,10.92,0,2.52,N,1,1,0.5,1,4.4,0,2.5,0,2,1,163,142
2023-01-02 06:39:02.000,2023-01-02 06:40:33.000,0.67,1,9.1,0,0,N,2,1,0.5,1,5.1,0,2.5,0,2,1,107,170
2023-01-02 06:57:12.000,2023-01-02 06:58:30.000,0.57,1,10.92,0,2.52,N,1,1,0.5,1,4.4,0,2.5,0,2,1,229,141
2023-01-02 06:54:39.000,2023-01-02 06:55:02.000,0,1,16,0,0,N,2,4,0,1,15,0,0,0,2,5,10,216
2023-01-02 06:59:09.000,2023-01-02 07:00:32.000,0.36,1,7.08,0,1.18,N,1,1,0.5,1,4.4,0,0,0,2,1,151,238
2023-01-02 07:50:31.000,2023-01-02 07:51:40.000,0.43,1,9.9,0,1.5,N,1,1,0.5,1,4.4,0,2.5,0,2,1,237,236
2023-01-02 07:01:49.000,2023-01-02 07:02:56.000,0.47,1,10.08,0,1.68,N,1,1,0.5,1,4.4,0,2.5,0,2,1,48,68
2023-01-02 07:57:59.000,2023-01-02 07:58:03.000,0.02,1,88,0,8,N,1,1,0,1,79,0,0,0,2,5,66,65
2023-01-02 07:42:00.000,2023-01-02 07:43:57.000,0.76,1,10.92,0,1.82,N,1,1,0.5,1,5.1,0,2.5,0,2,1,137,79
2023-01-02 07:50:05.000,2023-01-02 07:51:54.000,0.67,1,10.1,0,1,N,1,1,0.5,1,5.1,0,2.5,0,2,1,239,142
2023-01-02 07:52:37.000,2023-01-02 07:53:29.000,0.3,1,9.2,0,1.5,N,1,0,0.5,1,3.7,2.5,2.5,0,1,1,236,237
2023-01-02 07:12:06.000,2023-01-02 07:13:46.000,0.71,1,10.1,0,1,N,1,1,0.5,1,5.1,0,2.5,0,2,1,264,140
2023-01-02 07:42:48.000,2023-01-02 07:43:23.000,0.27,1,7.7,0,0,N,1,1,0.5,1,3.7,0,2.5,0,2,1,90,68
2023-01-02 07:19:33.000,2023-01-02 07:20:46.000,0.3,1,8.7,0,1,N,1,1,0.5,1,3.7,2.5,2.5,0,1,1,170,164
2023-01-02 07:07:04.000,2023-01-02 07:08:38.000,0.88,1,9.8,0,0,N,4,1,0.5,1,5.8,0,2.5,0,2,1,132,216
2023-01-02 08:19:29.000,2023-01-02 08:20:55.000,0.26,1,9.24,0,1.54,N,1,1,0.5,1,3.7,0,2.5,0,2,1,249,68
2023-01-02 08:13:53.000,2023-01-02 08:14:15.000,0,1,81.8,6.55,0,N,1,1,0.5,1,70,0,2.5,1.25,2,2,264,107
2023-01-02 08:23:15.000,2023-01-02 08:24:57.000,0.34,1,8.4,0,0,N,2,1,0.5,1,4.4,0,2.5,0,2,1,170,137
2023-01-02 08:57:34.000,2023-01-02 08:58:32.000,0.32,1,9.7,0,2,N,1,1,0.5,1,3.7,0,2.5,0,2,1,239,142
2023-01-02 08:21:01.000,2023-01-02 08:21:30.000,0.1,0,125.2,21.7,3,N,1,2,0,1,97,0,2.5,0,2,5,264,1
2023-01-02 08:43:00.000,2023-01-02 08:44:31.000,0.7,1,9.1,0,0,N,2,1,0.5,1,5.1,0,2.5,0,2,1,50,246
2023-01-02 08:00:44.000,2023-01-02 08:01:59.000,0.46,1,9.65,0,1.25,N,1,1,0.5,1,4.4,0,2.5,0,2,1,238,239
2023-01-02 08:32:01.000,2023-01-02 08:33:09.000,0.45,1,5.9,0,0,N,2,1,0.5,1,4.4,0,0,0,2,1,75,74
2023-01-02 08:29:40.000,2023-01-02 08:30:59.000,0.61,1,6.6,0,0,N,2,1,0.5,1,5.1,0,0,0,2,1,166,24
2023-01-02 08:10:29.000,2023-01-02 08:10:39.000,0.12,0,98.1,0,16.35,N,1,2,0,1,80.75,0,0,0,2,5,216,132
2023-01-02 08:39:33.000,2023-01-02 08:40:01.000,0,1,24,0,0,N,3,1,0,1,23,0,0,0,2,3,230,48
2023-01-02 08:19:03.000,2023-01-02 08:20:57.000,0.72,1,13.1,0,4,N,1,2,0.5,1,5.1,0,2.5,0,2,1,249,234
2023-01-02 09:20:17.000,2023-01-02 09:21:54.000,0.6,1,9.1,0,0,N,2,1,0.5,1,5.1,2.5,2.5,0,1,1,238,239
2023-01-02 09:49:45.000,2023-01-02 09:50:56.000,0.4,1,9.4,0,1,N,1,1,0.5,1,4.4,2.5,2.5,0,1,1,137,233
2023-01-02 09:09:16.000,2023-01-02 09:09:29.000,0.1,0,9.5,0,0,N,4,2,0.5,1,3,5,0,0,1,1,70,138
2023-01-02 09:49:19.000,2023-01-02 09:50:33.000,0.52,1,10.5,0,2.1,N,1,2,0.5,1,4.4,0,2.5,0,2,1,236,263
2023-01-02 09:28:25.000,2023-01-02 09:29:49.000,0.45,1,10.08,0,1.68,N,1,2,0.5,1,4.4,0,2.5,0,2,1,141,237
2023-01-02 09:02:03.000,2023-01-02 09:03:44.000,0.4,1,8.4,0,0,N,2,1,0.5,1,4.4,2.5,2.5,0,1,1,237,163
2023-01-02 09:55:27.000,2023-01-02 09:56:56.000,0.51,1,10,0,1.6,N,1,1,0.5,1,4.4,0,2.5,0,2,1,263,141
2023-01-02 09:15:06.000,2023-01-02 09:16:40.000,0.53,1,8.4,0,0,N,2,1,0.5,1,4.4,0,2.5,0,2,1,264,239
2023-01-02 09:28:04.000,2023-01-02 09:29:55.000,0.8,1,10.92,0,1.82,N,1,1,0.5,1,5.1,0,2.5,0,2,1,125,113
2023-01-02 09:46:06.000,2023-01-02 09:47:53.000,0.6,1,10.9,0,1.8,N,1,1,0.5,1,5.1,2.5,2.5,0,1,1,151,238
2023-01-02 09:40:00.000,2023-01-02 09:41:31.000,0.3,1,7.7,0,0,N,2,1,0.5,1,3.7,2.5,2.5,0,1,1,107,234
2023-01-02 09:13:58.000,2023-01-02 09:14:58.000,0.48,1,76.8,0,12.8,N,1,3,0,1,63,0,0,0,2,5,145,193
2023-01-02 09:39:22.000,2023-01-02 09:40:40.000,0.31,1,7.7,0,0,N,3,3,0.5,1,3.7,0,2.5,0,2,1,161,43
2023-01-02 09:05:08.000,2023-01-02 09:06:40.000,0.43,1,9.4,0,1,N,1,2,0.5,1,4.4,0,2.5,0,2,1,170,161
2023-01-02 09:51:03.000,2023-01-02 09:52:07.000,0.8,1,9.8,0,0,N,2,1,0.5,1,5.8,2.5,2.5,0,1,1,236,263
2023-01-02 09:31:29.000,2023-01-02 09:32:22.000,0.33,1,8.7,0,1,N,1,1,0.5,1,3.7,0,2.5,0,2,1,140,263
2023-01-02 09:15:37.000,2023-01-02 09:15:40.000,1.1,0,83,0,0,N,1,2,0,1,82,0,0,0,2,5,216,264
2023-01-02 09:46:09.000,2023-01-02 09:46:12.000,0.08,0,109.38,0,21.88,N,1,1,0.5,1,86,0,0,0,2,5,132,264
2023-01-02 10:48:17.000,2023-01-02 10:49:43.000,0.56,1,9.4,0,1,N,1,1,0.5,1,4.4,0,2.5,0,2,1,162,229
2023-01-02 10:09:31.000,2023-01-02 10:10:53.000,0.49,1,10.08,0,1.68,N,1,1,0.5,1,4.4,0,2.5,0,2,1,170,107
2023-01-02 10:34:02.000,2023-01-02 10:35:23.000,0.18,1,9.24,0,1.54,N,1,1,0.5,1,3.7,0,2.5,0,2,1,236,237
2023-01-02 10:57:04.000,2023-01-02 10:58:59.000,0.29,1,8.4,0,0,N,1,2,0.5,1,4.4,0,2.5,0,2,1,79,113
2023-01-02 10:18:08.000,2023-01-02 10:19:54.000,0.3,1,8.7,0,1,N,1,0,0.5,1,3.7,2.5,2.5,0,1,1,234,113
2023-01-02 10:18:49.000,2023-01-02 10:18:55.000,0.05,0,24,0,0,N,2,3,0,1,23,0,0,0,2,3,132,10
2023-01-02 10:28:55.000,2023-01-02 10:28:59.000,0,0,7,0,0,N,4,1,0.5,1,3,0,2.5,0,2,1,231,211
2023-01-02 10:17:18.000,2023-01-02 10:18:42.000,0.4,1,5.9,0,0,Y,2,1,0.5,1,4.4,0,0,0,1,1,24,151
2023-01-02 10:44:23.000,2023-01-02 10:45:43.000,0.5,1,10.05,0,1.65,N,1,1,0.5,1,4.4,2.5,2.5,0,1,1,107,79
2023-01-02 10:04:21.000,2023-01-02 10:05:55.000,0.4,1,10.05,0,1.65,N,1,3,0.5,1,4.4,2.5,2.5,0,1,1,238,239
2023-01-02 10:49:23.000,2023-01-02 10:49:29.000,0.05,0,24,0,0,N,2,2,0,1,23,0,0,0,2,3,70,138
2023-01-02 10:45:05.000,2023-01-02 10:46:45.000,0.5,1,8.4,0,0,N,2,1,0.5,1,4.4,2.5,2.5,0,1,1,141,237
2023-01-02 10:09:39.000,2023-01-02 10:10:45.000,0.45,1,8.4,0,0,N,4,2,0.5,1,4.4,0,2.5,0,2,1,90,186
2023-01-02 10:28:24.000,2023-01-02 10:28:26.000,0,0,93,0,5,N,1,1,0,1,87,0,0,0,2,5,166,264
2023-01-02 10:47:42.000,2023-01-02 10:48:56.000,0.02,1,7.7,0,0,N,2,1,0.5,1,3.7,0,2.5,0,2,1,263,75
2023-01-02 11:06:00.000,2023-01-02 11:07:55.000,0.66,1,10.92,0,1.82,N,1,2,0.5,1,5.1,0,2.5,0,2,1,234,113
2023-01-02 11:52:01.000,2023-01-02 11:53:48.000,0.2,1,7.7,0,0,N,2,1,0.5,1,3.7,2.5,2.5,0,1,1,246,50
2023-01-26 22:33:03.000,2023-01-26 22:34:42.000,0.48,1,9.4,0,0,N,2,2,0.5,1,4.4,1,2.5,0,2,1,239,238
2023-01-26 22:54:25.000,2023-01-26 22:55:27.000,0.1,1,8,0,0,N,4,1,0.5,1,3,3.5,2.5,0,1,1,230,48
2023-01-26 22:11:25.000,2023-01-26 22:11:28.000,0,0,21.5,0,0,N,2,2,0.5,1,20,0,0,0,2,5,246,264
2023-01-26 22:17:24.000,2023-01-26 22:18:41.000,0.1,1,8.7,0,0,N,2,1,0.5,1,3.7,1,2.5,0,2,1,163,161
2023-01-26 22:12:51.000,2023-01-26 22:12:56.000,0,0,5.63,0,0.13,N,3,1,0.5,1,3,1,0,0,2,1,7,193
2023-01-26 22:39:01.000,2023-01-26 22:40:56.000,0.38,1,11.28,0,1.88,N,1,1,0.5,1,4.4,1,2.5,0,2,1,114,90
2023-01-26 22:53:25.000,2023-01-26 22:54:16.000,0.31,1,8.7,0,0,N,2,1,0.5,1,3.7,1,2.5,0,2,1,90,186
2023-01-26 22:12:07.000,2023-01-26 22:12:12.000,0,0,74,0,0,N,3,2,0.5,1,70,0,2.5,0,2,2,113,249
2023-01-26 22:14:16.000,2023-01-26 22:15:52.000,0.61,1,12.12,0,2.02,N,1,1,0.5,1,5.1,1,2.5,0,2,1,79,107
2023-01-26 22:08:00.000,2023-01-26 22:09:52.000,0.4,1,10.81,0,1.41,N,1,1,0.5,1,4.4,3.5,2.5,0,1,1,142,143
2023-01-26 22:44:21.000,2023-01-26 22:45:31.000,0,1,11.31,0,2.61,N,1,2,0.5,1,3.7,1,2.5,0,2,1,249,90
2023-01-26 22:55:14.000,2023-01-26 22:56:44.000,0.3,1,8.7,0,0,N,1,1,0.5,1,3.7,3.5,2.5,0,1,1,107,137
2023-01-26 22:11:04.000,2023-01-26 22:12:56.000,0.78,1,12.12,0,2.02,N,1,1,0.5,1,5.1,1,2.5,0,2,1,141,236
2023-01-26 22:28:08.000,2023-01-26 22:29:46.000,0.42,1,12.22,0,2.82,N,1,1,0.5,1,4.4,1,2.5,0,2,1,249,90
2023-01-26 22:07:02.000,2023-01-26 22:08:46.000,0.23,1,10,0,1.3,N,1,2,0.5,1,3.7,1,2.5,0,2,1,114,79
2023-01-26 23:08:21.000,2023-01-26 23:08:31.000,0,0,95.55,0,22.05,N,1,3,0,1,70,0,2.5,0,2,5,148,79
2023-01-26 23:28:57.000,2023-01-26 23:29:53.000,0.31,1,11.31,0,2.61,N,1,1,0.5,1,3.7,1,2.5,0,2,1,230,100
2023-01-26 23:39:18.000,2023-01-26 23:40:58.000,0.3,1,8.7,0,0,N,2,1,0.5,1,3.7,3.5,2.5,0,1,1,233,162
2023-01-26 23:03:42.000,2023-01-26 23:04:23.000,0.26,1,10.44,0,1.74,N,1,1,0.5,1,3.7,1,2.5,0,2,1,231,211
2023-01-26 23:36:18.000,2023-01-26 23:36:23.000,0.02,0,5.5,0,0,N,3,1,0.5,1,3,1,0,0,2,1,74,75
2023-01-26 23:55:15.000,2023-01-26 23:55:38.000,0.01,0,8,0,0,N,2,1,0.5,1,3,1,2.5,0,2,1,48,230
2023-01-26 23:53:24.000,2023-01-26 23:54:53.000,0.37,1,8.7,0,0,N,4,1,0.5,1,3.7,1,2.5,0,2,1,229,141
2023-01-26 23:20:39.000,2023-01-26 23:20:50.000,0.01,0,8,0,0,N,3,1,0.5,1,3,1,2.5,0,2,1,224,113
2023-01-26 23:11:09.000,2023-01-26 23:12:51.000,0.2,1,6.2,0,0,N,2,1,0.5,1,3.7,1,0,0,1,1,147,126
2023-01-26 23:51:37.000,2023-01-26 23:51:45.000,0,0,72.75,0,0,N,2,1,0.5,1,70,0,0,1.25,2,2,132,230
2023-01-26 23:32:48.000,2023-01-26 23:33:37.000,0.43,1,9.4,0,0,N,2,1,0.5,1,4.4,1,2.5,0,2,1,233,140
2023-01-26 23:24:47.000,2023-01-26 23:25:07.000,17.62,1,91.8,6.55,10,N,1,1,0.5,1,70,0,2.5,1.25,2,2,107,224
2023-01-26 23:14:22.000,2023-01-26 23:15:48.000,0.41,1,11.28,0,1.88,N,1,1,0.5,1,4.4,1,2.5,0,2,1,162,170
2023-01-26 23:05:02.000,2023-01-26 23:06:22.000,0.35,1,10.88,0,2.18,N,1,2,0.5,1,3.7,1,2.5,0,2,1,141,140
2023-01-27 00:08:19.000,2023-01-27 00:09:28.000,0.32,1,10.44,0,1.74,N,1,1,0.5,1,3.7,1,2.5,0,2,1,68,100
2023-01-27 00:04:05.000,2023-01-27 00:05:24.000,0.06,1,10.88,0,2.18,N,1,1,0.5,1,3.7,1,2.5,0,2,1,68,186
2023-01-27 00:49:23.000,2023-01-27 00:49:40.000,0.09,0,33.5,0,1,N,1,1,0,1,29,0,2.5,0,2,5,114,112
2023-01-27 00:45:00.000,2023-01-27 00:46:16.000,0.05,1,8.7,0,0,N,4,2,0.5,1,3.7,1,2.5,0,2,1,164,234
2023-01-27 00:23:25.000,2023-01-27 00:24:12.000,0.19,1,9.7,0,1,N,1,1,0.5,1,3.7,1,2.5,0,2,1,107,229
2023-01-27 00:42:14.000,2023-01-27 00:42:57.000,0.23,0,8.7,0,0,N,3,1,0.5,1,3.7,1,2.5,0,2,1,161,164
2023-01-27 00:46:19.000,2023-01-27 00:47:51.000,0.49,1,9.4,0,0,N,2,6,0.5,1,4.4,1,2.5,0,2,1,107,137
2023-01-27 00:08:34.000,2023-01-27 00:09:52.000,0.33,1,10.44,0,1.74,N,1,1,0.5,1,3.7,1,2.5,0,2,1,68,90
2023-01-27 00:05:02.000,2023-01-27 00:06:18.000,0.37,1,10.6,0,1.2,N,1,1,0.5,1,4.4,1,2.5,0,2,1,170,233
2023-01-27 00:38:26.000,2023-01-27 00:39:35.000,0.44,1,11.28,0,1.88,N,1,1,0.5,1,4.4,1,2.5,0,2,1,107,79
2023-01-27 00:20:14.000,2023-01-27 00:21:38.000,0.16,1,10.88,0,2.18,N,1,1,0.5,1,3.7,1,2.5,0,2,1,114,249
2023-01-27 00:01:43.000,2023-01-27 00:02:02.000,0,1,11.75,0,0,N,2,1,0.5,1,3,6,0,1.25,2,1,138,70
2023-01-27 00:58:29.000,2023-01-27 00:59:55.000,0.43,1,11.28,0,1.88,N,1,1,0.5,1,4.4,1,2.5,0,2,1,90,234
2023-01-27 00:00:50.000,2023-01-27 00:00:53.000,0,0,6.88,0,1.38,N,1,1,0.5,1,3,1,0,0,2,1,234,264
2023-01-27 00:52:01.000,2023-01-27 00:52:47.000,0,0,8,0,0,N,4,3,0.5,1,3,1,2.5,0,2,1,164,230
2023-01-27 01:04:11.000,2023-01-27 01:04:38.000,0,0,5.5,0,0,N,3,1,0.5,1,3,1,0,0,1,1,112,80
2023-01-27 01:36:10.000,2023-01-27 01:37:36.000,0.1,1,9.5,0,0.8,N,1,1,0.5,1,3.7,3.5,2.5,0,1,1,137,170
2023-01-27 01:08:32.000,2023-01-27 01:09:48.000,0.28,1,10.87,0,2.17,N,1,1,0.5,1,3.7,1,2.5,0,2,1,229,233
2023-01-27 01:41:32.000,2023-01-27 01:42:40.000,0.1,1,8.7,0,0,N,3,1,0.5,1,3.7,3.5,2.5,0,1,1,107,234
2023-01-27 01:08:15.000,2023-01-27 01:08:18.000,0.01,0,27.6,0,4.6,N,1,1,0,1,22,0,0,0,2,5,249,264
2023-01-27 01:15:05.000,2023-01-27 01:16:35.000,0.37,1,12.22,0,2.82,N,1,6,0.5,1,4.4,1,2.5,0,2,1,113,234
2023-01-27 01:12:04.000,2023-01-27 01:13:13.000,0.4,1,11.25,0,1.85,N,1,1,0.5,1,4.4,3.5,2.5,0,1,1,107,170
2023-01-27 01:43:44.000,2023-01-27 01:44:55.000,0.27,1,10.44,0,1.74,N,1,1,0.5,1,3.7,1,2.5,0,2,1,114,113
2023-01-27 02:18:35.000,2023-01-27 02:18:50.000,0,0,82.55,0,19.05,N,1,1,0,1,60,0,2.5,0,2,5,224,79
2023-01-27 02:24:12.000,2023-01-27 02:25:42.000,0.5,1,8.7,0,0,N,2,1,0.5,0.3,4.4,1,2.5,0,2,1,262,75
2023-01-27 02:44:04.000,2023-01-27 02:45:44.000,0.4,1,11.25,0,1.85,N,1,3,0.5,1,4.4,3.5,2.5,0,1,1,50,48
2023-01-27 02:10:48.000,2023-01-27 02:11:33.000,0.12,1,9.6,0,1.6,N,1,1,0.5,1,3,1,2.5,0,2,1,231,211
2023-01-27 02:26:39.000,2023-01-27 02:27:58.000,0.55,1,10.4,0,1,N,1,1,0.5,1,4.4,1,2.5,0,2,1,79,107
2023-01-27 02:20:20.000,2023-01-27 02:21:37.000,0.2,1,9.7,0,1,N,1,2,0.5,1,3.7,3.5,2.5,0,1,1,229,162
2023-01-27 02:00:21.000,2023-01-27 02:01:33.000,0.47,1,12.22,0,2.82,N,1,1,0.5,1,4.4,1,2.5,0,2,1,263,141
2023-01-27 02:23:08.000,2023-01-27 02:23:25.000,0,0,23.4,0,3.9,N,1,1,0,1,16,0,2.5,0,2,5,48,100
2023-01-27 03:21:08.000,2023-01-27 03:22:47.000,0.64,1,12.12,0,2.02,N,1,1,0.5,1,5.1,1,2.5,0,2,1,229,233
2023-01-27 03:43:16.000,2023-01-27 03:44:49.000,0.4,1,9.4,0,0,N,1,1,0.5,1,4.4,1,2.5,0,2,1,231,211
2023-01-27 03:02:57.000,2023-01-27 03:03:16.000,0,1,9.6,0,1.6,N,1,1,0.5,1,3,1,2.5,0,2,1,231,144
2023-01-27 04:03:00.000,2023-01-27 04:03:03.000,0,0,11.5,0,0,N,1,1,0.5,1,10,0,0,0,2,5,236,264
2023-01-27 04:52:33.000,2023-01-27 04:52:36.000,0,0,35.5,0,5,N,1,1,0.5,1,29,0,0,0,2,5,232,264
2023-01-27 05:01:40.000,2023-01-27 05:01:43.000,0.66,0,99.6,0,16.6,N,1,1,0,1,82,0,0,0,2,5,132,264
2023-01-27 05:52:21.000,2023-01-27 05:52:56.000,0.2,0,8.7,0,0,N,2,0,0.5,1,3.7,3.5,2.5,0,1,1,229,141
2023-01-27 05:43:35.000,2023-01-27 05:44:39.000,0.36,1,93.66,6.55,15.61,N,1,1,0.5,1,70,0,0,0,2,2,43,238
2023-01-27 05:35:16.000,2023-01-27 05:36:22.000,0.47,1,11.28,0,1.88,N,1,1,0.5,1,4.4,1,2.5,0,2,1,100,186
2023-01-27 05:27:38.000,2023-01-27 05:27:41.000,0.3,0,101.25,0,20.25,N,1,1,0,1,80,0,0,0,2,5,132,264
2023-01-27 05:13:02.000,2023-01-27 05:14:39.000,0.38,1,11.28,0,1.88,N,1,5,0.5,1,4.4,1,2.5,0,2,1,100,164
2023-01-27 05:45:24.000,2023-01-27 05:46:51.000,0.72,1,10.1,0,0,N,2,1,0.5,1,5.1,1,2.5,0,2,1,237,263
2023-01-27 05:54:18.000,2023-01-27 05:54:26.000,0,0,71.5,0,0,N,4,1,0.5,1,70,0,0,0,2,2,264,230
2023-01-27 06:12:04.000,2023-01-27 06:12:15.000,0,0,24,0,0,N,4,1,0,1,23,0,0,0,1,3,170,164
2023-01-27 06:59:03.000,2023-01-27 07:00:04.000,0.2,1,9.7,0,2,N,1,1,0.5,1,3.7,2.5,2.5,0,1,1,68,90
2023-01-27 06:47:28.000,2023-01-27 06:48:40.000,0.1,1,6.2,0,1,N,1,1,0.5,1,3.7,0,0,0,1,1,151,238
2023-01-27 06:18:15.000,2023-01-27 06:19:49.000,0.43,1,8.4,0,0,N,1,1,0.5,1,4.4,0,2.5,0,2,1,90,68
2023-01-27 06:49:30.000,2023-01-27 06:50:51.000,0.53,1,10.92,0,2.52,N,1,1,0.5,1,4.4,0,2.5,0,2,1,263,75
2023-01-27 07:11:56.000,2023-01-27 07:12:27.000,0.08,1,91.88,0,18.38,N,1,1,0,1,70,0,2.5,0,2,5,186,90
2023-01-27 07:42:06.000,2023-01-27 07:43:30.000,0.21,1,6.76,0,1.56,N,1,1,0.5,1,3.7,0,0,0,2,1,223,179
2023-01-27 07:07:02.000,2023-01-27 07:08:28.000,0.36,1,10,0,1.6,N,1,2,0.5,1,4.4,0,2.5,0,2,1,237,163
2023-01-27 07:30:30.000,2023-01-27 07:31:50.000,0.4,1,8.4,0,0,N,2,1,0.5,1,4.4,2.5,2.5,0,1,1,237,236
2023-01-27 07:27:51.000,2023-01-27 07:28:08.000,0.02,1,7,0,0,N,2,1,0.5,1,3,0,2.5,0,2,1,230,48
2023-01-27 07:42:03.000,2023-01-27 07:43:58.000,0.11,1,32,0,0,N,1,1,0.5,1,28,0,2.5,0,2,5,141,140
2023-01-27 07:56:01.000,2023-01-27 07:57:28.000,0.45,1,10.08,0,1.68,N,1,3,0.5,1,4.4,0,2.5,0,2,1,229,140
2023-01-27 08:44:29.000,2023-01-27 08:45:23.000,0.31,1,9.24,0,1.54,N,1,1,0.5,1,3.7,0,2.5,0,2,1,114,249
2023-01-27 08:35:03.000,2023-01-27 08:36:36.000,0.31,1,9.66,0,1.26,N,1,1,0.5,1,4.4,0,2.5,0,2,1,107,170
2023-01-27 08:13:16.000,2023-01-27 08:14:52.000,0.33,1,9.24,0,1.54,N,1,3,0.5,1,3.7,0,2.5,0,2,1,141,140
2023-01-27 08:33:13.000,2023-01-27 08:34:51.000,0.3,1,8.4,0,0,N,2,1,0.5,1,4.4,2.5,2.5,0,1,1,79,107
2023-01-27 08:26:46.000,2023-01-27 08:26:53.000,0,0,74,0,0,N,4,1,0.5,1,70,0,2.5,0,2,2,48,230
2023-01-27 08:05:04.000,2023-01-27 08:06:28.000,0.52,1,10.08,0,1.68,N,1,1,0.5,1,4.4,0,2.5,0,2,1,263,75
2023-01-27 08:50:05.000,2023-01-27 08:51:40.000,0.25,1,5.9,0,0,N,2,2,0.5,1,4.4,0,0,0,2,1,43,75
2023-01-27 08:39:10.000,2023-01-27 08:40:45.000,0.55,1,10.92,0,2.52,N,1,1,0.5,1,4.4,0,2.5,0,2,1,236,263
2023-01-27 08:22:15.000,2023-01-27 08:23:45.000,0.1,1,7.7,0,0,N,4,0,0.5,1,3.7,2.5,2.5,0,1,1,237,236
2023-01-27 08:24:08.000,2023-01-27 08:25:39.000,0.2,1,10,0,2.3,N,1,1,0.5,1,3.7,2.5,2.5,0,1,1,231,211
2023-01-27 09:18:30.000,2023-01-27 09:19:33.000,0.2,1,9.6,0,1.9,N,1,1,0.5,1,3.7,2.5,2.5,0,1,1,137,170
2023-01-27 09:50:06.000,2023-01-27 09:51:50.000,0.46,1,11.4,0,3,N,1,1,0.5,1,4.4,0,2.5,0,2,1,239,143
2023-01-27 09:58:00.000,2023-01-27 09:58:59.000,0.2,0,9.2,0,1.5,N,1,0,0.5,1,3.7,2.5,2.5,0,1,1,186,164
2023-01-27 09:05:27.000,2023-01-27 09:06:45.000,0.29,1,7.7,0,0,N,2,1,0.5,1,3.7,0,2.5,0,2,1,48,50
2023-01-27 09:32:00.000,2023-01-27 09:32:37.000,0.07,0,88.8,0,14.8,N,1,2,0,1,73,0,0,0,2,5,7,138
2023-01-11 14:35:59.000,2023-01-11 14:36:09.000,0,1,9.1,0,2.1,N,1,1,0.5,1,3,0,2.5,0,2,1,163,162
2023-01-11 14:58:13.000,2023-01-11 14:59:14.000,0.25,1,7.7,0,0,N,2,1,0.5,1,3.7,0,2.5,0,2,1,233,229
2023-01-11 15:03:04.000,2023-01-11 15:04:52.000,0.39,1,10.08,0,1.68,N,1,1,0.5,1,4.4,0,2.5,0,2,1,43,161
2023-01-11 15:10:19.000,2023-01-11 15:11:30.000,0.17,1,9.24,0,1.54,N,1,1,0.5,1,3.7,0,2.5,0,2,1,141,140
2023-01-11 15:02:13.000,2023-01-11 15:02:19.000,0.06,0,81.55,0,0,N,4,2,0,1,80.55,0,0,0,2,5,10,132
2023-01-11 15:38:41.000,2023-01-11 15:39:58.000,0.29,1,7.7,0,0,N,2,1,0.5,1,3.7,0,2.5,0,2,1,50,48
2023-01-11 15:40:16.000,2023-01-11 15:40:46.000,0.11,0,7,0,0,N,2,2,0.5,1,3,0,2.5,0,2,1,163,161
2023-01-11 15:39:01.000,2023-01-11 15:40:17.000,0.06,1,7.7,0,0,N,2,1,0.5,1,3.7,0,2.5,0,2,1,263,262
2023-01-11 15:44:21.000,2023-01-11 15:44:49.000,0,0,88.8,0,14.8,N,1,1,0.5,1,70,0,2.5,0,2,2,88,264
2023-01-11 15:10:25.000,2023-01-11 15:11:36.000,0.29,1,9.24,0,1.54,N,1,5,0.5,1,3.7,0,2.5,0,2,1,239,142
2023-01-11 15:58:19.000,2023-01-11 15:59:55.000,0.46,1,10.08,0,1.68,N,1,1,0.5,1,4.4,0,2.5,0,2,1,141,237
2023-01-11 15:33:34.000,2023-01-11 15:33:54.000,0.12,0,111,0,10,N,1,1,0,1,100,0,0,0,2,5,197,216
2023-01-11 15:17:07.000,2023-01-11 15:17:09.000,0,0,35.64,0,5.94,N,1,2,0.5,1,28.2,0,0,0,2,5,237,264
2023-01-11 15:41:12.000,2023-01-11 15:41:18.000,0,0,100.5,0,0,N,1,1,0,1,97,0,2.5,0,2,5,50,246
2023-01-11 15:46:15.000,2023-01-11 15:47:29.000,0.44,1,9.15,0,0.75,N,1,1,0.5,1,4.4,0,2.5,0,2,1,162,141
2023-01-11 15:12:12.000,2023-01-11 15:12:24.000,0,0,24,0,0,N,2,1,0,1,23,0,0,0,2,3,162,229
2023-01-11 15:49:25.000,2023-01-11 15:49:41.000,0,0,97.91,6.55,16.11,N,1,1,0.5,1,70,0,2.5,1.25,2,2,107,234
2023-01-11 15:46:05.000,2023-01-11 15:47:36.000,0.32,1,9.24,0,1.54,N,1,1,0.5,1,3.7,0,2.5,0,2,1,170,164
2023-01-11 15:26:00.000,2023-01-11 15:27:06.000,0.29,1,9.24,0,1.54,N,1,1,0.5,1,3.7,0,2.5,0,2,1,237,162
2023-01-11 16:57:57.000,2023-01-11 16:58:50.000,0,1,7,0,0,N,1,1,0.5,1,3,2.5,0,0,2,1,264,193
2023-01-11 16:01:37.000,2023-01-11 16:01:44.000,3.87,0,48.3,0,0,N,2,1,0.5,1,44.3,0,2.5,0,2,1,24,151
2023-01-11 13:23:51.000,2023-01-11 13:24:19.000,0,1,76.5,0,0,N,3,1,0.5,1,70,5,0,0,2,2,43,264
2023-01-11 16:38:30.000,2023-01-11 16:39:57.000,0.31,1,12.24,0,2.04,N,1,1,0.5,1,3.7,2.5,2.5,0,2,1,237,236
2023-01-11 16:42:38.000,2023-01-11 16:42:43.000,0,0,208.2,0,34.7,N,1,1,0.5,0,173,0,0,0,2,5,265,264
2023-01-11 16:08:21.000,2023-01-11 16:09:23.000,0.35,1,12.24,0,2.04,N,1,1,0.5,1,3.7,2.5,2.5,0,2,1,233,229
2023-01-11 16:07:28.000,2023-01-11 16:08:32.000,0,1,9.5,0,0,N,3,0,0.5,1,3,5,2.5,0,1,1,164,170
2023-01-11 16:36:27.000,2023-01-11 16:36:33.000,0,0,98.4,0,16.4,N,1,1,0,1,81,0,0,0,2,5,264,141
2023-01-11 16:38:23.000,2023-01-11 16:39:47.000,0.46,1,13.08,0,2.18,N,1,1,0.5,1,4.4,2.5,2.5,0,2,1,50,48
2023-01-11 16:01:07.000,2023-01-11 16:01:25.000,0.01,0,4.5,0,0,N,2,1,0.5,1,3,0,0,0,2,1,95,134
2023-01-11 16:23:26.000,2023-01-11 16:24:54.000,0.3,1,12.24,0,2.04,N,1,1,0.5,1,3.7,2.5,2.5,0,2,1,151,238
2023-01-11 16:15:23.000,2023-01-11 16:16:57.000,0.4,1,11.4,0,0.5,N,1,1,0.5,1,4.4,5,2.5,0,1,1,141,262
2023-01-11 16:44:00.000,2023-01-11 16:45:40.000,0.33,1,12.24,0,2.04,N,1,1,0.5,1,3.7,2.5,2.5,0,2,1,170,162
2023-01-11 16:53:32.000,2023-01-11 16:54:59.000,0.14,1,96.8,6.55,10,N,1,1,0.5,1,70,5,2.5,1.25,2,2,144,45
2023-01-11 16:04:17.000,2023-01-11 16:05:24.000,0.36,1,13.2,0,3,N,1,1,0.5,1,3.7,2.5,2.5,0,2,1,246,48
2023-01-11 16:46:28.000,2023-01-11 16:46:42.000,0.03,0,7,0,0,N,3,1,0.5,1,3,2.5,0,0,2,1,70,138
2023-01-11 17:17:20.000,2023-01-11 17:18:50.000,0.3,1,12.2,0,2,N,1,2,0.5,1,3.7,5,2.5,0,1,1,263,141
2023-01-11 17:05:20.000,2023-01-11 17:06:13.000,0.1,1,26.5,0,0,N,3,1,0,1,23,2.5,0,0,1,3,107,170
2023-01-11 17:08:17.000,2023-01-11 17:08:46.000,0.16,0,9.5,0,0,N,2,1,0.5,1,3,2.5,2.5,0,2,1,48,230
2023-01-11 14:57:07.000,2023-01-11 14:57:15.000,0,0,7,0,0,N,2,1,0.5,1,3,2.5,0,0,2,1,226,264
2023-01-11 16:29:42.000,2023-01-11 16:30:58.000,0.44,1,13.62,0,2.72,N,1,1,0.5,1,4.4,2.5,2.5,0,2,1,239,142
2023-01-11 17:27:14.000,2023-01-11 17:28:19.000,0.2,1,11.2,0,1,N,1,1,0.5,1,3.7,5,2.5,0,1,1,50,48
2023-01-11 17:36:12.000,2023-01-11 17:37:53.000,0.48,1,13.63,0,2.73,N,1,1,0.5,1,4.4,2.5,2.5,0,2,1,186,90
2023-01-11 17:51:01.000,2023-01-11 17:52:53.000,0.33,1,14.17,0,3.27,N,1,1,0.5,1,4.4,2.5,2.5,0,2,1,239,143
2023-01-11 17:41:52.000,2023-01-11 17:42:27.000,0.04,1,12,0,0,N,2,1,0.5,1,3,7.5,0,0,2,1,70,138
2023-01-11 17:45:00.000,2023-01-11 17:46:55.000,0.3,1,8.4,0,0,N,2,1,0.5,1,4.4,2.5,0,0,1,1,74,75
2023-01-11 17:01:40.000,2023-01-11 17:02:43.000,0.2,1,7.7,0,0,N,4,1,0.5,1,3.7,2.5,0,0,2,1,41,42
2023-01-11 17:16:11.000,2023-01-11 17:16:16.000,0,0,7,0,0,N,4,5,0.5,1,3,0,2.5,0,2,1,143,264
2023-01-11 17:14:11.000,2023-01-11 17:15:50.000,0.39,1,13.08,0,2.18,N,1,1,0.5,1,4.4,2.5,2.5,0,2,1,87,88
2023-01-11 17:12:10.000,2023-01-11 17:12:13.000,0,0,88,0,0,N,1,2,0,1,87,0,0,0,2,5,48,264
2023-01-11 17:47:02.000,2023-01-11 17:47:15.000,0,0,8.25,0,0,N,4,1,0.5,1,3,2.5,0,1.25,2,1,264,132
2023-01-11 17:19:06.000,2023-01-11 17:20:45.000,0.46,1,10.9,0,0,N,2,1,0.5,1,4.4,2.5,2.5,0,2,1,234,100
2023-01-11 18:51:53.000,2023-01-11 18:52:02.000,0,1,7,0,0,N,3,1,0.5,1,3,2.5,0,0,2,1,193,7
2023-01-11 18:15:20.000,2023-01-11 18:16:58.000,0.45,1,13.08,0,2.18,N,1,1,0.5,1,4.4,2.5,2.5,0,2,1,229,237
2023-01-11 18:05:33.000,2023-01-11 18:06:51.000,0.4,1,13.6,0,2.7,N,1,1,0.5,1,4.4,5,2.5,0,1,1,263,236
2023-01-11 18:59:30.000,2023-01-11 19:00:55.000,0.2,1,12.2,0,2,N,1,2,0.5,1,3.7,5,2.5,0,1,1,114,211
2023-01-11 18:34:16.000,2023-01-11 18:35:15.000,0.21,1,10.2,0,0,N,2,2,0.5,1,3.7,2.5,2.5,0,2,1,163,161
2023-01-11 18:21:34.000,2023-01-11 18:22:42.000,0.14,1,10.2,0,0,N,1,1,0.5,1,3.7,2.5,2.5,0,2,1,230,161
2023-01-11 18:54:40.000,2023-01-11 18:55:26.000,0.26,1,10.2,0,0,N,2,1,0.5,1,3.7,2.5,2.5,0,2,1,137,107
2023-01-11 18:03:43.000,2023-01-11 18:04:02.000,0.23,1,87.06,6.55,14.51,N,1,1,0,1,65,0,0,0,2,5,260,226
2023-01-11 18:00:32.000,2023-01-11 18:01:51.000,0.42,1,14.17,0,3.27,N,1,1,0.5,1,4.4,2.5,2.5,0,2,1,237,162
2023-01-11 19:36:38.000,2023-01-11 19:36:52.000,3.5,0,35.4,0,0,N,2,1,0.5,1,28.9,2.5,2.5,0,2,1,166,48
2023-01-11 19:39:20.000,2023-01-11 19:40:46.000,0.1,1,10.2,0,0,N,2,1,0.5,1,3.7,2.5,2.5,0,2,1,162,161
2023-01-11 19:32:42.000,2023-01-11 19:33:10.000,0,1,96.5,0,20,N,1,1,0.5,1,70,2.5,2.5,0,2,2,246,264
2023-01-11 19:08:01.000,2023-01-11 19:08:58.000,0.27,0,12.24,0,2.04,N,1,1,0.5,1,3.7,2.5,2.5,0,2,1,229,162
2023-01-11 19:47:01.000,2023-01-11 19:48:26.000,0.2,1,12.24,0,2.04,N,1,1,0.5,1,3.7,5,2.5,0,1,1,144,79
2023-01-11 19:57:02.000,2023-01-11 19:58:56.000,0.8,1,12.6,0,1,N,1,1,0.5,1,5.1,5,2.5,0,1,1,239,238
2023-01-11 19:35:16.000,2023-01-11 19:36:31.000,0.23,1,10.2,0,0,N,2,1,0.5,1,3.7,2.5,2.5,0,2,1,262,141
2023-01-11 19:20:00.000,2023-01-11 19:21:57.000,0.57,1,13.92,0,2.32,N,1,1,0.5,1,5.1,2.5,2.5,0,2,1,161,163
2023-01-11 19:47:18.000,2023-01-11 19:48:42.000,0.44,1,13.08,0,2.18,N,1,2,0.5,1,4.4,2.5,2.5,0,2,1,90,249
2023-01-11 19:17:56.000,2023-01-11 19:18:15.000,0,1,102.66,6.55,17.11,N,1,1,0.5,1,70,5,2.5,0,2,2,141,140
2023-01-11 19:54:01.000,2023-01-11 19:54:51.000,0.16,0,76.5,0,0,N,2,2,0.5,1,70,5,0,0,2,2,75,43
2023-01-11 19:43:16.000,2023-01-11 19:44:26.000,0.57,1,11.9,0,1,N,1,1,0.5,1,4.4,2.5,2.5,0,2,1,43,239
2023-01-11 19:46:22.000,2023-01-11 19:47:41.000,0.46,1,10.9,0,0,N,1,1,0.5,1,4.4,2.5,2.5,0,2,1,50,230
2023-01-11 19:31:23.000,2023-01-11 19:32:24.000,0.33,1,13.2,0,3,N,1,1,0.5,1,3.7,2.5,2.5,0,2,1,141,263
2023-01-11 19:31:01.000,2023-01-11 19:32:57.000,0.55,1,13.63,0,2.73,N,1,1,0.5,1,4.4,2.5,2.5,0,2,1,237,141
2023-01-11 19:49:46.000,2023-01-11 19:50:50.000,0.31,1,9.24,0,1.54,N,1,1,0.5,1,3.7,2.5,0,0,2,1,166,151
2023-01-11 19:56:42.000,2023-01-11 19:57:54.000,0.39,1,11,0,0.1,N,1,1,0.5,1,4.4,2.5,2.5,0,2,1,137,170
2023-01-11 20:44:00.000,2023-01-11 20:44:22.000,0.07,0,8,0,0,N,3,1,0.5,1,3,1,2.5,0,2,1,234,107
2023-01-11 20:57:04.000,2023-01-11 20:58:36.000,0.45,1,10.81,0,1.41,N,1,1,0.5,1,4.4,1,2.5,0,2,1,237,43
2023-01-11 20:22:14.000,2023-01-11 20:23:55.000,0.59,1,11.1,0,1,N,1,2,0.5,1,5.1,1,2.5,0,2,1,137,107
2023-01-11 20:26:04.000,2023-01-11 20:26:14.000,0.03,0,74,0,0,N,3,1,0.5,1,70,0,2.5,0,2,2,90,234
2023-01-11 20:40:06.000,2023-01-11 20:41:55.000,0.59,1,9.4,0,0,N,2,5,0.5,1,4.4,1,2.5,0,2,1,79,107
2023-01-11 20:45:34.000,2023-01-11 20:45:42.000,0.08,0,88,0,10,N,1,1,0,1,77,0,0,0,2,5,80,256
2023-01-11 20:48:18.000,2023-01-11 20:49:33.000,0.1,1,11.2,0,0,N,2,1,0.5,1,3.7,6,0,0,1,1,70,138
2023-01-11 20:16:12.000,2023-01-11 20:17:50.000,0.55,1,10.4,0,1,N,1,1,0.5,1,4.4,1,2.5,0,2,1,170,234
2023-01-11 20:22:02.000,2023-01-11 20:23:58.000,0.7,1,11.1,0,1,N,1,0,0.5,1,5.1,3.5,2.5,0,1,1,236,75
2023-01-11 20:22:04.000,2023-01-11 20:23:23.000,0.47,1,11.28,0,1.88,N,1,2,0.5,1,4.4,1,2.5,0,2,1,237,161
2023-01-11 20:37:25.000,2023-01-11 20:37:32.000,0,0,88.5,0,10,N,1,2,0,1,75,0,2.5,0,2,5,224,79
2023-01-11 20:15:33.000,2023-01-11 20:15:43.000,0,0,5.5,0,0,N,2,1,0.5,1,3,1,0,0,2,1,74,42
2023-01-11 20:37:23.000,2023-01-11 20:38:19.000,0.33,1,8.7,0,0,N,2,2,0.5,1,3.7,1,2.5,0,2,1,238,151
2023-01-11 21:59:29.000,2023-01-11 22:00:09.000,0.99,1,5.5,0,0,N,2,2,0.5,1,3,1,0,0,2,1,264,161
2023-01-11 21:24:55.000,2023-01-11 21:25:56.000,0.17,1,8.7,0,0,N,4,1,0.5,1,3.7,1,2.5,0,2,1,68,246
2023-01-11 18:56:43.000,2023-01-11 18:56:46.000,0,0,5.5,0,0,N,2,1,0.5,1,3,1,0,0,2,1,249,264
2023-01-11 21:17:02.000,2023-01-11 21:18:12.000,0,1,8.7,0,0,N,2,1,0.5,1,3.7,3.5,2.5,0,1,1,100,48
2023-01-11 21:34:06.000,2023-01-11 21:35:42.000,0.3,1,11,0,1.6,N,1,1,0.5,1,4.4,3.5,2.5,0,1,1,90,68
2023-01-11 21:49:24.000,2023-01-11 21:49:30.000,0,0,6.75,0,0,N,3,1,0.5,1,3,1,0,1.25,2,1,264,132
2023-01-11 21:39:19.000,2023-01-11 21:40:54.000,0.61,1,11.62,0,1.52,N,1,1,0.5,1,5.1,1,2.5,0,2,1,237,236
2023-01-11 21:56:16.000,2023-01-11 21:57:17.000,0.04,1,8,0,0,N,1,1,0.5,1,3,1,2.5,0,2,1,230,161
2023-01-11 21:16:40.000,2023-01-11 21:17:32.000,0,1,8,0,0,N,3,0,0.5,1,3,3.5,2.5,0,1,1,164,170
2023-01-11 21:35:08.000,2023-01-11 21:35:10.000,0.95,0,12.2,0,0,N,2,1,0.5,1,7.2,1,2.5,0,2,1,249,264
2023-01-11 21:38:38.000,2023-01-11 21:39:03.000,0.02,1,8,0,0,N,2,1,0.5,1,3,1,2.5,0,2,1,261,231
2023-01-19 13:02:00.000,2023-01-19 13:03:30.000,0.32,1,5.9,0,0,N,2,1,0.5,1,4.4,0,0,0,2,1,238,151
2023-01-19 12:25:00.000,2023-01-19 12:26:14.000,0.37,1,8.86,0,1.16,N,1,1,0.5,1,3.7,0,2.5,0,2,1,229,141
2023-01-19 12:35:03.000,2023-01-19 12:36:40.000,0.5,1,10.08,0,1.68,N,1,1,0.5,1,4.4,0,2.5,0,2,1,238,239
2023-01-19 12:30:59.000,2023-01-19 12:31:51.000,0.13,1,4.5,0,0,N,2,1,0.5,1,3,0,0,0,2,1,7,223
2023-01-19 12:25:26.000,2023-01-19 12:26:58.000,0.2,1,7.71,0,0.01,N,1,2,0.5,1,3.7,0,2.5,0,2,1,141,237
2023-01-19 12:22:08.000,2023-01-19 12:23:11.000,0.28,1,9.24,0,1.54,N,1,2,0.5,1,3.7,0,2.5,0,2,1,140,141
2023-01-19 12:55:45.000,2023-01-19 12:55:50.000,0,0,4.5,0,0,N,3,1,0.5,1,3,0,0,0,2,1,7,193
2023-01-19 12:38:53.000,2023-01-19 12:39:05.000,0.01,1,4.5,0,0,N,4,1,0.5,1,3,0,0,0,2,1,163,161
2023-01-19 13:15:00.000,2023-01-19 13:16:34.000,0.18,1,7.7,0,0,N,3,1,0.5,1,3.7,0,2.5,0,2,1,263,262
2023-01-19 13:46:11.000,2023-01-19 13:47:45.000,0.3,1,7.7,0,0,N,1,1,0.5,1,3.7,2.5,2.5,0,1,1,230,48
2023-01-19 13:30:32.000,2023-01-19 13:31:45.000,0.06,1,7.7,0,0,N,4,1,0.5,1,3.7,0,2.5,0,2,1,100,48
2023-01-19 13:50:14.000,2023-01-19 13:50:26.000,0.01,0,74,0,0,N,4,1,0.5,1,70,0,2.5,0,2,2,161,162
2023-01-19 13:24:10.000,2023-01-19 13:25:53.000,0.2,1,7.7,0,0,N,2,1,0.5,1,3.7,2.5,2.5,0,1,1,162,229
2023-01-19 13:51:33.000,2023-01-19 13:51:55.000,0.37,0,107,21,10,N,1,1,0,1,75,0,0,0,2,5,265,1
2023-01-19 13:50:15.000,2023-01-19 13:51:37.000,0.25,1,9.24,0,1.54,N,1,1,0.5,1,3.7,0,2.5,0,2,1,161,164
2023-01-19 13:52:54.000,2023-01-19 13:52:58.000,0,0,31,0,0,N,1,2,0,1,30,0,0,0,2,5,186,68
2023-01-19 14:55:58.000,2023-01-19 14:56:12.000,0,1,4.5,0,0,N,1,1,0.5,1,3,0,0,0,2,1,7,193
2023-01-19 14:46:43.000,2023-01-19 14:47:01.000,0,1,76.5,0,5,N,1,1,0.5,1,70,0,0,0,2,2,264,65
2023-01-19 14:21:06.000,2023-01-19 14:21:17.000,0,0,7,0,0,N,2,1,0.5,1,3,0,2.5,0,2,1,142,43
2023-01-19 14:58:17.000,2023-01-19 14:58:26.000,0,0,102.5,0,20.5,N,1,4,0,1,81,0,0,0,2,5,264,141
2023-01-19 14:52:18.000,2023-01-19 14:53:44.000,0.3,1,7.7,0,0,N,1,1,0.5,1,3.7,0,2.5,0,2,1,90,186
2023-01-19 14:28:14.000,2023-01-19 14:28:16.000,0,0,201,0,0,N,1,1,0,1,200,0,0,0,2,5,265,264
2023-01-19 14:00:42.000,2023-01-19 14:01:59.000,0.2,1,9.2,0,1.5,N,1,0,0.5,1,3.7,2.5,2.5,0,1,1,262,263
2023-01-19 14:05:02.000,2023-01-19 14:06:08.000,0.33,1,9.24,0,1.54,N,1,1,0.5,1,3.7,0,2.5,0,2,1,114,249
2023-01-19 14:00:01.000,2023-01-19 14:01:46.000,0.31,1,9.24,0,1.54,N,1,2,0.5,1,3.7,0,2.5,0,2,1,141,140
2023-01-19 14:04:57.000,2023-01-19 14:05:16.000,0.09,1,7,0,0,N,2,1,0.5,1,3,0,2.5,0,2,1,158,249
2023-01-19 14:38:00.000,2023-01-19 14:39:48.000,0.2,1,9.2,0,1.5,N,1,1,0.5,1,3.7,2.5,2.5,0,1,1,43,163
2023-01-19 14:47:19.000,2023-01-19 14:47:24.000,0,0,90,0,5.5,N,1,1,0.5,0,84,0,0,0,2,5,132,264
2023-01-19 15:47:29.000,2023-01-19 15:48:45.000,0.3,1,9.63,0,1.93,N,1,1,0.5,1,3.7,0,2.5,0,2,1,237,236
2023-01-19 15:08:59.000,2023-01-19 15:09:06.000,0.02,1,74,0,0,N,2,1,0.5,1,70,0,2.5,0,2,2,148,232
2023-01-19 15:01:04.000,2023-01-19 15:02:58.000,0,1,9.2,0,1.5,N,1,1,0.5,1,3.7,2.5,2.5,0,1,1,237,162
2023-01-19 15:02:42.000,2023-01-19 15:03:36.000,0.1,1,7,0,0,N,2,0,0.5,1,3,2.5,2.5,0,1,1,230,163
2023-01-19 15:06:01.000,2023-01-19 15:07:46.000,0.45,1,5.9,0,0,N,2,1,0.5,1,4.4,0,0,0,2,1,238,151
2023-01-19 15:08:23.000,2023-01-19 15:09:22.000,0,1,7,0,0,N,2,1,0.5,1,3,0,2.5,0,2,1,170,164
2023-01-19 15:08:36.000,2023-01-19 15:08:38.000,0,0,104.4,0,17.4,N,1,1,0,1,86,0,0,0,2,5,132,264
2023-01-19 15:16:52.000,2023-01-19 15:16:53.000,0.18,0,201,0,0,N,1,1,0,1,200,0,0,0,2,5,132,264
2023-01-19 15:10:24.000,2023-01-19 15:11:44.000,0.07,1,5.2,0,0,N,4,1,0.5,1,3.7,0,0,0,2,1,66,65
2023-01-19 15:02:42.000,2023-01-19 15:03:42.000,0.29,1,9.24,0,1.54,N,1,1,0.5,1,3.7,0,2.5,0,2,1,239,142
2023-01-19 15:04:11.000,2023-01-19 15:05:41.000,0.29,1,9.63,0,1.93,N,1,1,0.5,1,3.7,0,2.5,0,2,1,144,231
2023-01-19 15:31:09.000,2023-01-19 15:32:20.000,0.04,1,7.7,0,0,N,2,1,0.5,1,3.7,0,2.5,0,2,1,68,48
2023-01-19 15:10:44.000,2023-01-19 15:11:59.000,0.06,1,7.7,0,0,N,2,2,0.5,1,3.7,0,2.5,0,2,1,100,161
2023-01-19 15:44:07.000,2023-01-19 15:45:54.000,0.44,1,10.08,0,1.68,N,1,1,0.5,1,4.4,0,2.5,0,2,1,48,68
2023-01-19 15:20:21.000,2023-01-19 15:20:23.000,0,0,116,0,5,N,1,2,0,1,110,0,0,0,2,5,1,264
2023-01-19 15:11:35.000,2023-01-19 15:11:37.000,0,0,88.26,0,14.71,N,1,4,0,1,72.55,0,0,0,2,5,181,264
2023-01-19 15:23:28.000,2023-01-19 15:23:41.000,0,0,105,0,17.5,N,1,1,0.5,0,87,0,0,0,2,5,132,264
2023-01-19 16:51:50.000,2023-01-19 16:52:46.000,0.09,1,9.5,0,0,N,2,2,0.5,1,3,2.5,2.5,0,2,1,43,163
2023-01-19 16:28:36.000,2023-01-19 16:28:39.000,0,0,10,0,3,N,1,1,0.5,1,3,2.5,0,0,2,1,75,264
2023-01-19 16:46:56.000,2023-01-19 16:47:01.000,0,1,26.5,0,0,N,4,3,0,1,23,2.5,0,0,2,3,231,13
2023-01-19 16:12:02.000,2023-01-19 16:12:09.000,0,0,7,0,0,N,4,1,0.5,1,3,2.5,0,0,1,1,264,210
2023-01-19 16:25:18.000,2023-01-19 16:26:49.000,0.59,1,9.4,0,1,N,1,1,0.5,1,4.4,2.5,0,0,2,1,238,236
2023-01-19 16:28:09.000,2023-01-19 16:28:30.000,0.21,0,66,0,0,N,1,1,0,1,65,0,0,0,2,5,129,70
2023-01-19 16:15:05.000,2023-01-19 16:15:06.000,0,0,99.6,0,16.6,N,1,1,0.5,1,81.5,0,0,0,2,5,163,264
2023-01-19 16:33:28.000,2023-01-19 16:33:38.000,0.02,0,9.5,0,0,N,2,1,0.5,1,3,2.5,2.5,0,2,1,100,164
2023-01-19 16:29:08.000,2023-01-19 16:30:49.000,0.33,1,12.54,0,1.64,N,1,1,0.5,1,4.4,2.5,2.5,0,2,1,140,141
2023-01-19 16:11:20.000,2023-01-19 16:11:23.000,0,0,7,0,0,N,2,1,0.5,1,3,2.5,0,0,2,1,193,264
2023-01-19 16:12:25.000,2023-01-19 16:13:37.000,0,1,7,0,0,N,2,1,0.5,1,3,2.5,0,0,2,1,193,264
2023-01-19 16:16:08.000,2023-01-19 16:16:55.000,0,0,7,0,0,N,3,1,0.5,1,3,2.5,0,0,2,1,193,264
2023-01-19 16:54:07.000,2023-01-19 16:54:25.000,0.05,0,12,0,0,N,2,1,0.5,1,3,7.5,0,0,2,1,264,138
2023-01-19 16:12:08.000,2023-01-19 16:12:43.000,0.06,0,9.5,0,0,N,2,1,0.5,1,3,2.5,2.5,0,2,1,100,164
2023-01-19 16:29:40.000,2023-01-19 16:29:42.000,0,0,112.45,0,25.95,N,1,1,0.5,1,85,0,0,0,2,5,107,264
2023-01-19 17:05:00.000,2023-01-19 17:06:56.000,0.3,1,10.9,0,0,N,1,2,0.5,1,4.4,5,2.5,0,1,1,231,211
2023-01-19 17:13:59.000,2023-01-19 17:14:15.000,0.05,1,76.5,0,0,N,2,1,0.5,1,70,5,0,0,2,2,75,43
2023-01-19 17:46:22.000,2023-01-19 17:47:46.000,0.27,1,13.26,0,3.06,N,1,1,0.5,1,3.7,2.5,2.5,0,2,1,141,237
2023-01-19 17:57:04.000,2023-01-19 17:58:58.000,0.54,1,10.4,0,2,N,1,1,0.5,1,4.4,2.5,0,0,2,1,238,24
2023-01-19 17:22:12.000,2023-01-19 17:23:59.000,0.33,1,11.9,0,1,N,1,1,0.5,1,4.4,2.5,2.5,0,2,1,141,236
2023-01-19 17:06:06.000,2023-01-19 17:07:28.000,0.35,1,12.24,0,2.04,N,1,1,0.5,1,3.7,2.5,2.5,0,2,1,158,125
2023-01-19 17:43:31.000,2023-01-19 17:44:47.000,0.11,1,12.75,0,2.55,N,1,1,0.5,1,3.7,2.5,2.5,0,2,1,237,162
2023-01-19 18:05:01.000,2023-01-19 18:06:26.000,0.41,1,13.08,0,2.18,N,1,4,0.5,1,4.4,2.5,2.5,0,2,1,237,236
2023-01-19 18:14:09.000,2023-01-19 18:14:33.000,0.24,0,102.66,6.55,17.11,N,1,1,0.5,1,70,5,2.5,0,2,2,264,132
2023-01-19 18:40:39.000,2023-01-19 18:41:42.000,0.3,1,11.2,0,1,N,1,1,0.5,1,3.7,5,2.5,0,1,1,68,246
2023-01-19 18:07:43.000,2023-01-19 18:08:02.000,0.05,1,11.4,0,1.9,N,1,1,0.5,1,3,2.5,2.5,0,2,1,238,239
2023-01-19 18:45:13.000,2023-01-19 18:46:05.000,0.2,1,10.2,0,0,N,3,1,0.5,1,3.7,5,2.5,0,1,1,239,43
2023-01-19 18:54:38.000,2023-01-19 18:55:48.000,0.4,1,8.4,0,0,N,3,1,0.5,1,4.4,2.5,0,0,1,1,74,168
2023-01-19 18:14:02.000,2023-01-19 18:15:58.000,0.71,1,15.08,0,3.48,N,1,1,0.5,1,5.1,2.5,2.5,0,2,1,140,262
2023-01-19 18:45:42.000,2023-01-19 18:46:51.000,0.1,1,10.2,0,0,N,3,1,0.5,1,3.7,5,2.5,0,1,1,161,163
2023-01-19 18:19:58.000,2023-01-19 18:20:08.000,0,1,26.5,0,0,N,2,1,0,1,23,2.5,0,0,2,3,162,161
2023-01-19 18:04:17.000,2023-01-19 18:04:46.000,0.11,0,9.5,0,0,N,3,5,0.5,1,3,2.5,2.5,0,2,1,170,233
2023-01-19 18:12:43.000,2023-01-19 18:12:47.000,0,0,151.8,0,25.3,N,1,1,0.5,1,125,0,0,0,2,5,1,264
2023-01-19 18:51:10.000,2023-01-19 18:52:12.000,0.23,1,12.24,0,2.04,N,1,1,0.5,1,3.7,2.5,2.5,0,2,1,237,162
2023-01-19 18:48:04.000,2023-01-19 18:49:42.000,0.3,1,11.2,0,1,N,1,4,0.5,1,3.7,5,2.5,0,1,1,163,230
2023-01-19 19:22:55.000,2023-01-19 19:23:59.000,0.2,1,11.2,0,1,N,1,1,0.5,1,3.7,5,2.5,0,1,1,234,107
2023-01-19 19:32:08.000,2023-01-19 19:33:52.000,0.33,1,13.08,0,2.18,N,1,1,0.5,1,4.4,2.5,2.5,0,2,1,79,107
2023-01-19 19:16:51.000,2023-01-19 19:16:53.000,0,0,151.25,0,30.25,N,1,1,0,1,120,0,0,0,2,5,132,264
2023-01-19 19:54:07.000,2023-01-19 19:55:03.000,0.02,1,79,0,0,N,4,1,0.5,1,70,5,2.5,0,2,2,161,162
2023-01-19 19:40:35.000,2023-01-19 19:41:57.000,0.48,1,11.9,0,1,N,1,1,0.5,1,4.4,2.5,2.5,0,2,1,238,151
2023-01-19 19:52:36.000,2023-01-19 19:53:57.000,0.35,1,12.24,0,2.04,N,1,1,0.5,1,3.7,2.5,2.5,0,2,1,163,142
2023-01-19 19:49:51.000,2023-01-19 19:50:05.000,0,1,9.5,0,0,N,4,1,0.5,1,3,2.5,2.5,0,2,1,142,48
2023-01-19 19:04:27.000,2023-01-19 19:05:53.000,0.22,1,10.2,0,0,N,2,1,0.5,1,3.7,2.5,2.5,0,2,1,68,48
2023-01-19 19:59:56.000,2023-01-19 20:00:05.000,0,1,9.5,0,0,N,2,1,0.5,1,3,2.5,2.5,0,2,1,239,238
2023-01-19 20:36:37.000,2023-01-19 20:37:58.000,0.2,1,10.4,0,1.7,N,1,1,0.5,1,3.7,3.5,2.5,0,1,1,162,170
2023-01-19 20:01:23.000,2023-01-19 20:02:36.000,0.15,1,10.88,0,2.18,N,1,1,0.5,1,3.7,1,2.5,0,2,1,170,162
2023-01-19 20:27:28.000,2023-01-19 20:27:42.000,0.01,0,8,0,0,N,2,1,0.5,1,3,1,2.5,0,2,1,164,234
2023-01-19 20:57:03.000,2023-01-19 20:58:35.000,0.4,1,11,0,1.6,N,1,1,0.5,1,4.4,3.5,2.5,0,1,1,229,233
2023-01-19 20:27:29.000,2023-01-19 20:27:50.000,0,0,24,0,16,N,1,1,0.5,1,3,1,2.5,0,2,1,164,170
2023-01-19 20:17:10.000,2023-01-19 20:18:46.000,0.4,1,10.4,0,1,N,1,2,0.5,1,4.4,1,2.5,0,2,1,162,170
2023-01-19 20:28:48.000,2023-01-19 20:29:42.000,0.26,1,10.44,0,1.74,N,1,1,0.5,1,3.7,1,2.5,0,2,1,137,107
2023-01-19 20:33:03.000,2023-01-19 20:34:11.000,0.03,1,8.7,0,0,N,4,1,0.5,1,3.7,1,2.5,0,2,1,148,144
2023-01-19 20:28:00.000,2023-01-19 20:29:28.000,0,1,21.5,0,0,N,4,1,0,1,18,0,2.5,0,2,5,262,263
2023-01-19 20:31:19.000,2023-01-19 20:31:52.000,0.12,0,9.6,0,1.6,N,1,2,0.5,1,3,1,2.5,0,2,1,237,236
2023-01-19 20:36:27.000,2023-01-19 20:37:55.000,0.5,1,11.25,0,1.85,N,1,0,0.5,1,4.4,3.5,2.5,0,1,1,90,186
2023-01-19 20:24:12.000,2023-01-19 20:25:44.000,0.52,1,11.28,0,1.88,N,1,1,0.5,1,4.4,1,2.5,0,2,1,229,233
2023-01-02 11:26:00.000,2023-01-02 11:27:48.000,0.48,1,8.4,0,0,N,2,1,0.5,1,4.4,0,2.5,0,2,1,141,237
2023-01-02 11:20:04.000,2023-01-02 11:20:09.000,0.07,0,90,0,8.45,N,1,3,0,1,80.55,0,0,0,2,5,134,215
2023-01-02 11:55:15.000,2023-01-02 11:55:23.000,0.02,0,82.56,0,0.01,N,1,2,0,1,81.55,0,0,0,2,5,264,170
2023-01-02 11:01:03.000,2023-01-02 11:02:36.000,0.44,1,10.08,0,1.68,N,1,1,0.5,1,4.4,0,2.5,0,2,1,246,68
2023-01-02 11:33:10.000,2023-01-02 11:34:49.000,0.4,1,10.05,0,1.65,Y,1,1,0.5,1,4.4,2.5,2.5,0,1,1,140,141
2023-01-02 11:59:17.000,2023-01-02 11:59:56.000,0,0,7,0,0,N,2,1,0.5,1,3,0,2.5,0,2,1,88,87
2023-01-02 11:19:51.000,2023-01-02 11:20:56.000,0.44,1,10.5,0,2.1,N,1,2,0.5,1,4.4,0,2.5,0,2,1,236,263
2023-01-02 11:54:37.000,2023-01-02 11:55:31.000,0.2,1,7.7,0,0,N,2,0,0.5,1,3.7,2.5,2.5,0,1,1,114,113
2023-01-02 11:07:14.000,2023-01-02 11:07:16.000,0,0,38.25,0,0,N,1,1,0,1,37.25,0,0,0,2,5,138,264
2023-01-02 11:07:08.000,2023-01-02 11:08:29.000,0.3,1,10,0,2.3,N,1,2,0.5,1,3.7,2.5,2.5,0,1,1,163,161
2023-01-02 11:58:31.000,2023-01-02 11:59:46.000,0.2,1,9.6,0,1.9,N,1,1,0.5,1,3.7,2.5,2.5,0,1,1,75,43
2023-01-02 11:02:29.000,2023-01-02 11:03:53.000,0.53,1,10.4,0,2,N,1,1,0.5,1,4.4,0,2.5,0,2,1,236,263
2023-01-02 11:49:04.000,2023-01-02 11:50:57.000,0.36,1,6.8,0,0,N,2,1,0.5,0.3,3.5,0,2.5,0,2,1,162,237
2023-01-02 11:49:50.000,2023-01-02 11:50:31.000,0.18,1,10.2,0,0,N,3,1,0.5,1,3.7,5,0,0,2,1,70,138
2023-01-02 11:38:39.000,2023-01-02 11:38:40.000,0.02,0,66.5,0,5,N,1,1,0.5,1,60,0,0,0,2,5,226,264
2023-01-02 11:39:33.000,2023-01-02 11:39:58.000,0.17,0,4.5,0,0,N,2,1,0.5,1,3,0,0,0,2,1,7,179
2023-01-02 12:19:10.000,2023-01-02 12:19:26.000,0.14,0,85,0,0,N,1,2,0,1,84,0,0,0,2,5,134,197
2023-01-02 12:28:57.000,2023-01-02 12:29:46.000,0.23,1,7.2,0,2,N,1,3,0.5,1,3.7,0,0,0,2,1,24,151
2023-01-02 12:02:07.000,2023-01-02 12:03:52.000,0.24,1,5.2,0,0,N,2,1,0.5,1,3.7,0,0,0,2,1,151,24
2023-01-02 12:06:35.000,2023-01-02 12:07:53.000,0.3,1,7.7,0,0,N,2,1,0.5,1,3.7,2.5,2.5,0,1,1,141,229
2023-01-02 12:59:11.000,2023-01-02 12:59:34.000,0.05,0,9.5,0,0,N,3,3,0.5,1,3,5,0,0,2,1,70,138
2023-01-02 12:54:08.000,2023-01-02 12:54:20.000,0,0,7,0,0,N,2,2,0.5,1,3,0,2.5,0,2,1,164,100
2023-01-02 12:42:30.000,2023-01-02 12:42:59.000,1,0,7,0,0,N,1,1,0.5,1,3,2.5,2.5,0,1,1,261,87
2023-01-02 12:43:37.000,2023-01-02 12:44:42.000,0.2,1,7.7,0,0,N,1,1,0.5,1,3.7,2.5,2.5,0,1,1,87,88
2023-01-02 12:13:24.000,2023-01-02 12:14:47.000,0.49,1,10.5,0,2.1,N,1,1,0.5,1,4.4,0,2.5,0,2,1,125,114
2023-01-02 12:29:22.000,2023-01-02 12:30:39.000,0.28,1,9.24,0,1.54,N,1,2,0.5,1,3.7,0,2.5,0,2,1,238,239
2023-01-02 12:20:07.000,2023-01-02 12:21:57.000,0.44,1,10.92,0,2.52,N,1,1,0.5,1,4.4,0,2.5,0,2,1,162,163
2023-01-02 12:55:02.000,2023-01-02 12:55:08.000,0,0,103.2,0,17.2,N,1,4,0,1,85,0,0,0,2,5,264,216
2023-01-02 12:03:10.000,2023-01-02 12:04:30.000,0.32,1,9.63,0,1.93,N,1,1,0.5,1,3.7,0,2.5,0,2,1,100,186
2023-01-02 12:45:45.000,2023-01-02 12:45:59.000,0.15,0,24,0,0,N,2,1,0,1,23,0,0,0,2,3,216,132
2023-01-02 12:34:40.000,2023-01-02 12:34:58.000,0,0,7,0,0,N,4,1,0.5,1,3,0,2.5,0,2,1,264,70
2023-01-02 12:11:55.000,2023-01-02 12:12:01.000,0,1,7,0,0,N,2,1,0.5,1,3,0,2.5,0,2,1,239,143
2023-01-02 13:12:11.000,2023-01-02 13:13:27.000,0.47,1,10.08,0,1.68,N,1,1,0.5,1,4.4,0,2.5,0,2,1,229,233
2023-01-02 13:15:13.000,2023-01-02 13:16:37.000,0.3,1,10.5,0,2.1,N,1,1,0.5,1,4.4,2.5,2.5,0,1,1,142,239
2023-01-02 13:20:14.000,2023-01-02 13:21:58.000,0.38,1,10.08,0,1.68,N,1,1,0.5,1,4.4,0,2.5,0,2,1,163,161
2023-01-02 13:21:14.000,2023-01-02 13:22:51.000,0.51,1,10.5,0,2.1,N,1,2,0.5,1,4.4,0,2.5,0,2,1,142,239
2023-01-02 13:54:32.000,2023-01-02 13:55:57.000,0.27,1,7.7,0,0,N,2,1,0.5,1,3.7,0,2.5,0,2,1,236,237
2023-01-02 13:56:15.000,2023-01-02 13:57:52.000,0.3,1,8.7,0,1,N,1,1,0.5,1,3.7,2.5,2.5,0,1,1,237,236
2023-01-02 13:35:16.000,2023-01-02 13:36:55.000,0,1,4.5,0,0,N,2,1,0.5,1,3,0,0,0,1,1,179,7
2023-01-02 13:12:30.000,2023-01-02 13:12:42.000,0,0,1.01,0,0,N,2,1,0,1,0.01,0,0,0,1,5,163,161
2023-01-02 13:39:03.000,2023-01-02 13:40:57.000,0.35,1,9.66,0,1.26,N,1,1,0.5,1,4.4,0,2.5,0,2,1,162,170
2023-01-02 13:55:16.000,2023-01-02 13:56:46.000,0.28,1,7.7,0,0,N,2,1,0.5,1,3.7,0,2.5,0,2,1,162,161
2023-01-02 13:28:02.000,2023-01-02 13:29:47.000,0.45,1,8.4,0,0,N,2,1,0.5,1,4.4,0,2.5,0,2,1,186,90
2023-01-02 13:11:00.000,2023-01-02 13:12:05.000,0.3,1,9.2,0,1.5,N,1,1,0.5,1,3.7,2.5,2.5,0,1,1,141,236
2023-01-02 13:54:16.000,2023-01-02 13:55:17.000,0.24,1,7.7,0,0,N,2,1,0.5,1,3.7,0,2.5,0,2,1,162,237
2023-01-02 13:27:08.000,2023-01-02 13:27:29.000,0.11,0,90,0,15,N,1,1,0,1,74,0,0,0,2,5,226,162
2023-01-02 13:49:27.000,2023-01-02 13:50:26.000,0.14,1,7.7,0,0,N,3,1,0.5,1,3.7,0,2.5,0,2,1,186,100
2023-01-02 13:53:16.000,2023-01-02 13:53:21.000,0,0,81.5,0,0,N,1,4,0.5,0,81,0,0,0,2,5,132,264
2023-01-02 13:55:41.000,2023-01-02 13:56:39.000,0.22,1,7.7,0,0,N,2,1,0.5,1,3.7,0,2.5,0,2,1,230,48
2023-01-02 13:48:15.000,2023-01-02 13:48:28.000,0.04,0,74,0,0,N,4,1,0.5,1,70,0,2.5,0,2,2,264,48
2023-01-02 13:23:27.000,2023-01-02 13:24:15.000,0,1,7,0,0,N,2,1,0.5,1,3,2.5,2.5,0,1,1,234,107
2023-01-02 13:13:21.000,2023-01-02 13:13:37.000,0.1,0,7,0,0,N,4,1,0.5,1,3,0,2.5,0,2,1,100,186
2023-01-02 14:35:53.000,2023-01-02 14:36:58.000,0.32,1,8,0,1,N,1,2,0.5,0.3,3.7,0,2.5,0,2,1,151,238
2023-01-02 14:48:26.000,2023-01-02 14:49:51.000,0.52,1,8.4,0,0,N,2,1,0.5,1,4.4,0,2.5,0,2,1,237,236
2023-01-02 14:52:58.000,2023-01-02 14:53:46.000,0.33,1,8.7,0,1,N,1,1,0.5,1,3.7,0,2.5,0,2,1,143,239
2023-01-02 14:06:12.000,2023-01-02 14:07:46.000,0.33,1,8.4,0,0,N,2,3,0.5,1,4.4,0,2.5,0,2,1,162,233
2023-01-02 14:03:05.000,2023-01-02 14:04:30.000,0.31,1,7.67,0,1.77,N,1,1,0.5,1,4.4,0,0,0,2,1,43,151
2023-01-02 14:35:24.000,2023-01-02 14:36:58.000,0.54,1,10.08,0,1.68,N,1,1,0.5,1,4.4,0,2.5,0,2,1,237,236
2023-01-02 14:35:01.000,2023-01-02 14:36:39.000,0.3,1,9.2,0,1.5,N,1,1,0.5,1,3.7,2.5,2.5,0,1,1,239,238
2023-01-02 14:47:32.000,2023-01-02 14:48:46.000,0.4,1,10.05,0,1.65,N,1,2,0.5,1,4.4,2.5,2.5,0,1,1,234,186
2023-01-02 14:10:01.000,2023-01-02 14:11:15.000,0.4,1,10.5,0,2.1,N,1,1,0.5,1,4.4,2.5,2.5,0,1,1,186,90
2023-01-02 14:35:01.000,2023-01-02 14:36:52.000,0.43,1,10.08,0,1.68,N,1,5,0.5,1,4.4,0,2.5,0,2,1,238,151
2023-01-02 14:22:36.000,2023-01-02 14:23:17.000,0.29,1,6.2,0,1,N,1,1,0.5,1,3.7,0,0,0,2,1,151,238
2023-01-02 14:11:49.000,2023-01-02 14:11:55.000,0,0,5.75,0,0,N,2,2,0.5,1,3,0,0,1.25,2,1,132,264
2023-01-02 14:20:17.000,2023-01-02 14:21:19.000,0.21,1,7.7,0,0,N,2,1,0.5,1,3.7,0,2.5,0,2,1,230,48
2023-01-02 14:35:19.000,2023-01-02 14:35:47.000,0,0,101.94,6.55,20.14,N,1,1,0.5,1,70,0,2.5,1.25,2,2,261,231
2023-01-02 14:40:53.000,2023-01-02 14:40:57.000,0.05,0,103.2,0,17.2,N,1,1,0,1,85,0,0,0,2,5,10,132
2023-01-02 14:04:05.000,2023-01-02 14:05:19.000,0.11,1,7,0,0,N,2,2,0.5,1,3,0,2.5,0,2,1,186,164
2023-01-02 14:45:13.000,2023-01-02 14:46:25.000,0.52,1,7.08,0,1.18,N,1,1,0.5,1,4.4,0,0,0,2,1,43,236
2023-01-02 14:32:04.000,2023-01-02 14:33:52.000,0.3,1,10.5,0,2.1,N,1,1,0.5,1,4.4,2.5,2.5,0,1,1,263,236
2023-01-02 14:54:12.000,2023-01-02 14:54:22.000,9.94,0,10.75,0,0,N,3,1,0.5,1,3,5,0,1.25,2,1,264,70
2023-01-02 15:14:34.000,2023-01-02 15:15:40.000,0.21,1,5.2,0,0,N,2,1,0.5,1,3.7,0,0,0,2,1,151,238
2023-01-02 15:52:19.000,2023-01-02 15:53:46.000,0.5,1,10.05,0,1.65,N,1,1,0.5,1,4.4,2.5,2.5,0,1,1,237,236
2023-01-02 15:03:02.000,2023-01-02 15:04:53.000,0.2,1,9.2,0,1.5,N,1,0,0.5,1,3.7,2.5,2.5,0,1,1,263,236
2023-01-02 15:13:15.000,2023-01-02 15:14:38.000,0.44,1,10.08,0,1.68,N,1,1,0.5,1,4.4,0,2.5,0,2,1,79,107
2023-01-02 15:55:15.000,2023-01-02 15:56:34.000,0.53,1,9.4,0,1,N,1,1,0.5,1,4.4,0,2.5,0,2,1,238,151
2023-01-02 15:01:03.000,2023-01-02 15:02:20.000,0.36,1,7.8,0,0.1,N,1,1,0.5,1,3.7,0,2.5,0,2,1,262,263
2023-01-02 15:29:30.000,2023-01-02 15:30:07.000,0.04,1,150,0,1.5,N,1,1,0,1,145,0,2.5,0,2,5,261,231
2023-01-02 15:59:02.000,2023-01-02 16:00:46.000,0.37,1,7.38,0,1.48,N,1,1,0.5,1,4.4,0,0,0,2,1,238,151
2023-01-02 15:40:37.000,2023-01-02 15:41:30.000,0.03,1,7,0,0,N,4,4,0.5,1,3,0,2.5,0,2,1,13,261
2023-01-02 15:01:57.000,2023-01-02 15:02:48.000,0,1,80.55,6.55,0,N,2,2,0.5,1,70,0,2.5,0,2,2,230,48
2023-01-02 15:53:23.000,2023-01-02 15:54:59.000,0.31,1,9.4,0,1,N,1,1,0.5,1,4.4,0,2.5,0,2,1,238,239
2023-01-02 15:47:06.000,2023-01-02 15:48:48.000,0.5,1,9.4,0,1,N,1,2,0.5,1,4.4,0,2.5,0,2,1,162,161
2023-01-02 15:27:09.000,2023-01-02 15:28:39.000,0.52,1,8.4,0,0,N,2,3,0.5,1,4.4,0,2.5,0,2,1,263,141
2023-01-02 15:34:54.000,2023-01-02 15:34:59.000,0,0,31.2,0,5.2,N,1,1,0,1,25,0,0,0,2,5,264,1
2023-01-02 15:55:16.000,2023-01-02 15:56:55.000,0.5,1,10.05,0,1.65,N,1,0,0.5,1,4.4,2.5,2.5,0,1,1,262,263
2023-01-02 15:15:08.000,2023-01-02 15:16:29.000,0.3,1,9.2,0,1.5,N,1,1,0.5,1,3.7,2.5,2.5,0,1,1,234,164
2023-01-02 15:13:26.000,2023-01-02 15:14:56.000,0.38,1,10.08,0,1.68,N,1,2,0.5,1,4.4,0,2.5,0,2,1,236,237
2023-01-02 15:58:24.000,2023-01-02 15:58:26.000,0.06,0,93.5,0,10,N,1,1,0.5,1,82,0,0,0,2,5,132,264
2023-01-02 16:04:03.000,2023-01-02 16:04:06.000,0,0,4.5,0,0,N,2,1,0.5,1,3,0,0,0,2,1,107,264
2023-01-02 16:11:05.000,2023-01-02 16:12:42.000,0.57,1,10.08,0,1.68,N,1,1,0.5,1,4.4,0,2.5,0,2,1,186,90
2023-01-02 16:11:44.000,2023-01-02 16:11:46.000,0,0,47.4,0,7.9,N,1,0,0.5,1,38,0,0,0,2,5,148,264
2023-01-02 16:29:05.000,2023-01-02 16:30:12.000,0.42,1,10.5,0,2.1,N,1,1,0.5,1,4.4,0,2.5,0,2,1,263,141
2023-01-02 16:51:39.000,2023-01-02 16:51:50.000,0.02,0,7,0,0,N,2,1,0.5,1,3,0,2.5,0,2,1,236,263
2023-01-02 16:42:43.000,2023-01-02 16:42:46.000,0,0,82.5,0,0,N,1,1,0.5,1,81,0,0,0,2,5,132,264
2023-01-02 17:01:03.000,2023-01-02 17:01:58.000,0.24,0,10.01,0,2.31,N,1,1,0.5,1,3.7,0,2.5,0,2,1,237,236
2023-01-02 16:22:04.000,2023-01-02 16:23:32.000,0.6,1,13.9,0,2.3,N,1,1,0.5,1,5.1,5,2.5,0,1,1,140,263
2023-01-02 16:06:23.000,2023-01-02 16:06:34.000,0,0,102.6,0,17.1,N,1,1,0.5,0,85,0,0,0,2,5,25,264
2023-01-02 17:50:03.000,2023-01-02 17:51:54.000,0.7,1,12.6,0,1,N,1,0,0.5,1,5.1,5,2.5,0,1,1,238,239
2023-01-02 17:40:13.000,2023-01-02 17:41:57.000,0.7,1,6.6,0,0,N,2,1,0.5,1,5.1,0,0,0,1,1,75,74
2023-01-02 17:47:05.000,2023-01-02 17:47:22.000,0.1,0,9.5,0,0,N,3,1,0.5,1,3,5,0,0,1,1,70,138
2023-01-27 09:13:16.000,2023-01-27 09:13:22.000,0,0,14,0,7,N,1,1,0.5,1,3,0,2.5,0,2,1,113,249
2023-01-27 09:33:51.000,2023-01-27 09:33:53.000,0,0,247,0,10,N,1,1,0,1,236,0,0,0,2,5,265,264
2023-01-27 10:37:00.000,2023-01-27 10:37:10.000,0.07,0,4.5,0,0,N,2,1,0.5,1,3,0,0,0,2,1,193,145
2023-01-27 10:34:04.000,2023-01-27 10:35:19.000,0.03,1,10.2,0,0,N,2,1,0.5,1,3.7,5,0,0,2,1,70,138
2023-01-27 10:06:23.000,2023-01-27 10:06:26.000,0.01,0,17.4,0,2.9,N,1,1,0.5,1,13,0,0,0,2,5,162,264
2023-01-27 10:55:59.000,2023-01-27 10:56:04.000,0,1,84.5,0,0,N,3,2,0,1,81,0,2.5,0,2,5,264,141
2023-01-27 10:57:20.000,2023-01-27 10:57:28.000,0,0,97,0,15,N,1,2,0,1,81,0,0,0,2,5,264,141
2023-01-27 10:11:01.000,2023-01-27 10:12:02.000,0,1,7,0,0,N,2,1,0.5,1,3,2.5,2.5,0,1,1,229,141
2023-01-27 10:23:25.000,2023-01-27 10:24:09.000,0.1,1,7,0,0,N,2,1,0.5,1,3,0,2.5,0,2,1,262,263
2023-01-27 10:50:06.000,2023-01-27 10:51:58.000,0.69,1,10.1,0,1,N,1,1,0.5,1,5.1,0,2.5,0,2,1,233,170
2023-01-27 10:48:27.000,2023-01-27 10:48:40.000,0,0,4.5,0,0,N,3,1,0.5,1,3,0,0,0,2,1,264,193
2023-01-27 10:21:44.000,2023-01-27 10:22:28.000,0.13,1,7,0,0,N,2,1,0.5,1,3,0,2.5,0,2,1,100,186
2023-01-27 10:04:17.000,2023-01-27 10:05:20.000,0.22,1,7.7,0,0,N,2,1,0.5,1,3.7,0,2.5,0,2,1,90,186
2023-01-27 10:33:00.000,2023-01-27 10:34:18.000,0.13,1,7.7,0,0,N,2,2,0.5,1,3.7,0,2.5,0,2,1,164,170
2023-01-27 12:00:10.000,2023-01-27 12:01:56.000,0.31,1,9.4,0,1,N,1,1,0.5,1,4.4,0,2.5,0,2,1,141,229
2023-01-27 11:38:03.000,2023-01-27 11:39:31.000,0.36,1,10.01,0,2.31,N,1,2,0.5,1,3.7,0,2.5,0,2,1,249,68
2023-01-27 11:42:49.000,2023-01-27 11:43:51.000,0.19,1,9.24,0,1.54,N,1,1,0.5,1,3.7,0,2.5,0,2,1,90,234
2023-01-27 11:28:00.000,2023-01-27 11:29:58.000,0.3,1,7.7,0,0,N,2,1,0.5,1,3.7,2.5,2.5,0,1,1,107,113
2023-01-27 11:11:31.000,2023-01-27 11:12:49.000,0.11,1,9.24,0,1.54,N,1,2,0.5,1,3.7,0,2.5,0,2,1,236,263
2023-01-27 11:47:03.000,2023-01-27 11:48:56.000,0.42,1,9.4,0,1,N,1,3,0.5,1,4.4,0,2.5,0,2,1,237,236
2023-01-27 11:48:36.000,2023-01-27 11:49:51.000,0.33,1,5.2,0,0,N,2,1,0.5,1,3.7,0,0,0,2,1,41,166
2023-01-27 11:15:03.000,2023-01-27 11:16:52.000,0.63,1,10.92,0,1.82,N,1,1,0.5,1,5.1,0,2.5,0,2,1,170,107
2023-01-27 11:58:15.000,2023-01-27 11:59:25.000,0.36,1,9.7,0,2,N,1,1,0.5,1,3.7,0,2.5,0,2,1,137,233
2023-01-27 11:40:22.000,2023-01-27 11:40:49.000,0.02,0,9.5,0,0,N,2,1,0.5,1,3,5,0,0,2,1,264,138
2023-01-27 11:06:39.000,2023-01-27 11:07:19.000,0.1,1,7,0,0,N,2,1,0.5,1,3,0,2.5,0,2,1,161,162
2023-01-27 11:11:20.000,2023-01-27 11:11:23.000,0.06,0,109.8,0,18.3,N,1,1,0.5,1,90,0,0,0,2,5,132,264
2023-01-27 11:42:54.000,2023-01-27 11:43:13.000,0.04,1,74,0,0,N,2,1,0.5,1,70,0,2.5,0,2,2,170,233
2023-01-27 12:33:19.000,2023-01-27 12:34:35.000,0.18,1,74,0,0,N,2,1,0.5,1,70,0,2.5,0,2,2,143,50
2023-01-27 12:26:36.000,2023-01-27 12:27:45.000,0.4,1,8.4,0,0,N,3,1,0.5,1,4.4,2.5,2.5,0,1,1,236,75
2023-01-27 12:46:20.000,2023-01-27 12:47:32.000,0.3,1,8.7,0,1,N,1,2,0.5,1,3.7,2.5,2.5,0,1,1,236,263
2023-01-27 12:38:20.000,2023-01-27 12:38:22.000,0,0,14.5,0,10,N,1,1,0.5,1,3,0,0,0,2,1,161,264
2023-01-27 12:40:00.000,2023-01-27 12:41:28.000,0.35,1,10.08,0,1.68,N,1,1,0.5,1,4.4,0,2.5,0,2,1,68,186
2023-01-27 12:43:01.000,2023-01-27 12:44:50.000,0.17,1,10.01,0,2.31,N,1,1,0.5,1,3.7,0,2.5,0,2,1,237,162
2023-01-27 12:40:29.000,2023-01-27 12:41:13.000,0.24,1,10.01,0,2.31,N,1,1,0.5,1,3.7,0,2.5,0,2,1,151,238
2023-01-27 12:49:48.000,2023-01-27 12:50:42.000,0.1,1,9.2,0,1.5,N,1,1,0.5,1,3.7,2.5,2.5,0,1,1,211,125
2023-01-27 12:28:10.000,2023-01-27 12:28:39.000,0,0,7,0,0,N,3,1,0.5,1,3,2.5,2.5,0,1,1,234,164
2023-01-27 12:48:13.000,2023-01-27 12:48:43.000,0,0,7,0,0,N,4,6,0.5,1,3,2.5,2.5,0,1,1,114,249
2023-01-27 12:49:36.000,2023-01-27 12:50:07.000,0.06,1,12,0,0,N,4,1,0.5,1,3,5,2.5,0,2,1,264,138
2023-01-27 13:39:24.000,2023-01-27 13:39:36.000,0,0,6.5,0,2,N,1,1,0.5,1,3,0,0,0,2,1,7,193
2023-01-27 13:13:04.000,2023-01-27 13:14:10.000,0.04,1,7,0,0,N,4,4,0.5,1,3,0,2.5,0,2,1,163,100
2023-01-27 13:41:06.000,2023-01-27 13:41:09.000,0,0,4.5,0,0,N,2,1,0.5,1,3,0,0,0,2,1,114,264
2023-01-27 13:40:14.000,2023-01-27 13:41:13.000,0.21,1,7.7,0,0,N,3,2,0.5,1,3.7,0,2.5,0,2,1,230,161
2023-01-27 13:02:03.000,2023-01-27 13:03:20.000,0.44,1,10.08,0,1.68,N,1,1,0.5,1,4.4,0,2.5,0,2,1,229,140
2023-01-27 13:44:22.000,2023-01-27 13:45:46.000,0.45,1,10.08,0,1.68,N,1,5,0.5,1,4.4,0,2.5,0,2,1,43,236
2023-01-27 13:41:04.000,2023-01-27 13:41:10.000,0,0,74,0,0,N,4,2,0.5,1,70,0,2.5,0,2,2,100,164
2023-01-27 13:56:31.000,2023-01-27 13:56:39.000,0.11,0,102.25,0,20.45,N,1,1,0,1,80.8,0,0,0,2,5,197,215
2023-01-27 13:36:40.000,2023-01-27 13:36:53.000,0,0,96,0,16,N,1,1,0,1,79,0,0,0,2,5,134,197
2023-01-27 13:54:17.000,2023-01-27 13:54:23.000,1.04,0,74,0,0,N,2,2,0.5,1,70,0,2.5,0,2,2,264,237
2023-01-27 13:50:07.000,2023-01-27 13:51:27.000,0.37,1,10,0,1.6,N,1,1,0.5,1,4.4,0,2.5,0,2,1,239,142
2023-01-27 13:46:01.000,2023-01-27 13:47:11.000,0.2,1,7.7,0,0,N,3,1,0.5,1,3.7,2.5,2.5,0,1,1,262,141
2023-01-27 13:21:50.000,2023-01-27 13:21:56.000,0,0,102.6,0,17.1,N,1,2,0,1,82,0,2.5,0,2,5,230,163
2023-01-27 13:03:06.000,2023-01-27 13:03:26.000,0.05,0,7,0,0,N,2,1,0.5,1,3,0,2.5,0,2,1,140,141
2023-01-27 13:35:07.000,2023-01-27 13:35:10.000,0,0,49.8,0,8.3,N,1,1,0.5,1,40,0,0,0,2,5,48,264
2023-01-27 14:35:29.000,2023-01-27 14:36:54.000,0.19,1,7.7,0,0,N,2,1,0.5,1,3.7,0,2.5,0,2,1,262,141
2023-01-27 14:28:10.000,2023-01-27 14:29:08.000,0.12,1,9.24,0,1.54,N,1,1,0.5,1,3.7,0,2.5,0,2,1,164,234
2023-01-27 14:36:05.000,2023-01-27 14:37:51.000,0.28,1,6.49,0,0.59,N,1,1,0.5,1,4.4,0,0,0,2,1,238,151
2023-01-27 14:15:04.000,2023-01-27 14:16:33.000,0.33,1,9.24,0,1.54,N,1,1,0.5,1,3.7,0,2.5,0,2,1,162,170
2023-01-27 14:59:11.000,2023-01-27 14:59:45.000,0.66,0,93.66,6.55,15.61,N,1,1,0.5,1,70,0,0,0,2,2,216,132
2023-01-27 14:45:35.000,2023-01-27 14:46:59.000,0.47,1,9.4,0,1,N,1,1,0.5,1,4.4,0,2.5,0,2,1,262,140
2023-01-27 14:36:28.000,2023-01-27 14:36:36.000,0,0,71.5,0,0,N,3,3,0.5,1,70,0,0,0,2,2,132,264
2023-01-27 14:31:45.000,2023-01-27 14:31:53.000,0.01,0,7,0,0,N,4,2,0.5,1,3,0,2.5,0,2,1,186,234
2023-01-27 14:47:18.000,2023-01-27 14:48:57.000,0.18,1,7.7,0,0,N,2,2,0.5,1,3.7,0,2.5,0,2,1,186,164
2023-01-27 14:57:13.000,2023-01-27 14:58:53.000,0.59,1,10.92,0,1.82,N,1,3,0.5,1,5.1,0,2.5,0,2,1,239,43
2023-01-27 14:50:32.000,2023-01-27 14:51:42.000,0.2,1,5.8,0,0.6,N,1,1,0.5,1,3.7,0,0,0,2,1,43,75
2023-01-27 14:11:18.000,2023-01-27 14:12:11.000,0.2,1,9.2,0,1.5,N,1,1,0.5,1,3.7,2.5,2.5,0,1,1,163,230
2023-01-27 14:33:05.000,2023-01-27 14:34:39.000,0.47,1,10.08,0,1.68,N,1,1,0.5,1,4.4,0,2.5,0,2,1,141,263
2023-01-27 14:34:46.000,2023-01-27 14:35:22.000,0,1,10,0,5.5,N,1,1,0.5,1,3,0,0,0,1,1,42,74
2023-01-27 14:59:58.000,2023-01-27 15:00:01.000,0,1,43.5,0,2,N,1,2,0.5,1,40,0,0,0,2,5,219,264
2023-01-27 14:41:33.000,2023-01-27 14:42:33.000,0.26,1,9.24,0,1.54,N,1,1,0.5,1,3.7,0,2.5,0,2,1,246,48
2023-01-27 15:41:11.000,2023-01-27 15:42:39.000,0.38,1,7.7,0,0,N,1,4,0.5,1,3.7,0,2.5,0,2,1,161,237
2023-01-27 15:57:47.000,2023-01-27 15:58:54.000,0.32,1,7.7,0,0,N,2,1,0.5,1,3.7,0,2.5,0,2,1,137,170
2023-01-27 15:07:38.000,2023-01-27 15:08:03.000,0,1,7,0,0,N,4,1,0.5,1,3,0,2.5,0,2,1,262,236
2023-01-27 15:34:09.000,2023-01-27 15:35:51.000,0.41,1,8.4,0,0,N,2,3,0.5,1,4.4,0,2.5,0,2,1,143,142
2023-01-27 15:06:50.000,2023-01-27 15:07:40.000,0.12,1,7,0,0,N,2,1,0.5,1,3,0,2.5,0,2,1,43,236
2023-01-27 15:11:00.000,2023-01-27 15:12:10.000,0.33,1,9.63,0,1.93,N,1,1,0.5,1,3.7,0,2.5,0,2,1,186,90
2023-01-27 15:17:09.000,2023-01-27 15:18:43.000,0.22,1,9.24,0,1.54,N,1,1,0.5,1,3.7,0,2.5,0,2,1,48,230
2023-01-27 15:54:43.000,2023-01-27 15:55:56.000,0.2,1,7.7,0,0,N,4,1,0.5,1,3.7,0,2.5,0,2,1,264,237
2023-01-27 15:44:50.000,2023-01-27 15:45:05.000,0.39,1,63.06,6.55,10.51,N,1,1,0,1,45,0,0,0,2,5,223,129
2023-01-27 15:32:00.000,2023-01-27 15:32:05.000,0,0,88.5,0,0,N,2,4,0,1,85,0,2.5,0,2,5,230,161
2023-01-27 15:53:53.000,2023-01-27 15:54:52.000,0.04,1,7,0,0,N,2,1,0.5,1,3,0,2.5,0,2,1,142,163
2023-01-27 15:23:17.000,2023-01-27 15:23:37.000,0,0,7,0,0,N,2,1,0.5,1,3,0,2.5,0,2,1,236,43
2023-01-27 15:36:27.000,2023-01-27 15:36:49.000,0.03,0,9.5,0,0,N,4,1,0.5,1,3,5,0,0,2,1,70,138
2023-01-27 16:00:17.000,2023-01-27 16:00:18.000,0,0,26.5,0,0,N,1,2,0.5,1,25,0,0,0,2,5,116,264
2023-01-27 15:05:40.000,2023-01-27 15:06:55.000,0.32,1,5.2,0,0,N,2,1,0.5,1,3.7,0,0,0,2,1,24,151
2023-01-27 15:06:09.000,2023-01-27 15:07:23.000,0.19,1,7.7,0,0,N,2,1,0.5,1,3.7,0,2.5,0,2,1,238,239
2023-01-27 16:06:16.000,2023-01-27 16:07:47.000,0.38,1,13.08,0,2.18,N,1,1,0.5,1,4.4,2.5,2.5,0,2,1,246,68
2023-01-27 16:03:35.000,2023-01-27 16:03:59.000,0.09,0,9.5,0,0,N,1,1,0.5,1,3,2.5,2.5,0,2,1,239,142
2023-01-27 16:20:43.000,2023-01-27 16:21:28.000,0.04,1,7,0,0,N,2,1,0.5,1,3,2.5,0,0,2,1,74,75
2023-01-27 16:50:02.000,2023-01-27 16:51:58.000,0.41,1,13.08,0,2.18,N,1,1,0.5,1,4.4,2.5,2.5,0,2,1,234,186
2023-01-27 16:33:48.000,2023-01-27 16:34:42.000,0.15,1,7.7,0,0,N,2,1,0.5,1,3.7,0,2.5,0,2,1,236,262
2023-01-27 16:52:27.000,2023-01-27 16:53:50.000,0.25,1,12.24,0,2.04,N,1,2,0.5,1,3.7,2.5,2.5,0,2,1,143,142
2023-01-27 16:33:14.000,2023-01-27 16:34:53.000,0.45,1,11.9,0,1,N,1,6,0.5,1,4.4,2.5,2.5,0,2,1,114,249
2023-01-27 16:28:36.000,2023-01-27 16:28:47.000,1,0,9.5,0,0,N,2,2,0.5,1,3,5,2.5,0,1,1,233,162
2023-01-27 16:53:01.000,2023-01-27 16:54:08.000,0.26,1,13.2,0,3,N,1,1,0.5,1,3.7,2.5,2.5,0,2,1,107,137
2023-01-27 16:49:31.000,2023-01-27 16:50:23.000,0,1,9.5,0,0,N,3,1,0.5,1,3,5,2.5,0,1,1,264,170
2023-01-27 16:13:27.000,2023-01-27 16:14:44.000,0.07,1,10.2,0,0,N,4,1,0.5,1,3.7,2.5,2.5,0,2,1,48,142
2023-01-27 16:09:05.000,2023-01-27 16:10:58.000,0.25,1,10.9,0,0,N,2,1,0.5,1,4.4,2.5,2.5,0,2,1,263,262
2023-01-27 16:50:58.000,2023-01-27 16:51:10.000,0.01,1,9.5,0,0,N,2,1,0.5,1,3,2.5,2.5,0,2,1,186,68
2023-01-27 16:20:38.000,2023-01-27 16:21:16.000,0.02,1,9.5,0,0,N,2,1,0.5,1,3,2.5,2.5,0,2,1,87,209
2023-01-27 16:01:29.000,2023-01-27 16:01:56.000,0.02,0,102.66,6.55,17.11,N,1,1,0.5,1,70,5,2.5,0,2,2,170,162
2023-01-27 16:53:43.000,2023-01-27 16:54:41.000,0.28,1,7.7,0,0,N,2,1,0.5,1,3.7,2.5,0,0,2,1,166,24
2023-01-11 21:10:01.000,2023-01-11 21:11:50.000,0.5,1,11.25,0,1.85,Y,1,0,0.5,1,4.4,3.5,2.5,0,1,1,162,264
2023-01-11 21:17:00.000,2023-01-11 21:18:41.000,0.59,1,12.62,0,2.52,N,1,1,0.5,1,5.1,1,2.5,0,2,1,237,162
2023-01-11 21:15:24.000,2023-01-11 21:16:14.000,0.06,1,8,0,0,N,2,1,0.5,1,3,1,2.5,0,2,1,161,100
2023-01-11 22:24:09.000,2023-01-11 22:25:58.000,0.5,1,11.28,0,1.88,N,1,1,0.5,1,4.4,1,2.5,0,2,1,230,186
2023-01-11 22:30:21.000,2023-01-11 22:31:52.000,0.48,1,10.34,0,0.94,N,1,1,0.5,1,4.4,1,2.5,0,2,1,229,141
2023-01-11 22:46:06.000,2023-01-11 22:47:25.000,0.3,1,9.4,0,0,N,2,2,0.5,1,4.4,3.5,2.5,0,1,1,100,186
2023-01-11 22:27:25.000,2023-01-11 22:27:54.000,0.07,0,8,0,0,N,2,1,0.5,1,3,1,2.5,0,2,1,229,162
2023-01-11 22:36:29.000,2023-01-11 22:36:49.000,0,0,8,0,0,N,4,1,0.5,1,3,1,2.5,0,2,1,237,43
2023-01-11 22:55:00.000,2023-01-11 22:56:38.000,0.6,1,12.1,0,2,N,1,2,0.5,1,5.1,3.5,2.5,0,1,1,233,137
2023-01-11 22:46:04.000,2023-01-11 22:47:41.000,0.35,1,11.28,0,1.88,N,1,1,0.5,1,4.4,1,2.5,0,2,1,162,233
2023-01-11 22:21:37.000,2023-01-11 22:22:46.000,0.4,1,9.4,0,0,N,2,1,0.5,1,4.4,3.5,2.5,0,1,1,137,107
2023-01-11 22:17:35.000,2023-01-11 22:17:44.000,0,0,103.5,0,0,N,1,1,0,1,100,0,2.5,0,2,5,125,211
2023-01-11 22:26:19.000,2023-01-11 22:27:15.000,0.5,1,11.25,0,1.85,N,1,1,0.5,1,4.4,3.5,2.5,0,1,1,151,238
2023-01-11 22:47:00.000,2023-01-11 22:48:42.000,0.1,1,5.5,0,0,N,4,1,0.5,1,3,1,0,0,1,1,255,256
2023-01-11 22:56:57.000,2023-01-11 22:57:00.000,0,1,105,0,17.5,N,1,2,0,1,84,0,2.5,0,2,5,232,264
2023-01-11 22:41:54.000,2023-01-11 22:42:20.000,0,1,118.2,0,19.7,N,1,1,0,1,95,0,2.5,0,2,5,48,68
2023-01-11 23:45:52.000,2023-01-11 23:45:55.000,0.04,0,46.5,0,0,N,1,1,0.5,1,45,0,0,0,2,5,95,264
2023-01-11 23:12:45.000,2023-01-11 23:13:45.000,0.38,1,10,0,1.3,N,1,1,0.5,1,3.7,1,2.5,0,2,1,142,239
2023-01-11 23:20:13.000,2023-01-11 23:21:48.000,0.39,1,11.2,0,1.8,N,1,2,0.5,1,4.4,1,2.5,0,2,1,68,50
2023-01-11 23:43:15.000,2023-01-11 23:44:39.000,0.41,1,11.28,0,1.88,N,1,1,0.5,1,4.4,1,2.5,0,2,1,170,137
2023-01-11 23:46:07.000,2023-01-11 23:47:13.000,0.26,1,8.7,0,0,N,4,4,0.5,1,3.7,1,2.5,0,2,1,163,230
2023-01-11 23:06:38.000,2023-01-11 23:07:04.000,0.79,1,11.9,0,0,N,2,4,0.5,1,4.4,6,0,0,2,1,264,70
2023-01-11 23:20:10.000,2023-01-11 23:20:18.000,0.05,0,31.5,0,3,N,1,1,0,1,25,0,2.5,0,2,5,140,202
2023-01-11 23:36:11.000,2023-01-11 23:37:39.000,0.4,1,9.4,0,0,N,2,2,0.5,1,4.4,1,2.5,0,2,1,164,170
2023-01-11 23:36:49.000,2023-01-11 23:37:03.000,0,1,100.2,0,16.7,N,1,1,0,1,80,0,2.5,0,2,5,230,48
2023-01-11 23:17:10.000,2023-01-11 23:17:21.000,0,0,31,0,0,N,1,1,0,1,30,0,0,0,2,5,242,162
2023-01-11 23:17:33.000,2023-01-11 23:17:36.000,0.03,0,111.5,0,10,N,1,1,0.5,1,100,0,0,0,2,5,243,264
2023-01-11 23:17:14.000,2023-01-11 23:18:53.000,0.35,1,8.28,0,1.38,N,1,1,0.5,1,4.4,1,0,0,2,1,166,151
2023-01-11 23:20:13.000,2023-01-11 23:20:16.000,0,0,104.46,0,17.41,N,1,2,0.5,1,85.55,0,0,0,2,5,230,264
2023-01-11 23:43:05.000,2023-01-11 23:44:14.000,0.45,1,11.28,0,1.88,N,1,2,0.5,1,4.4,1,2.5,0,2,1,48,142
2023-01-11 23:16:29.000,2023-01-11 23:16:34.000,0,0,84,0,10,N,1,1,0.5,1,70,0,2.5,0,2,2,230,161
2023-01-11 23:59:18.000,2023-01-11 23:59:20.000,0,0,97.8,0,16.3,N,1,1,0.5,1,80,0,0,0,2,5,163,264
2023-01-12 00:15:15.000,2023-01-12 00:15:45.000,0,0,201,0,0,N,1,1,0,1,200,0,0,0,1,5,100,186
2023-01-12 00:07:08.000,2023-01-12 00:08:35.000,0.2,1,9,0,1.5,N,1,3,0.5,1,3,3,2.5,0,1,1,234,107
2023-01-12 00:36:52.000,2023-01-12 00:37:21.000,0,1,5.5,0,0,N,3,1,0.5,1,3,1,0,0,2,1,264,136
2023-01-12 00:13:28.000,2023-01-12 00:14:50.000,0.47,1,11.28,0,1.88,N,1,1,0.5,1,4.4,1,2.5,0,2,1,140,141
2023-01-12 00:38:16.000,2023-01-12 00:38:46.000,0.08,0,5.5,0,0,N,4,1,0.5,1,3,1,0,0,2,1,116,244
2023-01-12 00:17:33.000,2023-01-12 00:17:36.000,0,0,92.55,0,5,N,1,1,0,1,86.55,0,0,0,2,5,69,264
2023-01-12 01:12:25.000,2023-01-12 01:13:42.000,0.22,1,8.7,0,0,N,2,1,0.5,1,3.7,1,2.5,0,2,1,141,237
2023-01-12 01:06:21.000,2023-01-12 01:07:40.000,0.41,1,9.4,0,0,N,3,2,0.5,1,4.4,1,2.5,0,2,1,230,186
2023-01-12 01:27:21.000,2023-01-12 01:28:59.000,0.4,1,11.28,0,1.88,N,1,1,0.5,1,4.4,1,2.5,0,2,1,79,113
2023-01-12 02:37:16.000,2023-01-12 02:37:24.000,0.02,0,74,0,0,N,4,1,0.5,1,70,0,2.5,0,2,2,79,107
2023-01-12 02:33:11.000,2023-01-12 02:33:37.000,0,0,77,0,3,N,1,1,0.5,1,70,0,2.5,0,2,2,231,233
2023-01-12 02:14:56.000,2023-01-12 02:14:59.000,0.09,0,17.55,0,4.05,N,1,2,0.5,1,12,0,0,0,2,5,249,264
2023-01-12 02:35:22.000,2023-01-12 02:36:42.000,0.23,1,8.7,0,0,N,1,1,0.5,1,3.7,1,2.5,0,2,1,90,113
2023-01-12 04:36:39.000,2023-01-12 04:37:52.000,0.5,1,9.4,0,0,N,4,1,0.5,1,4.4,3.5,2.5,0,1,1,186,230
2023-01-12 04:43:58.000,2023-01-12 04:44:50.000,0.29,1,8.7,0,0,N,2,1,0.5,1,3.7,1,2.5,0,2,1,48,68
2023-01-12 04:45:13.000,2023-01-12 04:46:31.000,0.37,1,8.7,0,0,N,2,1,0.5,1,3.7,1,2.5,0,2,1,68,90
2023-01-12 04:57:13.000,2023-01-12 04:57:24.000,0.03,0,71.5,0,0,N,4,1,0.5,1,70,0,0,0,2,2,74,75
2023-01-12 05:35:07.000,2023-01-12 05:36:13.000,0.46,1,11.28,0,1.88,N,1,2,0.5,1,4.4,1,2.5,0,2,1,100,90
2023-01-12 05:58:29.000,2023-01-12 05:59:41.000,0.55,1,11.28,0,1.88,N,1,1,0.5,1,4.4,1,2.5,0,2,1,262,140
2023-01-12 05:53:21.000,2023-01-12 05:54:30.000,0.27,1,10.44,0,1.74,N,1,1,0.5,1,3.7,1,2.5,0,2,1,230,48
2023-01-12 06:53:02.000,2023-01-12 06:54:31.000,0.39,1,9.09,0,1.39,N,1,6,0.5,1,3.7,0,2.5,0,2,1,162,170
2023-01-12 06:19:07.000,2023-01-12 06:19:25.000,0,0,7,0,0,N,4,1,0.5,1,3,0,2.5,0,2,1,100,48
2023-01-12 06:55:14.000,2023-01-12 06:56:31.000,0.45,1,10.5,0,2.1,N,1,1,0.5,1,4.4,0,2.5,0,2,1,263,75
2023-01-12 06:42:22.000,2023-01-12 06:43:58.000,0.68,1,7.92,0,1.32,N,1,6,0.5,1,5.1,0,0,0,2,1,166,151
2023-01-12 06:20:18.000,2023-01-12 06:20:34.000,0,0,149.11,22.76,24.85,N,1,2,0,1,98,0,2.5,0,2,5,264,1
2023-01-12 06:15:31.000,2023-01-12 06:16:43.000,0.43,1,9.4,0,1,N,1,1,0.5,1,4.4,0,2.5,0,2,1,48,68
2023-01-12 06:50:01.000,2023-01-12 06:51:58.000,0.77,1,10.1,0,1,N,1,1,0.5,1,5.1,0,2.5,0,2,1,262,140
2023-01-12 06:02:20.000,2023-01-12 06:03:50.000,0.29,1,9.24,0,1.54,N,1,1,0.5,1,3.7,0,2.5,0,2,1,48,230
2023-01-12 06:06:15.000,2023-01-12 06:06:43.000,0,0,8.4,0,1.4,N,1,1,0.5,1,3,0,2.5,0,2,1,161,230
2023-01-12 06:17:03.000,2023-01-12 06:18:18.000,0.42,1,8.4,0,0,N,2,1,0.5,1,4.4,0,2.5,0,2,1,164,100
2023-01-12 06:45:51.000,2023-01-12 06:46:02.000,0.03,1,7,0,0,N,2,1,0.5,1,3,0,2.5,0,2,1,233,170
2023-01-12 06:02:25.000,2023-01-12 06:03:00.000,0.2,1,7.7,0,0,N,4,0,0.5,1,3.7,2.5,2.5,0,1,1,170,233
2023-01-12 07:26:30.000,2023-01-12 07:27:54.000,0.5,1,10.05,0,1.65,N,1,1,0.5,1,4.4,2.5,2.5,0,1,1,236,237
2023-01-12 07:33:05.000,2023-01-12 07:34:46.000,0.53,1,10.4,0,2,N,1,1,0.5,1,4.4,0,2.5,0,2,1,90,186
2023-01-12 07:07:21.000,2023-01-12 07:08:39.000,0.4,1,5.9,0,0,N,2,1,0.5,1,4.4,0,0,0,1,1,151,238
2023-01-12 07:57:31.000,2023-01-12 07:58:20.000,0.19,1,7,0,0,N,4,1,0.5,1,3,0,2.5,0,2,1,230,48
2023-01-12 07:12:42.000,2023-01-12 07:12:54.000,0.02,0,7,0,0,N,4,1,0.5,1,3,0,2.5,0,2,1,264,262
2023-01-12 07:56:09.000,2023-01-12 07:56:50.000,0.24,0,9.24,0,1.54,N,1,1,0.5,1,3.7,0,2.5,0,2,1,164,170
2023-01-12 07:30:21.000,2023-01-12 07:30:38.000,0.05,0,7,0,0,N,2,1,0.5,1,3,0,2.5,0,2,1,170,161
2023-01-12 07:32:13.000,2023-01-12 07:33:50.000,0.3,1,7.7,0,0,N,2,0,0.5,1,3.7,2.5,2.5,0,1,1,114,144
2023-01-12 07:16:05.000,2023-01-12 07:17:34.000,0.54,1,10.5,0,2.1,N,1,1,0.5,1,4.4,0,2.5,0,2,1,162,170
2023-01-12 08:03:02.000,2023-01-12 08:04:29.000,0.45,1,8.4,0,0,N,2,1,0.5,1,4.4,0,2.5,0,2,1,186,90
2023-01-12 09:01:15.000,2023-01-12 09:02:58.000,0.62,1,10.92,0,1.82,N,1,2,0.5,1,5.1,0,2.5,0,2,1,90,186
2023-01-12 08:49:32.000,2023-01-12 08:50:53.000,0.2,1,9.7,0,2,N,1,1,0.5,1,3.7,2.5,2.5,0,1,1,230,48
2023-01-12 08:25:13.000,2023-01-12 08:26:58.000,0.15,1,92.25,12.75,5,N,1,1,0,1,71,0,2.5,0,2,5,186,68
2023-01-12 08:12:00.000,2023-01-12 08:13:43.000,0.2,1,11.7,0,4,N,1,1,0.5,1,3.7,0,2.5,0,2,1,170,164
2023-01-12 08:33:09.000,2023-01-12 08:34:40.000,0.3,1,9.24,0,0.84,N,1,2,0.5,1,4.4,2.5,2.5,0,1,1,263,236
2023-01-12 08:22:26.000,2023-01-12 08:23:31.000,0.25,1,9.24,0,1.54,N,1,1,0.5,1,3.7,0,2.5,0,2,1,48,68
2023-01-12 08:23:03.000,2023-01-12 08:24:46.000,0.2,1,9.2,0,1.5,N,1,1,0.5,1,3.7,2.5,2.5,0,1,1,163,237
2023-01-12 08:32:57.000,2023-01-12 08:33:57.000,0.1,1,4.5,0,0,N,2,1,0.5,1,3,0,0,0,1,1,42,41
2023-01-12 09:00:48.000,2023-01-12 09:01:02.000,0.08,1,7,0,0,N,2,1,0.5,1,3,0,2.5,0,2,1,249,114
2023-01-12 09:13:57.000,2023-01-12 09:14:30.000,0.25,1,83.09,0,0.09,N,1,2,0,1,82,0,0,0,2,5,236,264
2023-01-12 09:48:41.000,2023-01-12 09:48:49.000,6.26,0,77,0,0,N,2,1,0.5,1,73,0,2.5,0,2,1,68,239
2023-01-12 09:41:00.000,2023-01-12 09:42:51.000,0.6,1,10.05,0,1.65,N,1,1,0.5,1,4.4,2.5,2.5,0,1,1,107,137
2023-01-12 09:44:35.000,2023-01-12 09:44:43.000,0.07,0,93,0,12,N,1,4,0,1,80,0,0,0,2,5,216,132
2023-01-12 09:15:04.000,2023-01-12 09:16:45.000,0.5,1,10.5,0,2.1,N,1,6,0.5,1,4.4,0,2.5,0,2,1,142,48
2023-01-12 09:29:33.000,2023-01-12 09:30:55.000,0.03,1,5.2,0,0,N,4,1,0.5,1,3.7,0,0,0,2,1,263,262
2023-01-12 09:09:17.000,2023-01-12 09:10:47.000,0.23,1,7.7,0,0,N,2,1,0.5,1,3.7,0,2.5,0,2,1,140,262
2023-01-12 09:19:45.000,2023-01-12 09:20:45.000,0.26,1,7.7,0,0,N,1,1,0.5,1,3.7,0,2.5,0,2,1,161,162
2023-01-12 09:17:33.000,2023-01-12 09:18:36.000,0.2,1,7.7,0,0,N,2,1,0.5,1,3.7,2.5,2.5,0,1,1,239,238
2023-01-12 10:06:02.000,2023-01-12 10:07:40.000,0.66,1,6.6,0,0,N,2,1,0.5,1,5.1,0,0,0,2,1,116,152
2023-01-12 10:04:44.000,2023-01-12 10:05:49.000,0.4,1,7.7,0,0,N,2,1,0.5,1,3.7,2.5,2.5,0,1,1,137,233
2023-01-12 10:07:17.000,2023-01-12 10:07:23.000,0,0,7,0,0,N,3,1,0.5,1,3,0,2.5,0,2,1,236,263
2023-01-12 10:10:03.000,2023-01-12 10:11:34.000,0.18,1,7.7,0,0,N,4,2,0.5,1,3.7,0,2.5,0,2,1,90,234
2023-01-12 10:50:32.000,2023-01-12 10:51:22.000,0.23,1,10.01,0,2.31,Y,1,3,0.5,1,3.7,0,2.5,0,2,1,164,100
2023-01-12 10:52:58.000,2023-01-12 10:53:08.000,0.01,1,7,0,0,N,2,1,0.5,1,3,0,2.5,0,2,1,163,161
2023-01-12 10:07:23.000,2023-01-12 10:08:53.000,0.5,1,8.4,0,0,N,2,1,0.5,1,4.4,0,2.5,0,2,1,143,48
2023-01-12 10:33:16.000,2023-01-12 10:34:53.000,0.38,1,7.08,0,1.18,N,1,1,0.5,1,4.4,0,0,0,2,1,24,151
2023-01-19 20:33:05.000,2023-01-19 20:34:50.000,0.09,1,8.7,0,0,N,3,2,0.5,1,3.7,1,2.5,0,2,1,230,161
2023-01-19 20:55:43.000,2023-01-19 20:55:46.000,0.04,0,157.95,0,36.45,N,1,1,0.5,1,120,0,0,0,2,5,1,264
2023-01-19 21:00:40.000,2023-01-19 21:01:53.000,0.3,1,10.44,0,1.74,N,1,1,0.5,1,3.7,1,2.5,0,2,1,141,140
2023-01-19 21:51:34.000,2023-01-19 21:52:50.000,0.04,1,6.2,0,0,N,2,1,0.5,1,3.7,1,0,0,2,1,24,166
2023-01-19 21:58:31.000,2023-01-19 21:59:50.000,0.51,1,12.22,0,2.82,N,1,1,0.5,1,4.4,1,2.5,0,2,1,140,263
2023-01-19 21:18:06.000,2023-01-19 21:19:36.000,0.37,1,10.44,0,1.74,N,1,1,0.5,1,3.7,1,2.5,0,2,1,68,246
2023-01-19 21:07:51.000,2023-01-19 21:08:14.000,0,1,74,0,0,N,2,1,0.5,1,70,0,2.5,0,2,2,163,161
2023-01-19 21:34:25.000,2023-01-19 21:35:35.000,0.22,1,10.44,0,1.74,N,1,4,0.5,1,3.7,1,2.5,0,2,1,230,100
2023-01-19 21:47:00.000,2023-01-19 21:48:19.000,0.09,1,8.7,0,0,N,4,1,0.5,1,3.7,1,2.5,0,2,1,163,162
2023-01-19 21:50:09.000,2023-01-19 21:51:56.000,0.36,1,9.4,0,0,N,2,1,0.5,1,4.4,1,2.5,0,2,1,170,162
2023-01-19 21:36:07.000,2023-01-19 21:37:09.000,0.2,1,10.85,0,2.15,N,1,1,0.5,1,3.7,3.5,2.5,0,1,1,107,234
2023-01-19 21:42:55.000,2023-01-19 21:42:58.000,0,0,61,0,5,N,1,1,0,1,55,0,0,0,2,5,160,264
2023-01-19 21:41:00.000,2023-01-19 21:41:10.000,0.03,0,74,0,0,N,3,1,0.5,1,70,0,2.5,0,2,2,234,164
2023-01-19 21:23:23.000,2023-01-19 21:24:41.000,0.4,1,10.85,0,2.15,N,1,1,0.5,1,3.7,3.5,2.5,0,1,1,236,237
2023-01-19 21:20:09.000,2023-01-19 21:21:32.000,0.36,1,10.7,0,2,N,1,1,0.5,1,3.7,1,2.5,0,2,1,170,137
2023-01-19 21:54:50.000,2023-01-19 21:55:46.000,0,1,8,0,0,N,2,1,0.5,1,3,3.5,2.5,0,1,1,186,100
2023-01-19 21:02:06.000,2023-01-19 21:03:15.000,0.05,1,74,0,0,N,2,2,0.5,1,70,0,2.5,0,2,2,162,170
2023-01-19 21:07:35.000,2023-01-19 21:08:35.000,0.19,1,10,0,1.3,N,1,1,0.5,1,3.7,1,2.5,0,2,1,249,158
2023-01-19 21:20:40.000,2023-01-19 21:20:56.000,0.01,0,8,0,0,N,2,1,0.5,1,3,1,2.5,0,2,1,50,48
2023-01-19 22:51:06.000,2023-01-19 22:52:51.000,0.34,1,11.28,0,1.88,N,1,1,0.5,1,4.4,1,2.5,0,2,1,107,79
2023-01-19 22:35:01.000,2023-01-19 22:36:44.000,0.41,1,9.4,0,0,N,2,1,0.5,1,4.4,1,2.5,0,2,1,231,45
2023-01-19 22:39:13.000,2023-01-19 22:40:19.000,0.16,1,14.7,0,6,N,1,1,0.5,1,3.7,1,2.5,0,2,1,236,237
2023-01-19 22:47:17.000,2023-01-19 22:48:13.000,0.3,1,10.7,0,2,N,1,1,0.5,1,3.7,1,2.5,0,2,1,237,162
2023-01-19 22:16:04.000,2023-01-19 22:17:15.000,0.46,1,11.75,0,2.35,N,1,1,0.5,1,4.4,1,2.5,0,2,1,237,141
2023-01-19 22:48:16.000,2023-01-19 22:49:26.000,0.38,1,11.28,0,1.88,N,1,1,0.5,1,4.4,1,2.5,0,2,1,237,161
2023-01-19 22:16:51.000,2023-01-19 22:17:17.000,0.04,1,5.5,0,0,N,2,4,0.5,1,3,1,0,0,2,1,70,138
2023-01-19 22:57:02.000,2023-01-19 22:58:48.000,0.72,1,12.12,0,2.02,N,1,1,0.5,1,5.1,1,2.5,0,2,1,79,137
2023-01-19 22:08:04.000,2023-01-19 22:09:47.000,0.56,1,9.4,0,0,N,1,1,0.5,1,4.4,1,2.5,0,2,1,262,263
2023-01-19 22:27:23.000,2023-01-19 22:28:52.000,0.2,1,10.7,0,2,N,1,2,0.5,1,3.7,3.5,2.5,0,1,1,164,234
2023-01-19 22:32:57.000,2023-01-19 22:33:01.000,0,1,8,0,0,N,2,1,0.5,1,3,1,2.5,0,2,1,48,100
2023-01-19 22:48:28.000,2023-01-19 22:49:47.000,0.44,1,11.28,0,1.88,N,1,1,0.5,1,4.4,1,2.5,0,2,1,48,68
2023-01-19 22:59:42.000,2023-01-19 23:00:55.000,0.3,1,10.87,0,2.17,N,1,1,0.5,1,3.7,1,2.5,0,2,1,237,162
2023-01-19 22:45:20.000,2023-01-19 22:46:56.000,0.56,1,10.4,0,1,N,1,5,0.5,1,4.4,1,2.5,0,2,1,230,186
2023-01-19 23:57:19.000,2023-01-19 23:58:35.000,0.3,1,10.85,0,2.15,N,1,1,0.5,1,3.7,3.5,2.5,0,1,1,263,262
2023-01-19 23:25:04.000,2023-01-19 23:26:46.000,0.66,1,11.62,0,1.52,N,1,1,0.5,1,5.1,1,2.5,0,2,1,79,224
2023-01-19 23:01:18.000,2023-01-19 23:01:28.000,0,0,15.5,0,1,N,1,1,0,1,11,0,2.5,0,2,5,68,246
2023-01-19 23:01:06.000,2023-01-19 23:02:47.000,0.43,1,9.4,0,0,N,2,2,0.5,1,4.4,1,2.5,0,2,1,142,163
2023-01-19 23:48:20.000,2023-01-19 23:49:42.000,0.47,1,10,0,0.6,N,1,1,0.5,1,4.4,1,2.5,0,2,1,141,263
2023-01-19 23:07:41.000,2023-01-19 23:07:47.000,0,0,88.5,0,0,N,2,4,0,1,85,0,2.5,0,2,5,161,163
2023-01-19 23:49:24.000,2023-01-19 23:50:33.000,0.38,1,10.4,0,1,N,1,3,0.5,1,4.4,1,2.5,0,2,1,164,107
2023-01-19 23:21:05.000,2023-01-19 23:22:54.000,0.2,1,8.75,0,0.05,N,1,2,0.5,1,3.7,3.5,2.5,0,1,1,234,164
2023-01-19 23:03:06.000,2023-01-19 23:04:17.000,0.39,1,11.75,0,2.35,N,1,1,0.5,1,4.4,1,2.5,0,2,1,231,125
2023-01-19 23:03:18.000,2023-01-19 23:04:43.000,0.51,1,12.4,0,3,N,1,1,0.5,1,4.4,1,2.5,0,2,1,68,246
2023-01-19 23:21:19.000,2023-01-19 23:22:18.000,0.21,1,10.44,0,1.74,N,1,2,0.5,1,3.7,1,2.5,0,2,1,211,125
2023-01-19 23:49:51.000,2023-01-19 23:50:46.000,0.34,1,75.25,0,0,N,2,1,0.5,1,70,0,2.5,1.25,2,2,132,215
2023-01-19 23:59:00.000,2023-01-20 00:00:58.000,0.45,1,12.22,0,2.82,N,1,1,0.5,1,4.4,1,2.5,0,2,1,100,161
2023-01-19 23:57:28.000,2023-01-19 23:58:59.000,0.44,1,11.28,0,1.88,N,1,1,0.5,1,4.4,1,2.5,0,2,1,238,239
2023-01-19 23:46:20.000,2023-01-19 23:47:13.000,0.2,1,10.4,0,1.7,N,1,2,0.5,1,3.7,3.5,2.5,0,1,1,234,186
2023-01-19 23:33:48.000,2023-01-19 23:33:59.000,0.04,0,74,0,0,N,2,2,0.5,1,70,0,2.5,0,2,2,113,79
2023-01-20 00:23:30.000,2023-01-20 00:24:03.000,0.09,1,8,0,0,N,2,1,0.5,1,3,1,2.5,0,2,1,48,230
2023-01-20 00:35:42.000,2023-01-20 00:36:44.000,0.29,1,10.7,0,2,N,1,1,0.5,1,3.7,1,2.5,0,2,1,233,229
2023-01-20 00:02:18.000,2023-01-20 00:02:41.000,0.11,0,8,0,0,N,2,1,0.5,1,3,1,2.5,0,2,1,68,100
2023-01-20 00:53:00.000,2023-01-20 00:54:59.000,0.4,1,11.4,0,2,N,1,1,0.5,1,4.4,3.5,2.5,0,1,1,114,90
2023-01-20 00:20:02.000,2023-01-20 00:21:09.000,0.1,1,8.7,0,0,N,4,1,0.5,1,3.7,3.5,2.5,0,1,1,114,113
2023-01-20 00:56:02.000,2023-01-20 00:56:59.000,0.33,0,10,0,1.3,N,1,1,0.5,1,3.7,1,2.5,0,2,1,237,236
2023-01-20 00:13:25.000,2023-01-20 00:14:20.000,0.24,1,10.44,0,1.74,N,1,6,0.5,1,3.7,1,2.5,0,2,1,113,234
2023-01-20 00:36:32.000,2023-01-20 00:37:47.000,0.02,1,8.7,0,0,N,2,1,0.5,1,3.7,1,2.5,0,2,1,186,68
2023-01-20 00:07:03.000,2023-01-20 00:08:13.000,0.53,1,10.81,0,1.41,N,1,1,0.5,1,4.4,1,2.5,0,2,1,249,234
2023-01-20 00:02:07.000,2023-01-20 00:03:38.000,0.6,1,10.1,0,0,N,1,1,0.5,1,5.1,1,2.5,0,2,1,107,137
2023-01-20 00:15:12.000,2023-01-20 00:16:35.000,0.3,1,8.7,0,0,N,2,1,0.5,1,3.7,1,2.5,0,2,1,100,186
2023-01-20 00:02:12.000,2023-01-20 00:03:26.000,0.08,1,8.7,0,0,N,2,2,0.5,1,3.7,1,2.5,0,2,1,230,48
2023-01-20 01:05:23.000,2023-01-20 01:06:25.000,0.42,1,11.28,0,1.88,N,1,1,0.5,1,4.4,1,2.5,0,2,1,239,238
2023-01-20 01:30:22.000,2023-01-20 01:30:38.000,0.05,0,74,0,0,N,2,2,0.5,1,70,0,2.5,0,2,2,230,100
2023-01-20 02:14:55.000,2023-01-20 02:15:28.000,0.16,1,10,0,2,N,1,1,0.5,1,3,1,2.5,0,2,1,113,249
2023-01-20 02:19:00.000,2023-01-20 02:20:44.000,0.34,1,11.28,0,1.88,N,1,1,0.5,1,4.4,1,2.5,0,2,1,263,236
2023-01-20 02:19:18.000,2023-01-20 02:20:33.000,0.5,1,9.4,0,0,N,2,5,0.5,1,4.4,1,2.5,0,2,1,79,107
2023-01-20 02:44:21.000,2023-01-20 02:45:49.000,0.67,1,12.12,0,2.02,N,1,1,0.5,1,5.1,1,2.5,0,2,1,79,107
2023-01-20 02:50:27.000,2023-01-20 02:50:49.000,19.9,0,76.25,0,1,N,1,1,0.5,1,70,0,2.5,1.25,2,2,264,142
2023-01-20 03:18:31.000,2023-01-20 03:19:47.000,0.4,1,9.4,0,0,N,1,1,0.5,1,4.4,3.5,2.5,0,1,1,141,229
2023-01-20 03:41:33.000,2023-01-20 03:42:58.000,0.65,1,12.12,0,2.02,N,1,3,0.5,1,5.1,1,2.5,0,2,1,141,233
2023-01-20 03:54:05.000,2023-01-20 03:55:44.000,0.3,1,10.7,0,2,N,1,1,0.5,1,3.7,3.5,2.5,0,1,1,233,170
2023-01-20 03:07:21.000,2023-01-20 03:07:47.000,0.01,0,8,0,0,N,3,2,0.5,1,3,1,2.5,0,2,1,231,125
2023-01-20 03:26:26.000,2023-01-20 03:26:46.000,0.08,0,8,0,0,N,2,2,0.5,1,3,1,2.5,0,2,1,68,90
2023-01-20 03:44:13.000,2023-01-20 03:45:28.000,0.46,1,9.4,0,0,N,1,1,0.5,1,4.4,1,2.5,0,2,1,239,142
2023-01-20 04:33:38.000,2023-01-20 04:34:29.000,0.19,1,10.44,0,1.74,N,1,1,0.5,1,3.7,1,2.5,0,2,1,140,141
2023-01-20 04:01:57.000,2023-01-20 04:02:06.000,0.01,1,103.5,0,0,N,1,3,0,1,100,0,2.5,0,2,5,100,48
2023-01-20 04:19:46.000,2023-01-20 04:20:21.000,0.15,1,9.6,0,1.6,N,1,1,0.5,1,3,1,2.5,0,2,1,137,107
2023-01-20 04:20:00.000,2023-01-20 04:20:04.000,0.01,0,8,0,0,N,4,1,0.5,1,3,1,2.5,0,2,1,68,90
2023-01-20 04:10:21.000,2023-01-20 04:11:46.000,0.54,1,11.28,0,1.88,N,1,1,0.5,1,4.4,1,2.5,0,2,1,48,230
2023-01-20 05:20:08.000,2023-01-20 05:21:39.000,0.37,1,11.28,0,1.88,N,1,2,0.5,1,4.4,1,2.5,0,2,1,164,230
2023-01-20 05:50:20.000,2023-01-20 05:50:32.000,0,0,112.2,0,18.7,N,1,1,0,1,90,0,2.5,0,2,5,164,234
2023-01-20 05:04:10.000,2023-01-20 05:04:16.000,0.03,0,8,0,0,N,4,2,0.5,1,3,1,2.5,0,2,1,162,233
2023-01-20 05:41:00.000,2023-01-20 05:42:39.000,0.7,1,12.1,0,2,N,1,5,0.5,1,5.1,1,2.5,0,2,1,140,263
2023-01-20 05:15:08.000,2023-01-20 05:16:24.000,0.28,1,10.44,0,1.74,N,1,1,0.5,1,3.7,1,2.5,0,2,1,144,66
2023-01-20 06:33:16.000,2023-01-20 06:33:23.000,0,0,7,0,0,N,2,1,0.5,1,3,0,2.5,0,2,1,142,75
2023-01-20 06:34:06.000,2023-01-20 06:34:19.000,0,0,24,0,0,N,4,3,0,1,23,0,0,0,2,3,48,68
2023-01-20 06:18:46.000,2023-01-20 06:19:57.000,0.58,1,10.08,0,1.68,N,1,5,0.5,1,4.4,0,2.5,0,2,1,142,239
2023-01-20 06:50:00.000,2023-01-20 06:51:08.000,0.41,1,10.08,0,1.68,N,1,4,0.5,1,4.4,0,2.5,0,2,1,48,68
2023-01-20 06:38:47.000,2023-01-20 06:39:47.000,0.4,1,10.05,0,1.65,N,1,1,0.5,1,4.4,2.5,2.5,0,1,1,90,68
2023-01-20 06:24:42.000,2023-01-20 06:25:17.000,0,1,7,0,0,N,1,1,0.5,1,3,2.5,2.5,0,1,1,48,100
2023-01-20 06:58:02.000,2023-01-20 06:59:44.000,0.6,1,12.1,0,3,N,1,1,0.5,1,5.1,0,2.5,0,2,1,142,237
2023-01-20 07:55:27.000,2023-01-20 07:56:08.000,0.2,1,9.6,0,1.9,N,1,1,0.5,1,3.7,2.5,2.5,0,1,1,237,163
2023-01-20 07:55:24.000,2023-01-20 07:56:40.000,0.38,1,11.4,0,3,N,1,1,0.5,1,4.4,0,2.5,0,2,1,48,68
2023-01-20 07:44:33.000,2023-01-20 07:45:47.000,0.4,1,9.4,0,1,N,1,0,0.5,1,4.4,2.5,2.5,0,1,1,263,75
2023-01-20 07:48:34.000,2023-01-20 07:49:50.000,0.49,1,6.9,0,1,N,1,1,0.5,1,4.4,0,0,0,2,1,151,24
2023-01-20 07:38:29.000,2023-01-20 07:39:07.000,0,1,7,0,0,N,4,1,0.5,1,3,2.5,2.5,0,1,1,262,263
2023-01-20 07:04:01.000,2023-01-20 07:05:30.000,0.36,1,9.4,0,1,N,1,1,0.5,1,4.4,0,2.5,0,2,1,170,162
2023-01-20 07:04:02.000,2023-01-20 07:05:46.000,0.6,1,10.5,0,2.1,N,1,1,0.5,1,4.4,2.5,2.5,0,1,1,107,137
2023-01-20 07:51:06.000,2023-01-20 07:51:12.000,0.04,0,103.75,0,20.75,N,1,1,0,1,82,0,0,0,2,5,216,132
2023-01-20 07:05:01.000,2023-01-20 07:06:50.000,0.57,1,10.08,0,1.68,N,1,1,0.5,1,4.4,0,2.5,0,2,1,229,141
2023-01-02 17:56:38.000,2023-01-02 17:57:42.000,0.34,1,9.24,0,1.54,N,1,1,0.5,1,3.7,0,2.5,0,2,1,186,90
2023-01-02 17:33:14.000,2023-01-02 17:33:19.000,0,0,26.5,0,0,N,4,1,0,1,23,2.5,0,0,1,3,87,209
2023-01-02 17:08:50.000,2023-01-02 17:09:53.000,0.17,1,7,0,0,N,2,2,0.5,1,3,0,2.5,0,2,1,263,262
2023-01-02 17:23:02.000,2023-01-02 17:23:08.000,0.16,0,109.2,0,18.2,N,1,2,0,1,90,0,0,0,2,5,264,1
2023-01-02 17:26:18.000,2023-01-02 17:27:58.000,0.37,1,12.4,0,4,N,1,1,0.5,1,4.4,0,2.5,0,2,1,238,151
2023-01-02 17:06:38.000,2023-01-02 17:06:52.000,0,0,50,0,43,N,1,1,0.5,1,3,0,2.5,0,2,1,264,1
2023-01-02 17:17:03.000,2023-01-02 17:17:05.000,0,0,105.6,0,17.6,N,1,2,0,1,87,0,0,0,2,5,263,264
2023-01-02 17:40:45.000,2023-01-02 17:41:55.000,0.35,1,9.24,0,1.54,N,1,3,0.5,1,3.7,0,2.5,0,2,1,140,141
2023-01-02 17:17:14.000,2023-01-02 17:18:19.000,0.31,1,8.86,0,1.16,N,1,1,0.5,1,3.7,0,2.5,0,2,1,239,142
2023-01-02 17:50:20.000,2023-01-02 17:51:16.000,0.09,1,9.5,0,0,N,4,1,0.5,1,3,5,0,0,2,1,70,138
2023-01-02 18:49:13.000,2023-01-02 18:50:56.000,0.55,1,10.08,0,1.68,N,1,1,0.5,1,4.4,0,2.5,0,2,1,262,263
2023-01-02 17:59:46.000,2023-01-02 17:59:48.000,0,0,86,0,0,N,1,2,0,1,85,0,0,0,2,5,132,264
2023-01-02 18:25:34.000,2023-01-02 18:26:49.000,0.16,1,7.7,0,0,N,2,1,0.5,1,3.7,0,2.5,0,2,1,90,249
2023-01-02 18:40:00.000,2023-01-02 18:41:58.000,0.32,1,10.08,0,1.68,N,1,1,0.5,1,4.4,0,2.5,0,2,1,263,140
2023-01-02 18:37:33.000,2023-01-02 18:38:20.000,0.25,1,5.2,0,0,N,2,2,0.5,1,3.7,0,0,0,2,1,74,75
2023-01-02 18:04:48.000,2023-01-02 18:05:54.000,0.19,1,76.5,0,0,N,2,1,0.5,1,70,5,0,0,2,2,70,138
2023-01-02 18:30:27.000,2023-01-02 18:31:59.000,0.15,1,7.7,0,0,N,2,4,0.5,1,3.7,0,2.5,0,2,1,163,43
2023-01-02 18:54:31.000,2023-01-02 18:54:33.000,0.02,0,8.5,0,4,N,1,1,0.5,1,3,0,0,0,2,1,166,264
2023-01-02 18:47:24.000,2023-01-02 18:48:19.000,0.01,1,7,0,0,N,2,1,0.5,1,3,0,2.5,0,2,1,100,230
2023-01-02 18:06:29.000,2023-01-02 18:06:33.000,0,0,82,0,5.5,N,1,1,0.5,1,75,0,0,0,2,5,138,264
2023-01-02 19:54:07.000,2023-01-02 19:55:40.000,0.35,1,7.7,0,0,N,2,1,0.5,1,3.7,0,2.5,0,2,1,100,186
2023-01-02 19:32:08.000,2023-01-02 19:33:26.000,0.53,1,6.9,0,1,N,1,1,0.5,1,4.4,0,0,0,2,1,43,238
2023-01-02 19:48:06.000,2023-01-02 19:49:21.000,0.4,1,13.05,0,2.15,N,1,2,0.5,1,4.4,5,2.5,0,1,1,237,236
2023-01-02 19:11:07.000,2023-01-02 19:12:17.000,0.5,1,11.4,0,3,N,1,1,0.5,1,4.4,0,2.5,0,2,1,238,151
2023-01-02 19:34:05.000,2023-01-02 19:35:51.000,0.46,1,8.4,0,0,N,2,1,0.5,1,4.4,0,2.5,0,2,1,90,68
2023-01-02 19:37:14.000,2023-01-02 19:38:18.000,0.23,1,9.63,0,1.93,N,1,1,0.5,1,3.7,0,2.5,0,2,1,263,262
2023-01-02 19:09:12.000,2023-01-02 19:10:36.000,0.21,1,9.62,0,1.92,N,1,1,0.5,1,3.7,0,2.5,0,2,1,163,48
2023-01-02 19:51:19.000,2023-01-02 19:52:50.000,0.41,1,8.4,0,0,N,2,1,0.5,1,4.4,0,2.5,0,2,1,161,229
2023-01-02 19:35:10.000,2023-01-02 19:36:55.000,0.4,1,8.4,0,0,N,1,2,0.5,1,4.4,2.5,0,0,1,1,74,75
2023-01-02 19:33:24.000,2023-01-02 19:34:47.000,0,1,12.2,0,2,N,1,1,0.5,1,3.7,5,2.5,0,1,1,263,141
2023-01-02 19:58:03.000,2023-01-02 19:59:13.000,0.36,1,7.7,0,0,N,2,1,0.5,1,3.7,0,2.5,0,2,1,234,100
2023-01-02 19:34:02.000,2023-01-02 19:35:59.000,0.29,1,8.4,0,0,N,3,1,0.5,1,4.4,0,2.5,0,2,1,161,163
2023-01-02 19:20:10.000,2023-01-02 19:20:12.000,0,0,103.2,0,17.2,N,1,1,0,1,85,0,0,0,2,5,231,264
2023-01-02 20:02:00.000,2023-01-02 20:03:28.000,0.42,1,9.4,0,0,N,2,3,0.5,1,4.4,1,2.5,0,2,1,48,163
2023-01-02 20:51:40.000,2023-01-02 20:52:20.000,0.3,1,11.31,0,2.61,N,1,1,0.5,1,3.7,1,2.5,0,2,1,143,239
2023-01-02 20:32:25.000,2023-01-02 20:33:39.000,0.07,1,8.7,0,0,N,4,1,0.5,1,3.7,1,2.5,0,2,1,230,100
2023-01-02 20:00:17.000,2023-01-02 20:01:21.000,0.22,1,9.24,0,1.54,N,1,1,0.5,1,3.7,0,2.5,0,2,1,162,161
2023-01-02 20:16:03.000,2023-01-02 20:17:25.000,0.41,1,9.4,0,0,N,2,1,0.5,1,4.4,1,2.5,0,2,1,141,140
2023-01-02 20:10:38.000,2023-01-02 20:11:58.000,0.08,1,8.7,0,0,N,4,1,0.5,1,3.7,1,2.5,0,2,1,144,45
2023-01-02 20:29:15.000,2023-01-02 20:30:08.000,0.07,1,8,0,0,N,2,1,0.5,1,3,1,2.5,0,2,1,229,233
2023-01-02 20:17:05.000,2023-01-02 20:18:57.000,0.44,1,12.22,0,2.82,N,1,1,0.5,1,4.4,1,2.5,0,2,1,125,114
2023-01-02 20:13:42.000,2023-01-02 20:13:50.000,0,0,5.5,0,0,N,2,1,0.5,1,3,1,0,0,2,1,100,264
2023-01-02 21:29:21.000,2023-01-02 21:29:32.000,0,0,9.1,0,1.1,N,1,3,0.5,1,3,1,2.5,0,2,1,170,234
2023-01-02 21:53:00.000,2023-01-02 21:54:36.000,0.56,1,11.28,0,1.88,N,1,1,0.5,1,4.4,1,2.5,0,2,1,68,50
2023-01-02 21:13:53.000,2023-01-02 21:14:06.000,0,1,5.5,0,0,N,4,1,0.5,1,3,1,0,0,2,1,70,138
2023-01-02 21:04:00.000,2023-01-02 21:04:55.000,0.3,0,8.7,0,0,N,2,1,0.5,1,3.7,1,2.5,0,2,1,246,68
2023-01-02 21:22:46.000,2023-01-02 21:23:53.000,0.2,1,10.4,0,1.7,N,1,1,0.5,1,3.7,3.5,2.5,0,1,1,229,162
2023-01-02 20:57:14.000,2023-01-02 20:58:30.000,0.63,1,12.12,0,2.02,N,1,2,0.5,1,5.1,1,2.5,0,2,1,229,233
2023-01-02 21:27:15.000,2023-01-02 21:27:29.000,0.03,0,8,0,0,N,2,1,0.5,1,3,1,2.5,0,2,1,229,141
2023-01-02 21:32:57.000,2023-01-02 21:33:39.000,0.04,1,10.5,0,0,N,3,2,0.5,1,3,6,0,0,2,1,264,70
2023-01-02 21:35:29.000,2023-01-02 21:35:51.000,0.01,0,8,0,0,N,2,1,0.5,1,3,1,2.5,0,2,1,186,100
2023-01-02 21:50:15.000,2023-01-02 21:51:53.000,0.3,1,90.3,0,15.05,N,1,1,0.5,1,70,0,2.5,1.25,2,2,148,79
2023-01-02 21:31:18.000,2023-01-02 21:32:44.000,0.57,1,10.34,0,0.94,N,1,1,0.5,1,4.4,1,2.5,0,2,1,229,141
2023-01-02 21:40:44.000,2023-01-02 21:41:48.000,0.36,1,10.87,0,2.17,N,1,1,0.5,1,3.7,1,2.5,0,2,1,170,233
2023-01-02 21:38:38.000,2023-01-02 21:39:49.000,0.34,1,10.44,0,1.74,N,1,1,0.5,1,3.7,1,2.5,0,2,1,234,107
2023-01-02 21:02:00.000,2023-01-02 21:03:49.000,0.61,1,12.12,0,2.02,N,1,2,0.5,1,5.1,1,2.5,0,2,1,237,162
2023-01-02 21:02:57.000,2023-01-02 21:03:27.000,0.03,1,10.5,0,0,N,2,3,0.5,1,3,6,0,0,2,1,264,138
2023-01-02 21:09:30.000,2023-01-02 21:10:49.000,0.58,1,10.4,0,1,N,1,1,0.5,1,4.4,1,2.5,0,2,1,162,141
2023-01-02 21:58:28.000,2023-01-02 21:58:39.000,0.06,0,97.45,0,22.2,N,1,1,0.5,1,70,0,2.5,1.25,2,2,79,113
2023-01-02 22:21:10.000,2023-01-02 22:22:46.000,0.1,1,10.4,0,1.7,N,1,1,0.5,1,3.7,3.5,2.5,0,1,1,239,142
2023-01-02 22:02:39.000,2023-01-02 22:03:59.000,0.03,1,8.7,0,0,N,4,1,0.5,1,3.7,1,2.5,0,2,1,125,211
2023-01-02 22:52:17.000,2023-01-02 22:53:20.000,0.14,1,8.7,0,0,N,4,1,0.5,1,3.7,1,2.5,0,2,1,141,140
2023-01-02 22:39:02.000,2023-01-02 22:40:41.000,0.5,1,9.4,0,0,N,1,2,0.5,1,4.4,3.5,2.5,0,1,1,233,137
2023-01-02 22:39:30.000,2023-01-02 22:40:32.000,0.37,1,8.7,0,0,N,4,1,0.5,1,3.7,1,2.5,0,2,1,230,142
2023-01-02 22:39:43.000,2023-01-02 22:40:47.000,0.21,1,8.7,0,0,N,2,1,0.5,1,3.7,1,2.5,0,2,1,170,162
2023-01-02 22:28:24.000,2023-01-02 22:29:27.000,0.45,1,9.4,0,0,N,2,1,0.5,1,4.4,1,2.5,0,2,1,263,236
2023-01-02 22:04:05.000,2023-01-02 22:05:56.000,0.33,1,11.28,0,1.88,N,1,1,0.5,1,4.4,1,2.5,0,2,1,137,170
2023-01-02 22:13:23.000,2023-01-02 22:14:32.000,0.18,1,8.7,0,0,N,1,1,0.5,1,3.7,1,2.5,0,2,1,43,163
2023-01-02 22:05:22.000,2023-01-02 22:06:46.000,0.31,1,10.44,0,1.74,N,1,1,0.5,1,3.7,1,2.5,0,2,1,170,162
2023-01-02 22:24:41.000,2023-01-02 22:25:44.000,0.19,1,8.7,0,0,N,2,1,0.5,1,3.7,1,2.5,0,2,1,234,186
2023-01-02 22:20:16.000,2023-01-02 22:20:21.000,0,0,51.25,0,10.25,N,1,2,0,1,40,0,0,0,2,5,173,264
2023-01-02 23:01:13.000,2023-01-02 23:02:44.000,0.53,1,6.9,0,0,N,1,3,0.5,1,4.4,1,0,0,2,1,75,263
2023-01-02 22:24:10.000,2023-01-02 22:25:28.000,0.5,1,11.75,0,2.35,N,1,0,0.5,1,4.4,3.5,2.5,0,1,1,239,238
2023-01-02 23:54:02.000,2023-01-02 23:55:54.000,0.05,1,8.7,0,0,N,2,2,0.5,1,3.7,1,2.5,0,2,1,231,144
2023-01-02 23:34:35.000,2023-01-02 23:34:43.000,0.04,0,5.5,0,0,N,2,1,0.5,1,3,1,0,0,2,1,43,151
2023-01-02 23:05:10.000,2023-01-02 23:05:46.000,0,0,84.5,0,0,N,2,1,0,1,81,0,2.5,0,2,5,233,170
2023-01-02 23:01:31.000,2023-01-02 23:02:35.000,0.41,1,10.34,0,0.94,N,1,1,0.5,1,4.4,1,2.5,0,2,1,48,68
2023-01-02 23:52:37.000,2023-01-02 23:53:53.000,0.52,1,8.28,0,1.38,N,1,1,0.5,1,4.4,1,0,0,2,1,75,74
2023-01-02 23:28:34.000,2023-01-02 23:28:54.000,0.03,0,94.1,6.55,0,N,1,2,0,1,84.05,0,2.5,0,2,5,50,48
2023-01-02 23:06:28.000,2023-01-02 23:07:52.000,0.54,1,10.4,0,1,N,1,2,0.5,1,4.4,1,2.5,0,2,1,90,186
2023-01-02 23:20:04.000,2023-01-02 23:20:14.000,0,0,85.25,0,10,N,1,1,0.5,1,70,0,2.5,1.25,2,2,237,236
2023-01-03 00:05:20.000,2023-01-03 00:06:55.000,0.64,1,12.12,0,2.02,N,1,2,0.5,1,5.1,1,2.5,0,2,1,236,75
2023-01-03 00:02:08.000,2023-01-03 00:03:02.000,0,1,9,0,1,N,1,1,0.5,1,3,1,2.5,0,2,1,137,233
2023-01-03 00:11:53.000,2023-01-03 00:12:52.000,0.19,1,8.7,0,0,N,2,4,0.5,1,3.7,1,2.5,0,2,1,186,68
2023-01-03 00:37:38.000,2023-01-03 00:37:43.000,0,0,96,0,16,N,1,1,0,1,79,0,0,0,2,5,143,142
2023-01-03 00:27:27.000,2023-01-03 00:27:44.000,0.11,0,87.25,0,12,N,1,1,0.5,1,70,0,2.5,1.25,2,2,233,170
2023-01-03 00:08:26.000,2023-01-03 00:09:37.000,0.22,1,10.44,0,1.74,N,1,1,0.5,1,3.7,1,2.5,0,2,1,144,114
2023-01-03 01:44:19.000,2023-01-03 01:44:33.000,0,0,8,0,0,N,3,0,0.5,1,3,3.5,2.5,0,1,1,50,48
2023-01-03 01:32:06.000,2023-01-03 01:33:30.000,0.58,1,9.4,0,0,N,2,1,0.5,1,4.4,1,2.5,0,2,1,137,233
2023-01-03 01:59:56.000,2023-01-03 01:59:59.000,0.07,0,42.6,0,7.1,N,1,1,0.5,1,34,0,0,0,2,5,42,264
2023-01-03 02:44:26.000,2023-01-03 02:45:06.000,0.11,1,8,0,0,N,2,1,0.5,1,3,1,2.5,0,2,1,68,246
2023-01-03 02:45:57.000,2023-01-03 02:46:43.000,0.12,1,18.6,0,3.1,N,1,1,0,1,12,0,2.5,0,2,5,79,148
2023-01-03 02:27:21.000,2023-01-03 02:28:59.000,0.63,1,20.1,0,10,N,1,1,0.5,1,5.1,1,2.5,0,2,1,48,68
2023-01-03 02:24:22.000,2023-01-03 02:25:58.000,0.69,1,10.1,0,0,N,1,1,0.5,1,5.1,1,2.5,0,2,1,107,137
2023-01-03 03:55:31.000,2023-01-03 03:56:21.000,0.59,1,20,13.1,0,N,2,1,0.5,1,4.4,1,0,0,2,1,6,221
2023-01-03 03:24:00.000,2023-01-03 03:25:50.000,0.37,1,9.4,0,0,N,1,1,0.5,1,4.4,1,2.5,0,2,1,79,107
2023-01-03 03:52:45.000,2023-01-03 03:52:48.000,0.07,0,142.05,0,5.55,N,1,1,0.5,1,135,0,0,0,2,5,1,264
2023-01-03 04:23:09.000,2023-01-03 04:23:23.000,0.19,0,81,0,0,N,2,4,0,1,80,0,0,0,2,5,216,132
2023-01-03 04:11:12.000,2023-01-03 04:12:31.000,0.58,1,12.22,0,2.82,N,1,1,0.5,1,4.4,1,2.5,0,2,1,263,141
2023-01-03 05:21:33.000,2023-01-03 05:22:57.000,0.48,1,11.28,0,1.88,N,1,1,0.5,1,4.4,1,2.5,0,2,1,100,186
2023-01-03 05:58:04.000,2023-01-03 05:59:13.000,0.3,1,8.7,0,0,N,2,1,0.5,1,3.7,1,2.5,0,2,1,48,230
2023-01-27 16:43:09.000,2023-01-27 16:44:55.000,0.3,1,12.9,0,2,N,1,1,0.5,1,4.4,2.5,2.5,0,2,1,161,230
2023-01-27 16:04:28.000,2023-01-27 16:05:52.000,0,1,10.2,0,0,N,2,1,0.5,1,3.7,5,2.5,0,1,1,186,68
2023-01-27 17:00:47.000,2023-01-27 17:00:56.000,0,0,4.3,0,0,N,2,1,0.5,0.3,2.5,1,0,0,2,1,264,193
2023-01-27 17:24:05.000,2023-01-27 17:25:49.000,0.34,1,13.08,0,2.18,N,1,6,0.5,1,4.4,2.5,2.5,0,2,1,142,143
2023-01-27 17:37:19.000,2023-01-27 17:38:55.000,0.5,1,10.9,0,0,N,2,1,0.5,1,4.4,2.5,2.5,0,2,1,141,263
2023-01-27 17:13:40.000,2023-01-27 17:14:54.000,0.48,1,8.4,0,0,N,2,1,0.5,1,4.4,0,2.5,0,2,1,68,264
2023-01-27 17:00:15.000,2023-01-27 17:01:56.000,0.5,1,13.6,0,2,N,1,1,0.5,1,5.1,5,2.5,0,1,1,239,43
2023-01-27 17:56:13.000,2023-01-27 17:57:36.000,0.38,1,12.9,0,2,N,1,1,0.5,1,4.4,2.5,2.5,0,2,1,48,50
2023-01-27 17:59:15.000,2023-01-27 18:00:41.000,0.47,1,12.54,0,1.64,N,1,1,0.5,1,4.4,2.5,2.5,0,2,1,140,263
2023-01-27 17:25:00.000,2023-01-27 17:26:40.000,0.3,1,13.05,0,2.15,N,1,2,0.5,1,4.4,5,2.5,0,1,1,107,79
2023-01-27 17:52:39.000,2023-01-27 17:53:35.000,0.27,1,10.7,0,0.5,N,1,1,0.5,1,3.7,2.5,2.5,0,2,1,140,262
2023-01-27 17:21:11.000,2023-01-27 17:22:40.000,0.4,1,10.9,0,0,N,2,1,0.5,1,4.4,5,2.5,0,1,1,234,164
2023-01-27 17:13:47.000,2023-01-27 17:14:47.000,0.2,1,12.24,0,2.04,N,1,1,0.5,1,3.7,2.5,2.5,0,2,1,234,90
2023-01-27 17:53:26.000,2023-01-27 17:53:32.000,0.53,0,105.96,0,17.66,N,1,1,0.5,1,86.8,0,0,0,2,5,226,264
2023-01-27 17:56:12.000,2023-01-27 17:57:53.000,0.16,1,12.24,0,2.04,N,1,1,0.5,1,3.7,2.5,2.5,0,2,1,234,107
2023-01-27 17:12:23.000,2023-01-27 17:12:26.000,0,0,103.2,0,17.2,N,1,3,0,1,85,0,0,0,2,5,230,264
2023-01-27 17:52:15.000,2023-01-27 17:53:58.000,0.36,1,13.08,0,2.18,N,1,1,0.5,1,4.4,2.5,2.5,0,2,1,161,163
2023-01-27 17:43:51.000,2023-01-27 17:44:50.000,0.04,1,9.5,0,0,N,2,1,0.5,1,3,2.5,2.5,0,2,1,125,114
2023-01-27 18:27:10.000,2023-01-27 18:28:54.000,0.55,1,13.63,0,2.73,N,1,1,0.5,1,4.4,2.5,2.5,0,2,1,140,263
2023-01-27 18:21:37.000,2023-01-27 18:22:26.000,0.02,1,9.5,0,0,N,2,2,0.5,1,3,2.5,2.5,0,2,1,237,162
2023-01-27 18:22:21.000,2023-01-27 18:22:25.000,0,0,56.5,0,0,N,1,2,0.5,1,55,0,0,0,2,5,225,264
2023-01-27 18:23:14.000,2023-01-27 18:24:29.000,0.41,1,11.9,0,1,N,1,2,0.5,1,4.4,2.5,2.5,0,2,1,140,262
2023-01-27 18:41:11.000,2023-01-27 18:42:31.000,0.39,1,14.17,0,3.27,N,1,2,0.5,1,4.4,2.5,2.5,0,2,1,140,262
2023-01-27 18:58:25.000,2023-01-27 18:59:56.000,0.45,1,13.08,0,2.18,N,1,1,0.5,1,4.4,2.5,2.5,0,2,1,239,238
2023-01-27 18:11:02.000,2023-01-27 18:12:29.000,0.33,1,11.2,0,1,N,1,4,0.5,1,3.7,2.5,2.5,0,2,1,137,170
2023-01-27 18:07:02.000,2023-01-27 18:08:58.000,0.6,1,12.6,0,1,N,1,1,0.5,1,5.1,5,2.5,0,1,1,238,236
2023-01-27 18:56:11.000,2023-01-27 18:56:23.000,0,0,9.5,0,0,N,4,1,0.5,1,3,5,2.5,0,1,1,107,137
2023-01-27 18:14:06.000,2023-01-27 18:15:51.000,0.36,1,10.9,0,0,N,2,1,0.5,1,4.4,2.5,2.5,0,2,1,170,164
2023-01-27 18:22:30.000,2023-01-27 18:23:53.000,0.2,1,9.2,0,1.5,N,1,1,0.5,1,3.7,2.5,0,0,1,1,166,151
2023-01-27 18:38:26.000,2023-01-27 18:39:50.000,0.32,1,10.2,0,0,N,2,1,0.5,1,3.7,2.5,2.5,0,2,1,209,261
2023-01-27 18:10:00.000,2023-01-27 18:11:27.000,0.18,1,12.24,0,2.04,N,1,1,0.5,1,3.7,2.5,2.5,0,2,1,230,48
2023-01-27 18:39:15.000,2023-01-27 18:39:37.000,0.01,0,9.5,0,0,N,2,1,0.5,1,3,2.5,2.5,0,2,1,68,186
2023-01-27 19:48:03.000,2023-01-27 19:48:20.000,0,0,7,0,0,N,2,1,0.5,1,3,2.5,0,0,2,1,7,264
2023-01-27 19:15:30.000,2023-01-27 19:16:58.000,0.3,1,10.2,0,0,N,2,1,0.5,1,3.7,5,2.5,0,1,1,236,237
2023-01-27 19:59:36.000,2023-01-27 19:59:42.000,0.01,0,76.5,0,0,N,2,2,0.5,1,70,5,0,0,2,2,235,136
2023-01-27 19:05:04.000,2023-01-27 19:06:53.000,0.2,1,10.2,0,0,N,1,1,0.5,1,3.7,5,2.5,0,1,1,113,249
2023-01-27 19:18:30.000,2023-01-27 19:19:37.000,0.3,1,11.73,0,1.53,N,1,1,0.5,1,3.7,2.5,2.5,0,2,1,140,263
2023-01-27 19:15:12.000,2023-01-27 19:15:22.000,0,0,7,0,0,N,3,1,0.5,1,3,2.5,0,0,2,1,7,193
2023-01-27 19:49:43.000,2023-01-27 19:50:57.000,0,1,10.2,0,0,N,2,1,0.5,1,3.7,5,2.5,0,1,1,161,230
2023-01-27 19:30:14.000,2023-01-27 19:31:52.000,0.15,1,10.2,0,0,N,2,1,0.5,1,3.7,2.5,2.5,0,2,1,261,231
2023-01-27 19:55:10.000,2023-01-27 19:55:33.000,0.1,0,94,0,10,N,1,1,0,1,83,0,0,0,1,5,238,43
2023-01-27 20:08:26.000,2023-01-27 20:09:59.000,0.4,1,10.9,0,1.5,N,1,2,0.5,1,4.4,3.5,2.5,0,1,1,13,261
2023-01-27 20:25:03.000,2023-01-27 20:25:52.000,0.2,0,8.7,0,0,N,4,1,0.5,1,3.7,1,2.5,0,2,1,237,7
2023-01-27 20:40:29.000,2023-01-27 20:41:46.000,0.48,1,10.34,0,0.94,N,1,1,0.5,1,4.4,1,2.5,0,2,1,262,263
2023-01-27 20:42:04.000,2023-01-27 20:43:45.000,0.52,1,10.81,0,1.41,N,1,1,0.5,1,4.4,1,2.5,0,2,1,236,237
2023-01-27 20:57:36.000,2023-01-27 20:58:50.000,0.27,1,10.44,0,1.74,N,1,1,0.5,1,3.7,1,2.5,0,2,1,137,107
2023-01-27 20:40:34.000,2023-01-27 20:41:15.000,0.13,1,8,0,0,N,2,1,0.5,1,3,1,2.5,0,2,1,141,140
2023-01-27 20:20:07.000,2023-01-27 20:21:23.000,0.3,1,8.7,0,0,N,2,1,0.5,1,3.7,1,2.5,0,2,1,263,236
2023-01-27 20:20:09.000,2023-01-27 20:21:53.000,0.33,1,11.28,0,1.88,N,1,2,0.5,1,4.4,1,2.5,0,2,1,114,144
2023-01-27 20:43:32.000,2023-01-27 20:43:34.000,0,0,106.06,0,17.68,N,1,3,0.5,1,86.88,0,0,0,2,5,231,264
2023-01-27 20:33:11.000,2023-01-27 20:34:35.000,0.45,1,11.28,0,1.88,N,1,1,0.5,1,4.4,1,2.5,0,2,1,237,236
2023-01-27 20:04:18.000,2023-01-27 20:04:29.000,1.5,0,8,0,0,N,3,1,0.5,1,3,3.5,2.5,0,1,1,161,162
2023-01-27 20:16:25.000,2023-01-27 20:16:32.000,0,0,71.5,0,0,N,2,1,0.5,1,70,0,0,0,2,2,264,249
2023-01-27 21:47:10.000,2023-01-27 21:47:56.000,0.1,0,5.5,0,0,N,2,1,0.5,1,3,1,0,0,1,1,166,24
2023-01-27 21:59:57.000,2023-01-27 22:00:43.000,0.1,1,10.4,0,1.7,N,1,1,0.5,1,3.7,3.5,2.5,0,1,1,237,236
2023-01-27 21:27:00.000,2023-01-27 21:28:45.000,0.2,1,8.7,0,0,N,2,1,0.5,1,3.7,3.5,2.5,0,1,1,107,137
2023-01-27 21:54:59.000,2023-01-27 21:55:45.000,0.3,1,10.85,0,2.15,N,1,1,0.5,1,3.7,3.5,2.5,0,1,1,239,238
2023-01-27 21:52:03.000,2023-01-27 21:52:56.000,0,0,8,0,0,N,2,1,0.5,1,3,3.5,2.5,0,1,1,186,68
2023-01-27 21:32:38.000,2023-01-27 21:33:43.000,0.3,1,11.3,0,2.6,N,1,1,0.5,1,3.7,3.5,2.5,0,1,1,230,142
2023-01-27 21:01:30.000,2023-01-27 21:01:35.000,0,0,5.5,0,0,N,3,1,0.5,1,3,1,0,0,2,1,7,193
2023-01-27 21:02:51.000,2023-01-27 21:03:56.000,0.14,1,8.7,0,0,N,3,5,0.5,1,3.7,1,2.5,0,2,1,162,161
2023-01-27 21:59:39.000,2023-01-27 22:00:03.000,0.04,1,10.5,0,0,N,2,1,0.5,1,3,6,0,0,2,1,70,138
2023-01-27 21:37:04.000,2023-01-27 21:38:36.000,0.52,1,10.81,0,1.41,N,1,1,0.5,1,4.4,1,2.5,0,2,1,163,237
2023-01-27 21:40:07.000,2023-01-27 21:41:57.000,0.75,1,11.1,0,1,N,1,2,0.5,1,5.1,1,2.5,0,2,1,162,237
2023-01-27 21:09:33.000,2023-01-27 21:09:48.000,0.07,0,5.5,0,0,N,2,1,0.5,1,3,1,0,0,2,1,264,10
2023-01-27 22:55:04.000,2023-01-27 22:56:25.000,0.32,1,6.2,0,0,N,1,1,0.5,1,3.7,1,0,0,2,1,75,263
2023-01-27 22:30:46.000,2023-01-27 22:31:51.000,0.51,1,10,0,0.6,N,1,1,0.5,1,4.4,1,2.5,0,2,1,236,43
2023-01-27 22:34:24.000,2023-01-27 22:35:46.000,0.2,1,10.4,0,1.7,N,1,2,0.5,1,3.7,3.5,2.5,0,1,1,186,68
2023-01-27 22:07:17.000,2023-01-27 22:08:34.000,0.38,1,11.28,0,1.88,N,1,1,0.5,1,4.4,1,2.5,0,2,1,264,229
2023-01-27 22:32:15.000,2023-01-27 22:32:37.000,0.04,0,6.6,0,1.1,N,1,1,0.5,1,3,1,0,0,2,1,151,238
2023-01-27 23:42:41.000,2023-01-27 23:43:41.000,0.36,1,10.44,0,1.74,N,1,2,0.5,1,3.7,1,2.5,0,2,1,142,48
2023-01-27 23:23:17.000,2023-01-27 23:23:48.000,0.1,0,15,0,0,N,1,1,0,1,14,0,0,0,1,5,237,236
2023-01-27 23:50:05.000,2023-01-27 23:51:46.000,0.31,1,10.4,0,1,N,1,1,0.5,1,4.4,1,2.5,0,2,1,246,68
2023-01-27 23:48:16.000,2023-01-27 23:49:19.000,0.4,1,9.4,0,0,N,2,0,0.5,1,4.4,3.5,2.5,0,1,1,75,263
2023-01-27 23:05:23.000,2023-01-27 23:06:57.000,0.21,1,10.44,0,1.74,N,1,2,0.5,1,3.7,1,2.5,0,2,1,232,148
2023-01-27 23:25:58.000,2023-01-27 23:26:58.000,0.3,1,10.4,0,1.7,N,1,1,0.5,1,3.7,3.5,2.5,0,1,1,162,141
2023-01-27 23:17:38.000,2023-01-27 23:17:40.000,0,0,17.52,0,2.92,N,1,1,0,1,13.6,0,0,0,2,5,144,264
2023-01-27 23:38:00.000,2023-01-27 23:38:21.000,0,0,8,0,0,N,2,1,0.5,1,3,1,2.5,0,2,1,230,48
2023-01-27 23:18:11.000,2023-01-27 23:18:43.000,0.04,0,10.5,0,0,N,4,1,0.5,1,3,6,0,0,2,1,70,138
2023-01-27 23:45:02.000,2023-01-27 23:45:55.000,0.35,0,8.7,0,0,N,2,1,0.5,1,3.7,1,2.5,0,2,1,50,142
2023-01-27 23:24:51.000,2023-01-27 23:25:05.000,0,1,8,0,0,N,2,1,0.5,1,3,1,2.5,0,2,1,262,263
2023-01-27 23:39:01.000,2023-01-27 23:39:10.000,0.01,0,74,0,0,N,2,1,0.5,1,70,0,2.5,0,2,2,237,163
2023-01-28 00:31:17.000,2023-01-28 00:32:35.000,0.4,1,11.25,0,1.85,N,1,1,0.5,1,4.4,3.5,2.5,0,1,1,79,107
2023-01-28 00:01:17.000,2023-01-28 00:01:19.000,0,0,19.8,0,3.3,N,1,1,0.5,1,15,0,0,0,2,5,162,264
2023-01-28 00:55:16.000,2023-01-28 00:56:44.000,0.4,1,10.4,0,1,N,1,1,0.5,1,4.4,3.5,2.5,0,1,1,141,229
2023-01-28 00:35:46.000,2023-01-28 00:36:52.000,0.29,1,10.44,0,1.74,N,1,1,0.5,1,3.7,1,2.5,0,2,1,48,230
2023-01-28 00:25:20.000,2023-01-28 00:26:47.000,0.17,1,8.7,0,0,N,2,1,0.5,1,3.7,1,2.5,0,2,1,234,90
2023-01-28 00:46:28.000,2023-01-28 00:47:39.000,0.08,1,8.7,0,0,N,3,6,0.5,1,3.7,1,2.5,0,2,1,68,186
2023-01-28 00:57:18.000,2023-01-28 00:58:17.000,0.28,1,8.7,0,0,N,1,1,0.5,1,3.7,1,2.5,0,2,1,137,170
2023-01-28 00:40:24.000,2023-01-28 00:41:41.000,0.5,1,9.4,0,0,N,2,0,0.5,1,4.4,3.5,2.5,0,1,1,230,142
2023-01-28 00:35:14.000,2023-01-28 00:36:02.000,0.1,1,8.7,0,0,N,1,1,0.5,1,3.7,3.5,2.5,0,1,1,186,234
2023-01-28 00:53:14.000,2023-01-28 00:54:59.000,0.4,1,10.4,0,1,N,1,1,0.5,1,4.4,3.5,2.5,0,1,1,229,233
2023-01-28 00:35:28.000,2023-01-28 00:35:31.000,0,0,23.4,0,3.9,N,1,1,0.5,1,18,0,0,0,2,5,107,264
2023-01-28 00:49:35.000,2023-01-28 00:49:38.000,0,0,96.5,0,10,N,1,1,0.5,1,85,0,0,0,2,5,151,264
2023-01-28 00:21:17.000,2023-01-28 00:22:49.000,0.3,1,11.75,0,2.35,N,1,3,0.5,1,4.4,3.5,2.5,0,1,1,107,79
2023-01-28 00:16:38.000,2023-01-28 00:17:54.000,0.09,1,12.45,0,0,N,2,3,0.5,1,3.7,6,0,1.25,2,1,70,138
2023-01-28 01:07:26.000,2023-01-28 01:08:06.000,0,1,8,0,0,N,4,2,0.5,1,3,1,2.5,0,2,1,148,79
2023-01-28 01:22:30.000,2023-01-28 01:23:50.000,0.37,1,11.31,0,2.61,N,1,1,0.5,1,3.7,1,2.5,0,2,1,4,79
2023-01-28 01:23:03.000,2023-01-28 01:24:43.000,0.5,1,11.25,0,1.85,N,1,1,0.5,1,4.4,3.5,2.5,0,1,1,170,233
2023-01-28 01:55:20.000,2023-01-28 01:56:13.000,0.29,1,9.7,0,1,N,1,1,0.5,1,3.7,1,2.5,0,2,1,68,249
2023-01-12 11:40:30.000,2023-01-12 11:40:34.000,0.01,0,74,0,0,N,2,1,0.5,1,70,0,2.5,0,2,2,140,141
2023-01-12 11:09:14.000,2023-01-12 11:10:28.000,0.3,1,9.24,0,1.54,N,1,1,0.5,1,3.7,0,2.5,0,2,1,234,113
2023-01-12 11:31:04.000,2023-01-12 11:31:40.000,0.17,0,7,0,0,N,2,1,0.5,1,3,0,2.5,0,2,1,137,170
2023-01-12 11:47:03.000,2023-01-12 11:48:59.000,0.5,1,10.08,0,1.68,N,1,1,0.5,1,4.4,0,2.5,0,2,1,162,141
2023-01-12 11:59:34.000,2023-01-12 12:00:40.000,0.18,1,9.24,0,1.54,N,1,1,0.5,1,3.7,0,2.5,0,2,1,162,163
2023-01-12 11:27:57.000,2023-01-12 11:28:03.000,0.01,1,74,0,0,N,2,1,0.5,1,70,0,2.5,0,2,2,87,209
2023-01-12 11:40:18.000,2023-01-12 11:40:26.000,0,0,35,0,4.5,N,1,1,0,1,27,0,2.5,0,2,5,234,90
2023-01-12 11:14:39.000,2023-01-12 11:14:42.000,0,0,4.5,0,0,N,2,1,0.5,1,3,0,0,0,2,1,48,264
2023-01-12 11:35:42.000,2023-01-12 11:36:32.000,0.04,1,9.5,0,0,N,2,1,0.5,1,3,5,0,0,2,1,70,138
2023-01-12 12:53:11.000,2023-01-12 12:54:48.000,0.2,1,10.05,0,1.65,N,1,1,0.5,1,4.4,2.5,2.5,0,1,1,90,186
2023-01-12 12:19:45.000,2023-01-12 12:19:54.000,0,0,4.5,0,0,N,3,5,0.5,1,3,0,0,0,2,1,138,264
2023-01-12 12:48:41.000,2023-01-12 12:48:58.000,0,0,86.8,0,5,N,1,1,0,1,80.8,0,0,0,2,5,264,164
2023-01-12 12:58:23.000,2023-01-12 12:59:36.000,0,1,7,0,0,N,4,1,0.5,1,3,2.5,2.5,0,1,1,170,161
2023-01-12 12:05:06.000,2023-01-12 12:06:41.000,0.3,1,9.4,0,1,N,1,1,0.5,1,4.4,0,2.5,0,2,1,170,233
2023-01-12 12:00:40.000,2023-01-12 12:01:52.000,0.14,1,97.91,6.55,16.11,N,1,1,0.5,1,70,0,2.5,1.25,2,2,140,141
2023-01-12 12:46:18.000,2023-01-12 12:47:42.000,0.4,1,10.4,0,2,N,1,2,0.5,1,4.4,2.5,2.5,0,1,1,114,113
2023-01-12 12:47:18.000,2023-01-12 12:48:25.000,0.3,1,9.2,0,1.5,N,1,1,0.5,1,3.7,2.5,2.5,0,1,1,50,48
2023-01-12 12:17:28.000,2023-01-12 12:17:55.000,0.05,0,7,0,0,N,2,1,0.5,1,3,0,2.5,0,2,1,263,236
2023-01-12 12:29:12.000,2023-01-12 12:30:27.000,0.32,1,9.24,0,1.54,N,1,2,0.5,1,3.7,0,2.5,0,2,1,90,68
2023-01-12 13:59:16.000,2023-01-12 14:00:17.000,0.19,1,6.24,0,1.04,N,1,1,0.5,1,3.7,0,0,0,2,1,43,151
2023-01-12 13:26:37.000,2023-01-12 13:27:55.000,3.3,1,7.7,0,0,N,2,1,0.5,1,3.7,2.5,2.5,0,1,1,113,234
2023-01-12 13:08:29.000,2023-01-12 13:09:15.000,0.47,1,98.4,0,16.4,N,1,2,0,1,81,0,0,0,2,5,256,80
2023-01-12 13:05:07.000,2023-01-12 13:05:16.000,6.42,0,59.3,0,2.9,N,1,1,0.5,1,52.4,0,2.5,0,2,1,79,61
2023-01-12 13:30:27.000,2023-01-12 13:31:39.000,0.48,1,10.5,0,2.1,N,1,1,0.5,1,4.4,0,2.5,0,2,1,148,232
2023-01-12 13:32:02.000,2023-01-12 13:32:07.000,0,0,186.36,0,31.06,N,1,1,0,1,154.3,0,0,0,2,5,264,265
2023-01-12 13:16:56.000,2023-01-12 13:17:54.000,0.35,1,9.63,0,1.93,N,1,1,0.5,1,3.7,0,2.5,0,2,1,237,162
2023-01-12 13:05:27.000,2023-01-12 13:06:14.000,0.24,1,7.7,0,0,N,2,1,0.5,1,3.7,0,2.5,0,2,1,68,186
2023-01-12 13:35:01.000,2023-01-12 13:35:51.000,0.11,0,74,0,0,N,2,1,0.5,1,70,0,2.5,0,2,2,233,170
2023-01-12 13:51:14.000,2023-01-12 13:52:48.000,0.35,1,9.24,0,1.54,N,1,1,0.5,1,3.7,0,2.5,0,2,1,114,249
2023-01-12 13:44:02.000,2023-01-12 13:44:09.000,0.16,0,32.4,0,5.4,N,1,2,0.5,1,23,0,2.5,0,2,5,186,68
2023-01-12 13:44:04.000,2023-01-12 13:45:25.000,0.11,1,7.7,0,0,N,4,1,0.5,1,3.7,0,2.5,0,2,1,68,246
2023-01-12 13:36:09.000,2023-01-12 13:37:58.000,0.49,1,10.08,0,1.68,N,1,1,0.5,1,4.4,0,2.5,0,2,1,142,239
2023-01-12 13:27:58.000,2023-01-12 13:28:05.000,0,1,4.5,0,0,N,1,1,0.5,1,3,0,0,0,2,1,264,193
2023-01-12 13:51:05.000,2023-01-12 13:51:11.000,0,0,11,0,0,N,2,1,0,1,10,0,0,0,2,5,100,264
2023-01-12 14:24:44.000,2023-01-12 14:25:36.000,0.15,1,74,0,0,N,2,1,0.5,1,70,0,2.5,0,2,2,249,68
2023-01-12 14:14:07.000,2023-01-12 14:14:49.000,0.24,0,85.5,0,0,N,2,1,0,1,82,0,2.5,0,2,5,137,107
2023-01-12 14:01:43.000,2023-01-12 14:01:59.000,0,0,72.75,0,0,N,3,3,0.5,1,70,0,0,1.25,2,2,138,223
2023-01-12 14:42:24.000,2023-01-12 14:43:42.000,0.6,1,8.4,0,0,N,2,1,0.5,1,4.4,2.5,2.5,0,1,1,50,246
2023-01-12 14:13:29.000,2023-01-12 14:13:55.000,0.07,0,4.5,0,0,N,2,1,0.5,1,3,0,0,0,2,1,70,138
2023-01-12 14:13:18.000,2023-01-12 14:13:36.000,0,0,8.4,0,1.4,N,1,1,0.5,1,3,0,2.5,0,2,1,237,229
2023-01-12 14:09:26.000,2023-01-12 14:10:46.000,0.5,1,5.9,0,0,N,2,1,0.5,1,4.4,0,0,0,2,1,238,151
2023-01-12 14:24:48.000,2023-01-12 14:25:03.000,0,1,9.5,0,0,N,3,1,0.5,1,3,5,0,0,1,1,70,138
2023-01-12 14:24:55.000,2023-01-12 14:25:57.000,0.03,1,7.7,0,0,N,3,1,0.5,1,3.7,0,2.5,0,2,1,45,144
2023-01-12 14:28:07.000,2023-01-12 14:28:36.000,0,0,4.5,0,0,N,2,2,0.5,1,3,0,0,0,2,1,70,264
2023-01-12 14:18:36.000,2023-01-12 14:19:01.000,0.36,1,13.25,0,0,N,4,1,0.5,1,3,5,2.5,1.25,2,1,264,138
2023-01-12 15:47:40.000,2023-01-12 15:47:46.000,0,0,94,0,12,N,1,2,0,1,81,0,0,0,2,5,264,90
2023-01-12 15:54:23.000,2023-01-12 15:55:49.000,0.43,1,9.66,0,1.26,N,1,1,0.5,1,4.4,0,2.5,0,2,1,79,4
2023-01-12 15:48:17.000,2023-01-12 15:49:40.000,0.2,1,7.7,0,0,N,2,1,0.5,1,3.7,2.5,2.5,0,1,1,79,107
2023-01-12 15:45:04.000,2023-01-12 15:46:50.000,0.5,1,10.9,0,1.8,N,1,0,0.5,1,5.1,2.5,2.5,0,1,1,239,43
2023-01-12 15:17:10.000,2023-01-12 15:18:48.000,0.2,1,8.95,0,1.25,N,1,1,0.5,1,3.7,2.5,2.5,0,1,1,161,162
2023-01-12 15:19:53.000,2023-01-12 15:19:56.000,0.01,0,101.5,0,10,N,1,1,0.5,1,90,0,0,0,2,5,132,264
2023-01-12 15:56:00.000,2023-01-12 15:57:04.000,0.2,1,5.2,0,0,N,2,1,0.5,1,3.7,0,0,0,2,1,43,41
2023-01-12 15:28:07.000,2023-01-12 15:28:56.000,0.3,0,7.7,0,0,N,1,1,0.5,1,3.7,0,2.5,0,2,1,48,68
2023-01-12 16:07:08.000,2023-01-12 16:08:29.000,0.41,1,13.08,0,2.18,N,1,1,0.5,1,4.4,2.5,2.5,0,2,1,137,107
2023-01-12 16:00:21.000,2023-01-12 16:01:50.000,0.2,1,7.7,0,0,N,3,1,0.5,1,3.7,2.5,0,0,1,1,24,151
2023-01-12 16:55:21.000,2023-01-12 16:56:56.000,0.3,1,10.9,0,0,Y,1,1,0.5,1,4.4,5,2.5,0,1,1,186,90
2023-01-12 16:54:27.000,2023-01-12 16:55:28.000,0.22,1,13.2,0,3,N,1,1,0.5,1,3.7,2.5,2.5,0,2,1,107,137
2023-01-12 16:49:19.000,2023-01-12 16:50:40.000,0.35,1,11.7,0,1.5,N,1,1,0.5,1,3.7,2.5,2.5,0,2,1,140,141
2023-01-12 16:04:21.000,2023-01-12 16:04:48.000,0.06,0,96.8,6.55,10,N,1,2,0.5,1,70,5,2.5,1.25,2,2,263,262
2023-01-12 16:16:46.000,2023-01-12 16:16:49.000,0,0,79,0,0,N,2,1,0.5,1,70,5,2.5,0,2,2,229,233
2023-01-12 16:03:51.000,2023-01-12 16:03:54.000,0,0,7,0,0,N,3,1,0.5,1,3,2.5,0,0,2,1,132,264
2023-01-12 16:30:11.000,2023-01-12 16:31:39.000,0.3,1,10.2,0,0,N,2,1,0.5,1,3.7,2.5,2.5,0,2,1,90,68
2023-01-12 16:41:23.000,2023-01-12 16:41:50.000,0.07,0,9.5,0,0,N,2,1,0.5,1,3,2.5,2.5,0,2,1,162,170
2023-01-12 15:59:01.000,2023-01-12 16:00:33.000,0.41,1,13.9,0,3,N,1,2,0.5,1,4.4,2.5,2.5,0,2,1,68,48
2023-01-12 16:41:03.000,2023-01-12 16:42:59.000,0.3,1,13.05,0,2.15,N,1,2,0.5,1,4.4,5,2.5,0,1,1,164,161
2023-01-12 16:29:12.000,2023-01-12 16:30:40.000,0.46,1,12.86,0,1.96,N,1,1,0.5,1,4.4,2.5,2.5,0,2,1,264,262
2023-01-12 16:53:21.000,2023-01-12 16:54:32.000,0.1,1,10.2,0,0,N,2,2,0.5,1,3.7,5,2.5,0,1,1,90,249
2023-01-12 16:53:51.000,2023-01-12 16:53:55.000,0,0,83,0,0,N,1,1,0,1,82,0,0,0,2,5,264,164
2023-01-12 16:52:04.000,2023-01-12 16:53:40.000,0.22,1,10.2,0,0,N,4,1,0.5,1,3.7,2.5,2.5,0,2,1,75,236
2023-01-12 16:51:44.000,2023-01-12 16:52:08.000,0.04,1,13.01,0,9.5,N,1,1,0,1,0.01,0,2.5,0,2,5,68,246
2023-01-12 16:51:01.000,2023-01-12 16:51:03.000,0,0,21.5,0,0,N,1,1,0.5,1,20,0,0,0,2,5,238,264
2023-01-12 17:01:26.000,2023-01-12 17:02:54.000,0.3,1,11.2,0,1,N,1,0,0.5,1,3.7,5,2.5,0,1,1,151,238
2023-01-12 17:00:14.000,2023-01-12 17:00:34.000,0,0,29.5,0,0,N,1,1,0,1,26,0,2.5,0,2,5,137,233
2023-01-12 17:01:18.000,2023-01-12 17:02:40.000,0.2,1,10.2,0,0,N,3,1,0.5,1,3.7,5,2.5,0,1,1,238,151
2023-01-12 17:20:12.000,2023-01-12 17:21:06.000,0.3,1,12.2,0,2,N,1,2,0.5,1,3.7,5,2.5,0,1,1,140,141
2023-01-12 17:29:14.000,2023-01-12 17:30:34.000,0.2,1,7.7,0,0,N,2,1,0.5,1,3.7,2.5,0,0,1,1,130,28
2023-01-12 17:35:27.000,2023-01-12 17:36:52.000,0.3,1,11.2,0,1,N,1,1,0.5,1,3.7,5,2.5,0,1,1,164,161
2023-01-12 17:34:21.000,2023-01-12 17:35:18.000,0.3,1,11,0,0.8,N,1,0,0.5,1,3.7,5,2.5,0,1,1,48,68
2023-01-12 17:40:51.000,2023-01-12 17:40:57.000,0,0,20.5,0,3,N,1,1,0,1,14,0,2.5,0,2,5,239,238
2023-01-12 17:54:26.000,2023-01-12 17:55:59.000,0.1,1,9.5,0,0,N,1,1,0.5,1,3,5,2.5,0,1,1,163,230
2023-01-12 17:21:03.000,2023-01-12 17:22:36.000,0.48,1,10.9,0,0,N,2,1,0.5,1,4.4,2.5,2.5,0,2,1,141,236
2023-01-12 17:21:36.000,2023-01-12 17:21:40.000,0,0,16,0,0,N,1,1,0,1,15,0,0,0,2,5,41,43
2023-01-12 17:46:01.000,2023-01-12 17:46:09.000,0.03,0,79,0,0,N,2,1,0.5,1,70,5,2.5,0,2,2,238,239
2023-01-12 17:51:14.000,2023-01-12 17:51:17.000,0,0,51.5,0,5,N,1,1,0.5,1,45,0,0,0,2,5,209,264
2023-01-12 17:44:11.000,2023-01-12 17:45:56.000,0.43,1,14.17,0,3.27,N,1,1,0.5,1,4.4,2.5,2.5,0,2,1,229,141
2023-01-12 18:39:02.000,2023-01-12 18:40:32.000,0.2,1,12.25,0,2.05,N,1,1,0.5,1,3.7,5,2.5,0,1,1,239,238
2023-01-12 18:06:56.000,2023-01-12 18:06:59.000,0,0,16.5,0,0,N,1,1,0.5,1,15,0,0,0,2,5,151,264
2023-01-12 18:48:28.000,2023-01-12 18:48:30.000,0,0,76.8,0,12.8,N,1,1,0,1,63,0,0,0,2,5,265,264
2023-01-12 18:07:24.000,2023-01-12 18:08:59.000,0.43,1,13.08,0,2.18,N,1,1,0.5,1,4.4,2.5,2.5,0,2,1,264,158
2023-01-12 18:17:23.000,2023-01-12 18:18:46.000,0.2,1,12.2,0,2,N,1,1,0.5,1,3.7,5,2.5,0,1,1,234,107
2023-01-12 18:20:28.000,2023-01-12 18:21:45.000,0.4,1,13.05,0,2.15,N,1,1,0.5,1,4.4,5,2.5,0,1,1,125,158
2023-01-12 18:36:50.000,2023-01-12 18:37:59.000,0.3,1,12.7,0,2.5,N,1,1,0.5,1,3.7,5,2.5,0,1,1,229,233
2023-01-12 20:00:36.000,2023-01-12 20:01:46.000,0.23,1,10.2,0,0,N,1,2,0.5,1,3.7,2.5,2.5,0,2,1,100,164
2023-01-12 19:58:30.000,2023-01-12 19:59:49.000,0.29,1,12.24,0,2.04,N,1,2,0.5,1,3.7,2.5,2.5,0,2,1,68,158
2023-01-12 19:26:35.000,2023-01-12 19:27:30.000,0.09,1,103.91,6.55,17.11,N,1,2,0.5,1,70,5,2.5,1.25,2,2,170,164
2023-01-12 19:04:24.000,2023-01-12 19:05:57.000,0.51,1,10.9,0,0,N,1,1,0.5,1,4.4,2.5,2.5,0,2,1,140,263
2023-01-12 19:41:49.000,2023-01-12 19:42:36.000,0.02,1,39.67,0,3,N,1,1,0.5,1,32.67,0,2.5,0,2,5,231,140
2023-01-12 19:22:17.000,2023-01-12 19:23:56.000,0.34,1,10.9,0,0,N,1,1,0.5,1,4.4,2.5,2.5,0,2,1,125,249
2023-01-12 19:32:04.000,2023-01-12 19:33:52.000,0.41,1,13.08,0,2.18,N,1,1,0.5,1,4.4,2.5,2.5,0,2,1,107,79
2023-01-12 19:15:29.000,2023-01-12 19:16:30.000,0.03,1,9.5,0,0,N,4,1,0.5,1,3,2.5,2.5,0,2,1,100,230
2023-01-12 19:35:52.000,2023-01-12 19:36:11.000,0,1,9.5,0,0,N,2,1,0.5,1,3,2.5,2.5,0,2,1,161,162
2023-01-20 07:18:17.000,2023-01-20 07:18:51.000,0.07,0,7,0,0,N,4,2,0.5,1,3,0,2.5,0,2,1,263,75
2023-01-20 07:01:25.000,2023-01-20 07:02:39.000,0.49,1,8.4,0,0,N,2,1,0.5,1,4.4,0,2.5,0,2,1,161,164
2023-01-20 07:47:24.000,2023-01-20 07:47:27.000,0,0,121.2,0,20.2,N,1,1,0,1,100,0,0,0,2,5,132,264
2023-01-20 07:30:41.000,2023-01-20 07:30:58.000,0,0,7,0,0,N,2,1,0.5,1,3,0,2.5,0,2,1,144,211
2023-01-20 07:43:01.000,2023-01-20 07:44:22.000,0.37,1,10.92,0,2.52,N,1,1,0.5,1,4.4,0,2.5,0,2,1,170,234
2023-01-20 07:39:03.000,2023-01-20 07:40:22.000,0.47,1,10.5,0,2.1,N,1,1,0.5,1,4.4,0,2.5,0,2,1,90,186
2023-01-20 07:03:20.000,2023-01-20 07:04:05.000,0,1,60,0,10,N,1,1,0,1,49,0,0,0,2,5,229,264
2023-01-20 08:13:10.000,2023-01-20 08:13:20.000,3.5,0,4.5,0,0,N,4,1,0.5,1,3,0,0,0,1,1,134,28
2023-01-20 08:15:19.000,2023-01-20 08:15:30.000,3.5,0,4.5,0,0,N,4,1,0.5,1,3,0,0,0,1,1,28,134
2023-01-20 08:25:19.000,2023-01-20 08:26:37.000,0.48,1,10.5,0,2.1,N,1,1,0.5,1,4.4,0,2.5,0,2,1,107,170
2023-01-20 08:47:50.000,2023-01-20 08:48:38.000,0.02,1,7,0,0,N,3,2,0.5,1,3,0,2.5,0,2,1,239,142
2023-01-20 08:51:38.000,2023-01-20 08:52:10.000,0.12,1,7,0,0,N,4,1,0.5,1,3,0,2.5,0,2,1,249,114
2023-01-20 08:43:59.000,2023-01-20 08:44:29.000,0,1,7,0,0,N,4,1,0.5,1,3,0,2.5,0,2,1,87,261
2023-01-20 08:29:22.000,2023-01-20 08:30:48.000,0.36,1,10.08,0,1.68,N,1,1,0.5,1,4.4,0,2.5,0,2,1,107,170
2023-01-20 08:21:24.000,2023-01-20 08:21:40.000,0.1,0,4.5,0,0,N,2,1,0.5,1,3,0,0,0,1,1,82,160
2023-01-20 08:12:05.000,2023-01-20 08:13:17.000,0.37,1,9.24,0,1.54,N,1,6,0.5,1,3.7,0,2.5,0,2,1,48,142
2023-01-20 08:17:19.000,2023-01-20 08:18:15.000,1.3,1,7,0,0,N,3,1,0.5,1,3,2.5,2.5,0,1,1,170,162
2023-01-20 08:53:30.000,2023-01-20 08:53:33.000,0,0,101,0,0,N,1,4,0,1,100,0,0,0,2,5,13,264
2023-01-20 09:26:07.000,2023-01-20 09:27:11.000,0.09,1,7.7,0,0,N,2,1,0.5,1,3.7,0,2.5,0,2,1,141,140
2023-01-20 09:26:14.000,2023-01-20 09:27:46.000,0.47,1,10.08,0,1.68,N,1,1,0.5,1,4.4,0,2.5,0,2,1,262,43
2023-01-20 09:43:55.000,2023-01-20 09:44:55.000,0.08,1,7,0,0,N,2,1,0.5,1,3,0,2.5,0,2,1,90,234
2023-01-20 09:20:06.000,2023-01-20 09:20:52.000,0.18,0,9.24,0,1.54,N,1,1,0.5,1,3.7,0,2.5,0,2,1,100,186
2023-01-20 09:03:09.000,2023-01-20 09:04:54.000,0.54,1,8.4,0,0,N,2,1,0.5,1,4.4,0,2.5,0,2,1,237,161
2023-01-20 09:05:51.000,2023-01-20 09:06:40.000,0.27,1,9.24,0,1.54,N,1,1,0.5,1,3.7,0,2.5,0,2,1,48,163
2023-01-20 09:31:23.000,2023-01-20 09:31:26.000,0,0,462,0,77,N,1,1,0.5,1,383.5,0,0,0,2,5,265,264
2023-01-20 10:11:00.000,2023-01-20 10:12:46.000,0.2,1,7.7,0,0,N,1,1,0.5,1,3.7,2.5,2.5,0,1,1,236,43
2023-01-20 10:44:35.000,2023-01-20 10:45:40.000,0.09,1,7.7,0,0,N,2,1,0.5,1,3.7,0,2.5,0,2,1,162,164
2023-01-20 10:26:01.000,2023-01-20 10:27:18.000,0.3,1,9,0,1.3,N,1,3,0.5,1,3.7,0,2.5,0,2,1,137,170
2023-01-20 10:19:11.000,2023-01-20 10:19:26.000,0.01,0,7,0,0,N,4,1,0.5,1,3,0,2.5,0,2,1,233,229
2023-01-20 10:47:37.000,2023-01-20 10:48:33.000,0.31,1,7.7,0,0,N,2,1,0.5,1,3.7,0,2.5,0,2,1,238,239
2023-01-20 10:06:28.000,2023-01-20 10:06:49.000,0.08,0,7,0,0,N,4,1,0.5,1,3,0,2.5,0,2,1,90,164
2023-01-20 10:50:23.000,2023-01-20 10:51:51.000,0.26,1,7.7,0,0,N,2,1,0.5,1,3.7,0,2.5,0,2,1,262,263
2023-01-20 10:54:08.000,2023-01-20 10:55:51.000,0.54,1,10.08,0,1.68,N,1,1,0.5,1,4.4,0,2.5,0,2,1,107,170
2023-01-20 10:46:35.000,2023-01-20 10:46:39.000,0.03,0,121.2,0,20.2,N,1,4,0,1,100,0,0,0,2,5,264,223
2023-01-20 10:11:19.000,2023-01-20 10:11:23.000,0,0,27.84,0,4.64,N,1,2,0.5,1,21.7,0,0,0,2,5,50,264
2023-01-20 10:25:25.000,2023-01-20 10:25:28.000,0,0,77.25,0,10,N,1,3,0,1,66.25,0,0,0,2,5,260,264
2023-01-20 11:57:02.000,2023-01-20 11:58:17.000,0,1,7.7,0,0,N,2,1,0.5,1,3.7,2.5,2.5,0,1,1,161,162
2023-01-20 11:38:14.000,2023-01-20 11:39:55.000,0.57,1,7.08,0,1.18,N,1,1,0.5,1,4.4,0,0,0,2,1,75,238
2023-01-20 11:36:14.000,2023-01-20 11:37:59.000,0.16,1,10.01,0,2.31,N,1,1,0.5,1,3.7,0,2.5,0,2,1,236,43
2023-01-20 11:08:07.000,2023-01-20 11:09:15.000,0.3,1,7.7,0,0,N,2,1,0.5,1,3.7,2.5,2.5,0,1,1,163,237
2023-01-20 11:45:34.000,2023-01-20 11:46:23.000,0.25,1,7.7,0,0,N,2,1,0.5,1,3.7,0,2.5,0,2,1,263,236
2023-01-20 11:47:23.000,2023-01-20 11:48:43.000,0.3,1,9.7,0,2,N,1,1,0.5,1,3.7,2.5,2.5,0,1,1,238,239
2023-01-20 11:48:04.000,2023-01-20 11:49:07.000,0.34,1,8.7,0,1,N,1,1,0.5,1,3.7,0,2.5,0,2,1,164,170
2023-01-20 11:27:07.000,2023-01-20 11:28:15.000,0.03,1,7.7,0,0,N,2,1,0.5,1,3.7,0,2.5,0,2,1,233,161
2023-01-20 11:05:24.000,2023-01-20 11:05:47.000,0.14,0,7,0,0,N,1,1,0.5,1,3,0,2.5,0,2,1,164,230
2023-01-20 11:38:24.000,2023-01-20 11:39:47.000,0.32,1,10.01,0,2.31,N,1,1,0.5,1,3.7,0,2.5,0,2,1,224,79
2023-01-20 11:47:20.000,2023-01-20 11:48:24.000,0.16,1,9.63,0,1.93,N,1,1,0.5,1,3.7,0,2.5,0,2,1,4,79
2023-01-20 12:48:26.000,2023-01-20 12:48:52.000,0,0,7,0,0,N,3,1,0.5,1,3,2.5,2.5,0,1,1,236,263
2023-01-20 12:38:56.000,2023-01-20 12:39:02.000,0,1,9.5,0,0,N,3,0,0.5,1,3,5,0,0,1,1,70,138
2023-01-20 12:13:15.000,2023-01-20 12:14:50.000,0.46,1,10.08,0,1.68,N,1,2,0.5,1,4.4,0,2.5,0,2,1,238,43
2023-01-20 12:12:00.000,2023-01-20 12:13:09.000,0.3,1,7.7,0,0,N,2,1,0.5,1,3.7,2.5,2.5,0,1,1,163,161
2023-01-20 12:14:32.000,2023-01-20 12:15:23.000,0.2,1,7.7,0,0,N,2,1,0.5,1,3.7,2.5,2.5,0,1,1,236,75
2023-01-20 12:26:02.000,2023-01-20 12:27:46.000,0,1,7.7,0,0,N,2,1,0.5,1,3.7,2.5,2.5,0,1,1,170,162
2023-01-20 12:54:01.000,2023-01-20 12:55:37.000,0.24,1,7.7,0,0,N,4,1,0.5,1,3.7,0,2.5,0,2,1,140,141
2023-01-20 12:49:07.000,2023-01-20 12:50:53.000,0.39,1,8.4,0,0,N,2,1,0.5,1,4.4,0,2.5,0,2,1,107,79
2023-01-20 12:02:07.000,2023-01-20 12:03:22.000,0.37,1,5.9,0,0,N,2,1,0.5,1,4.4,0,0,0,2,1,74,75
2023-01-20 12:55:19.000,2023-01-20 12:56:32.000,0.25,1,9.24,0,1.54,N,1,1,0.5,1,3.7,0,2.5,0,2,1,264,236
2023-01-20 12:51:19.000,2023-01-20 12:52:51.000,0,1,7.7,0,0,N,2,1,0.5,1,3.7,0,2.5,0,2,1,158,249
2023-01-20 12:01:09.000,2023-01-20 12:02:15.000,0.14,1,7.7,0,2.5,N,1,1,0.5,1,3.7,0,0,0,2,1,151,238
2023-01-20 12:00:27.000,2023-01-20 12:00:37.000,1.47,0,17.5,0,0,N,2,1,0.5,1,13.5,0,2.5,0,2,1,43,237
2023-01-20 12:14:19.000,2023-01-20 12:14:37.000,0,0,88.75,0,17.75,N,1,1,0,1,70,0,0,0,2,5,264,265
2023-01-20 12:05:03.000,2023-01-20 12:06:59.000,0.35,1,8.4,0,0,N,2,1,0.5,1,4.4,0,2.5,0,2,1,238,239
2023-01-20 12:13:23.000,2023-01-20 12:14:44.000,0.5,1,10.05,0,1.65,N,1,0,0.5,1,4.4,2.5,2.5,0,1,1,262,263
2023-01-20 12:33:11.000,2023-01-20 12:34:56.000,0.61,1,9.1,0,0,N,4,1,0.5,1,5.1,0,2.5,0,2,1,236,75
2023-01-20 12:50:34.000,2023-01-20 12:51:49.000,0.19,1,9.24,0,1.54,N,1,1,0.5,1,3.7,0,2.5,0,2,1,237,263
2023-01-20 12:07:10.000,2023-01-20 12:07:13.000,0.04,0,99.6,0,16.6,N,1,1,0,1,82,0,0,0,2,5,144,264
2023-01-20 12:37:21.000,2023-01-20 12:38:56.000,0.56,1,8.4,0,0,N,1,1,0.5,1,4.4,0,2.5,0,2,1,163,161
2023-01-20 12:48:58.000,2023-01-20 12:49:31.000,0,1,7,0,0,N,2,1,0.5,1,3,0,2.5,0,2,1,142,43
2023-01-20 12:41:13.000,2023-01-20 12:41:15.000,0,0,54.6,0,9.1,N,1,1,0.5,1,44,0,0,0,2,5,138,264
2023-01-20 13:39:15.000,2023-01-20 13:39:43.000,0.14,0,9.5,0,5,N,1,1,0.5,1,3,0,0,0,2,1,75,263
2023-01-20 13:35:14.000,2023-01-20 13:35:28.000,0.16,0,94,0,8,N,1,1,0,1,85,0,0,0,2,5,132,232
2023-01-20 13:57:20.000,2023-01-20 13:57:56.000,0.43,0,18.95,13.05,0,N,2,2,0.5,1,4.4,0,0,0,2,1,6,14
2023-01-20 13:23:02.000,2023-01-20 13:24:44.000,0.39,1,7.08,0,1.18,N,1,1,0.5,1,4.4,0,0,0,2,1,151,238
2023-01-20 13:22:06.000,2023-01-20 13:23:03.000,0.12,1,9.5,0,0,N,4,1,0.5,1,3,5,0,0,2,1,70,138
2023-01-20 13:30:34.000,2023-01-20 13:31:55.000,0.3,1,8.7,0,1,N,1,1,0.5,1,3.7,0,2.5,0,2,1,236,263
2023-01-20 13:06:23.000,2023-01-20 13:07:51.000,0.2,1,7.7,0,0,N,2,1,0.5,1,3.7,2.5,2.5,0,1,1,141,262
2023-01-20 13:21:07.000,2023-01-20 13:22:12.000,0.3,1,9.24,0,1.54,N,1,1,0.5,1,3.7,2.5,2.5,0,1,1,239,238
2023-01-20 13:59:21.000,2023-01-20 14:00:24.000,0.4,1,11.45,0,0,N,3,1,0.5,1,3.7,5,0,1.25,2,1,264,138
2023-01-20 13:56:36.000,2023-01-20 13:56:39.000,0,0,99.6,0,16.6,N,1,1,0,1,82,0,0,0,2,5,137,264
2023-01-20 13:48:08.000,2023-01-20 13:48:13.000,0.03,0,66,0,0,N,2,1,0,1,65,0,0,0,2,5,70,138
2023-01-20 13:46:31.000,2023-01-20 13:46:33.000,0,0,140.4,0,23.4,N,1,1,0,1,116,0,0,0,2,5,1,264
2023-01-20 13:37:47.000,2023-01-20 13:38:43.000,0.23,1,8.7,0,1,N,1,1,0.5,1,3.7,0,2.5,0,2,1,161,230
2023-01-20 14:49:04.000,2023-01-20 14:50:59.000,0.33,1,8.4,0,0,N,2,2,0.5,1,4.4,0,2.5,0,2,1,140,141
2023-01-20 14:18:22.000,2023-01-20 14:19:53.000,0.51,1,10.08,0,1.68,N,1,1,0.5,1,4.4,0,2.5,0,2,1,237,141
2023-01-20 14:52:01.000,2023-01-20 14:53:31.000,0.4,1,10.9,0,2.5,N,1,1,0.5,1,4.4,2.5,2.5,0,1,1,90,68
2023-01-20 14:30:34.000,2023-01-20 14:30:52.000,1.04,0,97.91,6.55,16.11,N,1,1,0.5,1,70,0,2.5,1.25,2,2,264,132
2023-01-20 14:15:12.000,2023-01-20 14:16:48.000,0.2,1,5.2,0,0,N,2,1,0.5,1,3.7,0,0,0,2,1,238,151
2023-01-20 14:16:05.000,2023-01-20 14:17:14.000,0.29,1,9.24,0,1.54,N,1,1,0.5,1,3.7,0,2.5,0,2,1,141,236
2023-01-20 14:49:32.000,2023-01-20 14:50:51.000,0.09,1,7.7,0,0,N,2,1,0.5,1,3.7,0,2.5,0,2,1,237,141
2023-01-20 14:56:15.000,2023-01-20 14:56:22.000,0.03,0,7,0,0,N,4,1,0.5,1,3,0,2.5,0,2,1,234,107
2023-01-20 14:12:48.000,2023-01-20 14:13:00.000,0,1,71.5,0,0,N,2,1,0.5,1,70,0,0,0,2,2,264,70
2023-01-20 14:21:22.000,2023-01-20 14:22:02.000,0,1,7,0,0,N,2,2,0.5,1,3,0,2.5,0,2,1,263,236
2023-01-20 14:43:23.000,2023-01-20 14:44:33.000,0.3,1,9.24,0,1.54,N,1,2,0.5,1,3.7,2.5,2.5,0,1,1,237,141
2023-01-20 14:47:57.000,2023-01-20 14:48:01.000,0.04,1,104.4,0,17.4,N,1,2,0,1,86,0,0,0,2,5,216,132
2023-01-20 14:03:41.000,2023-01-20 14:04:35.000,0.03,1,4.5,0,0,N,4,1,0.5,1,3,0,0,0,2,1,75,263
2023-01-20 14:02:56.000,2023-01-20 14:02:59.000,0,0,93.5,0,2,N,1,2,0.5,1,90,0,0,0,2,5,132,264
2023-01-20 15:46:53.000,2023-01-20 15:47:58.000,0.2,1,5.7,0,0.5,N,1,1,0.5,1,3.7,0,0,0,1,1,238,151
2023-01-20 15:46:42.000,2023-01-20 15:46:46.000,0.02,0,22.25,0,0,N,1,2,0,1,15,5,0,1.25,2,5,138,223
2023-01-20 15:41:15.000,2023-01-20 15:42:07.000,0.1,1,7,0,0,N,2,0,0.5,1,3,2.5,2.5,0,1,1,144,114
2023-01-20 15:47:24.000,2023-01-20 15:47:30.000,0,0,28.2,0,4.7,N,1,1,0,1,20,0,2.5,0,2,5,239,238
2023-01-20 15:28:44.000,2023-01-20 15:28:52.000,0,0,74,0,0,N,3,1,0.5,1,70,0,2.5,0,2,2,79,114
2023-01-03 05:26:03.000,2023-01-03 05:27:41.000,0.58,1,9.4,0,0,N,2,1,0.5,1,4.4,1,2.5,0,2,1,233,170
2023-01-03 05:12:04.000,2023-01-03 05:13:52.000,0.62,1,55.5,0,0,N,2,2,0,1,52,0,2.5,0,2,5,161,164
2023-01-03 05:59:01.000,2023-01-03 05:59:03.000,0,0,72.95,0,10,N,1,2,0,1,61.95,0,0,0,2,5,181,264
2023-01-03 06:48:00.000,2023-01-03 06:49:27.000,0.31,1,9.4,0,1,N,1,1,0.5,1,4.4,0,2.5,0,2,1,164,170
2023-01-03 06:00:07.000,2023-01-03 06:01:59.000,0.4,1,8.4,0,0,N,2,1,0.5,1,4.4,2.5,2.5,0,1,1,263,262
2023-01-03 06:34:19.000,2023-01-03 06:35:43.000,0.3,1,8.7,0,1,N,1,1,0.5,1,3.7,2.5,2.5,0,1,1,262,140
2023-01-03 07:44:30.000,2023-01-03 07:45:29.000,0.01,1,9.1,0,2.1,N,1,1,0.5,1,3,0,2.5,0,2,1,249,90
2023-01-03 07:25:05.000,2023-01-03 07:26:33.000,0.4,1,11.4,0,3,N,1,2,0.5,1,4.4,2.5,2.5,0,1,1,162,170
2023-01-03 07:36:24.000,2023-01-03 07:37:53.000,0.55,1,9.66,0,1.26,N,1,2,0.5,1,4.4,0,2.5,0,2,1,236,75
2023-01-03 07:26:07.000,2023-01-03 07:27:27.000,0.35,1,7.7,0,0,N,2,1,0.5,1,3.7,0,2.5,0,2,1,234,90
2023-01-03 07:39:02.000,2023-01-03 07:40:51.000,0.44,1,10.08,0,1.68,N,1,1,0.5,1,4.4,0,2.5,0,2,1,137,170
2023-01-03 07:57:18.000,2023-01-03 07:58:52.000,0.5,1,8.4,0,0,Y,3,0,0.5,1,4.4,2.5,2.5,0,1,1,48,246
2023-01-03 07:19:31.000,2023-01-03 07:20:52.000,0.4,1,9.4,0,1,N,1,1,0.5,1,4.4,0,2.5,0,2,1,237,162
2023-01-03 07:23:06.000,2023-01-03 07:24:30.000,0.4,1,10.5,0,2.1,N,1,1,0.5,1,4.4,2.5,2.5,0,1,1,161,163
2023-01-03 07:35:11.000,2023-01-03 07:36:49.000,0.6,1,9.1,0,0,N,1,1,0.5,1,5.1,2.5,2.5,0,1,1,100,186
2023-01-03 07:32:25.000,2023-01-03 07:32:34.000,0,0,18.5,0,0,N,1,1,0,1,15,0,2.5,0,2,5,186,100
2023-01-03 07:20:13.000,2023-01-03 07:21:48.000,0.49,1,10.08,0,1.68,N,1,1,0.5,1,4.4,0,2.5,0,2,1,100,161
2023-01-03 07:49:05.000,2023-01-03 07:50:47.000,0.49,1,5.9,0,0,N,2,1,0.5,1,4.4,0,0,0,2,1,74,75
2023-01-03 08:04:02.000,2023-01-03 08:05:28.000,0.1,1,7.7,0,0,N,2,1,0.5,1,3.7,2.5,2.5,0,1,1,114,113
2023-01-03 08:56:08.000,2023-01-03 08:57:31.000,0.32,1,6.24,0,1.04,N,1,1,0.5,1,3.7,0,0,0,2,1,238,151
2023-01-03 08:33:10.000,2023-01-03 08:34:56.000,0.3,1,9.4,0,1,N,1,2,0.5,1,4.4,2.5,2.5,0,1,1,236,263
2023-01-03 08:22:34.000,2023-01-03 08:23:40.000,0.44,1,10.08,0,1.68,N,1,1,0.5,1,4.4,0,2.5,0,2,1,137,233
2023-01-03 08:00:42.000,2023-01-03 08:00:49.000,0,0,16,0,6,N,1,1,0,1,9,0,0,0,2,5,264,162
2023-01-03 08:43:04.000,2023-01-03 08:44:17.000,0.31,1,9.24,0,1.54,N,1,1,0.5,1,3.7,0,2.5,0,2,1,48,68
2023-01-03 08:15:47.000,2023-01-03 08:16:06.000,0,1,88.8,0,14.8,N,1,1,0.5,1,70,0,2.5,0,2,2,232,148
2023-01-03 08:33:01.000,2023-01-03 08:34:41.000,0.53,1,10.08,0,1.68,N,1,1,0.5,1,4.4,0,2.5,0,2,1,229,233
2023-01-03 09:08:00.000,2023-01-03 09:09:47.000,0.54,1,9.4,0,1,N,1,1,0.5,1,4.4,0,2.5,0,2,1,238,239
2023-01-03 09:02:49.000,2023-01-03 09:03:57.000,0.14,1,10.01,0,2.31,N,1,1,0.5,1,3.7,0,2.5,0,2,1,141,263
2023-01-03 09:16:01.000,2023-01-03 09:17:25.000,0.44,1,10.5,0,2.1,N,1,1,0.5,1,4.4,0,2.5,0,2,1,239,143
2023-01-03 09:29:25.000,2023-01-03 09:29:31.000,0,0,99.06,0,16.51,N,1,1,0,1,81.55,0,0,0,2,5,264,93
2023-01-03 09:42:09.000,2023-01-03 09:43:46.000,0.34,1,8.4,0,0,N,2,1,0.5,1,4.4,0,2.5,0,2,1,50,48
2023-01-03 09:32:05.000,2023-01-03 09:33:29.000,0.2,1,7.7,0,0,Y,1,1,0.5,1,3.7,2.5,2.5,0,1,1,234,107
2023-01-03 09:41:04.000,2023-01-03 09:41:39.000,0.16,0,92.55,6.55,12,N,1,2,0.5,1,70,0,2.5,0,2,2,170,234
2023-01-03 09:05:13.000,2023-01-03 09:06:43.000,0.56,1,9.66,0,1.26,N,1,1,0.5,1,4.4,0,2.5,0,2,1,107,170
2023-01-03 09:36:56.000,2023-01-03 09:36:58.000,0,0,4.5,0,0,N,2,1,0.5,1,3,0,0,0,2,1,132,264
2023-01-03 09:48:26.000,2023-01-03 09:49:49.000,0.47,1,8.4,0,0,N,2,1,0.5,1,4.4,0,2.5,0,2,1,143,239
2023-01-03 09:45:02.000,2023-01-03 09:46:42.000,0.1,1,8.7,0,1,N,1,1,0.5,1,3.7,2.5,2.5,0,1,1,162,161
2023-01-03 09:48:40.000,2023-01-03 09:49:36.000,0.17,1,100.69,6.55,20.14,N,1,1,0.5,1,70,0,2.5,0,2,2,262,140
2023-01-03 10:33:09.000,2023-01-03 10:34:09.000,0.27,1,8.7,0,1,N,1,3,0.5,1,3.7,0,2.5,0,2,1,79,107
2023-01-03 10:25:08.000,2023-01-03 10:26:49.000,0.35,1,10.08,0,1.68,N,1,1,0.5,1,4.4,0,2.5,0,2,1,239,238
2023-01-03 10:50:34.000,2023-01-03 10:51:53.000,0.1,1,7.7,0,0,N,1,1,0.5,1,3.7,2.5,2.5,0,1,1,50,246
2023-01-03 10:59:02.000,2023-01-03 11:00:28.000,0.2,1,7.7,0,0,N,1,1,0.5,1,3.7,2.5,2.5,0,1,1,162,233
2023-01-03 10:02:16.000,2023-01-03 10:03:30.000,0.42,1,8.4,0,0,N,2,5,0.5,1,4.4,0,2.5,0,2,1,142,48
2023-01-03 10:36:25.000,2023-01-03 10:37:51.000,0.37,1,10.08,0,1.68,N,1,2,0.5,1,4.4,0,2.5,0,2,1,143,246
2023-01-03 10:25:36.000,2023-01-03 10:26:31.000,0.24,1,5.2,0,0,N,2,1,0.5,1,3.7,0,0,0,2,1,264,75
2023-01-03 10:41:59.000,2023-01-03 10:42:11.000,0.01,1,74,0,0,N,2,2,0.5,1,70,0,2.5,0,2,2,163,230
2023-01-03 10:40:02.000,2023-01-03 10:40:12.000,0.03,0,74,0,0,N,4,1,0.5,1,70,0,2.5,0,2,2,142,43
2023-01-03 10:24:09.000,2023-01-03 10:25:55.000,0.29,1,7.7,0,0,N,2,1,0.5,1,3.7,0,2.5,0,2,1,43,236
2023-01-03 10:35:14.000,2023-01-03 10:36:33.000,0.17,1,9.24,0,1.54,N,1,1,0.5,1,3.7,0,2.5,0,2,1,43,236
2023-01-03 10:22:01.000,2023-01-03 10:23:57.000,0.46,1,10.08,0,1.68,N,1,1,0.5,1,4.4,0,2.5,0,2,1,170,233
2023-01-03 10:34:07.000,2023-01-03 10:35:13.000,0.38,1,7.7,0,0,N,2,1,0.5,1,3.7,0,2.5,0,2,1,237,163
2023-01-03 10:32:00.000,2023-01-03 10:33:25.000,0.44,1,8.4,0,0,N,4,1,0.5,1,4.4,0,2.5,0,2,1,107,170
2023-01-03 10:59:20.000,2023-01-03 11:00:21.000,0.12,1,8.4,0,1.4,N,1,1,0.5,1,3,0,2.5,0,2,1,142,163
2023-01-03 10:08:21.000,2023-01-03 10:08:24.000,0.74,0,103.8,0,17.3,N,1,1,0.5,1,85,0,0,0,2,5,132,264
2023-01-03 10:53:00.000,2023-01-03 10:53:03.000,0,0,91,0,4.5,N,1,1,0.5,1,85,0,0,0,2,5,87,264
2023-01-03 11:03:21.000,2023-01-03 11:04:59.000,0.2,1,8.7,0,1,N,1,1,0.5,1,3.7,2.5,2.5,0,1,1,239,142
2023-01-03 11:07:40.000,2023-01-03 11:07:50.000,0.02,0,74,0,0,N,2,2,0.5,1,70,0,2.5,0,2,2,158,249
2023-01-03 11:17:30.000,2023-01-03 11:18:43.000,0.24,1,9.7,0,2,N,1,1,0.5,1,3.7,0,2.5,0,2,1,233,229
2023-01-03 11:56:07.000,2023-01-03 11:57:53.000,0.44,1,10.5,0,2.1,N,1,1,0.5,1,4.4,0,2.5,0,2,1,79,107
2023-01-03 11:46:04.000,2023-01-03 11:46:08.000,0,0,96,0,10,N,1,2,0,1,85,0,0,0,2,5,49,97
2023-01-03 11:41:12.000,2023-01-03 11:42:52.000,0.34,1,10.08,0,1.68,N,1,1,0.5,1,4.4,0,2.5,0,2,1,249,234
2023-01-03 11:28:43.000,2023-01-03 11:29:26.000,0.16,1,9.5,0,0,N,2,1,0.5,1,3,5,0,0,2,1,70,138
2023-01-03 12:04:29.000,2023-01-03 12:05:29.000,2.3,1,7,0,0,Y,3,2,0.5,1,3,2.5,2.5,0,1,1,237,264
2023-01-03 12:54:01.000,2023-01-03 12:55:43.000,0.48,1,8.4,0,0,N,2,1,0.5,1,4.4,0,2.5,0,2,1,48,68
2023-01-03 12:07:12.000,2023-01-03 12:08:29.000,0.4,1,10,0,1.6,N,1,1,0.5,1,4.4,2.5,2.5,0,1,1,262,263
2023-01-03 12:51:09.000,2023-01-03 12:52:19.000,0.3,1,7.7,0,0,N,2,4,0.5,1,3.7,0,2.5,0,2,1,43,236
2023-01-03 12:41:57.000,2023-01-03 12:42:57.000,0.39,1,7.08,0,1.18,N,1,1,0.5,1,4.4,0,0,0,2,1,151,166
2023-01-03 12:13:35.000,2023-01-03 12:14:45.000,0.2,1,7.7,0,0,N,1,1,0.5,1,3.7,2.5,2.5,0,1,1,142,239
2023-01-03 12:40:26.000,2023-01-03 12:41:35.000,0.4,1,9.4,0,1,N,1,2,0.5,1,4.4,2.5,2.5,0,1,1,237,162
2023-01-03 13:36:00.000,2023-01-03 13:36:14.000,0.14,0,70,0,9,N,1,2,0,1,60,0,0,0,2,5,157,160
2023-01-03 13:44:19.000,2023-01-03 13:45:22.000,0.23,1,7.7,0,0,N,2,2,0.5,1,3.7,0,2.5,0,2,1,237,236
2023-01-03 13:08:13.000,2023-01-03 13:09:42.000,0.06,1,74,0,0,N,3,1,0.5,1,70,0,2.5,0,2,2,170,162
2023-01-03 13:42:38.000,2023-01-03 13:43:27.000,0,1,7,0,0,N,2,1,0.5,1,3,0,2.5,0,2,1,229,233
2023-01-03 13:01:16.000,2023-01-03 13:02:52.000,0.4,1,10.05,0,1.65,N,1,0,0.5,1,4.4,2.5,2.5,0,1,1,90,249
2023-01-03 13:12:10.000,2023-01-03 13:13:20.000,0.38,1,10.01,0,2.31,N,1,1,0.5,1,3.7,0,2.5,0,2,1,141,263
2023-01-03 13:00:01.000,2023-01-03 13:01:02.000,0.34,1,7.7,0,0,N,2,2,0.5,1,3.7,0,2.5,0,2,1,238,151
2023-01-03 13:02:03.000,2023-01-03 13:03:51.000,0.41,1,8.4,0,0,N,2,1,0.5,1,4.4,0,2.5,0,2,1,170,161
2023-01-03 13:40:14.000,2023-01-03 13:40:20.000,0.06,0,110.69,0,22.14,N,1,1,0,1,87.55,0,0,0,2,5,130,216
2023-01-03 13:09:15.000,2023-01-03 13:10:49.000,0.03,1,7.7,0,0,N,4,1,0.5,1,3.7,0,2.5,0,2,1,164,230
2023-01-03 13:04:04.000,2023-01-03 13:04:25.000,0,0,4.5,0,0,N,3,1,0.5,1,3,0,0,0,2,1,82,129
2023-01-03 13:25:16.000,2023-01-03 13:26:41.000,0.45,1,10.08,0,1.68,N,1,1,0.5,1,4.4,0,2.5,0,2,1,88,87
2023-01-03 13:26:56.000,2023-01-03 13:27:33.000,0,1,7,0,0,N,3,1,0.5,1,3,2.5,2.5,0,1,1,229,233
2023-01-03 13:17:09.000,2023-01-03 13:17:16.000,0,0,18.75,0,0.25,N,1,1,0,1,15,0,2.5,0,2,5,263,262
2023-01-03 13:19:05.000,2023-01-03 13:20:50.000,0.29,1,10.08,0,1.68,N,1,2,0.5,1,4.4,0,2.5,0,2,1,163,230
2023-01-03 14:21:22.000,2023-01-03 14:22:40.000,0.4,1,8.4,0,0,N,2,1,0.5,1,4.4,0,2.5,0,2,1,114,113
2023-01-03 14:45:11.000,2023-01-03 14:46:36.000,0.4,1,8.4,0,0,N,2,1,0.5,1,4.4,2.5,2.5,0,1,1,239,238
2023-01-03 14:34:03.000,2023-01-03 14:35:40.000,0.56,1,10.5,0,2.1,N,1,1,0.5,1,4.4,0,2.5,0,2,1,249,68
2023-01-03 14:23:10.000,2023-01-03 14:24:33.000,0.34,1,9.24,0,1.54,N,1,1,0.5,1,3.7,0,2.5,0,2,1,237,263
2023-01-03 14:34:51.000,2023-01-03 14:34:56.000,0,0,92.55,0,10,N,1,2,0,1,81.55,0,0,0,2,5,264,56
2023-01-03 14:20:00.000,2023-01-03 14:21:42.000,0.53,1,10.08,0,1.68,N,1,1,0.5,1,4.4,0,2.5,0,2,1,164,170
2023-01-03 14:42:03.000,2023-01-03 14:42:07.000,0.01,0,104.4,0,17.4,N,1,1,0,1,86,0,0,0,2,5,134,197
2023-01-03 14:16:50.000,2023-01-03 14:16:54.000,0,0,103.2,0,17.2,N,1,4,0,1,85,0,0,0,2,5,132,264
2023-01-03 14:11:06.000,2023-01-03 14:11:52.000,0,0,4.5,0,0,N,2,1,0.5,1,3,0,0,0,2,1,74,42
2023-01-03 14:15:08.000,2023-01-03 14:16:57.000,0.72,1,10.92,0,1.82,N,1,1,0.5,1,5.1,0,2.5,0,2,1,229,170
2023-01-03 14:09:36.000,2023-01-03 14:09:41.000,0.03,0,98.4,0,16.4,N,1,4,0,1,81,0,0,0,2,5,10,216
2023-01-03 14:26:46.000,2023-01-03 14:26:52.000,0.08,0,91,0,5,N,1,1,0,1,85,0,0,0,2,5,226,145
2023-01-03 14:52:37.000,2023-01-03 14:53:17.000,1.7,1,107.5,0,21.5,N,1,2,0,1,85,0,0,0,1,5,215,216
2023-01-03 15:48:15.000,2023-01-03 15:49:24.000,0.4,1,8.4,0,0,N,2,1,0.5,1,4.4,2.5,2.5,0,1,1,249,113
2023-01-03 15:24:58.000,2023-01-03 15:25:51.000,0,1,75.25,0,0,N,2,4,0.5,1,70,0,2.5,1.25,2,2,264,238
2023-01-03 15:52:09.000,2023-01-03 15:53:41.000,0.44,1,8.4,0,0,N,2,3,0.5,1,4.4,0,2.5,0,2,1,186,90
2023-01-03 15:59:07.000,2023-01-03 16:00:41.000,0.38,1,10.08,0,1.68,N,1,6,0.5,1,4.4,0,2.5,0,2,1,90,234
2023-01-28 01:49:05.000,2023-01-28 01:50:08.000,0.29,1,10.44,0,1.74,N,1,1,0.5,1,3.7,1,2.5,0,2,1,263,141
2023-01-28 01:12:15.000,2023-01-28 01:13:29.000,0.37,1,12.22,0,2.82,N,1,6,0.5,1,4.4,1,2.5,0,2,1,230,48
2023-01-28 01:28:09.000,2023-01-28 01:29:54.000,0.4,1,11.25,0,1.85,N,1,3,0.5,1,4.4,3.5,2.5,0,1,1,4,79
2023-01-28 01:51:45.000,2023-01-28 01:52:29.000,0.26,1,16.7,0,8,N,1,1,0.5,1,3.7,1,2.5,0,2,1,229,140
2023-01-28 01:32:16.000,2023-01-28 01:33:34.000,0.41,1,12.22,0,2.82,N,1,1,0.5,1,4.4,1,2.5,0,2,1,107,170
2023-01-28 01:38:04.000,2023-01-28 01:39:18.000,0.33,1,10.44,0,1.74,N,1,1,0.5,1,3.7,1,2.5,0,2,1,114,79
2023-01-28 01:30:20.000,2023-01-28 01:30:22.000,0,0,20.15,0,4.65,N,1,1,0.5,1,14,0,0,0,2,5,79,264
2023-01-28 01:14:30.000,2023-01-28 01:14:33.000,0,0,12.36,0,2.06,N,1,1,0,0.3,10,0,0,0,2,5,4,264
2023-01-28 01:21:13.000,2023-01-28 01:22:51.000,0.24,1,10.44,0,1.74,N,1,1,0.5,1,3.7,1,2.5,0,2,1,249,125
2023-01-28 02:18:36.000,2023-01-28 02:19:53.000,0.61,1,12.12,0,2.02,N,1,1,0.5,1,5.1,1,2.5,0,2,1,246,48
2023-01-28 02:13:18.000,2023-01-28 02:14:47.000,0.38,1,11.28,0,1.88,N,1,2,0.5,1,4.4,1,2.5,0,2,1,249,90
2023-01-28 02:23:17.000,2023-01-28 02:23:50.000,0.15,0,8,0,0,N,4,1,0.5,1,3,1,2.5,0,2,1,249,114
2023-01-28 02:11:39.000,2023-01-28 02:12:04.000,0,1,8,0,0,N,2,1,0.5,1,3,1,2.5,0,2,1,4,79
2023-01-28 02:55:45.000,2023-01-28 02:56:57.000,0.2,1,8.7,0,0,N,2,5,0.5,1,3.7,1,2.5,0,2,1,90,234
2023-01-28 02:41:54.000,2023-01-28 02:41:57.000,0,0,73.8,0,12.3,N,1,1,0.5,1,60,0,0,0,2,5,265,264
2023-01-28 02:40:02.000,2023-01-28 02:41:24.000,0.44,1,11.28,0,1.88,N,1,1,0.5,1,4.4,1,2.5,0,2,1,263,141
2023-01-28 02:46:18.000,2023-01-28 02:47:54.000,0.28,1,11.28,0,1.88,N,1,1,0.5,1,4.4,1,2.5,0,2,1,158,68
2023-01-28 03:52:01.000,2023-01-28 03:53:28.000,0.4,1,11.28,0,1.88,N,1,1,0.5,1,4.4,3.5,2.5,0,1,1,142,163
2023-01-28 03:05:21.000,2023-01-28 03:06:46.000,0.46,1,9.4,0,0,N,2,2,0.5,1,4.4,1,2.5,0,2,1,100,186
2023-01-28 03:12:21.000,2023-01-28 03:12:27.000,0,0,22,0,14,N,1,1,0.5,1,3,1,2.5,0,2,1,141,237
2023-01-28 03:46:03.000,2023-01-28 03:46:44.000,0.23,0,10.44,0,1.74,N,1,1,0.5,1,3.7,1,2.5,0,2,1,237,236
2023-01-28 03:42:22.000,2023-01-28 03:43:10.000,0,1,8,0,0,N,2,1,0.5,1,3,1,2.5,0,2,1,79,107
2023-01-28 03:05:48.000,2023-01-28 03:06:57.000,0.16,1,8.7,0,0,N,3,1,0.5,1,3.7,1,2.5,0,2,1,114,211
2023-01-28 04:11:18.000,2023-01-28 04:12:56.000,0.7,1,8.6,0,1,N,1,1,0.5,1,5.1,1,0,0,1,1,74,75
2023-01-28 04:43:58.000,2023-01-28 04:44:28.000,0,1,8,0,0,N,4,1,0.5,1,3,1,2.5,0,2,1,90,249
2023-01-28 04:20:06.000,2023-01-28 04:21:02.000,0.29,1,9.7,0,1,N,1,1,0.5,1,3.7,1,2.5,0,2,1,137,170
2023-01-28 05:02:00.000,2023-01-28 05:02:02.000,0,0,57,0,8,N,1,2,0,1,48,0,0,0,2,5,230,264
2023-01-28 04:02:12.000,2023-01-28 04:02:53.000,0,0,8,0,0,N,2,1,0.5,1,3,3.5,2.5,0,1,1,68,90
2023-01-28 04:05:06.000,2023-01-28 04:06:54.000,0.48,1,9.4,0,0,N,2,2,0.5,1,4.4,1,2.5,0,2,1,107,79
2023-01-28 04:00:20.000,2023-01-28 04:00:29.000,0.07,0,20,0,0,N,1,1,0,1,19,0,0,0,2,5,28,131
2023-01-28 04:24:13.000,2023-01-28 04:24:37.000,0,0,127.5,12.75,21.25,N,1,1,0,1,90,0,2.5,0,2,5,148,144
2023-01-28 04:38:23.000,2023-01-28 04:38:36.000,0,0,76.8,0,28,N,1,1,0,1,45.3,0,2.5,0,2,5,48,100
2023-01-28 04:44:34.000,2023-01-28 04:44:37.000,0,0,26.91,0,6.21,N,1,1,0.5,1,19.2,0,0,0,2,5,162,264
2023-01-28 05:25:06.000,2023-01-28 05:26:51.000,0.77,1,12.12,0,2.02,N,1,1,0.5,1,5.1,1,2.5,0,2,1,233,137
2023-01-28 05:58:36.000,2023-01-28 05:59:12.000,0.07,1,5.5,0,0,N,2,1,0.5,1,3,1,0,0,2,1,74,41
2023-01-28 05:52:00.000,2023-01-28 05:53:06.000,0.49,1,9.4,0,0,N,2,1,0.5,1,4.4,1,2.5,0,2,1,107,170
2023-01-28 06:06:47.000,2023-01-28 06:06:51.000,0,0,41,0,0,N,1,2,0,1,40,0,0,0,2,5,129,82
2023-01-28 06:48:17.000,2023-01-28 06:49:43.000,0.2,1,6.24,0,1.04,N,1,1,0.5,1,3.7,0,0,0,2,1,151,238
2023-01-28 06:37:01.000,2023-01-28 06:38:58.000,0.61,1,11.37,0,2.27,N,1,1,0.5,1,5.1,0,2.5,0,2,1,230,186
2023-01-28 06:52:18.000,2023-01-28 06:53:57.000,0.69,1,10.92,0,1.82,N,1,1,0.5,1,5.1,0,2.5,0,2,1,48,143
2023-01-28 06:30:31.000,2023-01-28 06:30:34.000,0,0,97.8,0,16.3,N,1,1,0.5,1,80,0,0,0,2,5,132,264
2023-01-28 07:21:07.000,2023-01-28 07:22:59.000,0.8,1,11.8,0,2,N,1,1,0.5,1,5.8,2.5,2.5,0,1,1,170,162
2023-01-28 06:57:49.000,2023-01-28 06:57:53.000,0,0,63,0,10.5,N,1,1,0.5,1,51,0,0,0,2,5,157,264
2023-01-28 07:33:16.000,2023-01-28 07:33:18.000,0.01,0,36,0,0,N,1,1,0,1,35,0,0,0,2,5,87,264
2023-01-28 07:20:13.000,2023-01-28 07:21:50.000,0.44,1,8.4,0,0,N,2,1,0.5,1,4.4,0,2.5,0,2,1,79,113
2023-01-28 07:46:10.000,2023-01-28 07:46:12.000,0,0,108.75,0,21.75,N,1,1,0,1,86,0,0,0,2,5,132,264
2023-01-28 07:54:06.000,2023-01-28 07:55:02.000,0.28,1,5.2,0,0,N,2,1,0.5,1,3.7,0,0,0,2,1,151,238
2023-01-28 07:59:01.000,2023-01-28 08:00:55.000,0.48,1,10.1,0,1,N,1,2,0.5,1,5.1,0,2.5,0,2,1,43,238
2023-01-28 07:51:04.000,2023-01-28 07:52:26.000,0.38,1,8.4,0,0,N,2,1,0.5,1,4.4,0,2.5,0,2,1,263,141
2023-01-28 07:19:21.000,2023-01-28 07:20:14.000,0.35,1,7.7,0,0,N,2,1,0.5,1,3.7,0,2.5,0,2,1,236,75
2023-01-28 07:28:38.000,2023-01-28 07:29:51.000,0.48,1,8.4,0,0,N,2,1,0.5,1,4.4,0,2.5,0,2,1,170,161
2023-01-28 07:52:19.000,2023-01-28 07:53:54.000,0.65,1,11,0,1.9,N,1,1,0.5,1,5.1,0,2.5,0,2,1,170,162
2023-01-28 07:15:07.000,2023-01-28 07:16:30.000,0.48,1,8.4,0,0,N,2,1,0.5,1,4.4,0,2.5,0,2,1,237,141
2023-01-28 07:53:48.000,2023-01-28 07:53:50.000,0,0,99.6,0,16.6,N,1,1,0,1,82,0,0,0,2,5,238,264
2023-01-28 07:17:42.000,2023-01-28 07:17:53.000,0.02,0,7,0,0,N,2,1,0.5,1,3,0,2.5,0,2,1,186,164
2023-01-28 07:02:25.000,2023-01-28 07:03:55.000,0,1,7,0,0,N,2,1,0.5,1,3,2.5,2.5,0,1,1,48,100
2023-01-28 08:55:38.000,2023-01-28 08:56:48.000,0.31,1,8.86,0,1.16,N,1,1,0.5,1,3.7,0,2.5,0,2,1,234,113
2023-01-28 08:41:06.000,2023-01-28 08:42:48.000,0.68,1,9.1,0,0,N,2,1,0.5,1,5.1,0,2.5,0,2,1,141,263
2023-01-28 08:41:21.000,2023-01-28 08:42:57.000,0.5,1,8.4,0,0,N,1,1,0.5,1,4.4,2.5,2.5,0,1,1,237,236
2023-01-28 08:52:43.000,2023-01-28 08:53:03.000,0.1,1,7,0,0,N,2,1,0.5,1,3,0,2.5,0,2,1,50,48
2023-01-28 08:25:01.000,2023-01-28 08:26:22.000,0.42,1,10.08,0,1.68,N,1,1,0.5,1,4.4,0,2.5,0,2,1,211,114
2023-01-28 08:13:36.000,2023-01-28 08:13:50.000,0.17,0,61.5,0,10.25,N,1,1,0,1,50.25,0,0,0,2,5,93,138
2023-01-28 08:01:56.000,2023-01-28 08:02:05.000,0,1,7,0,0,N,2,1,0.5,1,3,0,2.5,0,2,1,148,264
2023-01-28 08:21:03.000,2023-01-28 08:22:59.000,0.35,1,8.4,0,0,N,2,1,0.5,1,4.4,0,2.5,0,2,1,233,137
2023-01-28 08:18:17.000,2023-01-28 08:19:23.000,0.3,1,7.7,0,0,N,2,1,0.5,1,3.7,0,2.5,0,2,1,100,48
2023-01-28 08:16:35.000,2023-01-28 08:16:39.000,0.03,0,85.5,0,0,N,1,3,0,1,82,0,2.5,0,2,5,209,87
2023-01-28 08:19:06.000,2023-01-28 08:20:44.000,0.5,1,8.41,0,0.01,N,1,1,0.5,1,4.4,2.5,2.5,0,1,1,90,186
2023-01-28 09:43:03.000,2023-01-28 09:43:10.000,0,0,4.5,0,0,N,1,1,0.5,1,3,0,0,0,2,1,7,193
2023-01-28 09:45:44.000,2023-01-28 09:46:54.000,0.39,1,10.08,0,1.68,N,1,1,0.5,1,4.4,0,2.5,0,2,1,140,262
2023-01-28 09:56:21.000,2023-01-28 09:57:49.000,0.3,1,10.08,0,1.68,N,1,3,0.5,1,4.4,2.5,2.5,0,1,1,262,263
2023-01-28 09:24:29.000,2023-01-28 09:24:41.000,0,0,7,0,0,N,3,1,0.5,1,3,2.5,2.5,0,1,1,170,161
2023-01-28 09:22:22.000,2023-01-28 09:23:41.000,0.52,1,7.67,0,1.77,N,1,1,0.5,1,4.4,0,0,0,2,1,151,238
2023-01-28 09:10:01.000,2023-01-28 09:11:35.000,0.54,1,8.4,0,0,N,2,1,0.5,1,4.4,0,2.5,0,2,1,239,142
2023-01-28 09:56:31.000,2023-01-28 09:57:57.000,0.57,1,8.4,0,0,N,2,1,0.5,1,4.4,0,2.5,0,2,1,238,239
2023-01-28 08:58:21.000,2023-01-28 08:58:23.000,0,0,72.75,0,0,N,3,1,0.5,1,70,0,0,1.25,2,2,132,264
2023-01-28 09:26:10.000,2023-01-28 09:27:58.000,0.23,1,71.5,0,0,N,3,1,0.5,1,70,0,0,0,2,2,41,24
2023-01-28 09:55:29.000,2023-01-28 09:56:42.000,0.44,1,9.91,0,1.51,N,1,1,0.5,1,4.4,0,2.5,0,2,1,229,233
2023-01-28 09:25:24.000,2023-01-28 09:26:51.000,0.53,1,8.4,0,0,N,2,1,0.5,1,4.4,0,2.5,0,2,1,239,43
2023-01-28 09:05:05.000,2023-01-28 09:06:30.000,0.4,1,5.9,0,0,N,2,1,0.5,1,4.4,0,0,0,2,1,151,24
2023-01-28 09:15:27.000,2023-01-28 09:16:49.000,0.38,1,10.92,0,2.52,N,1,3,0.5,1,4.4,0,2.5,0,2,1,229,140
2023-01-28 10:02:16.000,2023-01-28 10:03:41.000,0.44,1,10.08,0,1.68,N,1,1,0.5,1,4.4,0,2.5,0,2,1,90,186
2023-01-28 10:28:02.000,2023-01-28 10:29:37.000,0.35,1,9.7,0,2,N,1,1,0.5,1,3.7,0,2.5,0,2,1,141,263
2023-01-28 10:33:00.000,2023-01-28 10:34:37.000,0.37,1,10.08,0,1.68,N,1,1,0.5,1,4.4,0,2.5,0,2,1,143,239
2023-01-28 10:56:12.000,2023-01-28 10:57:34.000,0.43,1,10.08,0,1.68,N,1,1,0.5,1,4.4,0,2.5,0,2,1,75,236
2023-01-28 10:14:14.000,2023-01-28 10:15:41.000,0.58,1,8.4,0,0,N,2,1,0.5,1,4.4,0,2.5,0,2,1,263,141
2023-01-28 10:46:11.000,2023-01-28 10:46:44.000,0.14,0,90,6.55,9.45,N,1,3,0.5,1,70,0,2.5,0,2,2,100,230
2023-01-28 10:10:48.000,2023-01-28 10:10:59.000,0,0,4.5,0,0,N,2,1,0.5,1,3,0,0,0,2,1,264,152
2023-01-28 10:04:17.000,2023-01-28 10:05:41.000,0.45,1,8.4,0,0,N,2,1,0.5,1,4.4,0,2.5,0,2,1,237,141
2023-01-28 10:29:04.000,2023-01-28 10:30:57.000,0.56,1,10.08,0,1.68,N,1,1,0.5,1,4.4,0,2.5,0,2,1,158,249
2023-01-28 10:29:18.000,2023-01-28 10:30:28.000,0.45,1,10.08,0,1.68,N,1,1,0.5,1,4.4,0,2.5,0,2,1,161,237
2023-01-28 10:47:58.000,2023-01-28 10:48:42.000,0.22,1,7.7,0,0,N,2,1,0.5,1,3.7,0,2.5,0,2,1,236,263
2023-01-28 10:55:18.000,2023-01-28 10:55:21.000,0,0,4.5,0,0,N,1,1,0.5,1,3,0,0,0,2,1,50,264
2023-01-28 10:21:12.000,2023-01-28 10:22:10.000,0.36,1,10.01,0,2.31,N,1,1,0.5,1,3.7,0,2.5,0,2,1,50,246
2023-01-28 10:01:30.000,2023-01-28 10:02:57.000,0.44,1,11.4,0,3,N,1,2,0.5,1,4.4,0,2.5,0,2,1,140,141
2023-01-28 10:34:07.000,2023-01-28 10:35:40.000,0.36,1,9.24,0,1.54,N,1,1,0.5,1,3.7,0,2.5,0,2,1,144,211
2023-01-28 10:47:00.000,2023-01-28 10:48:36.000,0.48,1,9.4,0,1,N,1,1,0.5,1,4.4,0,2.5,0,2,1,48,163
2023-01-28 11:21:54.000,2023-01-28 11:22:40.000,0.21,1,7.7,0,0,N,2,1,0.5,1,3.7,0,2.5,0,2,1,229,140
2023-01-28 11:35:14.000,2023-01-28 11:36:49.000,0.3,1,8.7,0,1,N,1,1,0.5,1,3.7,0,2.5,0,2,1,140,141
2023-01-28 11:46:17.000,2023-01-28 11:46:59.000,0,0,7,0,0,N,3,2,0.5,1,3,0,2.5,0,2,1,140,141
2023-01-28 11:15:25.000,2023-01-28 11:16:48.000,0.15,1,7.7,0,0,N,2,1,0.5,1,3.7,0,2.5,0,2,1,107,234
2023-01-28 11:38:14.000,2023-01-28 11:39:51.000,0.22,1,7.7,0,0,N,2,1,0.5,1,3.7,0,2.5,0,2,1,236,263
2023-01-28 11:43:57.000,2023-01-28 11:44:00.000,0.01,1,4.5,0,0,N,2,1,0.5,1,3,0,0,0,2,1,70,264
2023-01-28 11:02:04.000,2023-01-28 11:03:57.000,0.64,1,9.1,0,0,N,2,1,0.5,1,5.1,0,2.5,0,2,1,233,162
2023-01-28 11:19:12.000,2023-01-28 11:20:50.000,0.3,1,13.4,0,5,N,1,1,0.5,1,4.4,2.5,2.5,0,1,1,141,237
2023-01-28 11:52:05.000,2023-01-28 11:53:13.000,0.3,1,7.7,0,0,N,4,1,0.5,1,3.7,2.5,2.5,0,1,1,234,164
2023-01-28 11:36:46.000,2023-01-28 11:36:56.000,0,0,74,0,0,N,2,1,0.5,1,70,0,2.5,0,2,2,186,68
2023-01-28 11:01:21.000,2023-01-28 11:02:50.000,0.33,1,10.92,0,2.52,N,1,1,0.5,1,4.4,0,2.5,0,2,1,229,237
2023-01-28 11:00:57.000,2023-01-28 11:01:59.000,0.52,1,5.9,0,0,N,2,1,0.5,1,4.4,0,0,0,2,1,65,148
2023-01-28 11:28:38.000,2023-01-28 11:29:14.000,0.17,1,7,0,0,N,1,1,0.5,1,3,0,2.5,0,2,1,163,162
2023-01-28 11:01:09.000,2023-01-28 11:02:19.000,0.4,1,10.05,0,1.65,N,1,1,0.5,1,4.4,2.5,2.5,0,1,1,262,263
2023-01-28 11:47:30.000,2023-01-28 11:48:51.000,0.5,1,8.9,0,0.5,N,1,1,0.5,1,4.4,2.5,2.5,0,1,1,137,233
2023-01-28 11:21:24.000,2023-01-28 11:21:38.000,0,0,15.5,0,0,N,1,4,0,1,12,0,2.5,0,2,5,158,249
2023-01-28 11:20:02.000,2023-01-28 11:20:43.000,0,0,7,0,0,N,3,1,0.5,1,3,2.5,2.5,0,1,1,161,162
2023-01-28 11:04:07.000,2023-01-28 11:05:21.000,0,1,13.95,0,0,N,4,1,0.5,1,3.7,5,2.5,1.25,2,1,264,138
2023-01-28 11:47:14.000,2023-01-28 11:48:59.000,0.41,1,10.08,0,1.68,N,1,1,0.5,1,4.4,0,2.5,0,2,1,141,237
2023-01-28 11:06:27.000,2023-01-28 11:07:22.000,0.01,1,7,0,0,N,2,1,0.5,1,3,0,2.5,0,2,1,186,68
2023-01-28 11:40:06.000,2023-01-28 11:41:30.000,0.6,1,7.92,0,1.32,N,1,1,0.5,1,5.1,0,0,0,2,1,238,75
2023-01-28 12:21:30.000,2023-01-28 12:22:31.000,0.4,1,10.05,0,1.65,N,1,0,0.5,1,4.4,2.5,2.5,0,1,1,79,107
2023-01-28 12:28:31.000,2023-01-28 12:28:33.000,0,0,337,0,0,N,1,1,0,1,336,0,0,0,2,5,265,264
2023-01-28 12:26:29.000,2023-01-28 12:27:37.000,0.2,1,7.7,0,0,N,2,2,0.5,1,3.7,2.5,2.5,0,1,1,163,237
2023-01-28 12:25:14.000,2023-01-28 12:26:37.000,0.58,1,10.5,0,2.1,N,1,1,0.5,1,4.4,0,2.5,0,2,1,236,75
2023-01-28 12:29:06.000,2023-01-28 12:30:25.000,0.2,1,6.2,0,1,N,1,1,0.5,1,3.7,0,0,0,1,1,151,238
2023-01-28 12:34:16.000,2023-01-28 12:35:50.000,0.6,1,11.4,0,3,N,1,1,0.5,1,4.4,2.5,2.5,0,1,1,233,162
2023-01-28 12:17:20.000,2023-01-28 12:18:49.000,0.44,1,10.08,0,1.68,N,1,1,0.5,1,4.4,0,2.5,0,2,1,50,143
2023-01-28 12:10:19.000,2023-01-28 12:11:35.000,0.2,1,7.7,0,0,N,2,1,0.5,1,3.7,2.5,2.5,0,1,1,233,162
2023-01-28 12:28:30.000,2023-01-28 12:29:54.000,0.2,1,9.2,0,1.5,N,1,2,0.5,1,3.7,2.5,2.5,0,1,1,107,137
2023-01-28 12:36:50.000,2023-01-28 12:37:58.000,0.39,1,8.4,0,0,N,1,1,0.5,1,4.4,0,2.5,0,2,1,13,231
2023-01-28 12:48:20.000,2023-01-28 12:48:42.000,0.02,0,7,0,0,N,4,1,0.5,1,3,0,2.5,0,2,1,68,90
2023-01-28 12:52:07.000,2023-01-28 12:53:41.000,0.48,1,9.4,0,1,N,1,1,0.5,1,4.4,0,2.5,0,2,1,263,141
2023-01-28 13:20:34.000,2023-01-28 13:21:26.000,0.2,1,9.7,0,2,N,1,2,0.5,1,3.7,2.5,2.5,0,1,1,140,262
2023-01-28 13:01:11.000,2023-01-28 13:02:54.000,0.64,1,10.6,0,1.5,N,1,1,0.5,1,5.1,0,2.5,0,2,1,233,137
2023-01-28 13:24:06.000,2023-01-28 13:25:47.000,0.5,1,10.05,0,1.65,N,1,1,0.5,1,4.4,2.5,2.5,0,1,1,161,237
2023-01-28 13:50:27.000,2023-01-28 13:50:40.000,0,0,24,0,0,N,4,1,0,1,23,0,0,0,2,3,89,133
2023-01-28 13:38:00.000,2023-01-28 13:39:05.000,0.3,1,8.86,0,1.16,N,1,1,0.5,1,3.7,2.5,2.5,0,1,1,142,239
2023-01-28 13:39:06.000,2023-01-28 13:40:03.000,0.24,1,7.7,0,0,N,2,1,0.5,1,3.7,0,2.5,0,2,1,140,141
2023-01-28 13:10:05.000,2023-01-28 13:11:17.000,0.46,1,10.08,0,1.68,N,1,1,0.5,1,4.4,0,2.5,0,2,1,162,141
2023-01-28 13:29:19.000,2023-01-28 13:30:49.000,0.57,1,8.4,0,0,N,2,1,0.5,1,4.4,0,2.5,0,2,1,233,229
2023-01-28 13:49:02.000,2023-01-28 13:49:49.000,0.12,0,7,0,0,N,2,1,0.5,1,3,0,2.5,0,2,1,148,232
2023-01-28 13:21:46.000,2023-01-28 13:22:04.000,0.07,1,8.25,0,0,N,4,1,0.5,1,3,0,2.5,1.25,2,1,264,132
2023-01-28 13:57:27.000,2023-01-28 13:57:50.000,0,0,7,0,0,N,4,1,0.5,1,3,0,2.5,0,2,1,142,143
2023-01-28 13:43:10.000,2023-01-28 13:44:37.000,0.53,1,9.4,0,1,N,1,1,0.5,1,4.4,0,2.5,0,2,1,233,137
2023-01-28 13:43:52.000,2023-01-28 13:44:45.000,0.2,1,7.7,0,0,N,2,1,0.5,1,3.7,2.5,2.5,0,1,1,141,237
2023-01-28 13:37:52.000,2023-01-28 13:38:34.000,0.13,1,7,0,0,N,2,1,0.5,1,3,0,2.5,0,2,1,142,239
2023-01-28 13:10:16.000,2023-01-28 13:11:37.000,0.36,1,10.5,0,2.1,N,1,1,0.5,1,4.4,0,2.5,0,2,1,238,151
2023-01-28 13:05:26.000,2023-01-28 13:06:43.000,0.23,1,5.2,0,0,N,2,1,0.5,1,3.7,0,0,0,2,1,24,151
2023-01-28 13:31:12.000,2023-01-28 13:31:58.000,0,0,5.75,0,0,N,4,1,0.5,1,3,0,0,1.25,2,1,264,138
2023-01-28 13:42:46.000,2023-01-28 13:43:53.000,0.19,1,7.7,0,0,N,2,1,0.5,1,3.7,0,2.5,0,2,1,141,237
2023-01-28 14:25:52.000,2023-01-28 14:26:35.000,0.2,1,5.2,0,0,N,2,1,0.5,1,3.7,0,0,0,2,1,24,166
2023-01-28 14:28:07.000,2023-01-28 14:29:58.000,0.4,1,10.05,0,1.65,N,1,1,0.5,1,4.4,2.5,2.5,0,1,1,151,238
2023-01-28 14:43:53.000,2023-01-28 14:44:19.000,0,1,56.5,0,0,N,1,1,0.5,1,55,0,0,0,2,5,252,264
2023-01-28 14:11:14.000,2023-01-28 14:11:48.000,0.06,0,7,0,0,N,4,1,0.5,1,3,0,2.5,0,2,1,48,230
2023-01-28 14:45:00.000,2023-01-28 14:46:58.000,0.5,1,11.83,0,2.73,N,1,1,0.5,1,5.1,2.5,2.5,0,1,1,151,238
2023-01-28 14:40:25.000,2023-01-28 14:41:36.000,0,1,8.4,0,1.4,N,1,1,0.5,1,3,2.5,2.5,0,1,1,161,264
2023-01-28 14:34:54.000,2023-01-28 14:35:45.000,0.08,1,7,0,0,N,3,1,0.5,1,3,0,2.5,0,2,1,234,113
2023-01-28 14:53:16.000,2023-01-28 14:54:43.000,0.46,1,10.08,0,1.68,N,1,1,0.5,1,4.4,0,2.5,0,2,1,48,43
2023-01-28 14:47:09.000,2023-01-28 14:48:47.000,0.31,1,10.4,0,2,N,1,3,0.5,1,4.4,0,2.5,0,2,1,100,230
2023-01-28 14:13:59.000,2023-01-28 14:14:13.000,0,1,7,0,0,N,2,1,0.5,1,3,0,2.5,0,2,1,107,234
2023-01-28 14:51:20.000,2023-01-28 14:52:46.000,0.21,1,9.24,0,1.54,N,1,3,0.5,1,3.7,0,2.5,0,2,1,68,246
2023-01-28 14:32:34.000,2023-01-28 14:33:53.000,0.41,1,9.4,0,1,N,1,4,0.5,1,4.4,0,2.5,0,2,1,141,236
2023-01-28 14:33:02.000,2023-01-28 14:34:53.000,0.43,1,9.66,0,1.26,N,1,1,0.5,1,4.4,0,2.5,0,2,1,163,230
2023-01-28 14:23:11.000,2023-01-28 14:23:40.000,0.02,0,4.5,0,0,N,3,1,0.5,1,3,0,0,0,2,1,264,138
2023-01-28 14:34:09.000,2023-01-28 14:34:26.000,0.01,0,7,0,0,N,2,1,0.5,1,3,0,2.5,0,2,1,141,237
2023-01-28 15:31:34.000,2023-01-28 15:32:40.000,0.1,1,7,0,0,N,2,1,0.5,1,3,2.5,2.5,0,1,1,164,170
2023-01-28 15:59:11.000,2023-01-28 16:00:42.000,0.29,1,10.5,0,2.1,N,1,2,0.5,1,4.4,0,2.5,0,2,1,143,239
2023-01-28 15:52:06.000,2023-01-28 15:53:46.000,0.2,1,7.7,0,0,N,2,0,0.5,1,3.7,2.5,2.5,0,1,1,50,142
2023-01-28 15:23:13.000,2023-01-28 15:24:53.000,0.4,1,5.9,0,0,N,2,1,0.5,1,4.4,0,0,0,1,1,238,151
2023-01-28 15:24:11.000,2023-01-28 15:24:19.000,0,0,22,0,15,N,1,1,0.5,1,3,0,2.5,0,2,1,264,68
2023-01-28 15:20:21.000,2023-01-28 15:21:21.000,0.31,1,9.24,0,1.54,N,1,1,0.5,1,3.7,0,2.5,0,2,1,114,249
2023-01-28 15:14:30.000,2023-01-28 15:15:40.000,0.43,1,10.08,0,1.68,N,1,1,0.5,1,4.4,0,2.5,0,2,1,236,263
2023-01-28 15:22:31.000,2023-01-28 15:23:50.000,0.44,1,8.9,0,0.5,N,1,1,0.5,1,4.4,0,2.5,0,2,1,114,113
2023-01-28 15:27:00.000,2023-01-28 15:28:35.000,0.46,1,9.24,0,0.84,N,1,1,0.5,1,4.4,0,2.5,0,2,1,144,231
2023-01-28 15:08:02.000,2023-01-28 15:08:31.000,0,0,7,0,0,N,4,1,0.5,1,3,2.5,2.5,0,1,1,239,43
2023-01-28 15:46:15.000,2023-01-28 15:47:54.000,0.54,1,10.08,0,1.68,N,1,2,0.5,1,4.4,0,2.5,0,2,1,262,263
2023-01-28 15:34:36.000,2023-01-28 15:35:34.000,0.12,1,9.24,0,1.54,N,1,5,0.5,1,3.7,0,2.5,0,2,1,246,68
2023-01-28 15:53:36.000,2023-01-28 15:54:41.000,0.2,1,7.7,0,0,N,2,1,0.5,1,3.7,2.5,2.5,0,1,1,262,140
2023-01-28 15:28:02.000,2023-01-28 15:29:46.000,0.39,1,10.92,0,2.52,N,1,1,0.5,1,4.4,0,2.5,0,2,1,239,238
2023-01-28 15:00:22.000,2023-01-28 15:01:18.000,0.13,1,9.24,0,1.54,N,1,6,0.5,1,3.7,0,2.5,0,2,1,142,48
2023-01-28 15:21:22.000,2023-01-28 15:22:17.000,0.08,1,9.5,0,0,N,4,1,0.5,1,3,5,0,0,2,1,70,138
2023-01-28 15:14:07.000,2023-01-28 15:14:10.000,0,0,36.5,0,5,N,1,1,0.5,1,30,0,0,0,2,5,236,264
2023-01-28 15:38:53.000,2023-01-28 15:38:56.000,0,0,100.2,0,16.7,N,1,2,0.5,1,82,0,0,0,2,5,132,264
2023-01-28 15:10:08.000,2023-01-28 15:11:52.000,0.05,1,8.7,0,1,N,1,1,0.5,1,3.7,0,2.5,0,2,1,141,237
2023-01-28 15:19:31.000,2023-01-28 15:20:59.000,0.1,1,7.7,0,0,N,2,1,0.5,1,3.7,2.5,2.5,0,1,1,90,249
2023-01-28 16:35:02.000,2023-01-28 16:36:35.000,0.2,1,7.7,0,0,N,2,1,0.5,1,3.7,0,2.5,0,2,1,113,13
2023-01-28 17:13:30.000,2023-01-28 17:13:32.000,6.97,0,38.64,0,6.44,N,1,2,0.5,1,28.2,0,2.5,0,2,1,236,264
2023-01-28 16:02:23.000,2023-01-28 16:02:29.000,0,0,28.5,0,0,N,1,2,0,1,25,0,2.5,0,2,5,234,107
2023-01-28 16:05:37.000,2023-01-28 16:06:33.000,0.09,1,7.75,0,2,N,1,1,0.5,1,3,0,0,1.25,2,1,70,138
2023-01-28 16:51:36.000,2023-01-28 16:52:47.000,0.29,1,7.7,0,0,N,2,1,0.5,1,3.7,0,2.5,0,2,1,162,229
2023-01-28 16:29:03.000,2023-01-28 16:30:11.000,0.35,1,9.24,0,1.54,N,1,2,0.5,1,3.7,0,2.5,0,2,1,249,90
2023-01-28 16:57:28.000,2023-01-28 16:58:09.000,0.13,1,7,0,0,N,2,2,0.5,1,3,0,2.5,0,2,1,90,68
2023-01-28 16:04:32.000,2023-01-28 16:05:53.000,0.46,1,10.08,0,1.68,N,1,3,0.5,1,4.4,0,2.5,0,2,1,170,162
2023-01-28 16:25:00.000,2023-01-28 16:26:30.000,0.54,1,10.08,0,1.68,N,1,3,0.5,1,4.4,0,2.5,0,2,1,239,238
2023-01-28 16:46:51.000,2023-01-28 16:46:54.000,0,0,17.4,0,2.9,N,1,2,0.5,1,13,0,0,0,2,5,141,264
2023-01-28 16:51:01.000,2023-01-28 16:52:10.000,0.1,1,7.7,0,0,N,2,1,0.5,1,3.7,2.5,2.5,0,1,1,239,238
2023-01-28 16:57:47.000,2023-01-28 16:58:53.000,0.3,1,7.73,0,0.03,N,1,2,0.5,1,3.7,2.5,2.5,0,1,1,236,263
2023-01-28 16:30:05.000,2023-01-28 16:31:13.000,0.07,1,6.2,0,1,N,1,2,0.5,1,3.7,0,0,0,2,1,264,141
2023-01-28 17:18:24.000,2023-01-28 17:18:31.000,0.02,0,74,0,0,N,2,2,0.5,1,70,0,2.5,0,2,2,163,161
2023-01-28 17:22:11.000,2023-01-28 17:23:40.000,0.49,1,8.82,0,0.42,N,1,1,0.5,1,4.4,0,2.5,0,2,1,236,263
2023-01-28 17:21:51.000,2023-01-28 17:22:57.000,0.2,1,7.7,0,0,N,2,1,0.5,1,3.7,0,2.5,0,2,1,162,163
2023-01-28 17:33:09.000,2023-01-28 17:34:11.000,0.3,1,17.5,0,2,N,1,1,0,1,12,0,2.5,0,2,5,100,186
2023-01-28 17:19:13.000,2023-01-28 17:19:15.000,0,0,4.5,0,0,N,2,1,0.5,1,3,0,0,0,2,1,238,264
2023-01-28 17:58:05.000,2023-01-28 17:59:27.000,0.01,1,7.7,0,0,N,2,1,0.5,1,3.7,0,2.5,0,2,1,68,186
2023-01-28 17:23:17.000,2023-01-28 17:24:46.000,0.54,1,10.92,0,2.52,N,1,2,0.5,1,4.4,0,2.5,0,2,1,263,141
2023-01-28 15:27:07.000,2023-01-28 15:27:20.000,0.01,0,27,0,20,N,1,1,0.5,1,3,0,2.5,0,2,1,230,161
2023-01-28 17:40:56.000,2023-01-28 17:40:57.000,0,0,209,0,15,N,1,1,0,1,193,0,0,0,2,5,265,264
2023-01-28 17:23:01.000,2023-01-28 17:24:47.000,0.63,1,10.92,0,1.82,N,1,1,0.5,1,5.1,0,2.5,0,2,1,141,262
2023-01-28 17:04:08.000,2023-01-28 17:04:16.000,0.1,0,99.6,0,16.6,N,1,1,0,1,82,0,0,0,2,5,216,132
2023-01-28 17:56:21.000,2023-01-28 17:57:18.000,0.27,1,81.4,0,7.4,N,1,1,0.5,1,70,0,2.5,0,2,2,141,237
2023-01-28 18:22:21.000,2023-01-28 18:23:49.000,0.28,1,10.08,0,1.68,N,1,1,0.5,1,4.4,0,2.5,0,2,1,262,162
2023-01-28 18:43:05.000,2023-01-28 18:44:01.000,0.11,1,7,0,0,N,4,1,0.5,1,3,0,2.5,0,2,1,263,236
2023-01-28 18:51:07.000,2023-01-28 18:52:57.000,0.34,1,9.24,0,1.54,N,1,1,0.5,1,3.7,0,2.5,0,2,1,236,237
2023-01-28 18:38:43.000,2023-01-28 18:39:36.000,0.1,1,7.7,0,0,N,2,1,0.5,1,3.7,0,2.5,0,2,1,68,246
2023-01-28 18:23:14.000,2023-01-28 18:23:29.000,0.01,0,96.66,6.55,16.11,N,1,1,0.5,1,70,0,2.5,0,2,2,261,88
2023-01-28 18:28:20.000,2023-01-28 18:28:23.000,0,0,106,0,15,N,1,1,0,1,90,0,0,0,2,5,229,264
2023-01-28 18:11:12.000,2023-01-28 18:12:50.000,0.3,1,8.4,0,0,N,2,3,0.5,1,4.4,0,2.5,0,2,1,238,151
2023-01-28 19:20:43.000,2023-01-28 19:20:54.000,0,0,17,0,10,N,1,1,0.5,1,3,2.5,2.5,0,1,1,186,90
2023-01-28 19:33:21.000,2023-01-28 19:34:33.000,0.5,1,8.4,0,0,N,2,0,0.5,1,4.4,2.5,2.5,0,1,1,263,75
2023-01-28 19:03:44.000,2023-01-28 19:04:51.000,0.17,1,8.7,0,1,N,1,3,0.5,1,3.7,0,2.5,0,2,1,163,161
2023-01-28 19:47:24.000,2023-01-28 19:48:29.000,0.14,1,7.7,0,0,N,2,1,0.5,1,3.7,0,2.5,0,2,1,230,161
2023-01-28 19:42:28.000,2023-01-28 19:43:13.000,0.2,1,9.2,0,1.5,N,1,1,0.5,1,3.7,2.5,2.5,0,1,1,43,161
2023-01-28 19:10:16.000,2023-01-28 19:11:53.000,0.48,1,10,0,1.6,N,1,3,0.5,1,4.4,0,2.5,0,2,1,262,263
2023-01-28 19:35:15.000,2023-01-28 19:36:51.000,0,1,9.2,0,1.5,N,1,2,0.5,1,3.7,2.5,2.5,0,1,1,107,79
2023-01-28 19:58:07.000,2023-01-28 19:59:55.000,0.31,1,10.5,0,2.1,N,1,1,0.5,1,4.4,0,2.5,0,2,1,151,238
2023-01-28 19:49:01.000,2023-01-28 19:50:17.000,0.22,1,13.7,0,6,N,1,2,0.5,1,3.7,0,2.5,0,2,1,163,230
2023-01-28 20:30:21.000,2023-01-28 20:30:24.000,0,0,21,0,0,N,1,1,0,1,20,0,0,0,2,5,68,264
2023-01-28 20:34:24.000,2023-01-28 20:35:58.000,0.43,1,9.4,0,0,N,2,2,0.5,1,4.4,1,2.5,0,2,1,143,239
2023-01-28 20:03:28.000,2023-01-28 20:04:56.000,0.06,1,8.7,0,0,N,1,3,0.5,1,3.7,1,2.5,0,2,1,48,230
2023-01-28 20:12:53.000,2023-01-28 20:13:03.000,0,1,85.55,6.55,5,N,1,1,0.5,1,70,0,2.5,0,2,2,170,137
2023-01-28 20:46:40.000,2023-01-28 20:47:51.000,0.2,1,9.7,0,1,N,1,1,0.5,1,3.7,3.5,2.5,0,1,1,68,246
2023-01-28 20:48:16.000,2023-01-28 20:49:55.000,0.41,1,11.28,0,1.88,N,1,2,0.5,1,4.4,1,2.5,0,2,1,141,229
2023-01-28 19:59:40.000,2023-01-28 20:00:43.000,0.41,1,9.4,0,0,N,2,1,0.5,1,4.4,1,2.5,0,2,1,229,141
2023-01-28 20:08:03.000,2023-01-28 20:09:36.000,0.55,1,10.34,0,0.94,N,1,1,0.5,1,4.4,1,2.5,0,2,1,236,75
2023-01-28 20:00:28.000,2023-01-28 20:01:43.000,0.21,1,11.2,0,0,N,4,1,0.5,1,3.7,6,0,0,2,1,70,138
2023-01-28 21:01:27.000,2023-01-28 21:01:53.000,0.15,0,8,0,0,N,3,1,0.5,1,3,1,2.5,0,2,1,249,158
2023-01-28 20:12:09.000,2023-01-28 20:13:58.000,0.69,1,12.12,0,2.02,N,1,1,0.5,1,5.1,1,2.5,0,2,1,239,238
2023-01-28 20:14:16.000,2023-01-28 20:15:54.000,0.38,1,9.7,0,1,N,1,1,0.5,1,3.7,1,2.5,0,2,1,263,141
2023-01-28 20:45:46.000,2023-01-28 20:45:58.000,1.8,0,8,0,0,N,3,1,0.5,1,3,3.5,2.5,0,1,1,233,162
2023-01-28 20:27:57.000,2023-01-28 20:28:04.000,0.03,1,8,0,0,N,2,1,0.5,1,3,1,2.5,0,2,1,262,263
2023-01-28 20:12:28.000,2023-01-28 20:12:39.000,0,0,5.5,0,0,N,2,1,0.5,1,3,1,0,0,2,1,151,238
2023-01-28 20:05:02.000,2023-01-28 20:06:38.000,0.61,1,12.12,0,2.02,N,1,1,0.5,1,5.1,1,2.5,0,2,1,233,229
2023-01-28 20:45:01.000,2023-01-28 20:45:03.000,0,0,97.38,0,5.88,N,1,2,0.5,1,90,0,0,0,2,5,42,264
2023-01-28 20:51:17.000,2023-01-28 20:52:56.000,0.73,1,10.1,0,0,N,2,1,0.5,1,5.1,1,2.5,0,2,1,164,137
2023-01-28 20:15:14.000,2023-01-28 20:16:52.000,0.33,1,9.4,0,0,N,2,2,0.5,1,4.4,1,2.5,0,2,1,100,186
2023-01-28 21:47:10.000,2023-01-28 21:48:46.000,0.52,1,10.4,0,1,N,1,1,0.5,1,4.4,1,2.5,0,2,1,237,141
2023-01-28 21:32:03.000,2023-01-28 21:33:36.000,0.1,1,8.7,0,0,N,3,1,0.5,1,3.7,3.5,2.5,0,1,1,170,162
2023-01-28 21:39:44.000,2023-01-28 21:40:43.000,0.4,1,8.7,0,0,N,2,2,0.5,1,3.7,1,2.5,0,2,1,141,263
2023-01-28 21:07:03.000,2023-01-28 21:07:25.000,0.04,0,96.66,6.55,16.11,N,1,1,0.5,1,70,0,2.5,0,2,2,237,142
2023-01-28 21:02:17.000,2023-01-28 21:03:52.000,0.4,1,10.4,0,1,N,1,1,0.5,1,4.4,1,2.5,0,2,1,140,141
2023-01-28 21:14:26.000,2023-01-28 21:15:48.000,0.49,1,11.75,0,2.35,N,1,1,0.5,1,4.4,1,2.5,0,2,1,237,236
2023-01-28 21:55:33.000,2023-01-28 21:56:57.000,0.19,1,10,0,1.3,N,1,1,0.5,1,3.7,1,2.5,0,2,1,229,233
2023-01-28 21:40:04.000,2023-01-28 21:41:22.000,0.33,1,10.4,0,1,N,1,3,0.5,1,4.4,1,2.5,0,2,1,261,231
2023-01-28 21:23:33.000,2023-01-28 21:24:05.000,0,1,8,0,0,N,3,6,0.5,1,3,3.5,2.5,0,1,1,186,164
2023-01-28 21:04:30.000,2023-01-28 21:05:33.000,0.42,1,9.9,0,0.5,N,1,1,0.5,1,4.4,1,2.5,0,2,1,141,263
2023-01-28 21:05:52.000,2023-01-28 21:06:53.000,0.7,1,7.6,0,0,N,3,1,0.5,1,5.1,1,0,0,1,1,196,82
2023-01-28 21:33:25.000,2023-01-28 21:34:13.000,0.08,1,80.55,6.55,0,N,1,1,0.5,1,70,0,2.5,0,2,2,137,170
2023-01-28 21:43:12.000,2023-01-28 21:44:00.000,0.05,1,8,0,0,N,2,1,0.5,1,3,1,2.5,0,2,1,262,140
2023-01-28 22:42:13.000,2023-01-28 22:43:39.000,0.25,1,10,0,1.3,N,1,2,0.5,1,3.7,1,2.5,0,2,1,161,237
2023-01-28 22:30:14.000,2023-01-28 22:31:54.000,0.58,1,10.1,0,0.7,N,1,1,0.5,1,4.4,1,2.5,0,2,1,236,237
2023-01-28 22:52:02.000,2023-01-28 22:53:33.000,0.45,1,9.4,0,0,N,2,1,0.5,1,4.4,1,2.5,0,2,1,239,238
2023-01-28 22:18:56.000,2023-01-28 22:19:58.000,0.31,1,8.7,0,0,N,2,1,0.5,1,3.7,1,2.5,0,2,1,186,90
2023-01-28 22:05:17.000,2023-01-28 22:06:47.000,0.3,1,10.44,0,1.74,N,1,1,0.5,1,3.7,1,2.5,0,2,1,141,237
2023-01-28 22:03:06.000,2023-01-28 22:04:31.000,0.3,1,11.75,0,2.35,N,1,1,0.5,1,4.4,3.5,2.5,0,1,1,237,141
2023-01-28 22:40:32.000,2023-01-28 22:41:48.000,0.32,1,10.44,0,1.74,N,1,1,0.5,1,3.7,1,2.5,0,2,1,233,229
2023-01-28 22:21:42.000,2023-01-28 22:22:55.000,0.11,1,8.7,0,0,N,1,1,0.5,1,3.7,1,2.5,0,2,1,137,170
2023-01-28 23:37:02.000,2023-01-28 23:38:53.000,0.7,1,12.12,0,2.02,N,1,3,0.5,1,5.1,1,2.5,0,2,1,236,75
2023-01-28 23:53:24.000,2023-01-28 23:54:53.000,0.22,1,10.88,0,2.18,N,1,1,0.5,1,3.7,1,2.5,0,2,1,141,263
2023-01-28 23:21:29.000,2023-01-28 23:22:55.000,0.39,1,10.44,0,1.74,N,1,1,0.5,1,3.7,1,2.5,0,2,1,186,90
2023-01-28 23:15:17.000,2023-01-28 23:15:21.000,0,0,18.5,0,1,N,1,2,0,1,14,0,2.5,0,2,5,230,48
2023-01-28 23:34:45.000,2023-01-28 23:35:53.000,0,1,29.98,0,0,N,4,1,0.5,1,28.48,0,0,0,2,5,264,25
2023-01-28 23:18:05.000,2023-01-28 23:19:51.000,0.45,1,10.65,0,1.25,N,1,2,0.5,1,4.4,1,2.5,0,2,1,137,107
2023-01-28 23:36:09.000,2023-01-28 23:37:41.000,0.42,1,9.4,0,0,N,2,1,0.5,1,4.4,1,2.5,0,2,1,141,229
2023-01-28 23:53:07.000,2023-01-28 23:53:39.000,0.01,0,8,0,0,N,2,1,0.5,1,3,1,2.5,0,2,1,107,79
2023-01-28 23:01:00.000,2023-01-28 23:02:58.000,0.37,1,6.9,0,0,N,2,1,0.5,1,4.4,1,0,0,2,1,97,65
2023-01-28 23:02:07.000,2023-01-28 23:02:59.000,0.3,0,8.7,0,0,N,2,1,0.5,1,3.7,1,2.5,0,2,1,75,263
2023-01-28 23:16:15.000,2023-01-28 23:17:30.000,0.21,1,10.87,0,2.17,N,1,1,0.5,1,3.7,1,2.5,0,2,1,236,237
2023-01-29 00:35:48.000,2023-01-29 00:35:50.000,0,0,87.5,0,5,N,1,4,0.5,1,81,0,0,0,2,5,48,264
2023-01-29 00:23:01.000,2023-01-29 00:24:41.000,0.45,1,10.9,0,1.5,N,1,2,0.5,1,4.4,1,2.5,0,2,1,100,186
2023-01-29 00:14:10.000,2023-01-29 00:15:40.000,0.58,1,9.4,0,0,N,1,1,0.5,1,4.4,1,2.5,0,2,1,107,137
2023-01-29 00:22:27.000,2023-01-29 00:23:57.000,0.3,1,10.4,0,1.7,N,1,1,0.5,1,3.7,3.5,2.5,0,1,1,234,107
2023-01-29 00:06:06.000,2023-01-29 00:07:59.000,0.62,1,11.1,0,1,N,1,1,0.5,1,5.1,1,2.5,0,2,1,236,75
2023-01-29 00:52:22.000,2023-01-29 00:53:42.000,0.31,1,10.44,0,1.74,N,1,1,0.5,1,3.7,1,2.5,0,2,1,263,141
2023-01-29 00:08:00.000,2023-01-29 00:08:23.000,0,0,12,0,1,N,1,0,0,1,10,0,0,0,1,5,107,234
2023-01-29 00:53:01.000,2023-01-29 00:54:40.000,0.52,1,11.28,0,1.88,N,1,1,0.5,1,4.4,1,2.5,0,2,1,229,141
2023-01-29 00:47:25.000,2023-01-29 00:47:27.000,0.05,0,25,0,0,N,1,2,0,1,23,1,0,0,2,3,211,264
2023-01-29 00:36:30.000,2023-01-29 00:36:55.000,3.3,0,8,0,0,Y,3,1,0.5,1,3,3.5,2.5,0,1,1,68,246
2023-01-29 00:05:44.000,2023-01-29 00:06:33.000,0.23,1,9.7,0,1,N,1,1,0.5,1,3.7,1,2.5,0,2,1,234,186
2023-01-29 00:47:04.000,2023-01-29 00:47:14.000,0,0,8,0,0,N,3,2,0.5,1,3,1,2.5,0,2,1,170,137
2023-01-29 01:21:00.000,2023-01-29 01:22:30.000,0.46,1,11.75,0,2.35,N,1,1,0.5,1,4.4,1,2.5,0,2,1,48,50
2023-01-29 01:11:49.000,2023-01-29 01:12:46.000,0.41,1,11.28,0,1.88,N,1,1,0.5,1,4.4,1,2.5,0,2,1,239,142
2023-01-29 01:01:01.000,2023-01-29 01:02:49.000,0.2,1,11.3,0,2.6,N,1,2,0.5,1,3.7,3.5,2.5,0,1,1,231,211
2023-01-29 01:48:07.000,2023-01-29 01:48:10.000,0,0,14.4,0,2.4,N,1,1,0,1,11,0,0,0,2,5,4,264
2023-01-29 01:14:58.000,2023-01-29 01:15:04.000,0,1,107.4,0,17.9,N,1,1,0,1,86,0,2.5,0,2,5,186,90
2023-01-29 01:51:39.000,2023-01-29 01:52:48.000,0.3,1,10.4,0,1.7,Y,1,2,0.5,1,3.7,3.5,2.5,0,1,1,90,249
2023-01-29 01:29:43.000,2023-01-29 01:29:55.000,0,0,23.5,0,0,N,1,1,0,1,20,0,2.5,0,2,5,79,224
2023-01-29 01:34:46.000,2023-01-29 01:35:53.000,0.32,1,8.7,0,0,N,2,1,0.5,1,3.7,1,2.5,0,2,1,162,141
2023-01-29 01:55:04.000,2023-01-29 01:56:22.000,0.4,1,12.2,0,2.8,N,1,1,0.5,1,4.4,3.5,2.5,0,1,1,141,262
2023-01-29 01:51:45.000,2023-01-29 01:51:49.000,0.02,0,71.5,0,0,N,3,1,0.5,1,70,0,0,0,2,2,100,264
2023-01-29 01:10:03.000,2023-01-29 01:11:22.000,0.41,1,11.28,0,1.88,N,1,1,0.5,1,4.4,1,2.5,0,2,1,141,263
2023-01-29 01:38:33.000,2023-01-29 01:39:47.000,0.41,1,10.4,0,1,N,1,1,0.5,1,4.4,1,2.5,0,2,1,90,164
2023-01-29 01:48:12.000,2023-01-29 01:49:48.000,0.46,1,11.28,0,1.88,N,1,1,0.5,1,4.4,1,2.5,0,2,1,263,141
2023-01-29 01:21:23.000,2023-01-29 01:22:20.000,0.3,1,10.44,0,1.74,N,1,2,0.5,1,3.7,1,2.5,0,2,1,137,107
2023-01-29 01:48:26.000,2023-01-29 01:49:19.000,0.06,1,8,0,0,N,2,1,0.5,1,3,1,2.5,0,2,1,237,141
2023-01-29 02:50:00.000,2023-01-29 02:51:57.000,0.51,1,9.4,0,0,N,3,1,0.5,1,4.4,1,2.5,0,2,1,234,186
2023-01-29 02:24:35.000,2023-01-29 02:25:57.000,0.5,1,11.25,0,1.85,N,1,1,0.5,1,4.4,3.5,2.5,0,1,1,90,186
2023-01-29 02:04:01.000,2023-01-29 02:05:33.000,0.41,1,11.28,0,1.88,N,1,1,0.5,1,4.4,1,2.5,0,2,1,264,239
2023-01-29 02:22:00.000,2023-01-29 02:23:17.000,0.17,1,8.7,0,0,N,2,1,0.5,1,3.7,1,2.5,0,2,1,100,68
2023-01-29 02:47:25.000,2023-01-29 02:48:54.000,0.7,1,30.8,0,20,N,1,1,0.5,1,5.8,3.5,2.5,0,1,1,233,229
2023-01-29 02:53:09.000,2023-01-29 02:54:45.000,0.39,1,10.9,0,1.5,N,1,2,0.5,1,4.4,1,2.5,0,2,1,186,90
2023-01-29 02:37:31.000,2023-01-29 02:37:37.000,0,0,74,0,0,N,4,4,0.5,1,70,0,2.5,0,2,2,113,234
2023-01-29 02:47:44.000,2023-01-29 02:48:27.000,0.05,1,8,0,0,N,4,1,0.5,1,3,1,2.5,0,2,1,114,113
2023-01-29 02:29:51.000,2023-01-29 02:30:02.000,0,1,193,0,2,N,1,1,0,1,190,0,0,0,2,5,170,162
2023-01-29 03:32:08.000,2023-01-29 03:33:13.000,0.29,1,8.7,0,0,N,2,3,0.5,1,3.7,1,2.5,0,2,1,68,186
2023-01-29 03:05:26.000,2023-01-29 03:06:49.000,0.11,1,6.2,0,0,N,2,1,0.5,1,3.7,1,0,0,2,1,181,85
2023-01-29 03:20:22.000,2023-01-29 03:21:56.000,0.43,1,10.81,0,1.41,N,1,1,0.5,1,4.4,1,2.5,0,2,1,236,263
2023-01-29 03:49:12.000,2023-01-29 03:50:33.000,0.49,1,13.4,0,4,N,1,2,0.5,1,4.4,1,2.5,0,2,1,262,263
2023-01-29 03:10:29.000,2023-01-29 03:11:28.000,0,1,31,0,0,N,1,1,0,1,30,0,0,0,1,5,48,230
2023-01-29 03:42:10.000,2023-01-29 03:43:50.000,0.56,1,12.12,0,2.02,N,1,1,0.5,1,5.1,1,2.5,0,2,1,48,50
2023-01-29 03:19:04.000,2023-01-29 03:20:30.000,0,1,8.7,0,0,N,3,1,0.5,1,3.7,3.5,2.5,0,1,1,114,79
2023-01-29 03:15:08.000,2023-01-29 03:16:20.000,0.43,1,11.28,0,1.88,N,1,2,0.5,1,4.4,1,2.5,0,2,1,48,50
2023-01-29 03:36:01.000,2023-01-29 03:37:50.000,0.6,1,12.1,0,2,N,1,1,0.5,1,5.1,3.5,2.5,0,1,1,90,100
2023-01-29 03:07:38.000,2023-01-29 03:07:41.000,0,0,41.58,0,20.08,N,1,1,0.5,1,20,0,0,0,2,5,255,264
2023-01-29 03:16:19.000,2023-01-29 03:17:36.000,0.14,1,8.7,0,0,N,2,1,0.5,1,3.7,1,2.5,0,2,1,90,249
2023-01-29 04:01:54.000,2023-01-29 04:02:53.000,0.4,1,11.25,0,1.85,N,1,1,0.5,1,4.4,3.5,2.5,0,1,1,236,237
2023-01-29 04:32:45.000,2023-01-29 04:33:30.000,0.09,1,8,0,0,N,4,1,0.5,1,3,1,2.5,0,2,1,186,100
2023-01-29 04:15:08.000,2023-01-29 04:15:46.000,0.3,0,8.7,0,0,N,4,1,0.5,1,3.7,1,2.5,0,2,1,107,170
2023-01-29 04:23:43.000,2023-01-29 04:23:45.000,1.48,0,25.8,0,4.3,N,1,3,0.5,1,20,0,0,0,2,5,50,264
2023-01-29 04:16:09.000,2023-01-29 04:16:12.000,0.01,0,25.8,0,4.3,N,1,1,0.5,1,20,0,0,0,2,5,246,264
2023-01-29 04:48:01.000,2023-01-29 04:49:39.000,0.6,1,11.1,0,1,N,1,1,0.5,1,5.1,3.5,2.5,0,1,1,137,170
2023-01-29 04:20:05.000,2023-01-29 04:20:29.000,0.04,0,40.2,0,6.7,N,1,1,0,1,30,0,2.5,0,2,5,164,4
2023-01-29 04:46:21.000,2023-01-29 04:47:03.000,0.32,1,48.5,0,0,N,2,1,0,1,45,0,2.5,0,2,5,48,246
2023-01-29 04:47:33.000,2023-01-29 04:47:45.000,0.34,0,46,0,0,N,2,1,0,1,45,0,0,0,2,5,264,246
2023-01-29 04:48:19.000,2023-01-29 04:48:25.000,0.06,0,45,0,0,Y,1,1,0,1,44,0,0,0,2,5,264,265
2023-01-29 04:40:58.000,2023-01-29 04:41:06.000,0,1,5.5,0,0,N,2,1,0.5,1,3,1,0,0,2,1,163,230
2023-01-29 05:20:36.000,2023-01-29 05:21:46.000,0.15,1,8.7,0,0,N,4,1,0.5,1,3.7,1,2.5,0,2,1,263,262
2023-01-29 05:45:02.000,2023-01-29 05:46:28.000,0.56,1,11.28,0,1.88,N,1,1,0.5,1,4.4,1,2.5,0,2,1,48,142
2023-01-29 05:45:28.000,2023-01-29 05:46:50.000,0.5,1,11.25,0,1.85,N,1,1,0.5,1,4.4,3.5,2.5,0,1,1,140,262
2023-01-29 05:48:16.000,2023-01-29 05:49:31.000,0.49,1,9.4,0,0,N,2,1,0.5,1,4.4,1,2.5,0,2,1,48,68
2023-01-29 06:12:49.000,2023-01-29 06:13:37.000,0.2,1,44.4,0,7.4,N,1,1,0,1,36,0,0,0,1,5,231,211
2023-01-29 06:48:19.000,2023-01-29 06:49:25.000,0.48,1,10.08,0,1.68,N,1,1,0.5,1,4.4,0,2.5,0,2,1,90,68
2023-01-29 06:46:18.000,2023-01-29 06:46:56.000,0,0,7,0,0,N,2,1,0.5,1,3,2.5,2.5,0,1,1,140,141
2023-01-29 06:55:12.000,2023-01-29 06:55:15.000,0.03,0,98.5,0,15,N,1,1,0.5,1,82,0,0,0,2,5,132,264
2023-01-29 06:54:11.000,2023-01-29 06:55:34.000,0.5,1,10.5,0,2.1,N,1,0,0.5,1,4.4,2.5,2.5,0,1,1,141,237
2023-01-29 06:22:31.000,2023-01-29 06:23:32.000,0.03,1,7,0,0,N,3,1,0.5,1,3,0,2.5,0,2,1,161,170
2023-01-29 07:39:37.000,2023-01-29 07:40:49.000,0.39,1,8.4,0,0,N,2,1,0.5,1,4.4,0,2.5,0,2,1,68,186
2023-01-29 07:18:35.000,2023-01-29 07:19:34.000,0.4,1,8.4,0,0,N,2,1,0.5,1,4.4,2.5,2.5,0,1,1,141,263
2023-01-29 07:17:08.000,2023-01-29 07:17:12.000,0.02,0,61,0,0,N,1,2,0,1,60,0,0,0,2,5,146,138
2023-01-29 07:57:00.000,2023-01-29 07:58:19.000,0.61,1,10.92,0,1.82,N,1,1,0.5,1,5.1,0,2.5,0,2,1,140,262
2023-01-29 07:51:04.000,2023-01-29 07:52:39.000,0.57,1,9.1,0,0,N,2,2,0.5,1,5.1,0,2.5,0,2,1,238,151
2023-01-29 07:48:18.000,2023-01-29 07:49:18.000,0.39,1,9.63,0,1.93,N,1,1,0.5,1,3.7,0,2.5,0,2,1,142,141
2023-01-29 07:44:47.000,2023-01-29 07:45:47.000,0.4,1,10.05,0,1.65,N,1,1,0.5,1,4.4,2.5,2.5,0,1,1,140,141
2023-01-29 07:20:02.000,2023-01-29 07:21:55.000,0.79,1,9.1,0,0,N,1,1,0.5,1,5.1,0,2.5,0,2,1,107,137
2023-01-29 07:33:30.000,2023-01-29 07:34:55.000,0.41,1,8.4,0,0,N,2,1,0.5,1,4.4,0,2.5,0,2,1,100,186
2023-01-29 07:44:15.000,2023-01-29 07:45:28.000,0.69,1,9.1,0,0,N,2,1,0.5,1,5.1,0,2.5,0,2,1,107,137
2023-01-29 07:33:10.000,2023-01-29 07:34:36.000,0.59,1,10.5,0,2.1,N,1,1,0.5,1,4.4,0,2.5,0,2,1,237,236
2023-01-29 07:23:20.000,2023-01-29 07:24:30.000,0.51,1,5.9,0,0,N,2,3,0.5,1,4.4,0,0,0,2,1,43,238
2023-01-29 07:44:35.000,2023-01-29 07:45:44.000,0.5,1,9.66,0,1.26,N,1,1,0.5,1,4.4,0,2.5,0,2,1,107,170
2023-01-29 07:48:15.000,2023-01-29 07:49:41.000,0.55,1,10.08,0,1.68,N,1,1,0.5,1,4.4,0,2.5,0,2,1,236,75
2023-01-29 07:18:31.000,2023-01-29 07:18:40.000,0.04,0,20.5,0,2,N,1,1,0,1,15,0,2.5,0,2,5,48,163
2023-01-29 07:56:08.000,2023-01-29 07:57:25.000,0.48,1,9.66,0,1.26,N,1,1,0.5,1,4.4,0,2.5,0,2,1,239,142
2023-01-29 08:14:01.000,2023-01-29 08:15:05.000,0.3,1,8.7,0,1,N,1,1,0.5,1,3.7,0,2.5,0,2,1,236,263
2023-01-29 08:14:24.000,2023-01-29 08:15:50.000,0.6,1,11.35,0,2.25,N,1,1,0.5,1,5.1,2.5,2.5,0,1,1,237,236
2023-01-29 08:32:09.000,2023-01-29 08:33:50.000,0.74,1,9.1,0,0,N,1,1,0.5,1,5.1,0,2.5,0,2,1,262,75
2023-01-29 08:44:29.000,2023-01-29 08:45:51.000,0.5,1,9.4,0,1,N,1,1,0.5,1,4.4,2.5,2.5,0,1,1,140,263
2023-01-29 08:22:01.000,2023-01-29 08:23:44.000,0.77,1,9.1,0,0,N,2,1,0.5,1,5.1,0,2.5,0,2,1,141,263
2023-01-29 08:21:49.000,2023-01-29 08:22:59.000,0.4,1,8.4,0,0,N,2,0,0.5,1,4.4,2.5,2.5,0,1,1,234,90
2023-01-29 08:53:37.000,2023-01-29 08:54:53.000,0.6,1,10.08,0,1.68,N,1,1,0.5,1,4.4,0,2.5,0,2,1,237,141
2023-01-29 08:47:29.000,2023-01-29 08:48:54.000,0.51,1,8.4,0,0,N,2,1,0.5,1,4.4,0,2.5,0,2,1,141,237
2023-01-29 08:25:24.000,2023-01-29 08:26:39.000,0.2,1,7.7,0,0,N,2,1,0.5,1,3.7,0,2.5,0,2,1,263,236
2023-01-29 08:52:15.000,2023-01-29 08:53:43.000,0.48,1,10.08,0,1.68,N,1,1,0.5,1,4.4,0,2.5,0,2,1,68,246
2023-01-29 08:18:48.000,2023-01-29 08:19:45.000,0,1,7,0,0,N,2,2,0.5,1,3,0,2.5,0,2,1,68,48
2023-01-29 08:02:09.000,2023-01-29 08:03:52.000,0.69,1,9.1,0,0,N,2,4,0.5,1,5.1,0,2.5,0,2,1,229,140
2023-01-29 08:09:05.000,2023-01-29 08:10:54.000,0.78,1,11.83,0,2.73,N,1,1,0.5,1,5.1,0,2.5,0,2,1,162,141
2023-01-29 08:57:07.000,2023-01-29 08:58:53.000,0.7,1,10.1,0,1,N,1,0,0.5,1,5.1,2.5,2.5,0,1,1,238,151
2023-01-29 09:43:16.000,2023-01-29 09:44:48.000,0.52,1,10.08,0,1.68,N,1,1,0.5,1,4.4,0,2.5,0,2,1,263,236
2023-01-29 09:00:11.000,2023-01-29 09:01:27.000,0.46,1,10.5,0,2.1,N,1,1,0.5,1,4.4,0,2.5,0,2,1,140,262
2023-01-29 09:47:07.000,2023-01-29 09:48:47.000,0.75,1,9.1,0,0,N,2,1,0.5,1,5.1,0,2.5,0,2,1,237,263
2023-01-29 09:00:47.000,2023-01-29 09:01:57.000,0.39,1,10.08,0,1.68,N,1,1,0.5,1,4.4,0,2.5,0,2,1,229,141
2023-01-29 09:01:05.000,2023-01-29 09:02:31.000,0.5,1,10.08,0,1.68,N,1,1,0.5,1,4.4,0,2.5,0,2,1,236,237
2023-01-29 09:07:38.000,2023-01-29 09:08:52.000,0.44,1,10.08,0,1.68,N,1,2,0.5,1,4.4,0,2.5,0,2,1,239,142
2023-01-29 09:50:17.000,2023-01-29 09:51:54.000,0.6,1,10.6,0,1.5,N,1,1,0.5,1,5.1,2.5,2.5,0,1,1,237,236
2023-01-29 09:47:05.000,2023-01-29 09:47:45.000,0.07,0,7,0,0,N,2,2,0.5,1,3,0,2.5,0,2,1,163,43
2023-01-29 09:47:07.000,2023-01-29 09:48:28.000,0.59,1,10.08,0,1.68,N,1,2,0.5,1,4.4,0,2.5,0,2,1,237,236
2023-01-29 09:57:20.000,2023-01-29 09:58:59.000,0.42,1,10.08,0,1.68,N,1,1,0.5,1,4.4,0,2.5,0,2,1,263,141
2023-01-29 09:18:00.000,2023-01-29 09:19:45.000,0.64,1,10.92,0,1.82,N,1,1,0.5,1,5.1,0,2.5,0,2,1,186,90
2023-01-29 09:38:36.000,2023-01-29 09:38:48.000,0,0,7,0,0,N,4,1,0.5,1,3,0,2.5,0,2,1,48,230
2023-01-29 10:23:18.000,2023-01-29 10:24:21.000,0.4,1,10.7,0,3,N,1,1,0.5,1,3.7,2.5,2.5,0,1,1,50,143
2023-01-29 10:17:38.000,2023-01-29 10:17:45.000,0.02,0,74,0,0,N,4,1,0.5,1,70,0,2.5,0,2,2,239,143
2023-01-29 10:23:41.000,2023-01-29 10:24:59.000,0.39,1,10.08,0,1.68,N,1,1,0.5,1,4.4,0,2.5,0,2,1,140,262
2023-01-29 10:05:33.000,2023-01-29 10:06:47.000,0.54,1,7.08,0,1.18,N,1,1,0.5,1,4.4,0,0,0,2,1,75,238
2023-01-29 10:59:04.000,2023-01-29 11:00:57.000,0.62,1,10.92,0,1.82,N,1,1,0.5,1,5.1,0,2.5,0,2,1,140,263
2023-01-29 10:45:34.000,2023-01-29 10:46:47.000,0.3,1,10.08,0,1.68,N,1,1,0.5,1,4.4,2.5,2.5,0,1,1,237,162
2023-01-29 11:00:49.000,2023-01-29 11:01:56.000,0.34,1,9.24,0,1.54,N,1,1,0.5,1,3.7,0,2.5,0,2,1,68,48
2023-01-29 10:19:09.000,2023-01-29 10:20:52.000,0.35,1,10.08,0,1.68,N,1,1,0.5,1,4.4,0,2.5,0,2,1,143,142
2023-01-29 10:01:01.000,2023-01-29 10:02:52.000,0.34,1,10.5,0,2.1,N,1,1,0.5,1,4.4,0,2.5,0,2,1,90,234
2023-01-29 10:18:15.000,2023-01-29 10:19:17.000,0.4,1,5.9,0,0,N,2,0,0.5,1,4.4,0,0,0,1,1,75,263
2023-01-29 10:42:50.000,2023-01-29 10:43:18.000,0.01,1,144.3,12.75,24.05,N,1,1,0,1,104,0,2.5,0,2,5,48,246
2023-01-29 10:11:02.000,2023-01-29 10:12:39.000,0.5,1,10.08,0,1.68,N,1,2,0.5,1,4.4,0,2.5,0,2,1,48,143
2023-01-29 10:48:08.000,2023-01-29 10:49:50.000,0.38,1,8.4,0,0,N,2,1,0.5,1,4.4,0,2.5,0,2,1,42,41
2023-01-29 10:22:27.000,2023-01-29 10:23:20.000,0.32,1,8.7,0,1,N,1,1,0.5,1,3.7,0,2.5,0,2,1,141,263
2023-01-29 10:14:16.000,2023-01-29 10:15:13.000,0.11,1,8.4,0,1.4,N,1,1,0.5,1,3,0,2.5,0,2,1,233,162
2023-01-29 10:01:34.000,2023-01-29 10:01:44.000,0.04,0,7,0,0,N,3,2,0.5,1,3,0,2.5,0,2,1,236,43
2023-01-29 10:23:57.000,2023-01-29 10:24:55.000,0.2,1,9.2,0,1.5,N,1,1,0.5,1,3.7,2.5,2.5,0,1,1,141,237
2023-01-29 10:28:05.000,2023-01-29 10:29:58.000,0.29,1,10.08,0,1.68,N,1,1,0.5,1,4.4,0,2.5,0,2,1,170,164
2023-01-20 16:18:21.000,2023-01-20 16:18:23.000,4.79,0,38.64,0,6.44,N,1,5,0.5,1,28.2,0,2.5,0,2,1,238,264
2023-01-20 15:53:24.000,2023-01-20 15:54:30.000,0.2,1,7.7,0,0,N,2,1,0.5,1,3.7,2.5,2.5,0,1,1,237,141
2023-01-20 15:36:36.000,2023-01-20 15:37:02.000,0.4,1,98.4,0,16.4,N,1,3,0,1,81,0,0,0,2,5,264,197
2023-01-20 15:40:02.000,2023-01-20 15:41:34.000,0.3,1,9.24,0,1.54,N,1,1,0.5,1,3.7,2.5,2.5,0,1,1,237,141
2023-01-20 15:36:20.000,2023-01-20 15:37:27.000,0.21,1,7.7,0,0,N,4,1,0.5,1,3.7,0,2.5,0,2,1,186,100
2023-01-20 15:51:19.000,2023-01-20 15:52:42.000,0.26,1,9.62,0,1.92,N,1,1,0.5,1,3.7,0,2.5,0,2,1,211,144
2023-01-20 15:27:13.000,2023-01-20 15:28:45.000,0.2,1,9.2,0,1.5,N,1,1,0.5,1,3.7,2.5,2.5,0,1,1,186,164
2023-01-20 15:28:53.000,2023-01-20 15:28:56.000,0.58,0,100.2,0,16.7,N,1,1,0.5,1,82,0,0,0,2,5,132,264
2023-01-20 15:44:44.000,2023-01-20 15:45:09.000,0,1,7,0,0,N,2,1,0.5,1,3,0,2.5,0,2,1,230,161
2023-01-20 16:00:38.000,2023-01-20 16:00:40.000,0,0,182.4,0,30.4,N,1,1,0,1,151,0,0,0,2,5,265,264
2023-01-20 16:37:15.000,2023-01-20 16:38:16.000,0.1,1,9.5,0,0,N,3,1,0.5,1,3,5,2.5,0,1,1,162,161
2023-01-20 16:36:16.000,2023-01-20 16:37:33.000,0.41,1,14.17,0,3.27,N,1,1,0.5,1,4.4,2.5,2.5,0,2,1,237,236
2023-01-20 16:45:08.000,2023-01-20 16:46:53.000,0.43,1,10.9,0,0,N,2,1,0.5,1,4.4,2.5,2.5,0,2,1,163,230
2023-01-20 16:55:42.000,2023-01-20 16:56:57.000,0.21,1,13.2,0,3,N,1,2,0.5,1,3.7,2.5,2.5,0,2,1,107,137
2023-01-20 16:49:12.000,2023-01-20 16:50:56.000,0.38,1,13.08,0,2.18,N,1,1,0.5,1,4.4,2.5,2.5,0,2,1,142,239
2023-01-20 16:11:30.000,2023-01-20 16:11:36.000,0.01,0,79,0,0,N,2,2,0.5,1,70,5,2.5,0,2,2,163,237
2023-01-20 16:25:12.000,2023-01-20 16:26:04.000,0.04,1,12,0,0,N,2,1,0.5,1,3,7.5,0,0,2,1,264,138
2023-01-20 16:26:26.000,2023-01-20 16:27:22.000,0.2,1,10.2,0,0,N,1,1,0.5,1,3.7,2.5,2.5,0,2,1,170,162
2023-01-20 16:35:02.000,2023-01-20 16:36:42.000,0.34,1,10.9,0,0,N,2,1,0.5,1,4.4,2.5,2.5,0,2,1,238,143
2023-01-20 16:27:35.000,2023-01-20 16:28:59.000,0.4,1,11.9,0,1,N,1,1,0.5,1,4.4,5,2.5,0,1,1,249,90
2023-01-20 16:02:29.000,2023-01-20 16:02:55.000,0.02,0,9.5,0,0,N,2,1,0.5,1,3,2.5,2.5,0,2,1,236,237
2023-01-20 16:58:03.000,2023-01-20 16:59:20.000,0.13,1,10.2,0,0,N,2,1,0.5,1,3.7,2.5,2.5,0,2,1,142,239
2023-01-20 16:33:45.000,2023-01-20 16:34:53.000,0.26,1,79,0,0,N,4,3,0.5,1,70,5,2.5,0,2,2,230,163
2023-01-20 17:20:17.000,2023-01-20 17:21:53.000,0.38,1,13.62,0,2.72,N,1,1,0.5,1,4.4,2.5,2.5,0,2,1,237,236
2023-01-20 17:44:42.000,2023-01-20 17:45:56.000,0.46,1,11.9,0,1,N,1,1,0.5,1,4.4,2.5,2.5,0,2,1,263,236
2023-01-20 17:47:08.000,2023-01-20 17:48:54.000,0.3,1,11.9,0,1,N,1,1,0.5,1,4.4,5,2.5,0,1,1,263,236
2023-01-20 17:21:43.000,2023-01-20 17:21:45.000,0,0,108.5,0,18,N,1,1,0.5,1,89,0,0,0,2,5,229,264
2023-01-20 17:46:06.000,2023-01-20 17:47:58.000,0.3,1,13.05,0,2.15,N,1,1,0.5,1,4.4,5,2.5,0,1,1,141,236
2023-01-20 17:00:00.000,2023-01-20 17:00:40.000,0.04,0,9.5,0,0,N,2,1,0.5,1,3,2.5,2.5,0,2,1,48,50
2023-01-20 17:27:10.000,2023-01-20 17:27:59.000,0.18,0,20.2,0,10,N,1,1,0.5,1,3.7,2.5,2.5,0,2,1,246,68
2023-01-20 17:45:49.000,2023-01-20 17:45:52.000,0,0,61.51,0,0.01,N,1,1,0.5,1,60,0,0,0,2,5,68,264
2023-01-20 17:10:06.000,2023-01-20 17:11:57.000,0.33,1,14.17,0,3.27,N,1,5,0.5,1,4.4,2.5,2.5,0,2,1,249,113
2023-01-20 17:48:00.000,2023-01-20 17:48:53.000,0.01,0,9.5,0,0,N,3,1,0.5,1,3,2.5,2.5,0,2,1,261,231
2023-01-20 17:41:08.000,2023-01-20 17:42:51.000,0.44,1,13.08,0,2.18,N,1,1,0.5,1,4.4,2.5,2.5,0,2,1,229,233
2023-01-20 17:13:20.000,2023-01-20 17:14:42.000,0.37,1,10.2,0,0,N,3,3,0.5,1,3.7,2.5,2.5,0,2,1,236,43
2023-01-20 18:44:13.000,2023-01-20 18:45:03.000,0.06,1,7,0,0,N,4,1,0.5,1,3,2.5,0,0,2,1,151,24
2023-01-20 18:30:06.000,2023-01-20 18:31:57.000,0.55,1,13.92,0,2.32,N,1,1,0.5,1,5.1,2.5,2.5,0,2,1,43,238
2023-01-20 18:38:26.000,2023-01-20 18:38:32.000,0.01,0,7,0,0,N,3,1,0.5,1,3,2.5,0,0,2,1,162,161
2023-01-20 18:43:35.000,2023-01-20 18:44:18.000,0.02,1,79,0,0,N,4,2,0.5,1,70,5,2.5,0,2,2,211,114
2023-01-20 18:37:01.000,2023-01-20 18:38:11.000,0.29,1,10.2,0,0,N,2,1,0.5,1,3.7,2.5,2.5,0,2,1,237,141
2023-01-20 18:47:21.000,2023-01-20 18:48:45.000,0.49,1,11.9,0,1,N,1,1,0.5,1,4.4,2.5,2.5,0,2,1,75,236
2023-01-20 18:09:27.000,2023-01-20 18:10:38.000,0.41,1,14.17,0,3.27,N,1,1,0.5,1,4.4,2.5,2.5,0,2,1,236,263
2023-01-20 18:25:50.000,2023-01-20 18:25:53.000,0,0,101.5,0,0,N,1,1,0.5,1,100,0,0,0,2,5,255,264
2023-01-20 19:25:53.000,2023-01-20 19:26:04.000,0,1,9.5,0,0,N,2,1,0.5,1,3,2.5,2.5,0,2,1,238,239
2023-01-20 19:09:12.000,2023-01-20 19:09:41.000,0.03,0,56,0,5,N,1,1,0,1,50,0,0,0,2,5,127,243
2023-01-20 19:46:14.000,2023-01-20 19:47:58.000,0.53,1,12.1,0,1.2,N,1,2,0.5,1,4.4,2.5,2.5,0,2,1,237,236
2023-01-20 19:01:35.000,2023-01-20 19:02:44.000,0.35,1,11.2,0,1,N,1,1,0.5,1,3.7,2.5,2.5,0,2,1,163,237
2023-01-20 19:17:28.000,2023-01-20 19:18:24.000,0.41,1,11.9,0,1,N,1,2,0.5,1,4.4,2.5,2.5,0,2,1,237,236
2023-01-20 19:15:08.000,2023-01-20 19:16:03.000,0.02,1,9.5,0,0,N,2,1,0.5,1,3,2.5,2.5,0,2,1,48,100
2023-01-20 19:04:08.000,2023-01-20 19:04:20.000,0.01,0,112.2,0,18.7,N,1,1,0,1,90,0,2.5,0,2,5,170,137
2023-01-20 19:45:00.000,2023-01-20 19:45:40.000,0.08,0,9.5,0,0,N,2,1,0.5,1,3,2.5,2.5,0,2,1,143,142
2023-01-20 19:54:01.000,2023-01-20 19:55:48.000,0.42,1,11.4,0,0.5,N,1,1,0.5,1,4.4,2.5,2.5,0,2,1,107,170
2023-01-20 19:36:33.000,2023-01-20 19:37:57.000,0.23,1,10.2,0,0,N,2,1,0.5,1,3.7,2.5,2.5,0,2,1,90,68
2023-01-20 20:13:54.000,2023-01-20 20:14:29.000,0,1,8,0,0,N,2,1,0.5,1,3,1,2.5,0,2,1,209,87
2023-01-20 20:57:02.000,2023-01-20 20:58:29.000,0.36,1,11.28,0,1.88,N,1,1,0.5,1,4.4,1,2.5,0,2,1,211,114
2023-01-20 20:53:03.000,2023-01-20 20:54:07.000,0.35,1,10.44,0,1.74,N,1,5,0.5,1,3.7,1,2.5,0,2,1,141,263
2023-01-20 20:13:00.000,2023-01-20 20:14:38.000,0.45,1,11.28,0,1.88,N,1,1,0.5,1,4.4,1,2.5,0,2,1,237,162
2023-01-20 20:17:15.000,2023-01-20 20:18:46.000,0.4,1,10.4,0,1,N,1,1,0.5,1,4.4,3.5,2.5,0,1,1,246,48
2023-01-20 20:13:05.000,2023-01-20 20:13:09.000,0,0,15.84,0,2.64,N,1,1,0,1,12.2,0,0,0,2,5,141,264
2023-01-20 20:25:20.000,2023-01-20 20:26:34.000,0.4,1,11.25,0,1.85,N,1,2,0.5,1,4.4,3.5,2.5,0,1,1,137,233
2023-01-20 20:08:16.000,2023-01-20 20:08:24.000,0,0,10.5,0,0,N,3,1,0.5,1,3,6,0,0,1,1,70,138
2023-01-20 20:26:00.000,2023-01-20 20:27:23.000,0.3,1,10.44,0,1.74,N,1,1,0.5,1,3.7,1,2.5,0,2,1,170,233
2023-01-20 20:30:01.000,2023-01-20 20:30:34.000,0,0,9.5,0,0,N,2,1,0.5,1,3,2.5,2.5,0,2,1,142,48
2023-01-20 20:42:33.000,2023-01-20 20:43:57.000,0.53,1,9.4,0,0,N,2,2,0.5,1,4.4,1,2.5,0,2,1,238,151
2023-01-20 20:15:00.000,2023-01-20 20:16:18.000,0.4,1,10.4,0,1,N,1,1,0.5,1,4.4,3.5,2.5,0,1,1,238,151
2023-01-20 20:04:19.000,2023-01-20 20:05:58.000,0.24,1,11.28,0,1.88,N,1,1,0.5,1,4.4,1,2.5,0,2,1,161,230
2023-01-20 21:14:06.000,2023-01-20 21:15:59.000,0.6,1,12.12,0,2.02,N,1,1,0.5,1,5.1,1,2.5,0,2,1,236,237
2023-01-20 21:04:17.000,2023-01-20 21:05:55.000,0.5,1,9.4,0,0,N,2,1,0.5,1,4.4,3.5,2.5,0,1,1,140,141
2023-01-20 21:19:23.000,2023-01-20 21:20:46.000,0.46,1,11.28,0,1.88,N,1,2,0.5,1,4.4,1,2.5,0,2,1,236,263
2023-01-20 21:54:25.000,2023-01-20 21:54:38.000,0,0,25,0,0,N,4,1,0,1,23,1,0,0,2,3,12,261
2023-01-20 21:49:09.000,2023-01-20 21:49:11.000,0,0,108.6,0,18.1,N,1,1,0.5,1,89,0,0,0,2,5,234,264
2023-01-20 21:20:09.000,2023-01-20 21:21:49.000,0.6,1,12.1,0,2,N,1,1,0.5,1,5.1,3.5,2.5,0,1,1,137,233
2023-01-20 21:05:13.000,2023-01-20 21:06:58.000,0.58,1,12.12,0,2.02,N,1,1,0.5,1,5.1,1,2.5,0,2,1,229,233
2023-01-20 21:10:23.000,2023-01-20 21:11:45.000,0.58,1,13.85,0,0,N,2,2,0.5,1,5.1,6,0,1.25,2,1,138,223
2023-01-20 21:04:56.000,2023-01-20 21:04:58.000,0.04,0,92,0,5,N,1,1,0,1,86,0,0,0,2,5,244,264
2023-01-20 21:08:19.000,2023-01-20 21:08:28.000,0,0,15,0,7,N,1,2,0.5,1,3,3.5,2.5,0,1,1,170,233
2023-01-20 21:25:13.000,2023-01-20 21:25:45.000,0.02,0,81.8,6.55,0,N,2,1,0.5,1,70,0,2.5,1.25,2,2,236,263
2023-01-20 22:34:11.000,2023-01-20 22:35:46.000,0.45,1,9.4,0,0,N,2,1,0.5,1,4.4,1,2.5,0,2,1,262,263
2023-01-20 22:52:28.000,2023-01-20 22:53:49.000,0.05,1,8.7,0,0,N,2,1,0.5,1,3.7,1,2.5,0,2,1,249,114
2023-01-20 22:33:06.000,2023-01-20 22:34:52.000,0.68,1,12.12,0,2.02,N,1,1,0.5,1,5.1,1,2.5,0,2,1,170,107
2023-01-20 22:55:00.000,2023-01-20 22:56:56.000,0.34,1,10.4,0,1,N,1,1,0.5,1,4.4,1,2.5,0,2,1,87,88
2023-01-20 22:58:25.000,2023-01-20 22:58:59.000,0.03,0,8,0,0,N,4,4,0.5,1,3,1,2.5,0,2,1,143,142
2023-01-20 22:55:25.000,2023-01-20 22:56:52.000,0.59,1,11.28,0,1.88,N,1,1,0.5,1,4.4,1,2.5,0,2,1,246,68
2023-01-20 22:57:08.000,2023-01-20 22:57:50.000,0.03,0,8,0,0,N,1,1,0.5,1,3,1,2.5,0,2,1,143,142
2023-01-20 22:36:53.000,2023-01-20 22:37:55.000,0.22,1,49.2,0,8.2,N,1,2,0,1,40,0,0,0,2,5,260,7
2023-01-20 22:06:24.000,2023-01-20 22:06:53.000,0.03,0,10.5,0,0,N,2,1,0.5,1,3,6,0,0,2,1,70,264
2023-01-20 22:50:38.000,2023-01-20 22:51:08.000,0,1,81.8,6.55,0,N,2,1,0.5,1,70,0,2.5,1.25,2,2,236,134
2023-01-20 23:50:14.000,2023-01-20 23:51:36.000,0.4,1,9.4,0,0,N,2,1,0.5,1,4.4,3.5,2.5,0,1,1,263,141
2023-01-20 23:28:00.000,2023-01-20 23:29:52.000,0.63,1,11.41,0,1.31,N,1,1,0.5,1,5.1,1,2.5,0,2,1,141,229
2023-01-20 23:06:52.000,2023-01-20 23:07:33.000,0.2,1,8.7,0,0,N,2,1,0.5,1,3.7,1,2.5,0,2,1,141,237
2023-01-20 23:05:49.000,2023-01-20 23:06:30.000,0.04,1,8,0,0,N,2,1,0.5,1,3,1,2.5,0,2,1,137,233
2023-01-20 23:01:14.000,2023-01-20 23:02:45.000,0.34,1,12.4,0,3,N,1,4,0.5,1,4.4,1,2.5,0,2,1,229,233
2023-01-20 23:55:47.000,2023-01-20 23:56:44.000,0.36,1,9.7,0,1,N,1,1,0.5,1,3.7,1,2.5,0,2,1,237,141
2023-01-20 23:42:37.000,2023-01-20 23:43:59.000,0.27,1,10.44,0,1.74,N,1,6,0.5,1,3.7,1,2.5,0,2,1,246,68
2023-01-20 23:24:01.000,2023-01-20 23:25:55.000,0.37,1,9.4,0,0,N,2,1,0.5,1,4.4,1,2.5,0,2,1,263,141
2023-01-20 23:32:38.000,2023-01-20 23:33:44.000,0.25,1,10.44,0,1.74,N,1,1,0.5,1,3.7,1,2.5,0,2,1,249,90
2023-01-20 23:27:12.000,2023-01-20 23:28:43.000,0.48,1,11.75,0,2.35,N,1,2,0.5,1,4.4,1,2.5,0,2,1,229,233
2023-01-20 23:38:19.000,2023-01-20 23:39:35.000,0.27,1,10.44,0,1.74,N,1,1,0.5,1,3.7,1,2.5,0,2,1,161,163
2023-01-21 00:26:21.000,2023-01-21 00:27:55.000,0.47,1,11.28,0,1.88,N,1,1,0.5,1,4.4,1,2.5,0,2,1,249,68
2023-01-21 00:46:18.000,2023-01-21 00:47:43.000,0.4,1,9.4,0,0,N,1,1,0.5,1,4.4,3.5,2.5,0,1,1,107,170
2023-01-03 15:37:26.000,2023-01-03 15:38:05.000,0.01,1,81.8,6.55,0,N,2,4,0.5,1,70,0,2.5,1.25,2,2,100,68
2023-01-03 15:28:03.000,2023-01-03 15:29:34.000,0.28,1,9.63,0,1.93,N,1,1,0.5,1,3.7,0,2.5,0,2,1,140,262
2023-01-03 15:13:44.000,2023-01-03 15:13:59.000,0,0,1.01,0,0,N,2,1,0,1,0.01,0,0,0,1,5,142,264
2023-01-03 15:31:53.000,2023-01-03 15:32:24.000,0.1,1,9.1,0,2.1,N,1,1,0.5,1,3,2.5,2.5,0,1,1,164,170
2023-01-03 15:11:05.000,2023-01-03 15:11:08.000,0,0,99,0,16.5,N,1,1,0.5,1,81,0,0,0,2,5,132,264
2023-01-03 15:46:53.000,2023-01-03 15:47:02.000,0.07,1,97.2,0,16.2,N,1,2,0,1,80,0,0,0,2,5,216,132
2023-01-03 15:56:01.000,2023-01-03 15:56:24.000,0.03,0,104.71,6.55,24.16,N,1,2,0.5,1,70,0,2.5,0,2,2,161,230
2023-01-03 16:23:50.000,2023-01-03 16:24:59.000,0.2,1,8,0,0,N,3,1,0.5,1,3,3.5,2.5,0,1,1,161,230
2023-01-03 16:22:48.000,2023-01-03 16:23:43.000,0.4,1,10.9,0,0,N,2,1,0.5,1,4.4,5,2.5,0,1,1,140,141
2023-01-03 16:09:18.000,2023-01-03 16:09:47.000,0,0,79,0,0,N,4,4,0.5,1,70,5,2.5,0,2,2,142,163
2023-01-03 16:57:44.000,2023-01-03 16:57:51.000,0,0,79,0,0,N,3,2,0.5,1,70,5,2.5,0,2,2,164,186
2023-01-03 16:47:14.000,2023-01-03 16:48:44.000,0.47,1,11.9,0,1,N,1,1,0.5,1,4.4,2.5,2.5,0,2,1,263,141
2023-01-03 16:52:19.000,2023-01-03 16:52:27.000,0.07,0,4.3,0,0,N,2,2,0.5,0.3,2.5,1,0,0,2,1,261,88
2023-01-03 16:06:56.000,2023-01-03 16:07:01.000,0,1,76.5,0,0,N,2,1,0.5,1,70,5,0,0,2,2,24,151
2023-01-03 16:37:03.000,2023-01-03 16:38:54.000,0.13,1,12.75,0,2.55,N,1,1,0.5,1,3.7,2.5,2.5,0,2,1,170,107
2023-01-03 16:48:00.000,2023-01-03 16:49:32.000,0.47,1,13.08,0,2.18,N,1,1,0.5,1,4.4,2.5,2.5,0,2,1,237,236
2023-01-03 16:34:09.000,2023-01-03 16:35:47.000,0.19,1,7.7,0,0,N,2,1,0.5,1,3.7,2.5,0,0,2,1,33,65
2023-01-03 16:57:46.000,2023-01-03 16:57:53.000,0.08,0,26,0,0,N,1,1,0,1,25,0,0,0,2,5,265,1
2023-01-03 16:51:17.000,2023-01-03 16:52:47.000,0.42,1,10.9,0,0,N,2,2,0.5,1,4.4,2.5,2.5,0,2,1,164,234
2023-01-03 16:41:12.000,2023-01-03 16:42:57.000,0.51,1,13.63,0,2.73,N,1,1,0.5,1,4.4,2.5,2.5,0,2,1,263,141
2023-01-03 16:36:52.000,2023-01-03 16:37:40.000,0.05,1,9.5,0,0,N,3,1,0.5,1,3,2.5,2.5,0,2,1,100,230
2023-01-03 16:18:26.000,2023-01-03 16:19:46.000,0.33,1,11.22,0,1.02,N,1,1,0.5,1,3.7,2.5,2.5,0,2,1,238,239
2023-01-03 16:49:51.000,2023-01-03 16:49:54.000,0,0,90.5,0,5,N,1,1,0.5,1,84,0,0,0,2,5,164,264
2023-01-03 16:03:53.000,2023-01-03 16:03:55.000,0,0,76.5,0,0,N,2,1,0.5,1,70,2.5,2.5,0,2,2,164,264
2023-01-03 16:16:14.000,2023-01-03 16:16:28.000,0.03,0,48.5,0,0,N,1,1,0,1,45,0,2.5,0,2,5,161,170
2023-01-03 16:14:24.000,2023-01-03 16:14:26.000,0,0,109.8,0,18.3,N,1,4,0.5,1,90,0,0,0,2,5,132,264
2023-01-03 16:04:58.000,2023-01-03 16:05:02.000,0,1,103.2,0,17.2,N,1,1,0,1,85,0,0,0,2,5,132,264
2023-01-03 17:10:23.000,2023-01-03 17:10:48.000,0.13,0,50.55,6.55,0,N,1,1,0,1,43,0,0,0,2,5,129,70
2023-01-03 17:05:18.000,2023-01-03 17:05:28.000,0.01,0,76.5,0,0,N,2,3,0.5,1,70,5,0,0,2,2,264,100
2023-01-03 17:50:14.000,2023-01-03 17:51:37.000,0.4,1,8.4,0,0,N,2,1,0.5,1,4.4,2.5,0,0,1,1,75,74
2023-01-03 17:27:20.000,2023-01-03 17:28:17.000,0.1,1,9.5,0,0,N,3,1,0.5,1,3,5,2.5,0,1,1,88,87
2023-01-03 17:16:38.000,2023-01-03 17:17:31.000,0.23,1,10.2,0,0,N,2,1,0.5,1,3.7,2.5,2.5,0,2,1,148,79
2023-01-03 17:17:32.000,2023-01-03 17:17:54.000,0,0,86.8,6.55,0,N,2,2,0.5,1,70,5,2.5,1.25,2,2,264,132
2023-01-03 17:39:11.000,2023-01-03 17:39:18.000,0,0,9.5,0,0,N,2,2,0.5,1,3,2.5,2.5,0,2,1,230,161
2023-01-03 17:41:10.000,2023-01-03 17:41:20.000,0,0,47,0,0,N,1,2,0,1,43.5,0,2.5,0,2,5,161,230
2023-01-03 17:08:08.000,2023-01-03 17:09:37.000,0.28,1,12.24,0,2.04,N,1,1,0.5,1,3.7,2.5,2.5,0,2,1,161,162
2023-01-03 17:27:03.000,2023-01-03 17:28:26.000,0.17,1,10.2,0,0,N,2,1,0.5,1,3.7,2.5,2.5,0,2,1,162,170
2023-01-03 17:43:46.000,2023-01-03 17:44:59.000,0.26,1,10.2,0,0,N,2,1,0.5,1,3.7,2.5,2.5,0,2,1,238,24
2023-01-03 17:47:58.000,2023-01-03 17:48:48.000,0.2,1,12.24,0,2.04,N,1,1,0.5,1,3.7,2.5,2.5,0,2,1,236,237
2023-01-03 17:47:00.000,2023-01-03 17:48:40.000,0.2,1,7.7,0,0,N,2,1,0.5,1,3.7,2.5,0,0,1,1,151,238
2023-01-03 17:42:34.000,2023-01-03 17:42:39.000,0.01,0,81,0,10,N,1,1,0,1,70,0,0,0,2,5,226,230
2023-01-03 17:05:15.000,2023-01-03 17:06:39.000,0.05,1,9.5,0,0,N,4,1,0.5,1,3,2.5,2.5,0,2,1,68,230
2023-01-03 17:45:17.000,2023-01-03 17:46:40.000,0.4,1,10.9,0,0,N,2,1,0.5,1,4.4,5,2.5,0,1,1,249,113
2023-01-03 17:15:02.000,2023-01-03 17:15:05.000,0.1,0,86.5,0,0,N,1,1,0.5,1,85,0,0,0,2,5,79,264
2023-01-03 17:20:09.000,2023-01-03 17:20:42.000,0.03,0,13.25,0,0,N,2,1,0.5,1,3,7.5,0,1.25,2,1,138,70
2023-01-03 18:43:04.000,2023-01-03 18:43:11.000,0,0,7,0,0,N,2,1,0.5,1,3,2.5,0,0,2,1,193,7
2023-01-03 18:55:11.000,2023-01-03 18:55:45.000,0,0,7,0,0,N,1,1,0.5,1,3,2.5,0,0,2,1,193,7
2023-01-03 18:30:19.000,2023-01-03 18:30:35.000,0.01,0,13.25,0,0,N,3,2,0.5,1,3,7.5,0,1.25,2,1,70,138
2023-01-03 18:13:10.000,2023-01-03 18:14:18.000,0.3,1,12.2,0,2,N,1,2,0.5,1,3.7,5,2.5,0,1,1,263,236
2023-01-03 18:29:14.000,2023-01-03 18:30:07.000,0,1,9.5,0,0,N,2,1,0.5,1,3,2.5,2.5,0,2,1,162,161
2023-01-03 18:24:34.000,2023-01-03 18:24:36.000,0,0,7,0,0,N,3,2,0.5,1,3,2.5,0,0,2,1,132,264
2023-01-03 18:07:20.000,2023-01-03 18:08:15.000,0.35,1,11.2,0,1,N,1,2,0.5,1,3.7,2.5,2.5,0,2,1,236,263
2023-01-03 18:31:47.000,2023-01-03 18:31:53.000,0,0,12,0,0,N,3,1,0.5,1,3,7.5,0,0,1,1,70,138
2023-01-03 18:08:14.000,2023-01-03 18:09:50.000,0.7,1,11.6,0,0,N,2,1,0.5,1,5.1,5,2.5,0,1,1,239,142
2023-01-03 18:01:06.000,2023-01-03 18:02:56.000,0.34,1,11.9,0,1,N,1,1,0.5,1,4.4,2.5,2.5,0,2,1,113,234
2023-01-03 18:25:24.000,2023-01-03 18:26:56.000,0.21,1,12.24,0,2.04,N,1,2,0.5,1,3.7,2.5,2.5,0,2,1,262,140
2023-01-03 18:47:42.000,2023-01-03 18:47:45.000,0.8,0,103.05,0,15,N,1,3,0.5,1,86.55,0,0,0,2,5,132,264
2023-01-03 18:43:18.000,2023-01-03 18:44:35.000,0.16,1,10.2,0,0,N,2,1,0.5,1,3.7,2.5,2.5,0,2,1,90,249
2023-01-03 18:43:00.000,2023-01-03 18:43:56.000,0.34,0,10.2,0,0,N,1,2,0.5,1,3.7,2.5,2.5,0,2,1,141,237
2023-01-03 19:00:37.000,2023-01-03 19:01:22.000,0,1,30.5,0,0,N,1,1,0.5,1,29,0,0,0,2,5,132,264
2023-01-03 19:24:02.000,2023-01-03 19:25:02.000,0.04,1,7,0,0,N,2,1,0.5,1,3,2.5,0,0,2,1,75,74
2023-01-03 19:48:14.000,2023-01-03 19:48:59.000,0.19,0,12.24,0,2.04,N,1,1,0.5,1,3.7,2.5,2.5,0,2,1,230,48
2023-01-03 19:07:23.000,2023-01-03 19:08:34.000,0.4,1,11.73,0,1.53,N,1,1,0.5,1,3.7,2.5,2.5,0,2,1,142,239
2023-01-03 19:13:30.000,2023-01-03 19:14:45.000,0.2,1,12.2,0,2,N,1,1,0.5,1,3.7,5,2.5,0,1,1,229,140
2023-01-03 19:16:08.000,2023-01-03 19:17:20.000,0.51,1,10.9,0,0,N,1,1,0.5,1,4.4,2.5,2.5,0,2,1,68,230
2023-01-03 19:08:19.000,2023-01-03 19:08:47.000,0.03,0,114.75,0,15,N,1,1,0,1,98.75,0,0,0,2,5,265,1
2023-01-03 19:19:05.000,2023-01-03 19:20:11.000,0.3,1,10.2,0,0,N,2,2,0.5,1,3.7,5,2.5,0,1,1,164,186
2023-01-03 19:53:09.000,2023-01-03 19:54:30.000,0.32,1,10.2,0,0,N,2,2,0.5,1,3.7,2.5,2.5,0,2,1,90,186
2023-01-03 19:44:44.000,2023-01-03 19:45:32.000,0.22,1,10.2,0,0,N,2,1,0.5,1,3.7,2.5,2.5,0,2,1,211,114
2023-01-03 19:51:16.000,2023-01-03 19:52:43.000,0.3,1,10.9,0,0,N,2,1,0.5,1,4.4,5,2.5,0,1,1,164,161
2023-01-03 19:37:34.000,2023-01-03 19:38:40.000,0.3,1,10.2,0,0,N,2,1,0.5,1,3.7,5,2.5,0,1,1,170,233
2023-01-03 19:25:37.000,2023-01-03 19:25:44.000,0,0,7,0,0,N,2,1,0.5,1,3,2.5,0,0,2,1,74,167
2023-01-03 19:27:09.000,2023-01-03 19:28:28.000,0.11,1,10.2,0,0,N,4,1,0.5,1,3.7,2.5,2.5,0,2,1,246,48
2023-01-03 19:02:31.000,2023-01-03 19:02:33.000,0,0,30.5,0,0,N,1,1,0.5,1,29,0,0,0,2,5,132,264
2023-01-03 19:06:14.000,2023-01-03 19:06:18.000,0,0,30.5,0,0,N,1,1,0.5,1,29,0,0,0,2,5,132,264
2023-01-03 19:15:30.000,2023-01-03 19:15:33.000,0,0,25.8,0,4.3,N,1,1,0.5,1,20,0,0,0,2,5,132,264
2023-01-03 19:55:29.000,2023-01-03 19:55:32.000,0,0,54.06,0,9.01,N,1,2,0.5,1,43.55,0,0,0,2,5,265,264
2023-01-03 19:10:16.000,2023-01-03 19:10:31.000,0.01,0,9.5,0,0,N,2,2,0.5,1,3,2.5,2.5,0,2,1,50,48
2023-01-03 19:45:01.000,2023-01-03 19:45:43.000,0.23,0,7,0,0,N,2,1,0.5,1,3,2.5,0,0,2,1,264,68
2023-01-03 20:21:30.000,2023-01-03 20:22:55.000,0.3,1,6.2,0,0,N,2,2,0.5,1,3.7,1,0,0,1,1,74,75
2023-01-03 20:04:35.000,2023-01-03 20:05:55.000,0.37,1,9.4,0,0,N,2,1,0.5,1,4.4,1,2.5,0,2,1,224,137
2023-01-03 20:58:14.000,2023-01-03 20:59:57.000,0.41,1,11.28,0,1.88,N,1,1,0.5,1,4.4,1,2.5,0,2,1,79,224
2023-01-03 20:48:40.000,2023-01-03 20:48:43.000,0,0,30.6,0,5.1,N,1,1,0.5,1,24,0,0,0,2,5,229,264
2023-01-03 20:50:49.000,2023-01-03 20:51:13.000,0,1,5.58,0,0.08,N,4,1,0.5,1,3,1,0,0,2,1,7,193
2023-01-03 20:12:11.000,2023-01-03 20:13:47.000,0.4,1,11.4,0,2,N,1,0,0.5,1,4.4,3.5,2.5,0,1,1,141,140
2023-01-03 20:13:48.000,2023-01-03 20:14:18.000,0,1,8,0,0,N,2,1,0.5,1,3,3.5,2.5,0,1,1,170,164
2023-01-03 20:36:04.000,2023-01-03 20:36:19.000,21.08,0,86.5,0,5,N,1,2,0,1,78,0,2.5,0,2,5,264,87
2023-01-03 20:58:57.000,2023-01-03 20:59:07.000,2.12,1,72.75,0,0,N,3,1,0.5,1,70,0,0,1.25,2,2,264,138
2023-01-03 20:30:04.000,2023-01-03 20:31:17.000,0.21,1,8.8,0,0.1,N,1,1,0.5,1,3.7,1,2.5,0,2,1,143,239
2023-01-03 20:19:10.000,2023-01-03 20:20:42.000,0.52,1,11.75,0,2.35,N,1,1,0.5,1,4.4,1,2.5,0,2,1,162,237
2023-01-03 20:55:12.000,2023-01-03 20:55:19.000,0,0,74,0,0,N,4,2,0.5,1,70,0,2.5,0,2,2,143,142
2023-01-03 20:25:03.000,2023-01-03 20:25:30.000,0.08,0,11.75,0,0,N,2,1,0.5,1,3,6,0,1.25,2,1,264,138
2023-01-03 20:32:58.000,2023-01-03 20:33:43.000,0.27,1,11.31,0,2.61,N,1,1,0.5,1,3.7,1,2.5,0,2,1,114,144
2023-01-03 21:39:04.000,2023-01-03 21:40:55.000,0.4,1,12.2,0,2.8,N,1,1,0.5,1,4.4,3.5,2.5,0,1,1,236,237
2023-01-03 21:49:12.000,2023-01-03 21:50:53.000,0.4,1,9.4,0,0,N,2,1,0.5,1,4.4,1,2.5,0,2,1,107,79
2023-01-03 20:59:36.000,2023-01-03 21:00:46.000,0.55,1,6.9,0,0,N,2,1,0.5,1,4.4,1,0,0,2,1,75,74
2023-01-03 21:44:09.000,2023-01-03 21:45:35.000,0.5,1,10.34,0,0.94,N,1,1,0.5,1,4.4,3.5,2.5,0,1,1,125,249
2023-01-03 21:55:30.000,2023-01-03 21:56:50.000,0.45,1,11.28,0,1.88,N,1,1,0.5,1,4.4,1,2.5,0,2,1,141,262
2023-01-03 21:38:02.000,2023-01-03 21:38:59.000,0.4,0,9.4,0,0,N,2,1,0.5,1,4.4,3.5,2.5,0,1,1,142,239
2023-01-03 21:44:15.000,2023-01-03 21:45:41.000,0.3,1,11.25,0,1.85,N,1,1,0.5,1,4.4,3.5,2.5,0,1,1,236,237
2023-01-21 00:31:42.000,2023-01-21 00:32:58.000,0.19,1,8.7,0,0,N,4,1,0.5,1,3.7,1,2.5,0,2,1,144,114
2023-01-21 00:42:26.000,2023-01-21 00:42:29.000,0,0,45.38,0,3.88,N,1,1,0.5,1,40,0,0,0,2,5,168,264
2023-01-21 00:58:24.000,2023-01-21 00:59:41.000,0.3,1,10.4,0,1.7,N,1,1,0.5,1,3.7,3.5,2.5,0,1,1,68,90
2023-01-21 00:14:16.000,2023-01-21 00:15:44.000,0.41,1,9.4,0,0,N,1,1,0.5,1,4.4,1,2.5,0,2,1,164,170
2023-01-21 00:49:00.000,2023-01-21 00:50:40.000,0.38,1,11.28,0,1.88,N,1,1,0.5,1,4.4,1,2.5,0,2,1,142,163
2023-01-21 00:19:06.000,2023-01-21 00:19:28.000,0.05,0,100.2,0,16.7,N,1,1,0,1,80,0,2.5,0,2,5,79,114
2023-01-21 00:09:13.000,2023-01-21 00:10:51.000,0.1,1,8.7,0,0,N,2,1,0.5,1,3.7,3.5,2.5,0,1,1,45,231
2023-01-21 00:01:50.000,2023-01-21 00:02:04.000,0.04,1,8,0,0,N,2,1,0.5,1,3,1,2.5,0,2,1,68,246
2023-01-21 01:20:47.000,2023-01-21 01:20:50.000,0.1,0,36.5,0,0,N,2,1,0.5,1,35,0,0,0,2,5,244,264
2023-01-21 01:38:21.000,2023-01-21 01:39:42.000,0,1,8.7,0,0,N,4,1,0.5,1,3.7,3.5,2.5,0,1,1,246,68
2023-01-21 01:20:19.000,2023-01-21 01:21:54.000,0.32,1,11.75,0,2.35,N,1,5,0.5,1,4.4,1,2.5,0,2,1,229,233
2023-01-21 01:08:15.000,2023-01-21 01:09:11.000,0.2,1,8.7,0,0,N,2,1,0.5,1,3.7,1,2.5,0,2,1,114,113
2023-01-21 01:41:03.000,2023-01-21 01:42:38.000,0.43,1,11,0,1.6,N,1,2,0.5,1,4.4,1,2.5,0,2,1,48,163
2023-01-21 01:39:39.000,2023-01-21 01:40:01.000,0.03,1,8,0,0,N,2,1,0.5,1,3,1,2.5,0,2,1,233,7
2023-01-21 01:28:28.000,2023-01-21 01:28:31.000,0,0,5.5,0,0,N,3,1,0.5,1,3,1,0,0,2,1,170,264
2023-01-21 01:01:06.000,2023-01-21 01:02:53.000,0.6,1,11.1,0,1,N,1,1,0.5,1,5.1,3.5,2.5,0,1,1,162,161
2023-01-21 01:48:41.000,2023-01-21 01:48:43.000,0.02,0,15.52,0,0.02,N,1,1,0.5,1,14,0,0,0,2,5,148,264
2023-01-21 01:56:01.000,2023-01-21 01:57:24.000,0.28,1,10.44,0,1.74,N,1,1,0.5,1,3.7,1,2.5,0,2,1,142,239
2023-01-21 01:07:13.000,2023-01-21 01:08:50.000,0.31,1,10.44,0,1.74,N,1,2,0.5,1,3.7,1,2.5,0,2,1,48,163
2023-01-21 02:36:00.000,2023-01-21 02:36:27.000,0.06,0,8,0,0,N,4,1,0.5,1,3,1,2.5,0,2,1,158,249
2023-01-21 02:29:22.000,2023-01-21 02:30:38.000,0.4,1,9.4,0,0,N,1,2,0.5,1,4.4,3.5,2.5,0,1,1,68,246
2023-01-21 02:04:27.000,2023-01-21 02:05:49.000,0.43,1,14.4,0,5,N,1,1,0.5,1,4.4,1,2.5,0,2,1,79,107
2023-01-21 02:05:30.000,2023-01-21 02:05:34.000,0,0,19.9,0,0,N,4,4,0,1,16.4,0,2.5,0,2,5,162,163
2023-01-21 02:34:53.000,2023-01-21 02:35:52.000,0.29,1,9.57,0,0.87,N,1,1,0.5,1,3.7,1,2.5,0,2,1,229,233
2023-01-21 02:01:09.000,2023-01-21 02:02:32.000,0.3,1,8.7,0,0,N,2,1,0.5,1,3.7,3.5,2.5,0,1,1,229,162
2023-01-21 02:11:07.000,2023-01-21 02:12:29.000,0.14,1,10.87,0,2.17,N,1,1,0.5,1,3.7,1,2.5,0,2,1,163,230
2023-01-21 02:39:27.000,2023-01-21 02:39:41.000,0,0,8,0,0,N,4,2,0.5,1,3,3.5,2.5,0,1,1,142,264
2023-01-21 02:35:30.000,2023-01-21 02:36:17.000,0.35,1,10.44,0,1.74,N,1,2,0.5,1,3.7,1,2.5,0,2,1,263,141
2023-01-21 02:23:03.000,2023-01-21 02:24:47.000,0.25,1,8.7,0,0,N,2,1,0.5,1,3.7,1,2.5,0,2,1,100,230
2023-01-21 02:09:18.000,2023-01-21 02:10:54.000,0.58,1,9.4,0,0,N,1,2,0.5,1,4.4,1,2.5,0,2,1,263,141
2023-01-21 02:07:23.000,2023-01-21 02:08:57.000,0.41,1,11.28,0,1.88,N,1,1,0.5,1,4.4,1,2.5,0,2,1,263,140
2023-01-21 02:05:24.000,2023-01-21 02:06:11.000,0.04,1,65.25,12.75,0,N,1,1,0,1,49,0,2.5,0,2,5,90,249
2023-01-21 02:18:34.000,2023-01-21 02:18:37.000,0,0,13.2,0,2.2,N,1,1,0,1,10,0,0,0,2,5,231,264
2023-01-21 02:21:42.000,2023-01-21 02:22:57.000,0.19,1,8.7,0,0,N,1,1,0.5,1,3.7,1,2.5,0,2,1,87,209
2023-01-21 02:54:17.000,2023-01-21 02:55:50.000,0.44,1,11.28,0,1.88,N,1,3,0.5,1,4.4,1,2.5,0,2,1,263,141
2023-01-21 03:00:00.000,2023-01-21 03:01:26.000,0.27,1,10.44,0,1.74,N,1,1,0.5,1,3.7,1,2.5,0,2,1,148,144
2023-01-21 03:09:26.000,2023-01-21 03:09:29.000,0.15,0,41,0,0,N,1,1,0,1,40,0,0,0,2,5,48,264
2023-01-21 03:49:18.000,2023-01-21 03:50:45.000,0.78,1,14.1,0,4,N,1,1,0.5,1,5.1,1,2.5,0,2,1,140,263
2023-01-21 03:16:26.000,2023-01-21 03:17:58.000,0.42,1,9.4,0,0,N,2,2,0.5,1,4.4,1,2.5,0,2,1,230,100
2023-01-21 03:17:34.000,2023-01-21 03:18:53.000,0.14,1,8.7,0,0,N,4,1,0.5,1,3.7,1,2.5,0,2,1,90,234
2023-01-21 03:20:14.000,2023-01-21 03:21:43.000,0.51,1,11.28,0,1.88,N,1,3,0.5,1,4.4,1,2.5,0,2,1,239,238
2023-01-21 03:13:49.000,2023-01-21 03:14:47.000,0.46,1,29.4,0,20,N,1,2,0.5,1,4.4,1,2.5,0,2,1,107,137
2023-01-21 03:08:47.000,2023-01-21 03:09:52.000,0.29,1,9.7,0,1,N,1,3,0.5,1,3.7,1,2.5,0,2,1,234,164
2023-01-21 03:39:12.000,2023-01-21 03:40:58.000,0.25,1,10.44,0,1.74,N,1,1,0.5,1,3.7,1,2.5,0,2,1,137,170
2023-01-21 03:12:28.000,2023-01-21 03:13:58.000,0.3,1,11.25,0,1.85,N,1,2,0.5,1,4.4,3.5,2.5,0,1,1,79,4
2023-01-21 03:03:29.000,2023-01-21 03:04:50.000,0.4,1,9.4,0,0,N,1,1,0.5,1,4.4,3.5,2.5,0,1,1,164,100
2023-01-21 03:51:52.000,2023-01-21 03:52:54.000,0.51,1,9.5,0,0.1,N,1,2,0.5,1,4.4,1,2.5,0,2,1,162,229
2023-01-21 03:09:33.000,2023-01-21 03:09:39.000,0,0,18.36,0,3.06,N,1,1,0,1,11.8,0,2.5,0,2,5,90,68
2023-01-21 04:15:04.000,2023-01-21 04:16:26.000,0.4,1,11.25,0,1.85,N,1,1,0.5,1,4.4,3.5,2.5,0,1,1,79,224
2023-01-21 04:32:25.000,2023-01-21 04:32:51.000,0,0,5.5,0,0,N,4,1,0.5,1,3,1,0,0,1,1,189,181
2023-01-21 04:59:05.000,2023-01-21 04:59:49.000,0.5,0,13.45,6.55,0,N,2,1,0.5,1,4.4,1,0,0,2,1,168,194
2023-01-21 04:01:07.000,2023-01-21 04:02:54.000,0.62,1,12.12,0,2.02,N,1,1,0.5,1,5.1,1,2.5,0,2,1,79,107
2023-01-21 04:16:26.000,2023-01-21 04:17:32.000,0.46,1,9.4,0,0,N,2,1,0.5,1,4.4,1,2.5,0,2,1,211,249
2023-01-21 04:10:30.000,2023-01-21 04:11:19.000,0.1,1,8,0,0,N,4,1,0.5,1,3,1,2.5,0,2,1,100,48
2023-01-21 04:17:11.000,2023-01-21 04:18:24.000,0.13,1,8.7,0,0,N,4,1,0.5,1,3.7,1,2.5,0,2,1,148,232
2023-01-21 04:12:11.000,2023-01-21 04:13:57.000,0.31,1,11.28,0,1.88,N,1,1,0.5,1,4.4,1,2.5,0,2,1,163,142
2023-01-21 04:30:34.000,2023-01-21 04:30:48.000,0.01,0,8,0,0,N,3,1,0.5,1,3,1,2.5,0,2,1,141,140
2023-01-21 04:21:41.000,2023-01-21 04:22:03.000,0.05,1,161,0,0,N,2,1,0,1,160,0,0,0,2,5,166,152
2023-01-21 04:35:05.000,2023-01-21 04:35:09.000,0,0,193.2,0,32.2,N,1,1,0,1,160,0,0,0,2,5,116,42
2023-01-21 05:29:10.000,2023-01-21 05:30:21.000,0.5,1,11.25,0,1.85,N,1,0,0.5,1,4.4,3.5,2.5,0,1,1,263,236
2023-01-21 05:06:54.000,2023-01-21 05:07:14.000,0.29,1,19.3,13.1,0,N,2,1,0.5,1,3.7,1,0,0,2,1,14,6
2023-01-21 05:02:48.000,2023-01-21 05:02:51.000,0,0,92.3,0,21.3,N,1,1,0,1,70,0,0,0,2,5,265,264
2023-01-21 05:48:00.000,2023-01-21 05:49:56.000,0.3,1,8.7,0,0,N,1,1,0.5,1,3.7,3.5,2.5,0,1,1,48,230
2023-01-21 05:00:21.000,2023-01-21 05:01:49.000,0.4,1,19.4,0,10,N,1,1,0.5,1,4.4,3.5,2.5,0,1,1,90,186
2023-01-21 05:17:09.000,2023-01-21 05:17:51.000,0,0,8,0,0,N,2,1,0.5,1,3,3.5,2.5,0,1,1,43,163
2023-01-21 05:23:50.000,2023-01-21 05:23:59.000,0,0,25.2,0,4.2,N,1,1,0,1,20,0,0,0,2,5,226,82
2023-01-21 05:50:01.000,2023-01-21 05:50:54.000,0.25,0,100.86,0,16.81,N,1,1,0.5,1,82.55,0,0,0,2,5,262,264
2023-01-21 06:40:22.000,2023-01-21 06:41:59.000,0.44,1,8.4,0,0,N,2,1,0.5,1,4.4,0,2.5,0,2,1,162,229
2023-01-21 07:00:21.000,2023-01-21 07:01:55.000,0.3,1,8.4,0,0,N,2,1,0.5,1,4.4,0,2.5,0,2,1,48,230
2023-01-21 06:23:27.000,2023-01-21 06:24:34.000,0.39,1,10.4,0,1,N,1,1,0.5,1,4.4,1,2.5,0,2,1,107,137
2023-01-21 06:19:43.000,2023-01-21 06:19:45.000,0,0,71,0,10,N,1,1,0,1,60,0,0,0,2,5,97,264
2023-01-21 06:55:27.000,2023-01-21 06:56:23.000,0.38,1,7.7,0,0,N,2,1,0.5,1,3.7,0,2.5,0,2,1,246,50
2023-01-21 06:45:04.000,2023-01-21 06:45:14.000,4.56,0,78.05,6.55,0,N,1,4,0.5,1,70,0,0,0,2,2,264,230
2023-01-21 07:51:24.000,2023-01-21 07:52:53.000,0.48,1,10.5,0,2.1,N,1,1,0.5,1,4.4,0,2.5,0,2,1,262,236
2023-01-21 07:00:23.000,2023-01-21 07:01:28.000,0.3,1,7.7,0,0,N,2,1,0.5,1,3.7,0,2.5,0,2,1,137,170
2023-01-21 07:43:22.000,2023-01-21 07:44:34.000,0.29,1,7.7,0,0,N,2,1,0.5,1,3.7,0,2.5,0,2,1,68,246
2023-01-21 07:49:29.000,2023-01-21 07:50:55.000,0.58,1,10.5,0,2.1,N,1,1,0.5,1,4.4,0,2.5,0,2,1,137,170
2023-01-21 07:19:42.000,2023-01-21 07:20:39.000,0.3,1,7.7,0,0,N,2,1,0.5,1,3.7,2.5,2.5,0,1,1,161,230
2023-01-21 07:47:19.000,2023-01-21 07:48:40.000,0.52,1,8.4,0,0,N,2,1,0.5,1,4.4,0,2.5,0,2,1,48,50
2023-01-21 07:24:23.000,2023-01-21 07:25:40.000,0.29,1,8.7,0,1,N,1,1,0.5,1,3.7,0,2.5,0,2,1,229,141
2023-01-21 07:58:07.000,2023-01-21 07:58:56.000,0.02,0,7,0,0,N,3,5,0.5,1,3,0,2.5,0,2,1,48,100
2023-01-21 07:53:13.000,2023-01-21 07:54:39.000,0.37,1,8.4,0,0,N,2,1,0.5,1,4.4,0,2.5,0,2,1,237,236
2023-01-21 07:10:06.000,2023-01-21 07:11:50.000,0.6,1,10.92,0,1.82,N,1,4,0.5,1,5.1,0,2.5,0,2,1,140,141
2023-01-21 08:16:11.000,2023-01-21 08:17:41.000,0.4,1,10.92,0,2.52,N,1,1,0.5,1,4.4,2.5,2.5,0,1,1,141,229
2023-01-21 08:31:58.000,2023-01-21 08:32:58.000,0.3,1,7.7,0,0,N,2,0,0.5,1,3.7,2.5,2.5,0,1,1,50,48
2023-01-21 08:53:09.000,2023-01-21 08:54:54.000,0.73,1,7.33,0,0.73,N,1,1,0.5,1,5.1,0,0,0,2,1,238,24
2023-01-21 08:32:17.000,2023-01-21 08:33:37.000,0.3,1,7.7,0,0,N,2,1,0.5,1,3.7,2.5,2.5,0,1,1,162,237
2023-01-21 08:17:02.000,2023-01-21 08:18:50.000,0.5,1,7.4,0,1.5,N,1,1,0.5,1,4.4,0,0,0,1,1,52,33
2023-01-21 08:47:31.000,2023-01-21 08:48:55.000,0.4,1,10.5,0,2.1,N,1,1,0.5,1,4.4,2.5,2.5,0,1,1,141,236
2023-01-21 08:15:26.000,2023-01-21 08:15:32.000,0.01,0,64.2,0,10.7,N,1,1,0,1,50,0,2.5,0,2,5,162,233
2023-01-21 08:11:18.000,2023-01-21 08:11:20.000,0,0,83,0,0,N,1,1,0,1,82,0,0,0,2,5,142,264
2023-01-21 09:48:34.000,2023-01-21 09:49:53.000,0.2,1,7.7,0,0,N,2,1,0.5,1,3.7,2.5,2.5,0,1,1,50,48
2023-01-21 09:34:27.000,2023-01-21 09:34:38.000,0.02,0,7,0,0,N,2,1,0.5,1,3,0,2.5,0,2,1,186,100
2023-01-21 09:38:13.000,2023-01-21 09:39:56.000,0.62,1,10.92,0,1.82,N,1,1,0.5,1,5.1,0,2.5,0,2,1,186,90
2023-01-21 09:57:52.000,2023-01-21 09:58:36.000,0.1,1,55.2,0,9.2,N,1,1,0,1,45,0,0,0,1,5,48,246
2023-01-21 09:41:12.000,2023-01-21 09:42:56.000,0.68,1,10.92,0,1.82,N,1,1,0.5,1,5.1,0,2.5,0,2,1,229,141
2023-01-21 09:59:15.000,2023-01-21 10:00:48.000,0.53,1,10.08,0,1.68,N,1,1,0.5,1,4.4,0,2.5,0,2,1,114,79
2023-01-21 09:31:09.000,2023-01-21 09:31:45.000,0.1,0,7,0,0,N,2,1,0.5,1,3,0,2.5,0,2,1,141,237
2023-01-21 09:09:07.000,2023-01-21 09:10:49.000,0.4,1,11,0,2.6,N,1,1,0.5,1,4.4,0,2.5,0,2,1,90,68
2023-01-21 10:08:36.000,2023-01-21 10:09:51.000,0.4,1,8.4,0,0,N,2,1,0.5,1,4.4,2.5,2.5,0,1,1,263,262
2023-01-03 21:22:08.000,2023-01-03 21:23:38.000,0.44,1,11.28,0,1.88,N,1,1,0.5,1,4.4,1,2.5,0,2,1,211,249
2023-01-03 21:10:47.000,2023-01-03 21:11:28.000,0.02,1,93.66,6.55,15.61,N,1,1,0.5,1,70,0,0,0,2,2,238,151
2023-01-03 22:42:08.000,2023-01-03 22:43:34.000,0.5,1,9.4,0,0,N,2,2,0.5,1,4.4,3.5,2.5,0,1,1,233,137
2023-01-03 22:34:37.000,2023-01-03 22:35:19.000,0.07,1,10.5,0,0,N,2,1,0.5,1,3,6,0,0,2,1,264,138
2023-01-03 22:10:01.000,2023-01-03 22:11:27.000,0.48,1,6.9,0,0,N,4,3,0.5,1,4.4,1,0,0,2,1,7,146
2023-01-03 22:54:22.000,2023-01-03 22:55:49.000,0.41,1,10.34,0,0.94,N,1,6,0.5,1,4.4,1,2.5,0,2,1,263,141
2023-01-03 22:18:00.000,2023-01-03 22:19:26.000,0.36,1,9.4,0,0,N,2,1,0.5,1,4.4,1,2.5,0,2,1,142,143
2023-01-03 22:14:28.000,2023-01-03 22:15:58.000,0.42,1,9.4,0,0,N,2,2,0.5,1,4.4,1,2.5,0,2,1,137,170
2023-01-03 22:47:15.000,2023-01-03 22:47:56.000,0.03,0,53.5,0,0,N,4,1,0,1,50,0,2.5,0,2,5,237,141
2023-01-03 22:49:26.000,2023-01-03 22:49:32.000,0.03,0,53.5,0,0,N,1,1,0,1,50,0,2.5,0,2,5,141,140
2023-01-03 22:31:49.000,2023-01-03 22:32:13.000,0.07,1,8,0,0,N,3,2,0.5,1,3,1,2.5,0,2,1,230,48
2023-01-03 22:06:14.000,2023-01-03 22:07:38.000,0.4,1,11.75,0,2.35,N,1,1,0.5,1,4.4,3.5,2.5,0,1,1,234,113
2023-01-03 22:48:52.000,2023-01-03 22:49:54.000,0.11,1,75.25,0,0,N,4,1,0.5,1,70,0,2.5,1.25,2,2,264,138
2023-01-03 23:40:07.000,2023-01-03 23:41:44.000,0.37,1,8.97,0,2.07,N,1,1,0.5,1,4.4,1,0,0,2,1,166,151
2023-01-03 23:45:13.000,2023-01-03 23:46:48.000,0.61,1,11.92,0,1.82,N,1,1,0.5,1,5.1,1,2.5,0,2,1,263,75
2023-01-03 23:07:31.000,2023-01-03 23:08:08.000,0.06,1,11.75,0,0,N,4,1,0.5,1,3,6,0,1.25,2,1,264,138
2023-01-03 23:20:10.000,2023-01-03 23:21:49.000,0.7,1,12.12,0,2.02,N,1,1,0.5,1,5.1,1,2.5,0,2,1,142,238
2023-01-03 23:51:11.000,2023-01-03 23:51:13.000,0,0,5.5,0,0,N,4,1,0.5,1,3,1,0,0,2,1,132,264
2023-01-03 23:14:24.000,2023-01-03 23:15:50.000,0.13,1,8.7,0,0,N,4,1,0.5,1,3.7,1,2.5,0,2,1,262,263
2023-01-03 23:18:01.000,2023-01-03 23:19:39.000,0.4,1,10.81,0,1.41,N,1,0,0.5,1,4.4,3.5,2.5,0,1,1,249,113
2023-01-04 00:06:05.000,2023-01-04 00:07:37.000,0.59,1,12.12,0,2.02,N,1,1,0.5,1,5.1,1,2.5,0,2,1,186,90
2023-01-04 01:00:58.000,2023-01-04 01:01:01.000,0,1,111.08,0,0.08,N,1,1,0,1,110,0,0,0,2,5,265,264
2023-01-04 00:19:14.000,2023-01-04 00:20:35.000,0.22,1,8.7,0,0,N,2,1,0.5,1,3.7,1,2.5,0,2,1,230,142
2023-01-04 01:22:38.000,2023-01-04 01:22:41.000,0,0,87.05,0,0,N,4,2,0.5,1,85.55,0,0,0,2,5,142,264
2023-01-04 01:08:30.000,2023-01-04 01:09:51.000,0.46,1,12.69,0,3.29,N,1,1,0.5,1,4.4,1,2.5,0,2,1,141,263
2023-01-04 01:36:08.000,2023-01-04 01:37:24.000,0.4,1,10.4,0,1,N,1,0,0.5,1,4.4,3.5,2.5,0,1,1,107,137
2023-01-04 01:04:03.000,2023-01-04 01:04:08.000,0.03,0,5.5,0,0,N,2,1,0.5,1,3,1,0,0,2,1,132,219
2023-01-04 02:08:09.000,2023-01-04 02:08:12.000,0,0,66.5,0,10,N,1,2,0.5,1,55,0,0,0,2,5,265,264
2023-01-04 01:57:27.000,2023-01-04 01:58:44.000,0.58,1,13.4,0,4,N,1,1,0.5,1,4.4,1,2.5,0,2,1,140,141
2023-01-04 02:05:18.000,2023-01-04 02:05:55.000,0.1,0,8,0,0,N,4,1,0.5,1,3,3.5,2.5,0,1,1,114,249
2023-01-04 02:54:09.000,2023-01-04 02:54:12.000,0.23,0,55.2,0,9.2,N,1,1,0,1,45,0,0,0,2,5,161,264
2023-01-04 02:10:47.000,2023-01-04 02:11:44.000,0.36,1,8.7,0,0,N,2,2,0.5,1,3.7,1,2.5,0,2,1,263,159
2023-01-04 02:00:22.000,2023-01-04 02:01:24.000,0.1,1,8.7,0,0,N,2,1,0.5,1,3.7,3.5,2.5,0,1,1,48,50
2023-01-04 02:10:10.000,2023-01-04 02:11:52.000,0.45,1,10.4,0,1,N,1,1,0.5,1,4.4,1,2.5,0,2,1,68,100
2023-01-04 03:20:09.000,2023-01-04 03:21:49.000,0.64,1,12.62,0,2.52,N,1,2,0.5,1,5.1,1,2.5,0,2,1,263,141
2023-01-04 04:38:57.000,2023-01-04 04:39:09.000,0,1,118.8,22.8,5,N,1,1,0,1,90,0,0,0,2,5,264,1
2023-01-04 04:40:20.000,2023-01-04 04:41:25.000,0,1,8,0,0,N,3,1,0.5,1,3,3.5,2.5,0,1,1,79,114
2023-01-04 05:13:08.000,2023-01-04 05:14:14.000,0.32,1,8.7,0,0,N,4,1,0.5,1,3.7,1,2.5,0,2,1,48,50
2023-01-04 05:51:39.000,2023-01-04 05:52:59.000,0.52,1,9.4,0,0,N,2,2,0.5,1,4.4,1,2.5,0,2,1,141,263
2023-01-04 05:23:41.000,2023-01-04 05:24:12.000,0.04,1,8,0,0,N,4,1,0.5,1,3,1,2.5,0,2,1,100,230
2023-01-04 05:32:51.000,2023-01-04 05:33:06.000,0,1,8,0,0,N,2,1,0.5,1,3,1,2.5,0,2,1,140,141
2023-01-04 06:09:08.000,2023-01-04 06:10:53.000,0.4,1,8.4,0,0,N,2,2,0.5,1,4.4,2.5,2.5,0,1,1,186,48
2023-01-04 06:29:08.000,2023-01-04 06:29:11.000,0.01,0,4.5,0,0,N,3,1,0.5,1,3,0,0,0,2,1,100,264
2023-01-04 06:14:28.000,2023-01-04 06:15:47.000,0.56,1,8.4,0,0,N,2,1,0.5,1,4.4,0,2.5,0,2,1,170,162
2023-01-04 06:39:44.000,2023-01-04 06:40:45.000,0.35,1,7.7,0,0,N,2,1,0.5,1,3.7,0,2.5,0,2,1,229,140
2023-01-04 06:40:41.000,2023-01-04 06:40:46.000,0,0,74,0,0,N,4,2,0.5,1,70,0,2.5,0,2,2,48,100
2023-01-04 06:47:33.000,2023-01-04 06:47:45.000,0.04,0,7,0,0,N,4,1,0.5,1,3,0,2.5,0,2,1,162,170
2023-01-04 06:16:03.000,2023-01-04 06:17:37.000,0.39,1,9.4,0,0,N,2,1,0.5,1,4.4,1,2.5,0,2,1,236,140
2023-01-04 06:02:29.000,2023-01-04 06:03:43.000,0.4,1,9.2,0,1.5,Y,1,1,0.8,0.3,4.4,2.5,2.5,0,1,1,48,68
2023-01-04 06:27:05.000,2023-01-04 06:28:37.000,0.55,1,10,0,1.6,N,1,1,0.5,1,4.4,0,2.5,0,2,1,230,186
2023-01-04 06:11:29.000,2023-01-04 06:11:32.000,0,0,92,0,10,N,1,2,0,1,81,0,0,0,2,5,132,264
2023-01-04 06:00:41.000,2023-01-04 06:00:53.000,0,0,78.05,6.55,0,N,2,1,0.5,1,70,0,0,0,2,2,74,70
2023-01-04 07:27:51.000,2023-01-04 07:28:17.000,0,1,7,0,0,N,3,1,0.5,1,3,0,2.5,0,2,1,100,230
2023-01-04 07:31:09.000,2023-01-04 07:31:32.000,0,0,7,0,0,N,3,1,0.5,1,3,2.5,2.5,0,1,1,163,43
2023-01-04 07:01:13.000,2023-01-04 07:02:47.000,0.36,1,10.08,0,1.68,N,1,1,0.5,1,4.4,0,2.5,0,2,1,48,68
2023-01-04 07:08:01.000,2023-01-04 07:08:05.000,0,0,11.52,0,1.92,N,1,1,0,1,8.6,0,0,0,2,5,236,264
2023-01-04 07:31:40.000,2023-01-04 07:32:52.000,0.31,1,5.2,0,0,N,2,1,0.5,1,3.7,0,0,0,2,1,52,33
2023-01-04 07:20:02.000,2023-01-04 07:21:29.000,0.3,1,5.2,0,0,N,2,1,0.5,1,3.7,0,0,0,1,1,52,33
2023-01-04 07:43:39.000,2023-01-04 07:43:58.000,0,0,18.5,0,0,N,1,1,0,1,15,0,2.5,0,2,5,140,141
2023-01-04 07:11:29.000,2023-01-04 07:12:45.000,0.35,1,5.2,0,0,N,2,1,0.5,1,3.7,0,0,0,2,1,78,47
2023-01-04 08:57:28.000,2023-01-04 08:57:43.000,0,0,4.5,0,0,N,2,1,0.5,1,3,0,0,0,2,1,264,193
2023-01-04 08:29:11.000,2023-01-04 08:30:59.000,0.48,1,8.4,0,0,N,2,1,0.5,1,4.4,0,2.5,0,2,1,100,186
2023-01-04 08:16:08.000,2023-01-04 08:17:22.000,0.5,1,10.05,0,1.65,N,1,2,0.5,1,4.4,2.5,2.5,0,1,1,263,236
2023-01-04 08:12:46.000,2023-01-04 08:13:00.000,0,1,89.8,0,8,N,1,1,0,1,78.3,0,2.5,0,2,5,170,164
2023-01-04 08:28:31.000,2023-01-04 08:28:50.000,0,0,141.5,0,70,N,1,1,0.5,1,70,0,0,0,2,2,1,264
2023-01-04 08:41:03.000,2023-01-04 08:42:38.000,0.62,1,10.92,0,1.82,N,1,1,0.5,1,5.1,0,2.5,0,2,1,140,262
2023-01-04 08:23:10.000,2023-01-04 08:24:23.000,0.34,1,9.24,0,1.54,N,1,1,0.5,1,3.7,0,2.5,0,2,1,186,164
2023-01-04 08:06:17.000,2023-01-04 08:07:57.000,0.4,1,10.08,0,1.68,N,1,1,0.5,1,4.4,0,2.5,0,2,1,141,140
2023-01-04 08:34:43.000,2023-01-04 08:35:32.000,0.12,1,7,0,0,N,1,1,0.5,1,3,0,2.5,0,2,1,263,75
2023-01-04 08:52:42.000,2023-01-04 08:53:57.000,0.24,1,5.2,0,0,N,2,1,0.5,1,3.7,0,0,0,2,1,151,238
2023-01-04 08:51:39.000,2023-01-04 08:51:55.000,0,0,5.4,0,0.9,N,1,1,0.5,1,3,0,0,0,2,1,62,61
2023-01-04 09:51:19.000,2023-01-04 09:51:30.000,0.02,0,7,0,0,N,2,1,0.5,1,3,0,2.5,0,2,1,79,113
2023-01-04 09:00:12.000,2023-01-04 09:00:16.000,0,0,71.5,0,0,N,3,1,0.5,1,70,0,0,0,2,2,264,70
2023-01-04 09:16:16.000,2023-01-04 09:17:44.000,0.42,1,8.4,0,0,N,2,1,0.5,1,4.4,0,2.5,0,2,1,262,263
2023-01-04 09:33:41.000,2023-01-04 09:34:12.000,0.07,1,4.5,0,0,N,2,1,0.5,1,3,0,0,0,2,1,42,74
2023-01-04 09:40:12.000,2023-01-04 09:41:16.000,0.1,1,7.7,0,0,N,4,1,0.5,1,3.7,2.5,2.5,0,1,1,113,249
2023-01-04 09:25:17.000,2023-01-04 09:26:57.000,0.24,1,8.86,0,1.16,N,1,1,0.5,1,3.7,0,2.5,0,2,1,162,229
2023-01-04 09:09:05.000,2023-01-04 09:10:41.000,0.53,1,10.08,0,1.68,N,1,1,0.5,1,4.4,0,2.5,0,2,1,90,164
2023-01-04 09:41:58.000,2023-01-04 09:42:56.000,0.13,1,7.7,0,0,N,4,1,0.5,1,3.7,0,2.5,0,2,1,229,162
2023-01-04 09:44:27.000,2023-01-04 09:45:53.000,0.07,1,11.45,0,0,N,4,1,0.5,1,3.7,5,0,1.25,2,1,264,138
2023-01-04 09:03:12.000,2023-01-04 09:04:26.000,0.14,1,9.24,0,1.54,N,1,1,0.5,1,3.7,0,2.5,0,2,1,237,141
2023-01-04 09:02:28.000,2023-01-04 09:03:27.000,0.04,1,24,0,4,N,1,5,0.5,1,16,0,2.5,0,2,5,68,246
2023-01-04 09:21:16.000,2023-01-04 09:22:23.000,0.36,1,9.24,0,1.54,N,1,2,0.5,1,3.7,0,2.5,0,2,1,125,249
2023-01-04 09:15:29.000,2023-01-04 09:16:27.000,0.17,1,7.7,0,0,N,1,1,0.5,1,3.7,0,2.5,0,2,1,88,87
2023-01-04 09:13:15.000,2023-01-04 09:13:42.000,0,0,20,0,1.5,N,1,1,0,1,15,0,2.5,0,2,5,161,162
2023-01-04 10:10:54.000,2023-01-04 10:11:00.000,0,1,82.55,0,0,N,2,4,0,1,81.55,0,0,0,2,5,264,145
2023-01-04 10:36:24.000,2023-01-04 10:37:42.000,0.4,1,10.05,0,1.65,N,1,1,0.5,1,4.4,2.5,2.5,0,1,1,237,161
2023-01-04 10:46:16.000,2023-01-04 10:47:29.000,0.27,1,7.7,0,0,N,2,1,0.5,1,3.7,0,2.5,0,2,1,151,238
2023-01-04 10:44:12.000,2023-01-04 10:45:59.000,0.3,1,9.9,0,1.5,N,1,1,0.5,1,4.4,2.5,2.5,0,1,1,107,79
2023-01-04 10:52:16.000,2023-01-04 10:53:41.000,0.45,1,10.5,0,2.1,N,1,1,0.5,1,4.4,0,2.5,0,2,1,141,237
2023-01-04 10:38:11.000,2023-01-04 10:39:45.000,0.32,1,7.7,0,0,N,2,1,0.5,1,3.7,0,2.5,0,2,1,234,164
2023-01-04 10:59:16.000,2023-01-04 11:00:50.000,0.55,1,10.08,0,1.68,N,1,1,0.5,1,4.4,0,2.5,0,2,1,186,249
2023-01-04 10:40:56.000,2023-01-04 10:41:05.000,0,1,7,0,0,N,2,1,0.5,1,3,0,2.5,0,2,1,100,164
2023-01-04 10:49:36.000,2023-01-04 10:50:58.000,0.33,1,9.24,0,1.54,N,1,1,0.5,1,3.7,0,2.5,0,2,1,68,48
2023-01-04 10:44:05.000,2023-01-04 10:44:15.000,0,0,97.91,6.55,16.11,N,1,4,0.5,1,70,0,2.5,1.25,2,2,230,100
2023-01-04 10:28:35.000,2023-01-04 10:28:55.000,0.25,0,24.7,0,0,N,2,1,0,1,23.7,0,0,0,2,3,134,93
2023-01-04 11:16:37.000,2023-01-04 11:17:47.000,0,1,5.2,0,0,N,2,1,0.5,1,3.7,0,0,0,2,1,264,260
2023-01-04 11:57:16.000,2023-01-04 11:58:18.000,0.21,1,7.7,0,0,N,2,1,0.5,1,3.7,0,2.5,0,2,1,233,229
2023-01-04 11:40:08.000,2023-01-04 11:41:56.000,0.4,1,8.4,0,0,N,2,1,0.5,1,4.4,2.5,2.5,0,1,1,237,162
2023-01-04 11:08:01.000,2023-01-04 11:09:46.000,0.29,1,8.4,0,0,N,2,1,0.5,1,4.4,0,2.5,0,2,1,140,262
2023-01-04 10:59:13.000,2023-01-04 11:00:11.000,0.25,1,8.7,0,1,N,1,3,0.5,1,3.7,0,2.5,0,2,1,163,161
2023-01-04 11:33:13.000,2023-01-04 11:34:38.000,0.64,1,9.1,0,0,N,2,1,0.5,1,5.1,0,2.5,0,2,1,239,43
2023-01-12 19:35:28.000,2023-01-12 19:35:30.000,0,0,105.96,0,17.66,N,1,1,0.5,1,86.8,0,0,0,2,5,262,264
2023-01-12 19:28:47.000,2023-01-12 19:28:56.000,0.01,0,9.5,0,0,N,3,4,0.5,1,3,2.5,2.5,0,2,1,161,162
2023-01-12 19:54:22.000,2023-01-12 19:55:51.000,0.32,1,11.7,0,1.5,N,1,1,0.5,1,3.7,2.5,2.5,0,2,1,68,246
2023-01-12 19:58:30.000,2023-01-12 19:58:32.000,0,0,18.36,0,3.06,N,1,2,0,0.3,15,0,0,0,2,5,48,264
2023-01-12 19:48:05.000,2023-01-12 19:49:45.000,0.41,1,10.9,0,0,N,2,1,0.5,1,4.4,2.5,2.5,0,2,1,140,262
2023-01-12 19:01:25.000,2023-01-12 19:02:35.000,0.17,1,12.24,0,2.04,N,1,1,0.5,1,3.7,2.5,2.5,0,2,1,114,113
2023-01-12 19:33:57.000,2023-01-12 19:34:51.000,0.26,1,10.2,0,0,N,4,1,0.5,1,3.7,2.5,2.5,0,2,1,262,263
2023-01-12 19:22:07.000,2023-01-12 19:22:28.000,0,0,12,0,0,N,4,1,0.5,1,3,7.5,0,0,2,1,264,138
2023-01-12 20:38:14.000,2023-01-12 20:38:17.000,0.12,0,23.5,0,0,N,1,1,0.5,1,22,0,0,0,2,5,146,264
2023-01-12 20:41:33.000,2023-01-12 20:42:59.000,0.5,1,11.25,0,1.85,N,1,1,0.5,1,4.4,3.5,2.5,0,1,1,162,237
2023-01-12 20:35:02.000,2023-01-12 20:36:55.000,0.63,1,10.1,0,0,N,2,1,0.5,1,5.1,1,2.5,0,2,1,229,140
2023-01-12 20:40:30.000,2023-01-12 20:41:45.000,0.49,1,9.4,0,0,N,1,1,0.5,1,4.4,1,2.5,0,2,1,239,238
2023-01-12 20:25:06.000,2023-01-12 20:26:25.000,0.44,1,11.28,0,1.88,N,1,1,0.5,1,4.4,1,2.5,0,2,1,100,186
2023-01-12 20:26:44.000,2023-01-12 20:26:52.000,2.31,0,20.2,0,1,N,1,1,0.5,1,14.2,3.5,0,0,2,1,249,264
2023-01-12 20:49:12.000,2023-01-12 20:50:33.000,0.34,1,10.88,0,2.18,N,1,1,0.5,1,3.7,1,2.5,0,2,1,263,262
2023-01-12 20:09:05.000,2023-01-12 20:09:58.000,0.02,0,10,0,2,N,1,1,0.5,1,3,1,2.5,0,2,1,68,90
2023-01-12 20:54:28.000,2023-01-12 20:55:59.000,0.4,1,11.25,0,1.85,N,1,3,0.5,1,4.4,3.5,2.5,0,1,1,140,263
2023-01-12 20:43:35.000,2023-01-12 20:43:47.000,0,0,9,0,0,N,1,1,0,1,8,0,0,0,2,5,264,42
2023-01-12 20:36:14.000,2023-01-12 20:37:52.000,0.3,1,8.7,0,0,N,1,1,0.5,1,3.7,3.5,2.5,0,1,1,100,186
2023-01-12 20:05:04.000,2023-01-12 20:06:26.000,0.4,1,11.28,0,1.88,N,1,1,0.5,1,4.4,1,2.5,0,2,1,162,237
2023-01-12 20:19:49.000,2023-01-12 20:20:49.000,0.24,1,10.44,0,1.74,N,1,1,0.5,1,3.7,1,2.5,0,2,1,68,158
2023-01-12 20:17:13.000,2023-01-12 20:17:31.000,0.01,0,10.5,0,0,N,4,1,0.5,1,3,6,0,0,2,1,70,138
2023-01-12 20:14:45.000,2023-01-12 20:15:23.000,0.7,1,8,0,0,N,2,1,0.5,1,3,3.5,2.5,0,1,1,237,236
2023-01-12 21:47:32.000,2023-01-12 21:47:36.000,0,0,5.63,0,0.13,N,1,1,0.5,1,3,1,0,0,2,1,264,193
2023-01-12 21:38:43.000,2023-01-12 21:39:23.000,0.21,1,10.7,0,2,N,1,1,0.5,1,3.7,1,2.5,0,2,1,229,262
2023-01-12 21:15:04.000,2023-01-12 21:16:14.000,0.19,1,11.31,0,2.61,N,1,1,0.5,1,3.7,1,2.5,0,2,1,237,141
2023-01-12 21:47:26.000,2023-01-12 21:48:40.000,0.37,1,10.87,0,2.17,N,1,1,0.5,1,3.7,1,2.5,0,2,1,48,163
2023-01-12 21:42:42.000,2023-01-12 21:43:45.000,0.45,1,11.75,0,2.35,N,1,1,0.5,1,4.4,1,2.5,0,2,1,263,141
2023-01-12 21:27:37.000,2023-01-12 21:27:53.000,0,0,91.8,6.55,10,N,1,1,0.5,1,70,0,2.5,1.25,2,2,263,236
2023-01-12 21:21:39.000,2023-01-12 21:22:50.000,0.44,1,9.4,0,0,N,2,5,0.5,1,4.4,1,2.5,0,2,1,239,142
2023-01-12 21:53:17.000,2023-01-12 21:54:32.000,0.34,1,9.57,0,0.87,N,1,1,0.5,1,3.7,1,2.5,0,2,1,48,163
2023-01-12 21:17:09.000,2023-01-12 21:18:41.000,0.25,1,9.7,0,1,N,1,1,0.5,1,3.7,1,2.5,0,2,1,237,161
2023-01-12 21:59:55.000,2023-01-12 21:59:58.000,0.03,0,86.5,0,5,N,1,1,0.5,1,80,0,0,0,2,5,82,162
2023-01-12 21:41:10.000,2023-01-12 21:42:54.000,0.36,1,11.28,0,1.88,N,1,1,0.5,1,4.4,1,2.5,0,2,1,237,236
2023-01-12 21:05:51.000,2023-01-12 21:05:55.000,0,0,104.4,0,17.4,N,1,1,0,1,86,0,0,0,2,5,75,263
2023-01-12 21:40:01.000,2023-01-12 21:41:09.000,0.25,1,10.27,0,1.57,N,1,1,0.5,1,3.7,1,2.5,0,2,1,114,249
2023-01-12 21:46:19.000,2023-01-12 21:47:02.000,0.11,1,8,0,0,N,2,1,0.5,1,3,1,2.5,0,2,1,162,237
2023-01-12 21:24:10.000,2023-01-12 21:24:19.000,0.03,0,5.5,0,0,N,3,1,0.5,1,3,1,0,0,2,1,65,97
2023-01-12 21:50:13.000,2023-01-12 21:51:59.000,0.61,1,11.1,0,1,N,1,1,0.5,1,5.1,1,2.5,0,2,1,162,170
2023-01-12 21:09:05.000,2023-01-12 21:09:08.000,0,0,61.8,0,10.3,N,1,1,0.5,1,50,0,0,0,2,5,138,264
2023-01-12 21:21:01.000,2023-01-12 21:22:58.000,0.31,1,11.28,0,1.88,N,1,2,0.5,1,4.4,1,2.5,0,2,1,161,170
2023-01-12 22:44:02.000,2023-01-12 22:45:46.000,0.38,1,11.28,0,1.88,N,1,1,0.5,1,4.4,1,2.5,0,2,1,151,238
2023-01-12 22:53:11.000,2023-01-12 22:53:20.000,0,0,38,0,30,N,1,1,0.5,1,3,1,2.5,0,2,1,262,263
2023-01-12 22:02:09.000,2023-01-12 22:03:49.000,0.7,1,13.1,0,3,N,1,2,0.5,1,5.1,3.5,2.5,0,1,1,140,263
2023-01-12 22:29:03.000,2023-01-12 22:30:11.000,0.04,1,8.7,0,0,N,2,1,0.5,1,3.7,1,2.5,0,2,1,239,238
2023-01-12 22:40:53.000,2023-01-12 22:41:19.000,0.05,1,85.55,6.55,5,N,1,1,0.5,1,70,0,2.5,0,2,2,236,263
2023-01-12 22:24:06.000,2023-01-12 22:25:14.000,0.34,1,10.44,0,1.74,N,1,2,0.5,1,3.7,1,2.5,0,2,1,238,239
2023-01-12 22:13:44.000,2023-01-12 22:13:49.000,0.03,0,54,0,9,N,1,1,0,1,44,0,0,0,2,5,17,225
2023-01-12 22:36:40.000,2023-01-12 22:37:31.000,0.18,1,8.7,0,0,N,2,1,0.5,1,3.7,1,2.5,0,2,1,170,233
2023-01-12 22:25:17.000,2023-01-12 22:26:52.000,0.41,1,9.4,0,0,N,2,1,0.5,1,4.4,1,2.5,0,2,1,234,90
2023-01-12 22:05:53.000,2023-01-12 22:06:14.000,1.6,1,8,0,0,N,4,1,0.5,1,3,3.5,2.5,0,1,1,141,237
2023-01-12 22:06:29.000,2023-01-12 22:07:57.000,0.37,1,11.28,0,1.88,N,1,1,0.5,1,4.4,1,2.5,0,2,1,141,236
2023-01-12 22:04:30.000,2023-01-12 22:05:42.000,0.24,1,100.2,0,16.7,N,1,1,0,1,80,0,2.5,0,2,5,161,230
2023-01-12 22:45:04.000,2023-01-12 22:45:11.000,0,0,74,0,0,N,4,2,0.5,1,70,0,2.5,0,2,2,186,100
2023-01-12 22:28:23.000,2023-01-12 22:29:39.000,0.4,1,6.9,0,0,N,2,1,0.5,1,4.4,1,0,0,2,1,238,43
2023-01-12 22:25:00.000,2023-01-12 22:26:43.000,0.5,1,9.4,0,0,N,2,1,0.5,1,4.4,3.5,2.5,0,1,1,164,234
2023-01-12 22:16:20.000,2023-01-12 22:17:13.000,0.02,1,8,0,0,N,3,2,0.5,1,3,1,2.5,0,2,1,211,114
2023-01-12 22:15:19.000,2023-01-12 22:15:22.000,0,0,9.12,0,1.82,N,1,1,0,0.3,7,0,0,0,2,5,137,264
2023-01-12 23:55:35.000,2023-01-12 23:55:40.000,0,0,94.91,0,18.98,N,1,1,0,1,72.43,0,2.5,0,2,5,100,164
2023-01-12 23:34:34.000,2023-01-12 23:35:59.000,0.57,1,9.87,0,0.47,N,1,1,0.5,1,4.4,1,2.5,0,2,1,239,238
2023-01-12 23:21:19.000,2023-01-12 23:22:57.000,0.3,1,9.4,0,0,N,2,1,0.5,1,4.4,3.5,2.5,0,1,1,264,237
2023-01-12 23:27:04.000,2023-01-12 23:28:59.000,0.77,1,11.1,0,1,N,1,1,0.5,1,5.1,1,2.5,0,2,1,262,75
2023-01-12 23:36:01.000,2023-01-12 23:37:57.000,0.6,1,12.1,0,2,N,1,1,0.5,1,5.1,3.5,2.5,0,1,1,164,137
2023-01-12 23:36:25.000,2023-01-12 23:37:43.000,1.1,1,84.3,6.55,0,N,1,1,0.5,1,70,6.25,0,1.25,1,2,138,223
2023-01-12 23:43:47.000,2023-01-12 23:44:48.000,0.14,1,8.7,0,0,N,2,1,0.5,1,3.7,1,2.5,0,2,1,229,233
2023-01-12 23:44:07.000,2023-01-12 23:45:48.000,0.5,1,11.28,0,1.88,N,1,1,0.5,1,4.4,1,2.5,0,2,1,141,236
2023-01-12 23:40:16.000,2023-01-12 23:41:39.000,0.43,1,11.75,0,2.35,N,1,1,0.5,1,4.4,1,2.5,0,2,1,263,141
2023-01-12 23:30:05.000,2023-01-12 23:31:58.000,0.66,1,12.12,0,2.02,N,1,1,0.5,1,5.1,1,2.5,0,2,1,114,90
2023-01-12 23:41:23.000,2023-01-12 23:42:22.000,0.18,1,8.7,0,0,N,2,1,0.5,1,3.7,1,2.5,0,2,1,100,186
2023-01-12 23:07:01.000,2023-01-12 23:07:15.000,0,0,16,0,8,N,1,1,0.5,1,3,1,2.5,0,2,1,87,209
2023-01-12 23:55:02.000,2023-01-12 23:55:10.000,0,0,111,0,10,N,1,1,0,1,100,0,0,0,2,5,186,90
2023-01-12 23:40:00.000,2023-01-12 23:41:54.000,0.47,1,11.28,0,1.88,N,1,1,0.5,1,4.4,1,2.5,0,2,1,90,234
2023-01-12 23:25:20.000,2023-01-12 23:26:48.000,0,1,8.7,0,0,N,2,1,0.5,1,3.7,1,2.5,0,2,1,236,263
2023-01-13 00:09:14.000,2023-01-13 00:10:19.000,0.2,1,7.92,0,0,N,2,2,0.5,1,3.7,2.72,2.5,0,1,1,186,68
2023-01-13 00:41:05.000,2023-01-13 00:42:54.000,0.57,1,11.28,0,1.88,N,1,1,0.5,1,4.4,1,2.5,0,2,1,233,229
2023-01-13 00:55:02.000,2023-01-13 00:56:35.000,0.6,1,12.12,0,2.02,N,1,1,0.5,1,5.1,1,2.5,0,2,1,237,141
2023-01-13 00:41:05.000,2023-01-13 00:41:19.000,0.06,0,8,0,0,N,4,1,0.5,1,3,1,2.5,0,2,1,143,142
2023-01-13 00:21:01.000,2023-01-13 00:22:46.000,0.3,1,11.4,0,2,Y,1,2,0.5,1,4.4,3.5,2.5,0,1,1,170,233
2023-01-13 01:57:04.000,2023-01-13 01:58:35.000,0.39,1,9.4,0,0,N,2,1,0.5,1,4.4,1,2.5,0,2,1,211,125
2023-01-13 01:22:07.000,2023-01-13 01:23:51.000,0.77,1,12.12,0,2.02,N,1,1,0.5,1,5.1,1,2.5,0,2,1,263,141
2023-01-13 01:33:08.000,2023-01-13 01:34:50.000,0.34,1,9.4,0,0,N,2,1,0.5,1,4.4,1,2.5,0,2,1,48,50
2023-01-13 01:05:34.000,2023-01-13 01:06:09.000,0.05,1,8,0,0,N,2,1,0.5,1,3,1,2.5,0,2,1,114,113
2023-01-13 01:27:24.000,2023-01-13 01:28:30.000,0.41,1,11.28,0,1.88,N,1,1,0.5,1,4.4,1,2.5,0,2,1,100,186
2023-01-13 01:24:07.000,2023-01-13 01:25:26.000,0.29,1,10.44,0,1.74,N,1,1,0.5,1,3.7,1,2.5,0,2,1,161,163
2023-01-13 01:06:39.000,2023-01-13 01:06:54.000,0,0,53.5,0,0,N,1,1,0,1,50,0,2.5,0,2,5,100,56
2023-01-13 01:11:20.000,2023-01-13 01:12:40.000,0.48,1,11.28,0,1.88,N,1,1,0.5,1,4.4,1,2.5,0,2,1,170,233
2023-01-13 01:52:01.000,2023-01-13 01:53:58.000,0.7,1,12.1,0,2,N,1,1,0.5,1,5.1,3.5,2.5,0,1,1,249,90
2023-01-13 02:17:06.000,2023-01-13 02:18:58.000,0.73,1,12.12,0,2.02,N,1,1,0.5,1,5.1,1,2.5,0,2,1,141,137
2023-01-13 02:22:18.000,2023-01-13 02:23:57.000,0.6,1,10.1,0,0,N,1,3,0.5,1,5.1,3.5,2.5,0,1,1,79,107
2023-01-13 02:35:21.000,2023-01-13 02:36:54.000,0.37,1,11.28,0,1.88,N,1,1,0.5,1,4.4,1,2.5,0,2,1,246,68
2023-01-13 02:41:39.000,2023-01-13 02:42:39.000,0.09,1,8.7,0,0,N,2,1,0.5,1,3.7,1,2.5,0,2,1,144,148
2023-01-13 03:13:03.000,2023-01-13 03:14:35.000,0.69,1,11.1,0,1,N,1,1,0.5,1,5.1,1,2.5,0,2,1,48,68
2023-01-13 03:59:13.000,2023-01-13 03:59:20.000,0,0,85.8,0,14.3,N,1,2,0.5,1,70,0,0,0,2,2,264,138
2023-01-13 04:59:37.000,2023-01-13 04:59:40.000,0.09,0,86.5,0,0,N,2,2,0.5,1,85,0,0,0,2,5,216,264
2023-01-13 04:08:18.000,2023-01-13 04:09:03.000,0.28,1,8.7,0,0,N,4,5,0.5,1,3.7,1,2.5,0,2,1,249,90
2023-01-13 05:03:15.000,2023-01-13 05:04:39.000,0.13,1,8.7,0,0,N,4,1,0.5,1,3.7,1,2.5,0,2,1,158,249
2023-01-13 05:24:29.000,2023-01-13 05:25:32.000,0.3,1,7.4,0,1.2,N,1,1,0.5,1,3.7,1,0,0,1,1,151,24
2023-01-13 05:03:33.000,2023-01-13 05:04:42.000,0.6,1,9.4,0,0,N,1,1,0.5,1,4.4,3.5,2.5,0,1,1,50,48
2023-01-13 05:42:04.000,2023-01-13 05:42:47.000,0.1,0,8,0,0,N,4,1,0.5,1,3,3.5,2.5,0,1,1,163,230
2023-01-13 05:58:05.000,2023-01-13 05:58:11.000,0,0,8,0,0,N,2,1,0.5,1,3,1,2.5,0,2,1,186,68
2023-01-13 05:49:02.000,2023-01-13 05:50:40.000,0.43,1,12.1,0,2,N,1,2,0.5,1,5.1,1,2.5,0,2,1,264,137
2023-01-21 10:18:20.000,2023-01-21 10:19:47.000,0.5,1,10.05,0,1.65,N,1,1,0.5,1,4.4,2.5,2.5,0,1,1,170,233
2023-01-21 10:53:05.000,2023-01-21 10:54:33.000,0.39,1,8.4,0,0,N,2,1,0.5,1,4.4,0,2.5,0,2,1,140,141
2023-01-21 10:08:18.000,2023-01-21 10:09:54.000,0.3,1,7.08,0,1.18,N,1,1,0.5,1,4.4,0,0,0,2,1,238,151
2023-01-21 10:05:05.000,2023-01-21 10:05:14.000,0,0,7,0,0,N,2,1,0.5,1,3,0,2.5,0,2,1,164,170
2023-01-21 09:59:32.000,2023-01-21 10:00:38.000,0.41,1,10.08,0,1.68,N,1,3,0.5,1,4.4,0,2.5,0,2,1,263,236
2023-01-21 10:27:03.000,2023-01-21 10:28:58.000,0.65,1,10.1,0,1,N,1,1,0.5,1,5.1,0,2.5,0,2,1,170,162
2023-01-21 10:54:17.000,2023-01-21 10:55:11.000,0.2,1,7.7,0,0,N,2,1,0.5,1,3.7,2.5,2.5,0,1,1,142,143
2023-01-21 10:37:48.000,2023-01-21 10:37:49.000,0,0,81.5,0,0,N,1,1,0.5,1,80,0,0,0,2,5,75,264
2023-01-21 01:09:11.000,2023-01-21 01:09:14.000,0.01,0,71.5,0,0,N,2,1,0.5,1,70,0,0,0,2,2,237,264
2023-01-21 10:35:06.000,2023-01-21 10:36:26.000,0.4,1,9.4,0,1,N,1,1,0.5,1,4.4,2.5,2.5,0,1,1,162,141
2023-01-21 10:40:11.000,2023-01-21 10:41:23.000,0.04,1,7.7,0,0,N,2,1,0.5,1,3.7,0,2.5,0,2,1,164,100
2023-01-21 10:26:52.000,2023-01-21 10:27:28.000,0,1,7,0,0,N,2,1,0.5,1,3,0,2.5,0,2,1,246,68
2023-01-21 10:55:08.000,2023-01-21 10:56:59.000,0.79,1,9.1,0,0,N,2,1,0.5,1,5.1,0,2.5,0,2,1,90,186
2023-01-21 10:53:03.000,2023-01-21 10:54:52.000,0.51,1,7.92,0,1.32,N,1,1,0.5,1,5.1,0,0,0,2,1,166,24
2023-01-21 10:19:19.000,2023-01-21 10:19:21.000,0.08,0,65.94,0,4.44,N,1,1,0.5,1,60,0,0,0,2,5,138,264
2023-01-21 10:31:24.000,2023-01-21 10:32:42.000,0.17,1,6.24,0,1.04,N,1,1,0.5,1,3.7,0,0,0,2,1,264,238
2023-01-21 10:09:28.000,2023-01-21 10:09:30.000,0,0,62.22,0,10.37,N,1,1,0,1,50.85,0,0,0,2,5,37,264
2023-01-21 11:36:04.000,2023-01-21 11:37:06.000,0.36,1,9.24,0,1.54,N,1,6,0.5,1,3.7,0,2.5,0,2,1,230,100
2023-01-21 11:40:18.000,2023-01-21 11:41:33.000,0.3,1,10.05,0,1.65,N,1,1,0.5,1,4.4,2.5,2.5,0,1,1,163,230
2023-01-21 11:58:44.000,2023-01-21 11:59:07.000,0,1,21,0,14,N,1,4,0.5,1,3,0,2.5,0,2,1,236,43
2023-01-21 11:24:13.000,2023-01-21 11:25:45.000,0.5,1,10.5,0,2.1,N,1,3,0.5,1,4.4,0,2.5,0,2,1,236,75
2023-01-21 11:38:17.000,2023-01-21 11:39:40.000,0.4,1,9.4,0,1,N,1,1,0.5,1,4.4,0,2.5,0,2,1,90,234
2023-01-21 11:55:13.000,2023-01-21 11:56:16.000,0.3,1,10,0,2.3,N,1,1,0.5,1,3.7,2.5,2.5,0,1,1,239,142
2023-01-21 11:45:39.000,2023-01-21 11:46:53.000,0.45,1,10.08,0,1.68,N,1,4,0.5,1,4.4,0,2.5,0,2,1,236,263
2023-01-21 11:05:41.000,2023-01-21 11:05:46.000,0,0,76,0,5,N,1,1,0,1,70,0,0,0,2,5,36,37
2023-01-21 11:50:31.000,2023-01-21 11:51:11.000,0.2,1,9.2,0,1.5,N,1,2,0.5,1,3.7,2.5,2.5,0,1,1,163,237
2023-01-21 11:24:32.000,2023-01-21 11:25:37.000,0.32,1,8.08,0,0.38,N,1,2,0.5,1,3.7,0,2.5,0,2,1,141,263
2023-01-21 11:27:03.000,2023-01-21 11:28:24.000,0.29,1,9.24,0,1.54,N,1,1,0.5,1,3.7,0,2.5,0,2,1,263,236
2023-01-21 11:05:44.000,2023-01-21 11:06:48.000,0.29,1,9.24,0,1.54,N,1,1,0.5,1,3.7,0,2.5,0,2,1,113,90
2023-01-21 11:21:27.000,2023-01-21 11:22:57.000,0.54,1,10.08,0,1.68,N,1,1,0.5,1,4.4,0,2.5,0,2,1,229,162
2023-01-21 11:58:25.000,2023-01-21 11:58:28.000,0,0,65.58,0,10.93,N,1,2,0,1,53.65,0,0,0,2,5,225,264
2023-01-21 11:08:50.000,2023-01-21 11:09:45.000,0.29,1,9.24,0,1.54,N,1,1,0.5,1,3.7,0,2.5,0,2,1,236,263
2023-01-21 11:56:42.000,2023-01-21 11:57:34.000,0.04,1,7,0,0,N,3,1,0.5,1,3,0,2.5,0,2,1,137,170
2023-01-21 12:28:05.000,2023-01-21 12:29:34.000,0.5,1,10.05,0,1.65,N,1,1,0.5,1,4.4,2.5,2.5,0,1,1,162,237
2023-01-21 12:54:32.000,2023-01-21 12:55:07.000,0.04,1,7,0,0,N,4,1,0.5,1,3,0,2.5,0,2,1,237,162
2023-01-21 12:22:18.000,2023-01-21 12:23:48.000,0.52,1,9.4,0,1,N,1,1,0.5,1,4.4,0,2.5,0,2,1,239,142
2023-01-21 12:53:02.000,2023-01-21 12:54:40.000,0.48,1,9.24,0,0.84,N,1,1,0.5,1,4.4,0,2.5,0,2,1,141,229
2023-01-21 12:36:18.000,2023-01-21 12:37:50.000,0.23,1,9.24,0,1.54,N,1,2,0.5,1,3.7,0,2.5,0,2,1,143,50
2023-01-21 12:53:16.000,2023-01-21 12:54:35.000,0.2,1,10.7,0,3,N,1,1,0.5,1,3.7,2.5,2.5,0,1,1,90,186
2023-01-21 12:04:09.000,2023-01-21 12:04:18.000,0,0,78.05,6.55,0,N,1,2,0.5,1,70,0,0,0,2,2,170,233
2023-01-21 12:18:07.000,2023-01-21 12:19:51.000,0.42,1,8.4,0,0,N,2,1,0.5,1,4.4,0,2.5,0,2,1,48,143
2023-01-21 12:26:24.000,2023-01-21 12:27:39.000,0.4,1,10.9,0,2.5,N,1,1,0.5,1,4.4,2.5,2.5,0,1,1,161,163
2023-01-21 12:26:23.000,2023-01-21 12:27:06.000,0.4,1,100.8,0,16.8,N,1,1,0,1,83,0,0,0,1,5,264,132
2023-01-21 12:51:07.000,2023-01-21 12:52:59.000,0.63,1,10.1,0,1,N,1,1,0.5,1,5.1,0,2.5,0,2,1,237,236
2023-01-21 12:49:17.000,2023-01-21 12:50:36.000,0.4,1,9.9,0,1.5,N,1,1,0.5,1,4.4,0,2.5,0,2,1,263,75
2023-01-21 12:43:15.000,2023-01-21 12:44:13.000,0.29,1,6.24,0,1.04,N,1,1,0.5,1,3.7,0,0,0,2,1,41,166
2023-01-21 12:28:05.000,2023-01-21 12:28:31.000,0,0,4.5,0,0,N,2,1,0.5,1,3,0,0,0,2,1,75,43
2023-01-21 12:56:20.000,2023-01-21 12:56:51.000,0.1,0,7,0,0,N,2,2,0.5,1,3,0,2.5,0,2,1,161,162
2023-01-21 12:42:18.000,2023-01-21 12:43:34.000,0.3,1,9.24,0,1.54,N,1,1,0.5,1,3.7,0,2.5,0,2,1,161,170
2023-01-21 12:01:01.000,2023-01-21 12:02:41.000,0.35,1,8.4,0,0,N,2,1,0.5,1,4.4,0,2.5,0,2,1,164,234
2023-01-21 13:46:33.000,2023-01-21 13:47:44.000,0.29,1,9.24,0,1.54,N,1,1,0.5,1,3.7,0,2.5,0,2,1,236,263
2023-01-21 13:20:02.000,2023-01-21 13:21:26.000,0.4,1,8.4,0,0,N,2,1,0.5,1,4.4,2.5,2.5,0,1,1,238,239
2023-01-21 13:28:01.000,2023-01-21 13:29:42.000,0.43,1,10.92,0,2.52,N,1,1,0.5,1,4.4,0,2.5,0,2,1,237,236
2023-01-21 13:01:27.000,2023-01-21 13:02:23.000,0.27,1,7.7,0,0,N,2,3,0.5,1,3.7,0,2.5,0,2,1,143,50
2023-01-21 13:39:05.000,2023-01-21 13:40:17.000,0.32,1,8.7,0,1,N,1,1,0.5,1,3.7,0,2.5,0,2,1,262,263
2023-01-21 13:56:42.000,2023-01-21 13:56:58.000,0.14,0,61.2,0,10.2,N,1,1,0,1,50,0,0,0,2,5,223,129
2023-01-21 13:53:44.000,2023-01-21 13:53:49.000,0.04,0,4.5,0,0,N,2,1,0.5,1,3,0,0,0,2,1,204,99
2023-01-21 13:39:29.000,2023-01-21 13:40:28.000,0.16,1,5.2,0,0,N,2,1,0.5,1,3.7,0,0,0,2,1,146,7
2023-01-21 13:33:07.000,2023-01-21 13:34:38.000,0.48,1,10.08,0,1.68,N,1,1,0.5,1,4.4,0,2.5,0,2,1,237,236
2023-01-21 13:47:39.000,2023-01-21 13:48:53.000,0.19,1,8.47,0,0.77,N,1,1,0.5,1,3.7,0,2.5,0,2,1,164,170
2023-01-21 13:29:24.000,2023-01-21 13:30:55.000,0.33,1,8.4,0,0,N,2,1,0.5,1,4.4,0,2.5,0,2,1,140,262
2023-01-21 13:05:05.000,2023-01-21 13:06:46.000,0.31,1,10.08,0,1.68,N,1,5,0.5,1,4.4,0,2.5,0,2,1,236,263
2023-01-21 13:51:26.000,2023-01-21 13:52:30.000,0,1,7.7,0,0,N,2,1,0.5,1,3.7,0,2.5,0,2,1,186,68
2023-01-21 13:04:27.000,2023-01-21 13:05:55.000,0.19,1,9.63,0,1.93,N,1,1,0.5,1,3.7,0,2.5,0,2,1,68,90
2023-01-21 13:31:26.000,2023-01-21 13:32:20.000,0,1,7,0,0,N,4,2,0.5,1,3,0,2.5,0,2,1,68,90
2023-01-21 13:31:20.000,2023-01-21 13:32:36.000,0.08,1,10.2,0,0,N,3,1,0.5,1,3.7,5,0,0,2,1,264,138
2023-01-21 13:22:24.000,2023-01-21 13:22:26.000,0.12,0,96.6,0,16.1,N,1,1,0.5,1,79,0,0,0,2,5,148,264
2023-01-21 14:19:15.000,2023-01-21 14:20:05.000,0.1,1,6.5,0,1.3,N,1,1,0.5,1,3.7,0,0,0,1,1,151,238
2023-01-21 14:06:46.000,2023-01-21 14:07:59.000,0.2,1,7.7,0,0,N,4,1,0.5,1,3.7,2.5,2.5,0,1,1,162,170
2023-01-21 14:41:04.000,2023-01-21 14:42:59.000,0.37,1,10.4,0,2,N,1,1,0.5,1,4.4,0,2.5,0,2,1,113,107
2023-01-21 14:05:31.000,2023-01-21 14:06:34.000,0.74,1,75.25,0,0,N,3,2,0.5,1,70,0,2.5,1.25,2,2,132,10
2023-01-21 14:45:27.000,2023-01-21 14:45:30.000,0,0,69.6,0,11.6,N,1,1,0,1,57,0,0,0,2,5,225,264
2023-01-21 14:38:08.000,2023-01-21 14:39:56.000,0.4,1,10.5,0,2.1,N,1,1,0.5,1,4.4,2.5,2.5,0,1,1,142,239
2023-01-21 14:25:48.000,2023-01-21 14:26:49.000,0.3,1,9.2,0,1.5,N,1,1,0.5,1,3.7,2.5,2.5,0,1,1,140,263
2023-01-21 14:20:03.000,2023-01-21 14:20:09.000,0.06,0,106.8,0,17.8,N,1,1,0,1,88,0,0,0,2,5,134,135
2023-01-21 14:13:50.000,2023-01-21 14:14:51.000,0.3,1,8.7,0,1,N,1,5,0.5,1,3.7,0,2.5,0,2,1,237,236
2023-01-21 14:31:03.000,2023-01-21 14:32:38.000,0.4,1,8.4,0,0,N,2,1,0.5,1,4.4,0,2.5,0,2,1,163,161
2023-01-21 14:29:07.000,2023-01-21 14:30:49.000,0.48,1,10.08,0,1.68,N,1,1,0.5,1,4.4,0,2.5,0,2,1,164,161
2023-01-21 14:09:02.000,2023-01-21 14:10:33.000,0.37,1,10.92,0,2.52,N,1,1,0.5,1,4.4,0,2.5,0,2,1,162,170
2023-01-21 14:24:00.000,2023-01-21 14:25:21.000,0.18,1,9.63,0,1.93,N,1,1,0.5,1,3.7,0,2.5,0,2,1,230,161
2023-01-21 14:44:29.000,2023-01-21 14:45:09.000,0,1,9.5,0,0,N,3,1,0.5,1,3,5,0,0,1,1,70,138
2023-01-21 15:51:19.000,2023-01-21 15:51:21.000,0,0,31.8,0,5.3,N,1,1,0.5,1,25,0,0,0,2,5,164,264
2023-01-21 15:46:37.000,2023-01-21 15:47:52.000,0.56,1,8.4,0,0,N,2,1,0.5,1,4.4,0,2.5,0,2,1,263,141
2023-01-21 15:26:22.000,2023-01-21 15:27:41.000,0.3,1,9.7,0,2,N,1,1,0.5,1,3.7,2.5,2.5,0,1,1,238,239
2023-01-21 15:35:02.000,2023-01-21 15:36:36.000,0.25,1,9.24,0,1.54,N,1,2,0.5,1,3.7,0,2.5,0,2,1,236,262
2023-01-21 15:06:51.000,2023-01-21 15:07:11.000,0,1,7,0,0,N,4,1,0.5,1,3,0,2.5,0,2,1,125,249
2023-01-21 15:49:12.000,2023-01-21 15:50:58.000,0.3,1,10.05,0,1.65,N,1,0,0.5,1,4.4,2.5,2.5,0,1,1,151,238
2023-01-21 14:57:34.000,2023-01-21 14:57:36.000,0,0,11.62,0,10,N,1,2,0.5,1,0.12,0,0,0,2,5,236,264
2023-01-21 15:26:13.000,2023-01-21 15:27:01.000,0,1,3.51,0,0,N,3,1,0,1,0.01,0,2.5,0,2,5,87,209
2023-01-21 15:20:36.000,2023-01-21 15:21:23.000,0.17,1,7,0,0,N,4,1,0.5,1,3,0,2.5,0,2,1,68,246
2023-01-21 15:40:17.000,2023-01-21 15:41:38.000,0.4,1,9.4,0,1,N,1,2,0.5,1,4.4,2.5,2.5,0,1,1,237,141
2023-01-21 15:26:26.000,2023-01-21 15:27:51.000,0.49,1,8.4,0,0,N,2,1,0.5,1,4.4,0,2.5,0,2,1,239,142
2023-01-21 15:47:08.000,2023-01-21 15:48:30.000,0.2,1,11.45,0,0,N,2,1,0.5,1,3.7,5,0,1.25,2,1,264,138
2023-01-21 15:49:13.000,2023-01-21 15:49:42.000,0.15,0,24,0,0,N,2,1,0,1,23,0,0,0,2,3,180,63
2023-01-21 15:02:53.000,2023-01-21 15:03:01.000,0.03,1,7,0,0,N,2,1,0.5,1,3,0,2.5,0,2,1,141,237
2023-01-21 16:01:38.000,2023-01-21 16:02:15.000,0.05,1,7,0,0,N,2,1,0.5,1,3,0,2.5,0,2,1,163,230
2023-01-21 16:13:43.000,2023-01-21 16:14:47.000,0.14,1,74,0,0,N,2,1,0.5,1,70,0,2.5,0,2,2,142,48
2023-01-21 16:50:01.000,2023-01-21 16:51:49.000,0.32,1,10.08,0,1.68,N,1,1,0.5,1,4.4,0,2.5,0,2,1,90,234
2023-01-21 16:35:27.000,2023-01-21 16:35:32.000,0.05,0,112.26,0,18.71,N,1,1,0,1,92.55,0,0,0,2,5,80,232
2023-01-21 16:10:16.000,2023-01-21 16:11:48.000,0.53,1,10.08,0,1.68,N,1,2,0.5,1,4.4,0,2.5,0,2,1,79,107
2023-01-21 16:40:17.000,2023-01-21 16:40:33.000,0,0,8.4,0,1.4,N,1,1,0.5,1,3,0,2.5,0,2,1,236,43
2023-01-13 05:20:43.000,2023-01-13 05:21:02.000,0.12,1,8,0,0,N,3,1,0.5,1,3,1,2.5,0,2,1,90,113
2023-01-13 05:59:10.000,2023-01-13 06:00:49.000,0.7,1,12.1,0,2,N,1,1,0.5,1,5.1,3.5,2.5,0,1,1,107,137
2023-01-13 05:53:06.000,2023-01-13 05:53:55.000,0.2,0,8.7,0,0,N,3,1,0.5,1,3.7,1,2.5,0,2,1,100,48
2023-01-13 05:40:11.000,2023-01-13 05:41:41.000,0.18,1,8.7,0,0,N,3,1,0.5,1,3.7,1,2.5,0,2,1,186,90
2023-01-13 05:42:09.000,2023-01-13 05:43:29.000,0.3,1,8.7,0,0,N,2,0,0.5,1,3.7,3.5,2.5,0,1,1,186,48
2023-01-13 06:47:14.000,2023-01-13 06:48:45.000,0.5,1,9.4,0,1,N,1,1,0.5,1,4.4,0,2.5,0,2,1,263,236
2023-01-13 06:01:46.000,2023-01-13 06:02:51.000,0.5,1,10.05,0,1.65,N,1,1,0.5,1,4.4,2.5,2.5,0,1,1,113,234
2023-01-13 06:08:36.000,2023-01-13 06:09:48.000,0.48,1,10.08,0,1.68,N,1,1,0.5,1,4.4,0,2.5,0,2,1,90,68
2023-01-13 06:08:27.000,2023-01-13 06:08:41.000,0,0,136.56,22.8,22.76,N,1,1,0,1,90,0,0,0,2,5,264,1
2023-01-13 06:51:03.000,2023-01-13 06:51:15.000,0,0,32.4,0,5.4,N,1,2,0,1,23.5,0,2.5,0,2,5,264,140
2023-01-13 06:53:01.000,2023-01-13 06:53:40.000,0.25,0,9.24,0,1.54,N,1,1,0.5,1,3.7,0,2.5,0,2,1,68,48
2023-01-13 06:43:12.000,2023-01-13 06:44:43.000,0.36,1,8.7,0,1,N,1,1,0.5,1,3.7,0,2.5,0,2,1,186,100
2023-01-13 07:43:04.000,2023-01-13 07:44:53.000,0.38,1,8.4,0,0,N,2,1,0.5,1,4.4,0,2.5,0,2,1,239,238
2023-01-13 07:21:21.000,2023-01-13 07:22:26.000,0.43,1,10.08,0,1.68,N,1,1,0.5,1,4.4,0,2.5,0,2,1,236,75
2023-01-13 07:57:39.000,2023-01-13 07:58:57.000,0.5,1,9,0,1.5,N,1,1,0.5,1,3.5,2.5,2.5,0,1,1,236,75
2023-01-13 07:31:59.000,2023-01-13 07:32:01.000,0.06,1,129.5,0,40,N,1,1,0,1,86,0,2.5,0,2,5,161,264
2023-01-13 07:26:30.000,2023-01-13 07:26:32.000,0.5,0,97.2,0,16.2,N,1,1,0,1,80,0,0,0,2,5,132,264
2023-01-13 07:30:41.000,2023-01-13 07:31:00.000,0.01,1,96.66,6.55,16.11,N,1,1,0.5,1,70,0,2.5,0,2,2,50,143
2023-01-13 07:22:08.000,2023-01-13 07:23:46.000,0.46,1,8.4,0,0,N,1,1,0.5,1,4.4,0,2.5,0,2,1,48,50
2023-01-13 07:38:43.000,2023-01-13 07:38:49.000,0,0,100.2,0,16.7,N,1,1,0,1,80,0,2.5,0,2,5,164,100
2023-01-13 07:58:43.000,2023-01-13 07:58:45.000,0,0,86,0,0,N,1,4,0,1,85,0,0,0,2,5,132,264
2023-01-13 08:25:06.000,2023-01-13 08:26:56.000,0.3,1,10.08,0,1.68,N,1,1,0.5,1,4.4,2.5,2.5,0,1,1,113,107
2023-01-13 08:29:51.000,2023-01-13 08:30:58.000,0.3,1,7.7,0,0,N,2,1,0.5,1,3.7,2.5,2.5,0,1,1,107,79
2023-01-13 08:16:12.000,2023-01-13 08:17:06.000,0.24,1,9.24,0,1.54,N,1,1,0.5,1,3.7,0,2.5,0,2,1,237,163
2023-01-13 08:49:25.000,2023-01-13 08:50:53.000,0.52,1,9.66,0,1.26,N,1,1,0.5,1,4.4,0,2.5,0,2,1,239,143
2023-01-13 08:28:03.000,2023-01-13 08:29:45.000,0.33,1,10.08,0,1.68,N,1,1,0.5,1,4.4,0,2.5,0,2,1,90,249
2023-01-13 08:19:02.000,2023-01-13 08:20:08.000,0.52,1,7.08,0,1.18,N,1,1,0.5,1,4.4,0,0,0,2,1,43,151
2023-01-13 08:12:12.000,2023-01-13 08:13:58.000,0.49,1,10.4,0,2,N,1,1,0.5,1,4.4,0,2.5,0,2,1,233,140
2023-01-13 08:26:39.000,2023-01-13 08:27:45.000,0.24,1,10.01,0,2.31,N,1,1,0.5,1,3.7,0,2.5,0,2,1,170,161
2023-01-13 08:47:55.000,2023-01-13 08:48:53.000,0.16,1,7.7,0,0,N,2,1,0.5,1,3.7,0,2.5,0,2,1,162,233
2023-01-13 09:08:11.000,2023-01-13 09:09:03.000,0.07,1,4.5,0,0,N,2,1,0.5,1,3,0,0,0,2,1,151,24
2023-01-13 08:48:38.000,2023-01-13 08:48:41.000,0,0,4.5,0,0,N,2,2,0.5,1,3,0,0,0,2,1,151,264
2023-01-13 09:14:17.000,2023-01-13 09:15:41.000,0.44,1,10.08,0,1.68,N,1,1,0.5,1,4.4,0,2.5,0,2,1,79,107
2023-01-13 09:41:06.000,2023-01-13 09:42:28.000,0.26,1,9.7,0,2,N,1,1,0.5,1,3.7,0,2.5,0,2,1,79,107
2023-01-13 09:35:03.000,2023-01-13 09:36:52.000,0.4,1,9.4,0,1,N,1,1,0.5,1,4.4,2.5,2.5,0,1,1,141,237
2023-01-13 09:33:33.000,2023-01-13 09:34:53.000,0.25,1,9.24,0,1.54,N,1,1,0.5,1,3.7,0,2.5,0,2,1,170,107
2023-01-13 09:15:24.000,2023-01-13 09:16:32.000,0.46,1,9.4,0,1,N,1,6,0.5,1,4.4,0,2.5,0,2,1,48,50
2023-01-13 09:14:16.000,2023-01-13 09:15:55.000,0.3,1,8.4,0,0,N,2,1,0.5,1,4.4,2.5,2.5,0,1,1,234,113
2023-01-13 09:42:00.000,2023-01-13 09:43:26.000,0.53,1,10.08,0,1.68,N,1,1,0.5,1,4.4,0,2.5,0,2,1,50,246
2023-01-13 09:55:13.000,2023-01-13 09:56:11.000,0.3,1,9.2,0,1.5,N,1,1,0.5,1,3.7,2.5,2.5,0,1,1,48,230
2023-01-13 09:41:46.000,2023-01-13 09:42:02.000,0.05,1,23.5,0,0,N,1,1,0,1,20,0,2.5,0,2,5,107,164
2023-01-13 09:16:09.000,2023-01-13 09:17:56.000,0.37,1,10.5,0,2.1,N,1,1,0.5,1,4.4,0,2.5,0,2,1,186,100
2023-01-13 09:07:01.000,2023-01-13 09:08:32.000,0.61,1,8.25,0,1.65,N,1,3,0.5,1,5.1,0,0,0,2,1,238,43
2023-01-13 10:52:32.000,2023-01-13 10:53:57.000,0.3,1,5.2,0,0,N,2,1,0.5,1,3.7,0,0,0,1,1,238,151
2023-01-13 10:45:27.000,2023-01-13 10:46:40.000,0.3,1,12.7,0,5,N,1,1,0.5,1,3.7,2.5,2.5,0,1,1,107,79
2023-01-13 10:57:13.000,2023-01-13 10:58:37.000,0.41,1,9.4,0,1,N,1,1,0.5,1,4.4,0,2.5,0,2,1,186,90
2023-01-13 10:35:17.000,2023-01-13 10:36:22.000,0.48,1,5.9,0,0,N,2,1,0.5,1,4.4,0,0,0,2,1,238,151
2023-01-13 10:41:18.000,2023-01-13 10:42:56.000,0.24,1,7.7,0,0,N,2,1,0.5,1,3.7,0,2.5,0,2,1,162,170
2023-01-13 10:49:05.000,2023-01-13 10:50:28.000,0.45,1,10.08,0,1.68,N,1,1,0.5,1,4.4,0,2.5,0,2,1,140,262
2023-01-13 10:44:01.000,2023-01-13 10:45:55.000,0.31,1,10.08,0,1.68,N,1,1,0.5,1,4.4,0,2.5,0,2,1,50,142
2023-01-13 10:53:14.000,2023-01-13 10:54:32.000,0.38,1,7.7,0,0,N,2,1,0.5,1,3.7,0,2.5,0,2,1,236,237
2023-01-13 10:03:00.000,2023-01-13 10:04:51.000,0.55,1,10.1,0,1,N,1,1,0.5,1,5.1,0,2.5,0,2,1,143,50
2023-01-13 10:30:22.000,2023-01-13 10:31:32.000,0,1,7.7,0,0,N,2,2,0.5,1,3.7,0,2.5,0,2,1,43,142
2023-01-13 10:19:56.000,2023-01-13 10:20:34.000,0.11,1,7,0,0,N,2,1,0.5,1,3,0,2.5,0,2,1,142,143
2023-01-13 10:04:24.000,2023-01-13 10:05:58.000,0.53,1,9.2,0,0.8,N,1,1,0.5,1,4.4,0,2.5,0,2,1,125,249
2023-01-13 10:32:04.000,2023-01-13 10:33:41.000,0.35,1,8.4,0,0,N,2,1,0.5,1,4.4,0,2.5,0,2,1,263,262
2023-01-13 10:53:04.000,2023-01-13 10:54:48.000,0.32,1,10.5,0,2.1,N,1,1,0.5,1,4.4,0,2.5,0,2,1,48,50
2023-01-13 10:31:52.000,2023-01-13 10:32:23.000,0.06,1,7,0,0,N,2,1,0.5,1,3,0,2.5,0,2,1,233,229
2023-01-13 10:22:00.000,2023-01-13 10:22:14.000,0,0,17,0,10,N,1,1,0.5,1,3,0,2.5,0,2,1,142,48
2023-01-13 10:59:44.000,2023-01-13 11:00:27.000,0.04,1,7,0,0,N,1,1,0.5,1,3,0,2.5,0,2,1,234,164
2023-01-13 10:33:14.000,2023-01-13 10:34:50.000,0.3,1,9.2,0,1.5,N,1,1,0.5,1,3.7,2.5,2.5,0,1,1,68,186
2023-01-13 11:26:00.000,2023-01-13 11:27:24.000,0.37,1,9.24,0,1.54,N,1,1,0.5,1,3.7,0,2.5,0,2,1,48,142
2023-01-13 11:02:38.000,2023-01-13 11:03:42.000,0.18,1,7.7,0,0,N,2,2,0.5,1,3.7,0,2.5,0,2,1,264,50
2023-01-13 11:14:04.000,2023-01-13 11:14:12.000,0,0,8,0,1,N,1,1,0.5,1,3,0,2.5,0,2,1,249,125
2023-01-13 11:48:09.000,2023-01-13 11:49:36.000,0.26,1,74,0,0,N,2,2,0.5,1,70,0,2.5,0,2,2,107,164
2023-01-13 11:19:05.000,2023-01-13 11:20:49.000,0.45,1,8.4,0,0,N,2,1,0.5,1,4.4,0,2.5,0,2,1,236,263
2023-01-13 11:36:30.000,2023-01-13 11:36:36.000,0.06,0,87.05,0,14.3,N,1,2,0.5,1,70,0,0,1.25,2,2,264,138
2023-01-13 11:20:23.000,2023-01-13 11:21:25.000,0.22,1,9.24,0,1.54,N,1,1,0.5,1,3.7,0,2.5,0,2,1,229,141
2023-01-13 11:13:34.000,2023-01-13 11:14:45.000,0.32,1,9.24,0,1.54,N,1,1,0.5,1,3.7,0,2.5,0,2,1,48,50
2023-01-13 11:54:47.000,2023-01-13 11:55:20.000,0.02,1,12,0,0,N,2,1,0.5,1,3,5,2.5,0,2,1,264,138
2023-01-13 11:33:42.000,2023-01-13 11:33:47.000,0,0,4.5,0,0,N,4,1,0.5,1,3,0,0,0,2,1,7,193
2023-01-13 11:10:00.000,2023-01-13 11:11:24.000,0.36,1,9.24,0,1.54,N,1,1,0.5,1,3.7,0,2.5,0,2,1,163,161
2023-01-13 12:25:31.000,2023-01-13 12:25:45.000,0,0,4.5,0,0,N,2,4,0.5,1,3,0,0,0,2,1,193,7
2023-01-13 12:05:33.000,2023-01-13 12:05:38.000,0,0,4.95,0,0.45,N,1,3,0.5,1,3,0,0,0,2,1,7,193
2023-01-13 12:53:09.000,2023-01-13 12:54:58.000,0.57,1,6.6,0,0,N,4,1,0.5,1,5.1,0,0,0,2,1,42,41
2023-01-13 12:34:53.000,2023-01-13 12:35:50.000,0.03,1,4.5,0,0,N,2,1,0.5,1,3,0,0,0,2,1,264,143
2023-01-13 12:54:06.000,2023-01-13 12:55:51.000,0.2,1,7.7,0,0,N,2,1,0.5,1,3.7,2.5,2.5,0,1,1,263,141
2023-01-13 12:41:29.000,2023-01-13 12:41:44.000,0,0,4.5,0,0,N,2,1,0.5,1,3,0,0,0,2,1,193,7
2023-01-13 12:50:42.000,2023-01-13 12:51:51.000,0,1,7.7,0,0,N,2,1,0.5,1,3.7,0,2.5,0,2,1,79,137
2023-01-13 12:32:06.000,2023-01-13 12:33:49.000,0.47,1,8.4,0,0,N,2,1,0.5,1,4.4,0,2.5,0,2,1,107,113
2023-01-13 12:09:24.000,2023-01-13 12:09:49.000,0.1,0,8.4,0,1.4,N,1,1,0.5,1,3,2.5,2.5,0,1,1,142,163
2023-01-13 12:00:14.000,2023-01-13 12:01:39.000,0.2,1,7.7,0,0,N,3,1,0.5,1,3.7,0,2.5,0,2,1,262,263
2023-01-13 12:05:39.000,2023-01-13 12:06:30.000,0.24,1,7.7,0,0,N,1,1,0.5,1,3.7,0,2.5,0,2,1,43,163
2023-01-13 12:28:44.000,2023-01-13 12:29:46.000,0.18,1,5.2,0,0,N,3,1,0.5,1,3.7,0,0,0,2,1,193,7
2023-01-13 12:02:28.000,2023-01-13 12:03:21.000,0.27,1,7.7,0,0,N,2,1,0.5,1,3.7,0,2.5,0,2,1,141,140
2023-01-13 12:40:10.000,2023-01-13 12:41:51.000,0.56,1,9.1,0,0,N,2,1,0.5,1,5.1,0,2.5,0,2,1,137,233
2023-01-13 12:26:56.000,2023-01-13 12:27:43.000,0.21,1,9.24,0,1.54,N,1,1,0.5,1,3.7,0,2.5,0,2,1,79,107
2023-01-13 13:04:40.000,2023-01-13 13:05:53.000,0.29,1,7.7,0,0,N,2,2,0.5,1,3.7,0,2.5,0,2,1,164,170
2023-01-13 13:21:06.000,2023-01-13 13:22:57.000,0.2,1,9.2,0,1.5,N,1,1,0.5,1,3.7,2.5,2.5,0,1,1,164,170
2023-01-13 13:19:43.000,2023-01-13 13:20:56.000,0.35,1,5.2,0,0,N,2,1,0.5,1,3.7,0,0,0,2,1,151,238
2023-01-13 13:51:09.000,2023-01-13 13:52:12.000,0.2,1,10,0,2.3,N,1,1,0.5,1,3.7,2.5,2.5,0,1,1,236,263
2023-01-13 13:26:52.000,2023-01-13 13:27:45.000,0.1,1,8.4,0,1.4,N,1,1,0.5,1,3,2.5,2.5,0,1,1,50,48
2023-01-13 13:45:30.000,2023-01-13 13:46:55.000,0.37,1,8.4,0,0,N,2,1,0.5,1,4.4,0,2.5,0,2,1,237,161
2023-01-13 13:57:12.000,2023-01-13 13:58:47.000,0.3,1,7.9,0,2,N,1,1,0.5,1,4.4,0,0,0,1,1,24,151
2023-01-13 13:53:27.000,2023-01-13 13:53:53.000,0,0,9.5,0,0,N,3,1,0.5,1,3,5,0,0,1,1,70,138
2023-01-13 13:08:50.000,2023-01-13 13:08:55.000,0,0,33.9,0,5.65,N,1,2,0,1,24.75,0,2.5,0,2,5,148,79
2023-01-13 13:02:59.000,2023-01-13 13:03:38.000,0.04,1,7,0,0,N,2,1,0.5,1,3,0,2.5,0,2,1,162,229
2023-01-13 13:46:03.000,2023-01-13 13:47:29.000,0.21,1,7.7,0,0,N,2,1,0.5,1,3.7,0,2.5,0,2,1,163,230
2023-01-13 13:49:11.000,2023-01-13 13:50:17.000,0.04,1,7,0,0,N,2,1,0.5,1,3,0,2.5,0,2,1,263,262
2023-01-13 14:26:21.000,2023-01-13 14:26:57.000,0.2,0,8,0,1,N,1,1,0.5,1,3,2.5,2.5,0,1,1,170,164
2023-01-13 14:13:37.000,2023-01-13 14:14:38.000,0.34,1,9.62,0,1.92,N,1,4,0.5,1,3.7,0,2.5,0,2,1,163,230
2023-01-21 16:46:10.000,2023-01-21 16:47:05.000,0.28,1,74.5,0,1,N,1,1,0,1,70,0,2.5,0,2,5,50,239
2023-01-21 16:10:09.000,2023-01-21 16:10:25.000,0.02,0,74,0,0,N,3,2,0.5,1,70,0,2.5,0,2,2,230,48
2023-01-21 16:41:05.000,2023-01-21 16:42:27.000,0.36,1,7.7,0,0,N,1,1,0.5,1,3.7,0,2.5,0,2,1,79,107
2023-01-21 16:05:42.000,2023-01-21 16:06:36.000,0.11,1,9.5,0,0,N,4,2,0.5,1,3,5,0,0,2,1,70,138
2023-01-21 16:06:04.000,2023-01-21 16:07:55.000,0.11,1,7.7,0,0,N,2,1,0.5,1,3.7,0,2.5,0,2,1,140,141
2023-01-21 16:13:01.000,2023-01-21 16:14:15.000,0.42,1,10.08,0,1.68,N,1,1,0.5,1,4.4,0,2.5,0,2,1,137,170
2023-01-21 16:49:46.000,2023-01-21 16:50:31.000,1.9,1,7,0,0,N,3,1,0.5,1,3,2.5,2.5,0,1,1,100,230
2023-01-21 16:03:30.000,2023-01-21 16:03:49.000,0.02,0,8.4,0,1.4,N,1,2,0.5,1,3,0,2.5,0,2,1,230,161
2023-01-21 16:11:33.000,2023-01-21 16:11:46.000,0.1,0,9.5,0,0,N,2,2,0.5,1,3,5,0,0,2,1,70,138
2023-01-21 17:24:29.000,2023-01-21 17:25:09.000,0.1,1,4.5,0,0,N,2,2,0.5,1,3,0,0,0,1,1,166,24
2023-01-21 17:54:17.000,2023-01-21 17:55:17.000,0.3,1,8.7,0,1,N,1,1,0.5,1,3.7,0,2.5,0,2,1,236,263
2023-01-21 17:33:20.000,2023-01-21 17:34:36.000,0.4,1,9.2,0,1.5,N,1,1,0.5,1,3.7,2.5,2.5,0,1,1,237,236
2023-01-21 17:01:09.000,2023-01-21 17:02:12.000,0.19,1,5.2,0,0,N,2,1,0.5,1,3.7,0,0,0,2,1,24,166
2023-01-21 17:35:45.000,2023-01-21 17:36:59.000,0.4,1,9.66,0,1.26,N,1,1,0.5,1,4.4,2.5,2.5,0,1,1,229,141
2023-01-21 17:02:34.000,2023-01-21 17:02:38.000,0.06,0,4.5,0,0,N,3,1,0.5,1,3,0,0,0,2,1,238,264
2023-01-21 17:22:09.000,2023-01-21 17:23:58.000,0.3,1,8.42,0,0.02,N,1,1,0.5,1,4.4,2.5,2.5,0,1,1,249,113
2023-01-21 17:06:10.000,2023-01-21 17:07:56.000,0.32,1,8.4,0,0,N,2,1,0.5,1,4.4,0,2.5,0,2,1,236,237
2023-01-21 17:10:33.000,2023-01-21 17:10:39.000,0.74,0,109.2,0,18.2,N,1,1,0.5,1,87,0,2.5,0,2,5,238,264
2023-01-21 17:00:04.000,2023-01-21 17:00:08.000,0,0,19.5,0,2,N,1,2,0,1,14,0,2.5,0,2,5,170,137
2023-01-21 17:40:28.000,2023-01-21 17:40:31.000,0,0,138.66,0,23.11,N,1,1,0,1,114.55,0,0,0,2,5,1,264
2023-01-21 17:35:20.000,2023-01-21 17:36:57.000,0.53,1,10.08,0,1.68,N,1,1,0.5,1,4.4,0,2.5,0,2,1,263,75
2023-01-21 17:32:27.000,2023-01-21 17:33:44.000,0.2,1,7.7,0,0,N,2,1,0.5,1,3.7,2.5,2.5,0,1,1,142,163
2023-01-21 17:40:43.000,2023-01-21 17:40:55.000,0,0,99.5,0,0,N,2,1,0,1,96,0,2.5,0,2,5,211,114
2023-01-21 18:12:03.000,2023-01-21 18:13:46.000,0.43,1,10.92,0,2.52,N,1,1,0.5,1,4.4,0,2.5,0,2,1,90,68
2023-01-21 18:53:52.000,2023-01-21 18:54:16.000,0.11,1,102,0,17,N,1,1,0,1,84,0,0,0,2,5,226,229
2023-01-21 18:12:31.000,2023-01-21 18:13:46.000,0.35,1,7.7,0,0,N,2,1,0.5,1,3.7,0,2.5,0,2,1,48,68
2023-01-21 18:21:10.000,2023-01-21 18:21:16.000,0,0,74,0,0,N,2,1,0.5,1,70,0,2.5,0,2,2,140,141
2023-01-21 18:35:49.000,2023-01-21 18:35:54.000,0.02,0,7,0,0,N,2,2,0.5,1,3,0,2.5,0,2,1,249,90
2023-01-21 18:54:15.000,2023-01-21 18:55:36.000,0.58,1,10.08,0,1.68,N,1,1,0.5,1,4.4,0,2.5,0,2,1,238,239
2023-01-21 18:39:35.000,2023-01-21 18:39:38.000,0,0,17.05,0,0,N,2,1,0.5,1,15.55,0,0,0,2,5,132,264
2023-01-21 18:32:37.000,2023-01-21 18:33:05.000,0,1,7,0,0,N,2,1,0.5,1,3,0,2.5,0,2,1,232,148
2023-01-21 19:25:51.000,2023-01-21 19:26:38.000,0.14,1,7,0,0,N,2,1,0.5,1,3,0,2.5,0,2,1,236,43
2023-01-21 19:32:27.000,2023-01-21 19:32:55.000,0.04,0,7,0,0,N,1,1,0.5,1,3,0,2.5,0,2,1,48,230
2023-01-21 19:03:59.000,2023-01-21 19:04:01.000,0,1,99,0,16.5,N,1,1,0,1,81.5,0,0,0,2,5,231,264
2023-01-21 19:54:39.000,2023-01-21 19:54:43.000,0,0,71.5,0,0,N,3,1,0.5,1,70,0,0,0,2,2,70,138
2023-01-21 19:11:39.000,2023-01-21 19:12:57.000,0.3,1,7.7,0,0,N,1,1,0.5,1,3.7,2.5,2.5,0,1,1,114,144
2023-01-21 19:52:05.000,2023-01-21 19:52:37.000,0.02,0,4.5,0,0,N,2,1,0.5,1,3,0,0,0,2,1,75,236
2023-01-21 19:46:18.000,2023-01-21 19:47:47.000,0.34,1,7.7,0,0,N,1,5,0.5,1,3.7,0,2.5,0,2,1,186,90
2023-01-21 19:34:19.000,2023-01-21 19:35:10.000,0.13,1,7,0,0,N,4,1,0.5,1,3,0,2.5,0,2,1,113,234
2023-01-21 19:06:04.000,2023-01-21 19:07:08.000,0.32,1,8.2,0,0.5,N,1,1,0.5,1,3.7,0,2.5,0,2,1,239,238
2023-01-21 19:23:00.000,2023-01-21 19:24:33.000,0.5,1,10.05,0,1.65,N,1,1,0.5,1,4.4,2.5,2.5,0,1,1,263,75
2023-01-21 20:36:01.000,2023-01-21 20:37:49.000,0.1,1,8,0,0,N,2,1,0.5,1,3,3.5,2.5,0,1,1,237,162
2023-01-21 20:13:11.000,2023-01-21 20:14:20.000,1.13,1,12.5,0,1,N,1,1,0.5,1,6.5,1,2.5,0,2,1,140,141
2023-01-21 20:30:39.000,2023-01-21 20:30:42.000,0,0,27.6,0,4.6,N,1,1,0,1,22,0,0,0,2,5,4,264
2023-01-21 20:32:01.000,2023-01-21 20:33:29.000,0.43,1,11.28,0,1.88,N,1,1,0.5,1,4.4,1,2.5,0,2,1,68,48
2023-01-21 20:13:07.000,2023-01-21 20:14:42.000,0.19,1,11.31,0,2.61,N,1,1,0.5,1,3.7,1,2.5,0,2,1,262,263
2023-01-21 20:48:24.000,2023-01-21 20:48:50.000,0.05,0,10.5,0,0,N,2,1,0.5,1,3,6,0,0,2,1,264,70
2023-01-21 20:08:25.000,2023-01-21 20:09:42.000,0.2,1,10.44,0,1.74,N,1,3,0.5,1,3.7,1,2.5,0,2,1,262,263
2023-01-21 20:25:38.000,2023-01-21 20:26:45.000,0.2,1,10.44,0,1.74,N,1,1,0.5,1,3.7,1,2.5,0,2,1,164,100
2023-01-21 20:25:31.000,2023-01-21 20:26:36.000,0.47,1,11.4,0,2,N,1,1,0.5,1,4.4,1,2.5,0,2,1,262,263
2023-01-21 20:18:36.000,2023-01-21 20:19:42.000,0.14,1,8,0,0,N,2,1,0.5,1,3,1,2.5,0,2,1,90,234
2023-01-21 20:39:40.000,2023-01-21 20:40:48.000,0.3,1,10.4,0,1.7,N,1,1,0.5,1,3.7,3.5,2.5,0,1,1,230,48
2023-01-21 20:26:48.000,2023-01-21 20:27:36.000,0.08,1,8,0,0,N,3,1,0.5,1,3,1,2.5,0,2,1,211,114
2023-01-21 20:10:04.000,2023-01-21 20:11:39.000,0.3,1,11.7,0,3,N,1,0,0.5,1,3.7,3.5,2.5,0,1,1,263,236
2023-01-21 21:19:10.000,2023-01-21 21:19:13.000,0,0,19.5,0,0,N,1,1,0.5,1,18,0,0,0,2,5,263,264
2023-01-21 21:06:05.000,2023-01-21 21:07:25.000,0.4,1,11.28,0,1.88,N,1,1,0.5,1,4.4,1,2.5,0,2,1,141,262
2023-01-21 21:45:21.000,2023-01-21 21:45:24.000,0,0,5.5,0,0,N,2,1,0.5,1,3,1,0,0,2,1,132,264
2023-01-21 21:29:32.000,2023-01-21 21:30:36.000,0.39,1,9.4,0,0,N,2,2,0.5,1,4.4,1,2.5,0,2,1,263,75
2023-01-21 21:39:40.000,2023-01-21 21:40:28.000,0.03,1,8,0,0,N,4,3,0.5,1,3,1,2.5,0,2,1,107,170
2023-01-21 21:35:13.000,2023-01-21 21:36:50.000,0,1,8,0,0,N,1,1,0.5,1,3,3.5,2.5,0,1,1,141,229
2023-01-21 21:51:03.000,2023-01-21 21:51:17.000,0,0,8,0,0,N,2,1,0.5,1,3,1,2.5,0,2,1,48,163
2023-01-21 21:01:10.000,2023-01-21 21:01:18.000,0.03,0,6,0,0.5,N,1,1,0.5,1,3,1,0,0,2,1,75,74
2023-01-21 21:38:10.000,2023-01-21 21:38:53.000,0.05,0,65.5,0,2,N,1,1,0,1,60,0,2.5,0,2,5,264,50
2023-01-21 21:09:02.000,2023-01-21 21:10:38.000,0.61,1,12.12,0,2.02,N,1,1,0.5,1,5.1,1,2.5,0,2,1,239,238
2023-01-21 21:15:32.000,2023-01-21 21:16:40.000,0.3,1,8.7,0,0,N,4,1,0.5,1,3.7,1,2.5,0,2,1,236,263
2023-01-21 21:15:52.000,2023-01-21 21:16:41.000,0.04,1,8,0,0,N,2,1,0.5,1,3,1,2.5,0,2,1,79,114
2023-01-21 22:06:19.000,2023-01-21 22:07:16.000,0.1,1,8,0,0,N,2,1,0.5,1,3,3.5,2.5,0,1,1,237,141
2023-01-21 22:27:00.000,2023-01-21 22:27:08.000,0.01,0,9.6,0,1.6,N,1,1,0.5,1,3,1,2.5,0,2,1,43,236
2023-01-21 22:06:16.000,2023-01-21 22:06:37.000,0.05,0,81.8,6.55,0,N,1,1,0.5,1,70,0,2.5,1.25,2,2,264,42
2023-01-21 22:28:23.000,2023-01-21 22:29:45.000,0.46,1,11.28,0,1.88,N,1,1,0.5,1,4.4,1,2.5,0,2,1,263,237
2023-01-21 22:36:05.000,2023-01-21 22:37:09.000,0.15,1,10.2,0,1.5,N,1,3,0.5,1,3.7,1,2.5,0,2,1,234,90
2023-01-21 22:42:33.000,2023-01-21 22:43:58.000,0.45,1,11.28,0,1.88,N,1,5,0.5,1,4.4,1,2.5,0,2,1,231,125
2023-01-21 22:12:38.000,2023-01-21 22:12:46.000,0.02,0,8,0,0,N,4,1,0.5,1,3,1,2.5,0,2,1,137,107
2023-01-21 22:02:04.000,2023-01-21 22:02:11.000,0.02,0,74,0,0,N,2,1,0.5,1,70,0,2.5,0,2,2,164,234
2023-01-21 22:07:21.000,2023-01-21 22:08:23.000,0.05,1,8,0,0,N,4,1,0.5,1,3,1,2.5,0,2,1,4,224
2023-01-21 22:06:20.000,2023-01-21 22:07:41.000,0.6,1,8.28,0,1.38,N,1,1,0.5,1,4.4,1,0,0,1,1,238,43
2023-01-21 22:06:13.000,2023-01-21 22:06:23.000,0,0,74,0,0,N,2,2,0.5,1,70,0,2.5,0,2,2,90,68
2023-01-21 22:42:20.000,2023-01-21 22:42:30.000,0,0,85.25,0,0,N,2,1,0,1,81.75,0,2.5,0,2,5,170,164
2023-01-21 22:57:21.000,2023-01-21 22:58:40.000,0.41,1,11.28,0,1.88,N,1,2,0.5,1,4.4,1,2.5,0,2,1,237,162
2023-01-21 22:45:52.000,2023-01-21 22:46:43.000,0.32,1,10.44,0,1.74,N,1,1,0.5,1,3.7,1,2.5,0,2,1,141,229
2023-01-21 22:27:14.000,2023-01-21 22:28:42.000,0.05,1,8.7,0,0,N,4,1,0.5,1,3.7,1,2.5,0,2,1,90,186
2023-01-21 22:26:09.000,2023-01-21 22:27:18.000,0.3,1,9.4,0,0,N,1,1,0.5,1,4.4,3.5,2.5,0,1,1,48,50
2023-01-21 22:13:56.000,2023-01-21 22:13:59.000,0.02,0,86.51,0,0.01,N,1,1,0.5,1,85,0,0,0,2,5,87,264
2023-01-21 23:25:03.000,2023-01-21 23:25:38.000,0.02,0,83.6,6.55,1.8,N,1,5,0.5,1,70,0,2.5,1.25,2,2,262,263
2023-01-21 23:37:40.000,2023-01-21 23:38:01.000,1.5,1,13,0,0,N,1,0,0,1,12,0,0,0,1,5,249,113
2023-01-21 23:27:47.000,2023-01-21 23:28:47.000,0.6,1,12.6,0,0,N,3,1,0.5,1,5.1,6,0,0,1,1,70,138
2023-01-21 23:15:14.000,2023-01-21 23:15:17.000,0,0,81.51,0,0.01,N,1,1,0.5,1,80,0,0,0,2,5,88,264
2023-01-22 00:11:18.000,2023-01-22 00:11:29.000,0.07,0,71.5,0,0,N,2,1,0.5,1,70,0,0,0,2,2,24,151
2023-01-22 00:34:00.000,2023-01-22 00:35:48.000,0.7,1,11.1,0,1,N,1,1,0.5,1,5.1,1,2.5,0,2,1,229,140
2023-01-22 00:10:41.000,2023-01-22 00:11:23.000,0.14,1,8,0,0,N,4,3,0.5,1,3,1,2.5,0,2,1,229,162
2023-01-22 00:31:08.000,2023-01-22 00:32:50.000,0.34,1,11.75,0,2.35,N,1,1,0.5,1,4.4,1,2.5,0,2,1,48,50
2023-01-22 00:10:41.000,2023-01-22 00:11:03.000,0,1,45.5,0,9.1,N,1,2,0,1,32.9,0,2.5,0,2,5,24,151
2023-01-22 00:05:19.000,2023-01-22 00:06:40.000,0.62,1,10.1,0,0,N,2,1,0.5,1,5.1,1,2.5,0,2,1,237,263
2023-01-22 00:05:31.000,2023-01-22 00:06:36.000,0.26,1,9.7,0,1,N,1,1,0.5,1,3.7,1,2.5,0,2,1,170,137
2023-01-22 00:56:02.000,2023-01-22 00:57:58.000,0.48,1,10.81,0,1.41,N,1,5,0.5,1,4.4,1,2.5,0,2,1,263,262
2023-01-22 00:09:18.000,2023-01-22 00:10:34.000,0.46,1,11.28,0,1.88,N,1,1,0.5,1,4.4,1,2.5,0,2,1,164,234
2023-01-22 00:14:51.000,2023-01-22 00:15:42.000,0.13,1,8,0,0,N,4,1,0.5,1,3,1,2.5,0,2,1,264,162
2023-01-22 00:17:20.000,2023-01-22 00:17:32.000,0.06,0,66.3,0,15.3,N,1,1,0,1,50,0,0,0,2,5,264,162
2023-01-22 00:49:28.000,2023-01-22 00:50:55.000,0.43,1,11.28,0,1.88,N,1,3,0.5,1,4.4,1,2.5,0,2,1,148,79
2023-01-22 00:13:25.000,2023-01-22 00:13:54.000,0.06,0,51,0,8.5,N,1,2,0,1,39,0,2.5,0,2,5,125,249
2023-01-22 00:04:09.000,2023-01-22 00:05:37.000,0.43,1,11.28,0,1.88,N,1,1,0.5,1,4.4,1,2.5,0,2,1,114,144
2023-01-22 00:23:45.000,2023-01-22 00:23:56.000,0.01,0,87.55,6.55,5,N,1,1,0,1,75,0,0,0,2,5,215,130
2023-01-22 00:41:28.000,2023-01-22 00:41:31.000,0,0,22.1,0,0,N,1,2,0.5,1,20.6,0,0,0,2,5,66,264
2023-01-22 00:01:32.000,2023-01-22 00:01:47.000,0,0,96.2,0,22.2,N,1,2,0.5,1,70,0,2.5,0,2,2,234,164
2023-01-22 00:29:47.000,2023-01-22 00:29:52.000,0,0,23.5,0,0,N,1,1,0,1,20,0,2.5,0,2,5,236,75
2023-01-22 00:15:10.000,2023-01-22 00:16:52.000,0.35,1,11.28,0,1.88,N,1,1,0.5,1,4.4,1,2.5,0,2,1,144,211
2023-01-22 00:08:04.000,2023-01-22 00:09:30.000,0.58,1,11.28,0,1.88,N,1,1,0.5,1,4.4,1,2.5,0,2,1,239,238
2023-01-22 01:26:28.000,2023-01-22 01:27:59.000,0.25,1,8.7,0,0,N,4,1,0.5,1,3.7,1,2.5,0,2,1,79,107
2023-01-22 01:45:44.000,2023-01-22 01:46:02.000,0,1,9.5,0,0,N,1,1,0,1,6,0,2.5,0,2,5,164,100
2023-01-22 01:41:23.000,2023-01-22 01:42:53.000,0.5,1,11.28,0,1.88,N,1,1,0.5,1,4.4,1,2.5,0,2,1,211,249
2023-01-22 01:32:03.000,2023-01-22 01:33:28.000,0.5,1,9.4,0,0,N,1,1,0.5,1,4.4,1,2.5,0,2,1,249,90
2023-01-22 01:55:03.000,2023-01-22 01:56:41.000,0.22,1,9.7,0,1,N,1,3,0.5,1,3.7,1,2.5,0,2,1,48,50
2023-01-22 01:49:24.000,2023-01-22 01:50:53.000,0.2,1,10.4,0,1.7,N,1,1,0.5,1,3.7,3.5,2.5,0,1,1,48,230
2023-01-22 01:47:01.000,2023-01-22 01:48:49.000,0,1,10.4,0,1.7,N,1,0,0.5,1,3.7,3.5,2.5,0,1,1,249,114
2023-01-22 01:56:38.000,2023-01-22 01:57:46.000,0.22,1,8.7,0,0,N,2,1,0.5,1,3.7,1,2.5,0,2,1,230,100
2023-01-22 01:07:00.000,2023-01-22 01:08:53.000,0.76,1,11.1,0,1,N,1,1,0.5,1,5.1,1,2.5,0,2,1,249,90
2023-01-22 01:43:32.000,2023-01-22 01:43:40.000,0,0,24.6,0,4.1,N,1,2,0,1,17,0,2.5,0,2,5,264,163
2023-01-22 02:11:16.000,2023-01-22 02:12:35.000,0.4,1,10,0,0.6,N,1,2,0.5,1,4.4,3.5,2.5,0,1,1,263,141
2023-01-22 02:05:06.000,2023-01-22 02:06:23.000,0.29,1,10.44,0,1.74,N,1,3,0.5,1,3.7,1,2.5,0,2,1,161,163
2023-01-22 02:26:02.000,2023-01-22 02:26:12.000,0.08,0,129,0,0,N,1,4,0,1,128,0,0,0,2,5,264,265
2023-01-22 02:24:40.000,2023-01-22 02:25:53.000,0.12,1,8.7,0,0,N,4,1,0.5,1,3.7,1,2.5,0,2,1,114,144
2023-01-22 02:06:00.000,2023-01-22 02:07:16.000,0.5,1,11.28,0,1.88,N,1,3,0.5,1,4.4,1,2.5,0,2,1,107,170
2023-01-22 02:27:07.000,2023-01-22 02:28:41.000,0.48,1,10.4,0,1,N,1,1,0.5,1,4.4,1,2.5,0,2,1,114,79
2023-01-22 02:26:02.000,2023-01-22 02:26:27.000,0.11,0,8,0,0,N,4,1,0.5,1,3,1,2.5,0,2,1,186,100
2023-01-22 02:03:59.000,2023-01-22 02:04:39.000,0.14,1,8,0,0,N,2,2,0.5,1,3,1,2.5,0,2,1,79,107
2023-01-22 02:51:28.000,2023-01-22 02:52:14.000,0.14,1,9.6,0,1.6,N,1,3,0.5,1,3,1,2.5,0,2,1,158,249
2023-01-22 02:00:10.000,2023-01-22 02:01:56.000,0.39,1,11.28,0,1.88,N,1,5,0.5,1,4.4,1,2.5,0,2,1,211,114
2023-01-22 02:22:14.000,2023-01-22 02:22:44.000,0,0,45,0,4,N,1,1,0,1,40,0,0,0,2,5,8,223
2023-01-22 03:42:11.000,2023-01-22 03:43:43.000,0.8,1,12.95,0,2.15,N,1,0,0.5,1,5.8,3.5,2.5,0,1,1,141,263
2023-01-22 03:19:08.000,2023-01-22 03:20:38.000,0.48,1,11.28,0,1.88,N,1,1,0.5,1,4.4,1,2.5,0,2,1,211,114
2023-01-22 03:14:25.000,2023-01-22 03:14:28.000,0,0,42.12,0,9.72,N,1,1,0.5,1,30.9,0,0,0,2,5,37,264
2023-01-22 03:27:00.000,2023-01-22 03:27:09.000,0,0,19.5,0,0,N,4,1,0,1,16,0,2.5,0,2,5,224,4
2023-01-22 03:19:43.000,2023-01-22 03:20:37.000,0.2,1,10.44,0,1.74,N,1,4,0.5,1,3.7,1,2.5,0,2,1,186,164
2023-01-22 03:39:16.000,2023-01-22 03:40:58.000,0.38,1,11.28,0,1.88,N,1,1,0.5,1,4.4,1,2.5,0,2,1,68,249
2023-01-22 03:46:07.000,2023-01-22 03:46:10.000,0,0,60,0,0,N,1,1,0,1,59,0,0,0,2,5,158,264
2023-01-22 03:35:01.000,2023-01-22 03:36:53.000,0.62,1,12.62,0,2.52,N,1,1,0.5,1,5.1,1,2.5,0,2,1,170,233
2023-01-22 03:20:13.000,2023-01-22 03:21:26.000,0.2,1,8.7,0,0,N,3,1,0.5,1,3.7,3.5,2.5,0,1,1,162,229
2023-01-22 03:45:15.000,2023-01-22 03:46:44.000,0.63,1,10.6,0,0.5,N,1,1,0.5,1,5.1,1,2.5,0,2,1,239,238
2023-01-22 03:26:10.000,2023-01-22 03:27:36.000,0.31,1,10.44,0,1.74,N,1,3,0.5,1,3.7,1,2.5,0,2,1,107,79
2023-01-22 03:57:11.000,2023-01-22 03:58:36.000,0.59,1,9.4,0,0,N,1,1,0.5,1,4.4,1,2.5,0,2,1,170,233
2023-01-22 03:39:43.000,2023-01-22 03:40:50.000,0.02,1,8.7,0,0,N,3,2,0.5,1,3.7,1,2.5,0,2,1,161,230
2023-01-22 03:43:36.000,2023-01-22 03:43:43.000,0,0,8,0,0,N,2,1,0.5,1,3,1,2.5,0,2,1,170,233
2023-01-22 04:42:11.000,2023-01-22 04:43:54.000,0.72,1,12.12,0,2.02,N,1,5,0.5,1,5.1,1,2.5,0,2,1,48,68
2023-01-22 04:42:47.000,2023-01-22 04:43:12.000,0,1,8,0,0,N,2,1,0.5,1,3,3.5,2.5,0,1,1,263,141
2023-01-22 04:37:58.000,2023-01-22 04:38:04.000,0.01,1,8,0,0,N,2,2,0.5,1,3,1,2.5,0,2,1,48,230
2023-01-22 04:16:33.000,2023-01-22 04:16:39.000,0,0,45,0,0,N,2,1,0,1,44,0,0,0,2,5,226,138
2023-01-22 04:30:36.000,2023-01-22 04:30:42.000,0.01,0,8,0,0,N,4,1,0.5,1,3,1,2.5,0,2,1,141,262
2023-01-22 04:48:23.000,2023-01-22 04:48:27.000,0.9,0,65,0,15,N,1,1,0,1,49,0,0,0,2,5,263,264
2023-01-22 04:40:04.000,2023-01-22 04:41:47.000,0.64,1,10.1,0,0,N,1,2,0.5,1,5.1,1,2.5,0,2,1,137,233
2023-01-22 04:30:29.000,2023-01-22 04:30:32.000,0,0,37.8,0,6.3,N,1,1,0.5,1,30,0,0,0,2,5,181,264
2023-01-22 05:33:19.000,2023-01-22 05:33:49.000,0.42,0,20,13.1,0,N,2,1,0.5,1,4.4,1,0,0,2,1,14,6
2023-01-22 05:12:33.000,2023-01-22 05:13:32.000,0.26,1,8.7,0,0,N,1,1,0.5,1,3.7,1,2.5,0,2,1,170,164
2023-01-22 05:40:33.000,2023-01-22 05:41:43.000,0.3,1,10.85,0,2.15,N,1,1,0.5,1,3.7,3.5,2.5,0,1,1,230,163
2023-01-22 05:29:43.000,2023-01-22 05:30:02.000,0.07,1,8,0,0,N,2,2,0.5,1,3,1,2.5,0,2,1,233,162
2023-01-22 05:38:49.000,2023-01-22 05:38:53.000,0,0,8,0,0,N,3,1,0.5,1,3,3.5,2.5,0,1,1,230,68
2023-01-22 05:15:05.000,2023-01-22 05:15:20.000,0,0,5.5,0,0,N,3,1,0.5,1,3,1,0,0,1,1,179,7
2023-01-22 06:10:03.000,2023-01-22 06:11:13.000,0.35,1,7.7,0,0,N,2,1,0.5,1,3.7,0,2.5,0,2,1,100,163
2023-01-22 06:48:58.000,2023-01-22 06:49:44.000,0.28,1,8.7,0,1,N,1,1,0.5,1,3.7,0,2.5,0,2,1,236,237
2023-01-22 06:37:02.000,2023-01-22 06:38:48.000,0.4,1,9.4,0,1,N,1,1,0.5,1,4.4,2.5,2.5,0,1,1,186,100
2023-01-22 06:46:21.000,2023-01-22 06:47:32.000,0.6,1,7.08,0,1.18,N,1,1,0.5,1,4.4,0,0,0,2,1,43,236
2023-01-22 07:32:03.000,2023-01-22 07:33:56.000,0.46,1,9.1,0,0,N,2,1,0.5,1,5.1,0,2.5,0,2,1,79,113
2023-01-22 07:15:44.000,2023-01-22 07:15:58.000,0.03,0,87,0,5,N,1,4,0,1,81,0,0,0,2,5,75,262
2023-01-22 07:06:07.000,2023-01-22 07:07:58.000,0.73,1,10.92,0,1.82,N,1,1,0.5,1,5.1,0,2.5,0,2,1,79,107
2023-01-22 07:53:02.000,2023-01-22 07:53:57.000,0.31,0,9.24,0,1.54,N,1,1,0.5,1,3.7,0,2.5,0,2,1,141,237
2023-01-22 07:05:03.000,2023-01-22 07:06:42.000,0.36,1,10.25,0,1.85,N,1,1,0.5,1,4.4,0,2.5,0,2,1,238,239
2023-01-22 07:40:21.000,2023-01-22 07:41:45.000,0.59,1,8.4,0,0,N,2,1,0.5,1,4.4,0,2.5,0,2,1,229,233
2023-01-22 07:53:13.000,2023-01-22 07:54:54.000,0.52,1,9.4,0,1,N,1,1,0.5,1,4.4,0,2.5,0,2,1,263,236
2023-01-22 07:29:29.000,2023-01-22 07:30:56.000,0.5,1,10.08,0,1.68,N,1,1,0.5,1,4.4,2.5,2.5,0,1,1,142,48
2023-01-22 07:24:25.000,2023-01-22 07:24:26.000,0,0,97.5,0,15,N,1,1,0.5,1,81,0,0,0,2,5,261,264
2023-01-22 07:51:10.000,2023-01-22 07:51:16.000,0,0,8,0,0,N,4,2,0.5,1,3,1,2.5,0,2,1,161,164
2023-01-22 07:41:25.000,2023-01-22 07:41:33.000,0,0,73.2,0,12.2,N,1,2,0,1,60,0,0,0,2,5,83,260
2023-01-22 07:39:03.000,2023-01-22 07:40:27.000,0.66,1,10.92,0,1.82,N,1,2,0.5,1,5.1,0,2.5,0,2,1,90,100
2023-01-22 07:28:15.000,2023-01-22 07:29:16.000,0.54,1,5.9,0,0,N,1,2,0.5,1,4.4,0,0,0,2,1,75,43
2023-01-22 08:44:50.000,2023-01-22 08:45:55.000,0.29,1,6.5,0,1.3,N,1,1,0.5,1,3.7,0,0,0,2,1,151,238
2023-01-22 08:48:16.000,2023-01-22 08:49:39.000,0.42,1,8.4,0,0,N,2,1,0.5,1,4.4,0,2.5,0,2,1,90,234
2023-01-22 08:31:42.000,2023-01-22 08:32:48.000,0.4,1,8.4,0,0,N,2,0,0.5,1,4.4,2.5,2.5,0,1,1,140,141
2023-01-22 08:59:00.000,2023-01-22 08:59:59.000,0.22,0,7.7,0,0,N,2,1,0.5,1,3.7,0,2.5,0,2,1,263,236
2023-01-22 08:15:12.000,2023-01-22 08:16:26.000,0.22,1,7.7,0,0,N,2,5,0.5,1,3.7,0,2.5,0,2,1,107,137
2023-01-22 08:40:11.000,2023-01-22 08:41:59.000,0.7,1,10.1,0,1,N,1,1,0.5,1,5.1,2.5,2.5,0,1,1,141,236
2023-01-22 08:26:26.000,2023-01-22 08:27:41.000,0.58,1,9.4,0,1,N,1,1,0.5,1,4.4,0,2.5,0,2,1,140,263
2023-01-22 08:14:15.000,2023-01-22 08:15:48.000,0.66,1,9.1,0,0,N,2,1,0.5,1,5.1,0,2.5,0,2,1,229,140
2023-01-22 08:27:09.000,2023-01-22 08:27:41.000,0.06,0,7,0,0,N,4,1,0.5,1,3,0,2.5,0,2,1,162,161
2023-01-22 08:08:03.000,2023-01-22 08:08:59.000,0.39,0,9.62,0,1.92,N,1,1,0.5,1,3.7,0,2.5,0,2,1,229,141
2023-01-22 08:31:12.000,2023-01-22 08:31:56.000,0.6,0,100.8,0,16.8,N,1,1,0,1,83,0,0,0,1,5,132,264
2023-01-22 08:59:52.000,2023-01-22 09:00:59.000,0.5,1,10.05,0,1.65,N,1,1,0.5,1,4.4,2.5,2.5,0,1,1,239,142
2023-01-22 08:29:06.000,2023-01-22 08:30:50.000,0.72,1,7.92,0,1.32,N,1,1,0.5,1,5.1,0,0,0,2,1,75,151
2023-01-22 09:43:06.000,2023-01-22 09:44:57.000,0.6,1,10.9,0,1.8,N,1,0,0.5,1,5.1,2.5,2.5,0,1,1,239,238
2023-01-22 09:40:23.000,2023-01-22 09:41:04.000,0.21,1,9.24,0,1.54,N,1,1,0.5,1,3.7,0,2.5,0,2,1,263,236
2023-01-22 09:10:30.000,2023-01-22 09:10:40.000,0,0,42,0,1,N,1,1,0,1,40,0,0,0,2,5,219,218
2023-01-22 09:53:11.000,2023-01-22 09:54:47.000,0.56,1,10.08,0,1.68,N,1,1,0.5,1,4.4,0,2.5,0,2,1,113,211
2023-01-22 09:16:02.000,2023-01-22 09:17:21.000,0.64,1,9.1,0,0,N,1,1,0.5,1,5.1,0,2.5,0,2,1,141,263
2023-01-22 09:47:23.000,2023-01-22 09:48:59.000,0.63,1,10.92,0,1.82,N,1,1,0.5,1,5.1,0,2.5,0,2,1,237,263
2023-01-22 09:56:29.000,2023-01-22 09:57:33.000,0.4,1,10.4,0,2,N,1,1,0.5,1,4.4,2.5,2.5,0,1,1,263,141
2023-01-22 09:23:17.000,2023-01-22 09:24:56.000,0.67,1,10.92,0,1.82,N,1,1,0.5,1,5.1,0,2.5,0,2,1,237,236
2023-01-22 09:02:26.000,2023-01-22 09:02:51.000,0.15,0,26.01,0,0.01,N,1,1,0,1,25,0,0,0,2,5,1,265
2023-01-22 09:02:04.000,2023-01-22 09:03:45.000,0.66,1,10.19,0,1.09,N,1,1,0.5,1,5.1,0,2.5,0,2,1,140,262
2023-01-22 09:14:11.000,2023-01-22 09:15:52.000,0.7,1,10.9,0,1.8,N,1,0,0.5,1,5.1,2.5,2.5,0,1,1,236,75
2023-01-22 09:22:20.000,2023-01-22 09:23:54.000,0.45,1,10.4,0,2,N,1,1,0.5,1,4.4,0,2.5,0,2,1,148,79
2023-01-22 09:15:03.000,2023-01-22 09:16:23.000,0.48,1,7.38,0,1.48,N,1,1,0.5,1,4.4,0,0,0,2,1,151,238
2023-01-22 09:54:07.000,2023-01-22 09:55:55.000,0.7,1,10.9,0,1.8,N,1,1,0.5,1,5.1,2.5,2.5,0,1,1,249,90
2023-01-22 09:08:17.000,2023-01-22 09:09:53.000,0.42,1,8.4,0,0,N,1,1,0.5,1,4.4,0,2.5,0,2,1,263,236
2023-01-13 14:34:25.000,2023-01-13 14:35:29.000,0.31,1,7.7,0,0,N,4,1,0.5,1,3.7,0,2.5,0,2,1,140,141
2023-01-13 14:07:36.000,2023-01-13 14:07:55.000,0.14,0,9.5,0,0,N,4,3,0.5,1,3,5,0,0,2,1,70,138
2023-01-13 14:18:27.000,2023-01-13 14:19:20.000,0,1,7.01,0,0.01,N,1,1,0.5,1,3,2.5,2.5,0,1,1,140,141
2023-01-13 14:26:07.000,2023-01-13 14:26:38.000,0.16,0,9.5,0,0,N,2,2,0.5,1,3,5,0,0,2,1,264,138
2023-01-13 14:14:10.000,2023-01-13 14:15:54.000,0.4,1,10.9,0,2.5,N,1,0,0.5,1,4.4,2.5,2.5,0,1,1,90,234
2023-01-13 13:57:18.000,2023-01-13 13:58:14.000,0.25,1,9.24,0,1.54,N,1,1,0.5,1,3.7,0,2.5,0,2,1,262,263
2023-01-13 14:10:19.000,2023-01-13 14:11:40.000,0.28,1,8.7,0,1,N,1,1,0.5,1,3.7,0,2.5,0,2,1,263,236
2023-01-13 14:01:29.000,2023-01-13 14:01:37.000,0,0,74,0,0,N,4,1,0.5,1,70,0,2.5,0,2,2,186,68
2023-01-13 14:27:24.000,2023-01-13 14:28:47.000,0.4,1,8.4,0,0,N,2,1,0.5,1,4.4,2.5,2.5,0,1,1,90,249
2023-01-13 14:52:49.000,2023-01-13 14:52:56.000,0,0,34.2,0,5.7,N,1,1,0,1,25,0,2.5,0,2,5,237,141
2023-01-13 14:50:51.000,2023-01-13 14:51:28.000,0.06,1,7,0,0,N,2,1,0.5,1,3,0,2.5,0,2,1,140,141
2023-01-13 14:16:35.000,2023-01-13 14:17:26.000,0.31,1,7.7,0,0,N,3,1,0.5,1,3.7,0,2.5,0,2,1,107,137
2023-01-13 14:24:08.000,2023-01-13 14:25:30.000,0.08,1,18.54,0,3.09,N,1,2,0.5,1,11.45,0,2.5,0,2,5,230,100
2023-01-13 15:32:02.000,2023-01-13 15:33:35.000,0.2,1,9.2,0,1.5,N,1,1,0.5,1,3.7,2.5,2.5,0,1,1,79,113
2023-01-13 15:14:18.000,2023-01-13 15:14:21.000,0,0,101.5,0,0,N,1,1,0.5,1,100,0,0,0,2,5,132,264
2023-01-13 15:04:15.000,2023-01-13 15:04:30.000,0,0,86.8,6.55,5,N,1,2,0.5,1,70,0,2.5,1.25,2,2,264,166
2023-01-13 15:56:02.000,2023-01-13 15:56:44.000,0,0,7,0,0,N,2,1,0.5,1,3,0,2.5,0,2,1,170,234
2023-01-13 15:16:11.000,2023-01-13 15:17:27.000,0.3,1,8.7,0,1,N,1,5,0.5,1,3.7,0,2.5,0,2,1,263,236
2023-01-13 15:15:30.000,2023-01-13 15:16:44.000,0.37,1,9.24,0,1.54,N,1,1,0.5,1,3.7,0,2.5,0,2,1,186,90
2023-01-13 15:44:05.000,2023-01-13 15:45:49.000,0,1,8.4,0,1.4,N,1,1,0.5,0.3,3.7,0,2.5,0,2,1,161,162
2023-01-13 15:48:49.000,2023-01-13 15:48:52.000,0,0,81.5,0,0,N,1,1,0.5,1,80,0,0,0,2,5,48,264
2023-01-13 15:57:35.000,2023-01-13 15:57:46.000,0,0,104.71,6.55,24.16,N,1,1,0.5,1,70,0,2.5,0,2,2,238,239
2023-01-13 15:44:16.000,2023-01-13 15:44:26.000,0.13,0,4.5,0,0,N,2,2,0.5,1,3,0,0,0,2,1,114,264
2023-01-13 16:05:04.000,2023-01-13 16:06:35.000,0.41,1,10.9,0,0,N,1,6,0.5,1,4.4,2.5,2.5,0,2,1,113,114
2023-01-13 16:39:01.000,2023-01-13 16:40:47.000,0.2,1,11.9,0,1,N,1,1,0.5,1,4.4,5,2.5,0,1,1,239,143
2023-01-13 16:10:42.000,2023-01-13 16:11:28.000,0,1,7,0,0,N,2,1,0.5,1,3,2.5,0,0,2,1,264,193
2023-01-13 16:32:40.000,2023-01-13 16:32:54.000,0.05,0,9.5,0,0,N,2,1,0.5,1,3,2.5,2.5,0,2,1,170,107
2023-01-13 16:27:04.000,2023-01-13 16:28:44.000,0.5,1,12.9,0,2,N,1,1,0.5,1,4.4,5,2.5,0,1,1,249,125
2023-01-13 16:26:34.000,2023-01-13 16:27:57.000,0.4,1,11.9,0,1,N,1,1,0.5,1,4.4,5,2.5,0,1,1,125,158
2023-01-13 16:57:28.000,2023-01-13 16:58:55.000,0.27,1,12.24,0,2.04,N,1,1,0.5,1,3.7,2.5,2.5,0,2,1,263,141
2023-01-13 16:26:09.000,2023-01-13 16:27:34.000,0.14,1,10.2,0,0,N,4,1,0.5,1,3.7,2.5,2.5,0,2,1,141,237
2023-01-13 16:27:03.000,2023-01-13 16:28:49.000,0.48,1,13.08,0,2.18,N,1,1,0.5,1,4.4,2.5,2.5,0,2,1,263,141
2023-01-13 16:16:42.000,2023-01-13 16:17:37.000,0.15,1,9.5,0,0,N,4,1,0.5,1,3,2.5,2.5,0,2,1,13,125
2023-01-13 16:53:19.000,2023-01-13 16:54:25.000,0.03,1,10.2,0,0,N,4,2,0.5,1,3.7,2.5,2.5,0,2,1,170,161
2023-01-13 16:34:06.000,2023-01-13 16:34:23.000,0.06,0,103.91,6.55,17.11,N,1,1,0.5,1,70,5,2.5,1.25,2,2,134,132
2023-01-13 16:41:22.000,2023-01-13 16:41:32.000,0,0,79,0,0,N,2,3,0.5,1,70,5,2.5,0,2,2,233,170
2023-01-13 16:03:37.000,2023-01-13 16:04:02.000,0.01,1,88.3,0,0,N,1,4,0.5,1,86.8,0,0,0,2,5,162,264
2023-01-13 16:22:28.000,2023-01-13 16:22:31.000,0,0,188.75,0,37.75,N,1,2,0,1,150,0,0,0,2,5,1,264
2023-01-13 16:36:01.000,2023-01-13 16:36:05.000,0.01,0,79,0,0,N,4,2,0.5,1,70,5,2.5,0,2,2,230,161
2023-01-13 16:56:06.000,2023-01-13 16:57:56.000,0.28,1,10.9,0,0,N,2,1,0.5,1,4.4,2.5,2.5,0,2,1,164,137
2023-01-13 17:49:05.000,2023-01-13 17:50:52.000,0.34,1,13.08,0,2.18,N,1,1,0.5,1,4.4,2.5,2.5,0,2,1,164,170
2023-01-13 17:31:43.000,2023-01-13 17:31:49.000,2.4,0,9.5,0,0,N,3,1,0.5,1,3,5,2.5,0,1,1,161,162
2023-01-13 17:55:37.000,2023-01-13 17:56:44.000,0,1,9.5,0,0,N,3,0,0.5,1,3,5,2.5,0,1,1,163,162
2023-01-13 17:06:04.000,2023-01-13 17:07:54.000,0.62,1,13.6,0,2,N,1,5,0.5,1,5.1,2.5,2.5,0,2,1,229,233
2023-01-13 17:27:22.000,2023-01-13 17:28:38.000,0.41,1,15.9,0,5,N,1,1,0.5,1,4.4,2.5,2.5,0,2,1,142,48
2023-01-13 17:32:14.000,2023-01-13 17:33:50.000,0.27,1,10.2,0,0,N,2,1,0.5,1,3.7,2.5,2.5,0,2,1,100,186
2023-01-13 17:09:32.000,2023-01-13 17:10:58.000,0.39,1,13.08,0,2.18,N,1,1,0.5,1,4.4,2.5,2.5,0,2,1,262,263
2023-01-13 17:46:53.000,2023-01-13 17:47:03.000,0.03,1,51,0,0,N,1,4,0,1,50,0,0,0,2,5,83,129
2023-01-13 17:02:47.000,2023-01-13 17:03:48.000,0.2,1,13.2,0,3,N,1,1,0.5,1,3.7,5,2.5,0,1,1,107,137
2023-01-13 17:39:50.000,2023-01-13 17:39:51.000,0.02,0,218.46,0,36.41,N,1,1,0.5,1,180.55,0,0,0,2,5,1,264
2023-01-13 17:13:31.000,2023-01-13 17:13:43.000,0.02,0,79,0,0,N,2,1,0.5,1,70,5,2.5,0,2,2,48,230
2023-01-13 17:01:03.000,2023-01-13 17:02:47.000,0.31,1,10.9,0,0,N,2,1,0.5,1,4.4,2.5,2.5,0,2,1,107,137
2023-01-13 17:16:13.000,2023-01-13 17:16:21.000,0.75,0,26.5,0,0,N,2,1,0,1,23,2.5,0,0,2,3,264,43
2023-01-13 17:33:19.000,2023-01-13 17:33:31.000,0.14,0,85.55,6.55,0,N,1,4,0.5,1,70,5,2.5,0,2,2,216,132
2023-01-13 17:19:33.000,2023-01-13 17:19:35.000,0,0,18,0,3,N,1,3,0,1,14,0,0,0,2,5,68,264
2023-01-13 17:21:37.000,2023-01-13 17:22:45.000,0.03,1,10.2,0,0,N,2,1,0.5,1,3.7,2.5,2.5,0,2,1,161,230
2023-01-13 17:15:22.000,2023-01-13 17:15:26.000,0,0,103.5,0,0,N,1,1,0,1,100,0,2.5,0,2,5,48,100
2023-01-13 18:54:28.000,2023-01-13 18:54:37.000,0,0,7,0,0,N,2,1,0.5,1,3,2.5,0,0,2,1,7,264
2023-01-13 18:14:22.000,2023-01-13 18:15:51.000,0.41,1,13.08,0,2.18,N,1,1,0.5,1,4.4,2.5,2.5,0,2,1,140,263
2023-01-13 18:56:19.000,2023-01-13 18:57:46.000,0.2,1,12.2,0,2,N,1,4,0.5,1,3.7,5,2.5,0,1,1,163,230
2023-01-13 18:11:51.000,2023-01-13 18:11:52.000,0,0,23.75,0,4.75,N,1,1,0,1,18,0,0,0,2,5,161,264
2023-01-13 18:44:05.000,2023-01-13 18:45:39.000,0,1,11.2,0,1,N,1,1,0.5,1,3.7,2.5,2.5,0,2,1,162,237
2023-01-13 17:59:24.000,2023-01-13 18:00:35.000,0.39,1,12.24,0,2.04,N,1,1,0.5,1,3.7,2.5,2.5,0,2,1,229,233
2023-01-13 18:10:03.000,2023-01-13 18:11:37.000,0.22,1,10.2,0,0,N,2,1,0.5,1,3.7,2.5,2.5,0,2,1,239,238
2023-01-13 18:34:16.000,2023-01-13 18:34:27.000,0,0,11.4,0,1.9,N,1,1,0.5,1,3,2.5,2.5,0,2,1,107,234
2023-01-13 18:09:08.000,2023-01-13 18:10:42.000,0.25,1,10.01,0,2.31,N,1,1,0.5,1,3.7,2.5,0,0,2,1,151,238
2023-01-13 18:09:57.000,2023-01-13 18:10:21.000,0.02,1,7,0,0,N,3,1,0.5,1,3,2.5,0,0,2,1,70,138
2023-01-13 18:06:36.000,2023-01-13 18:06:49.000,2,0,21,0,0,N,1,1,0,1,20,0,0,0,2,5,264,246
2023-01-13 18:28:08.000,2023-01-13 18:28:11.000,0,0,22.75,0,4.55,N,1,1,0,1,17.2,0,0,0,2,5,249,264
2023-01-13 18:49:08.000,2023-01-13 18:50:47.000,0.4,1,12.9,0,2,N,1,1,0.5,1,4.4,5,2.5,0,1,1,263,141
2023-01-13 18:53:09.000,2023-01-13 18:54:02.000,0.36,1,10.2,0,0,N,1,1,0.5,1,3.7,2.5,2.5,0,2,1,50,246
2023-01-13 19:49:37.000,2023-01-13 19:50:13.000,0.03,1,9.5,0,0,N,4,1,0.5,1,3,2.5,2.5,0,2,1,238,43
2023-01-13 19:17:11.000,2023-01-13 19:18:01.000,0,1,7,0,0,N,2,1,0.5,1,3,2.5,0,0,2,1,123,178
2023-01-13 19:27:02.000,2023-01-13 19:28:38.000,0.56,1,10.08,0,1.68,N,1,1,0.5,1,4.4,2.5,0,0,2,1,75,263
2023-01-13 19:51:02.000,2023-01-13 19:51:12.000,0,0,77.25,0,0,N,3,1,0.5,1,70,4.5,0,1.25,2,2,132,264
2023-01-13 19:04:10.000,2023-01-13 19:05:33.000,0.35,1,12.24,0,2.04,N,1,3,0.5,1,3.7,2.5,2.5,0,2,1,68,246
2023-01-13 19:06:15.000,2023-01-13 19:06:23.000,0.1,0,12,0,0,N,3,0,0.5,1,3,7.5,0,0,1,1,70,138
2023-01-13 19:53:06.000,2023-01-13 19:54:47.000,0.6,1,11.9,0,1,N,1,1,0.5,1,4.4,5,2.5,0,1,1,162,170
2023-01-13 19:36:54.000,2023-01-13 19:37:24.000,0.06,1,14.5,0,0,N,2,1,0.5,1,3,7.5,2.5,0,2,1,264,138
2023-01-13 19:18:04.000,2023-01-13 19:19:49.000,0.4,1,13.08,0,2.18,N,1,1,0.5,1,4.4,5,2.5,0,1,1,239,143
2023-01-13 19:32:47.000,2023-01-13 19:33:05.000,0.09,1,89.05,0,20.55,N,1,1,0,1,65,0,2.5,0,2,5,50,246
2023-01-13 19:10:12.000,2023-01-13 19:11:57.000,0.61,1,11.6,0,0,N,2,1,0.5,1,5.1,2.5,2.5,0,2,1,230,142
2023-01-13 19:26:15.000,2023-01-13 19:27:23.000,0.24,1,11.22,0,1.02,N,1,1,0.5,1,3.7,2.5,2.5,0,2,1,43,161
2023-01-13 19:49:15.000,2023-01-13 19:50:32.000,0.48,1,10.9,0,0,N,2,1,0.5,1,4.4,2.5,2.5,0,2,1,237,236
2023-01-13 19:29:45.000,2023-01-13 19:29:51.000,6.03,0,69.7,0,0,N,2,1,0.5,1,63.2,2.5,2.5,0,2,1,249,114
2023-01-13 19:27:31.000,2023-01-13 19:28:16.000,0.25,1,11.45,0,1.25,N,1,1,0.5,1,3.7,2.5,2.5,0,2,1,162,237
2023-01-13 19:02:31.000,2023-01-13 19:02:52.000,0,0,9.5,0,0,N,3,2,0.5,1,3,2.5,2.5,0,2,1,237,236
2023-01-13 19:45:56.000,2023-01-13 19:45:57.000,0,0,16,0,0,N,1,1,0,1,15,0,0,0,2,5,90,264
2023-01-13 19:33:12.000,2023-01-13 19:34:46.000,0.51,1,11.9,0,1,N,1,1,0.5,1,4.4,2.5,2.5,0,2,1,141,263
2023-01-13 19:05:45.000,2023-01-13 19:05:48.000,0,0,88.05,0,0,N,1,2,0.5,1,86.55,0,0,0,2,5,48,264
2023-01-13 19:03:16.000,2023-01-13 19:03:33.000,0,0,9.5,0,0,N,3,1,0.5,1,3,5,2.5,0,1,1,68,246
2023-01-13 20:29:53.000,2023-01-13 20:30:27.000,0.02,1,14.25,0,0,N,4,1,0.5,1,3,6,2.5,1.25,2,1,264,138
2023-01-13 20:52:40.000,2023-01-13 20:52:44.000,0,0,25.7,0,2,N,1,1,0,1,22.7,0,0,0,2,5,90,264
2023-01-13 20:09:01.000,2023-01-13 20:10:00.000,0.18,1,10.87,0,2.17,N,1,1,0.5,1,3.7,1,2.5,0,2,1,141,140
2023-01-13 20:11:19.000,2023-01-13 20:12:49.000,0.5,1,9.4,0,0,N,2,1,0.5,1,4.4,3.5,2.5,0,1,1,141,140
2023-01-13 20:01:04.000,2023-01-13 20:02:15.000,0.1,1,10.5,0,0,N,2,1,0.5,1,3,6,2.5,0,1,1,162,229
2023-01-13 20:15:56.000,2023-01-13 20:16:48.000,0.2,1,10.44,0,1.74,N,1,1,0.5,1,3.7,1,2.5,0,2,1,236,75
2023-01-13 20:14:13.000,2023-01-13 20:14:18.000,0,0,74,0,0,N,4,2,0.5,1,70,0,2.5,0,2,2,229,233
2023-01-13 20:41:49.000,2023-01-13 20:42:31.000,0,1,8,0,0,N,4,1,0.5,1,3,3.5,2.5,0,1,1,100,161
2023-01-13 20:18:17.000,2023-01-13 20:19:58.000,0.52,1,11.28,0,1.88,N,1,1,0.5,1,4.4,1,2.5,0,2,1,142,48
2023-01-22 09:43:16.000,2023-01-22 09:44:27.000,0.48,1,10.4,0,2,N,1,1,0.5,1,4.4,0,2.5,0,2,1,263,75
2023-01-22 10:01:27.000,2023-01-22 10:01:40.000,0,0,4.5,0,0,N,3,1,0.5,1,3,0,0,0,2,1,193,7
2023-01-22 10:56:27.000,2023-01-22 10:57:46.000,0.53,1,10.5,0,2.1,N,1,2,0.5,1,4.4,0,2.5,0,2,1,233,229
2023-01-22 10:49:00.000,2023-01-22 10:49:55.000,0.13,0,18.5,0,10.8,N,1,1,0.5,1,3.7,0,2.5,0,2,1,231,211
2023-01-22 10:40:07.000,2023-01-22 10:41:41.000,0.2,1,8.7,0,1,N,1,1,0.5,1,3.7,2.5,2.5,0,1,1,249,114
2023-01-22 10:27:22.000,2023-01-22 10:28:44.000,0.4,1,9.4,0,1,N,1,0,0.5,1,4.4,2.5,2.5,0,1,1,239,238
2023-01-22 10:14:44.000,2023-01-22 10:15:49.000,0.44,1,5.9,0,0,N,2,1,0.5,1,4.4,0,0,0,2,1,75,263
2023-01-22 10:17:25.000,2023-01-22 10:18:48.000,0.58,1,7.08,0,1.18,N,1,1,0.5,1,4.4,0,0,0,2,1,75,151
2023-01-22 10:27:15.000,2023-01-22 10:28:30.000,0.39,1,10.08,0,1.68,N,1,1,0.5,1,4.4,0,2.5,0,2,1,170,162
2023-01-22 10:57:03.000,2023-01-22 10:58:39.000,0.43,1,8.4,0,0,N,2,1,0.5,1,4.4,0,2.5,0,2,1,107,79
2023-01-22 10:16:27.000,2023-01-22 10:17:30.000,0.31,1,7.7,0,0,N,2,1,0.5,1,3.7,0,2.5,0,2,1,170,164
2023-01-22 10:10:12.000,2023-01-22 10:11:19.000,0.3,1,10,0,2.3,N,1,1,0.5,1,3.7,2.5,2.5,0,1,1,164,100
2023-01-22 10:20:14.000,2023-01-22 10:21:56.000,0.41,1,10.5,0,2.1,N,1,1,0.5,1,4.4,0,2.5,0,2,1,142,239
2023-01-22 10:27:13.000,2023-01-22 10:28:31.000,0.4,1,9.9,0,1.5,N,1,1,0.5,1,4.4,2.5,2.5,0,1,1,90,68
2023-01-22 10:29:08.000,2023-01-22 10:30:35.000,0.47,1,9.15,0,0.75,N,1,2,0.5,1,4.4,0,2.5,0,2,1,48,163
2023-01-22 10:39:48.000,2023-01-22 10:40:32.000,0.3,1,9.2,0,1.5,N,1,1,0.5,1,3.7,2.5,2.5,0,1,1,140,263
2023-01-22 10:00:29.000,2023-01-22 10:01:52.000,0.56,1,10.08,0,1.68,N,1,1,0.5,1,4.4,0,2.5,0,2,1,239,142
2023-01-22 10:58:20.000,2023-01-22 10:59:05.000,0.26,1,9.24,0,1.54,N,1,1,0.5,1,3.7,0,2.5,0,2,1,236,237
2023-01-22 10:42:06.000,2023-01-22 10:43:28.000,0.55,1,10.5,0,2.1,N,1,1,0.5,1,4.4,0,2.5,0,2,1,239,238
2023-01-22 10:16:40.000,2023-01-22 10:17:46.000,0.4,1,9,0,0.6,N,1,1,0.5,1,4.4,2.5,2.5,0,1,1,107,264
2023-01-22 10:46:12.000,2023-01-22 10:46:47.000,0,0,5.4,0,0.9,N,1,1,0.5,1,3,0,0,0,2,1,193,7
2023-01-22 10:50:11.000,2023-01-22 10:51:24.000,0.31,1,9.24,0,1.54,N,1,1,0.5,1,3.7,0,2.5,0,2,1,263,236
2023-01-22 10:02:10.000,2023-01-22 10:02:59.000,0.18,0,7.7,0,0,N,4,1,0.5,1,3.7,0,2.5,0,2,1,262,141
2023-01-22 10:59:37.000,2023-01-22 11:00:47.000,0.3,1,8.86,0,1.16,N,1,1,0.5,1,3.7,0,2.5,0,2,1,236,237
2023-01-22 11:32:35.000,2023-01-22 11:33:12.000,0.08,1,7,0,0,N,2,1,0.5,1,3,0,2.5,0,2,1,113,249
2023-01-22 11:59:22.000,2023-01-22 12:00:11.000,0.3,1,9.2,0,1.5,N,1,1,0.5,1,3.7,2.5,2.5,0,1,1,237,141
2023-01-22 11:23:34.000,2023-01-22 11:24:48.000,0.41,1,10.08,0,1.68,N,1,1,0.5,1,4.4,0,2.5,0,2,1,263,236
2023-01-22 11:34:22.000,2023-01-22 11:35:50.000,0.49,1,10.08,0,1.68,N,1,1,0.5,1,4.4,0,2.5,0,2,1,90,249
2023-01-22 11:01:02.000,2023-01-22 11:02:20.000,0.12,1,7.7,0,0,N,1,1,0.5,1,3.7,0,2.5,0,2,1,161,170
2023-01-22 11:05:06.000,2023-01-22 11:06:41.000,0.47,1,10.08,0,1.68,N,1,1,0.5,1,4.4,0,2.5,0,2,1,75,236
2023-01-22 11:30:53.000,2023-01-22 11:31:04.000,0,1,104.38,0,20.88,N,1,1,0.5,1,82,0,0,0,2,5,230,264
2023-01-22 11:47:16.000,2023-01-22 11:48:10.000,0.29,1,7.7,0,0,N,2,2,0.5,1,3.7,0,2.5,0,2,1,263,262
2023-01-22 11:05:01.000,2023-01-22 11:06:35.000,0.3,1,10.05,0,1.65,N,1,1,0.5,1,4.4,2.5,2.5,0,1,1,237,236
2023-01-22 11:53:12.000,2023-01-22 11:54:47.000,0.35,1,8.4,0,0,N,2,1,0.5,1,4.4,0,2.5,0,2,1,50,48
2023-01-22 11:17:06.000,2023-01-22 11:18:33.000,0.39,1,10.5,0,2.1,N,1,1,0.5,1,4.4,0,2.5,0,2,1,239,142
2023-01-22 11:03:09.000,2023-01-22 11:03:21.000,0,0,17,0,10,N,1,1,0.5,1,3,0,2.5,0,2,1,164,170
2023-01-22 11:05:22.000,2023-01-22 11:06:34.000,0.44,1,9.4,0,1,N,1,1,0.5,1,4.4,0,2.5,0,2,1,161,164
2023-01-22 11:57:26.000,2023-01-22 11:58:59.000,0.59,1,10.92,0,1.82,N,1,1,0.5,1,5.1,0,2.5,0,2,1,162,237
2023-01-22 11:09:33.000,2023-01-22 11:09:36.000,0,0,99.6,0,16.6,N,1,1,0,1,82,0,0,0,2,5,158,264
2023-01-22 11:02:10.000,2023-01-22 11:03:23.000,0.42,1,10.92,0,2.52,N,1,1,0.5,1,4.4,0,2.5,0,2,1,170,162
2023-01-22 11:11:04.000,2023-01-22 11:12:59.000,0.44,1,8.4,0,0,N,2,2,0.5,1,4.4,0,2.5,0,2,1,264,237
2023-01-22 12:38:23.000,2023-01-22 12:39:48.000,0.4,1,10.05,0,1.65,N,1,1,0.5,1,4.4,2.5,2.5,0,1,1,237,236
2023-01-22 12:08:10.000,2023-01-22 12:09:12.000,0.3,1,9.2,0,1.5,N,1,1,0.5,1,3.7,2.5,2.5,0,1,1,107,137
2023-01-22 12:41:10.000,2023-01-22 12:42:48.000,0.31,1,9.24,0,1.54,N,1,1,0.5,1,3.7,0,2.5,0,2,1,263,236
2023-01-22 12:14:04.000,2023-01-22 12:15:21.000,0.52,1,5.9,0,0,N,2,1,0.5,1,4.4,0,0,0,2,1,238,24
2023-01-22 12:40:02.000,2023-01-22 12:40:03.000,0.05,0,4.5,0,0,N,2,1,0.5,1,3,0,0,0,2,1,48,264
2023-01-22 12:34:07.000,2023-01-22 12:35:38.000,0.3,1,10.5,0,2.1,N,1,1,0.5,1,4.4,2.5,2.5,0,1,1,141,162
2023-01-22 12:02:19.000,2023-01-22 12:03:17.000,0.3,1,7.7,0,0,N,2,1,0.5,1,3.7,2.5,2.5,0,1,1,230,100
2023-01-22 12:59:11.000,2023-01-22 12:59:51.000,0,0,7,0,0,N,2,1,0.5,1,3,0,2.5,0,2,1,79,107
2023-01-22 12:55:10.000,2023-01-22 12:56:56.000,0.55,1,10.5,0,2.1,N,1,1,0.5,1,4.4,0,2.5,0,2,1,107,79
2023-01-22 12:01:21.000,2023-01-22 12:02:55.000,0.5,1,10.05,0,1.65,N,1,1,0.5,1,4.4,2.5,2.5,0,1,1,141,236
2023-01-22 12:58:32.000,2023-01-22 12:59:47.000,0.5,1,10.9,0,2.5,N,1,2,0.5,1,4.4,2.5,2.5,0,1,1,236,237
2023-01-22 12:28:36.000,2023-01-22 12:29:39.000,0.4,1,9.24,0,1.54,N,1,1,0.5,1,3.7,0,2.5,0,2,1,50,143
2023-01-22 12:02:14.000,2023-01-22 12:02:39.000,0.11,0,81.63,0,0.13,N,1,1,0,1,78,0,2.5,0,2,5,141,140
2023-01-22 12:33:04.000,2023-01-22 12:34:58.000,0.25,1,9.7,0,2,N,1,2,0.5,1,3.7,0,2.5,0,2,1,237,236
2023-01-22 12:25:52.000,2023-01-22 12:26:40.000,0.03,1,7,0,0,N,1,1,0.5,1,3,0,2.5,0,2,1,141,237
2023-01-22 12:02:14.000,2023-01-22 12:03:23.000,0.33,1,9.62,0,1.92,N,1,1,0.5,1,3.7,0,2.5,0,2,1,48,142
2023-01-22 12:09:11.000,2023-01-22 12:10:38.000,0.83,1,7.3,0,0,N,4,1,0.5,1,5.8,0,0,0,2,1,238,166
2023-01-22 12:40:11.000,2023-01-22 12:40:31.000,0,0,85.55,6.55,5,N,1,1,0.5,1,70,0,2.5,0,2,2,163,43
2023-01-22 12:26:11.000,2023-01-22 12:27:26.000,0.44,1,9.4,0,1,N,1,1,0.5,1,4.4,0,2.5,0,2,1,263,141
2023-01-22 12:18:53.000,2023-01-22 12:19:14.000,0.04,1,4.5,0,0,N,2,1,0.5,1,3,0,0,0,2,1,70,138
2023-01-22 12:17:11.000,2023-01-22 12:18:12.000,0.3,1,10.7,0,3,N,1,0,0.5,1,3.7,2.5,2.5,0,1,1,141,237
2023-01-22 12:17:00.000,2023-01-22 12:18:24.000,0.44,1,9.4,0,1,N,1,1,0.5,1,4.4,0,2.5,0,2,1,263,141
2023-01-22 12:13:45.000,2023-01-22 12:13:48.000,0,0,88.8,0,14.8,N,1,1,0.5,1,70,0,2.5,0,2,2,48,138
2023-01-22 13:50:05.000,2023-01-22 13:51:49.000,0.44,1,10.5,0,2.1,N,1,1,0.5,1,4.4,0,2.5,0,2,1,237,263
2023-01-22 13:21:08.000,2023-01-22 13:22:49.000,0.29,1,9.4,0,1,N,1,1,0.5,1,4.4,0,2.5,0,2,1,140,141
2023-01-22 13:45:19.000,2023-01-22 13:46:54.000,0.64,1,9.1,0,0,N,2,1,0.5,1,5.1,0,2.5,0,2,1,137,170
2023-01-22 13:12:05.000,2023-01-22 13:12:55.000,0.15,0,88,0,0,N,3,2,0,1,84.5,0,2.5,0,2,5,264,45
2023-01-22 13:19:51.000,2023-01-22 13:19:57.000,0.07,0,74.55,0,10,N,1,1,0,1,63.55,0,0,0,2,5,194,75
2023-01-22 13:01:30.000,2023-01-22 13:02:52.000,0.5,1,9.4,0,1,Y,1,0,0.5,1,4.4,2.5,2.5,0,1,1,48,68
2023-01-22 13:32:05.000,2023-01-22 13:33:57.000,0.3,1,10.08,0,1.68,N,1,1,0.5,1,4.4,0,2.5,0,2,1,164,233
2023-01-22 13:38:07.000,2023-01-22 13:39:57.000,0.3,1,10.05,0,1.65,N,1,1,0.5,1,4.4,2.5,2.5,0,1,1,142,239
2023-01-22 13:09:12.000,2023-01-22 13:10:50.000,0.34,1,8.4,0,0,N,2,1,0.5,1,4.4,0,2.5,0,2,1,263,141
2023-01-22 13:20:57.000,2023-01-22 13:21:01.000,0,1,27.95,0,6.45,N,1,2,0.5,1,20,0,0,0,2,5,143,264
2023-01-22 13:48:38.000,2023-01-22 13:49:49.000,0.2,1,9.2,0,1.5,N,1,1,0.5,1,3.7,2.5,2.5,0,1,1,164,107
2023-01-22 13:04:53.000,2023-01-22 13:04:56.000,0,0,103.2,0,17.2,N,1,1,0,1,85,0,0,0,2,5,132,264
2023-01-22 14:56:44.000,2023-01-22 14:56:46.000,0,0,71.5,0,0,N,2,1,0.5,1,70,0,0,0,2,2,162,264
2023-01-22 14:34:00.000,2023-01-22 14:35:38.000,0.4,1,10.92,0,2.52,N,1,2,0.5,1,4.4,0,2.5,0,2,1,262,263
2023-01-22 14:57:09.000,2023-01-22 14:58:45.000,0.6,1,10.9,0,1.8,N,1,1,0.5,1,5.1,2.5,2.5,0,1,1,113,114
2023-01-22 14:42:52.000,2023-01-22 14:43:00.000,0.03,1,7,0,0,N,2,2,0.5,1,3,0,2.5,0,2,1,239,238
2023-01-22 14:49:00.000,2023-01-22 14:49:03.000,0,0,103.2,0,17.2,N,1,1,0,1,85,0,0,0,2,5,234,264
2023-01-22 14:07:41.000,2023-01-22 14:08:54.000,0.2,1,7.7,0,0,N,1,1,0.5,1,3.7,2.5,2.5,0,1,1,141,229
2023-01-22 14:03:09.000,2023-01-22 14:03:17.000,0.01,0,71.5,0,0,N,3,6,0.5,1,70,0,0,0,2,2,132,264
2023-01-22 14:44:50.000,2023-01-22 14:45:09.000,0,1,7,0,0,N,2,1,0.5,1,3,0,2.5,0,2,1,163,161
2023-01-22 14:34:24.000,2023-01-22 14:35:57.000,0.26,1,9.24,0,1.54,N,1,1,0.5,1,3.7,0,2.5,0,2,1,141,237
2023-01-22 14:33:28.000,2023-01-22 14:34:16.000,0.28,1,5.2,0,0,N,1,1,0.5,1,3.7,0,0,0,2,1,75,263
2023-01-22 14:53:18.000,2023-01-22 14:54:45.000,0.27,1,9.62,0,1.92,N,1,5,0.5,1,3.7,0,2.5,0,2,1,142,239
2023-01-22 14:44:02.000,2023-01-22 14:45:58.000,0.58,1,10.92,0,1.82,N,1,1,0.5,1,5.1,0,2.5,0,2,1,237,236
2023-01-22 14:51:02.000,2023-01-22 14:51:48.000,0.05,0,7,0,0,N,2,1,0.5,1,3,0,2.5,0,2,1,236,141
2023-01-22 15:51:24.000,2023-01-22 15:51:32.000,0,0,91.8,0,10,N,1,2,0,1,78.3,0,2.5,0,2,5,100,230
2023-01-22 15:54:15.000,2023-01-22 15:54:57.000,0.22,0,6.76,0,1.56,N,1,5,0.5,1,3.7,0,0,0,2,1,166,24
2023-01-22 15:46:34.000,2023-01-22 15:47:44.000,0.24,1,9.24,0,1.54,N,1,5,0.5,1,3.7,0,2.5,0,2,1,263,262
2023-01-22 15:37:47.000,2023-01-22 15:37:51.000,0,0,10.75,0,0,N,4,1,0.5,1,3,5,0,1.25,2,1,70,138
2023-01-22 15:46:36.000,2023-01-22 15:46:44.000,0.01,0,97,0,10,N,1,1,0,1,86,0,0,0,2,5,264,74
2023-01-22 16:50:03.000,2023-01-22 16:51:49.000,0.5,1,10.08,0,1.68,N,1,1,0.5,1,4.4,0,2.5,0,2,1,246,68
2023-01-22 16:02:43.000,2023-01-22 16:02:53.000,0.02,0,24,0,0,N,4,1,0,1,23,0,0,0,2,3,237,141
2023-01-22 16:09:36.000,2023-01-22 16:10:02.000,0.01,1,10.5,0,6,N,1,1,0.5,1,3,0,0,0,2,1,151,238
2023-01-22 16:59:07.000,2023-01-22 17:00:36.000,0.45,1,10.08,0,1.68,N,1,1,0.5,1,4.4,0,2.5,0,2,1,239,238
2023-01-22 16:49:26.000,2023-01-22 16:50:43.000,0.3,1,8.7,0,1,N,1,1,0.5,1,3.7,2.5,2.5,0,1,1,262,263
2023-01-22 16:46:18.000,2023-01-22 16:47:59.000,0.57,1,10.08,0,1.68,N,1,2,0.5,1,4.4,0,2.5,0,2,1,264,229
2023-01-22 16:29:04.000,2023-01-22 16:30:47.000,0.3,1,9.2,0,1.5,N,1,1,0.5,1,3.7,2.5,2.5,0,1,1,234,186
2023-01-04 11:55:12.000,2023-01-04 11:55:33.000,0.06,0,74,0,0,N,2,2,0.5,1,70,0,2.5,0,2,2,170,164
2023-01-04 11:48:15.000,2023-01-04 11:49:36.000,0.1,1,12.7,0,5,N,1,1,0.5,1,3.7,2.5,2.5,0,1,1,142,163
2023-01-04 11:54:11.000,2023-01-04 11:55:36.000,0.35,1,7.7,0,0,N,2,1,0.5,1,3.7,0,2.5,0,2,1,113,249
2023-01-04 11:16:41.000,2023-01-04 11:16:43.000,0,0,17,0,1,N,1,1,0,1,15,0,0,0,2,5,144,264
2023-01-04 11:40:48.000,2023-01-04 11:41:34.000,0.06,1,74,0,0,N,2,1,0.5,1,70,0,2.5,0,2,2,261,13
2023-01-04 12:30:53.000,2023-01-04 12:31:45.000,0.15,1,8.4,0,1.4,N,1,1,0.5,1,3,0,2.5,0,2,1,90,234
2023-01-04 12:34:32.000,2023-01-04 12:35:37.000,0.1,1,5.2,0,0,N,2,1,0.5,1,3.7,0,0,0,1,1,151,24
2023-01-04 12:28:53.000,2023-01-04 12:28:56.000,0,0,70.5,0,7,N,1,2,0.5,1,62,0,0,0,2,5,138,264
2023-01-04 12:18:46.000,2023-01-04 12:18:49.000,0,0,13.5,0,2,N,1,1,0.5,1,10,0,0,0,2,5,140,264
2023-01-04 13:11:02.000,2023-01-04 13:12:58.000,0.42,1,8.4,0,0,N,2,1,0.5,1,4.4,0,2.5,0,2,1,107,137
2023-01-04 13:00:47.000,2023-01-04 13:00:55.000,0,0,85.2,0,14.2,N,1,2,0,1,70,0,0,0,2,5,179,223
2023-01-04 13:32:17.000,2023-01-04 13:33:40.000,0.32,1,7.7,0,0,N,2,1,0.5,1,3.7,0,2.5,0,2,1,234,90
2023-01-04 13:52:15.000,2023-01-04 13:52:21.000,0,0,74,0,0,N,4,1,0.5,1,70,0,2.5,0,2,2,230,161
2023-01-04 13:31:44.000,2023-01-04 13:32:00.000,0.03,1,7,0,0,N,2,1,0.5,1,3,0,2.5,0,2,1,143,239
2023-01-04 13:08:27.000,2023-01-04 13:09:41.000,0.53,1,8.4,0,0,N,2,4,0.5,1,4.4,0,2.5,0,2,1,48,142
2023-01-04 13:44:05.000,2023-01-04 13:45:50.000,0.35,1,10.5,0,2.1,N,1,1,0.5,1,4.4,0,2.5,0,2,1,234,107
2023-01-04 13:25:11.000,2023-01-04 13:26:57.000,0.3,1,10.05,0,1.65,N,1,1,0.5,1,4.4,2.5,2.5,0,1,1,231,211
2023-01-04 13:27:29.000,2023-01-04 13:28:50.000,0.5,1,9.24,0,0.84,N,1,1,0.5,1,4.4,2.5,2.5,0,1,1,163,237
2023-01-04 13:10:02.000,2023-01-04 13:10:18.000,0.04,0,25.62,0,5.12,N,1,1,0,1,17,0,2.5,0,2,5,233,170
2023-01-04 13:14:00.000,2023-01-04 13:15:57.000,0.3,1,10.05,0,1.65,N,1,1,0.5,1,4.4,2.5,2.5,0,1,1,236,237
2023-01-04 13:44:06.000,2023-01-04 13:45:28.000,0.2,1,7.7,0,0,N,2,1,0.5,1,3.7,2.5,2.5,0,1,1,68,90
2023-01-04 13:49:28.000,2023-01-04 13:50:11.000,0.04,1,7,0,0,N,4,1,0.5,1,3,0,2.5,0,2,1,162,170
2023-01-04 13:17:09.000,2023-01-04 13:17:14.000,0.02,0,7,0,0,N,4,1,0.5,1,3,0,2.5,0,2,1,140,263
2023-01-04 13:50:01.000,2023-01-04 13:50:28.000,0.3,0,82,0,1,N,1,1,0,1,80,0,0,0,1,5,197,216
2023-01-04 13:40:06.000,2023-01-04 13:40:17.000,0,0,4.5,0,0,N,2,1,0.5,1,3,0,0,0,2,1,264,239
2023-01-04 13:02:05.000,2023-01-04 13:03:15.000,0.02,1,7.7,0,0,N,4,1,0.5,1,3.7,0,2.5,0,2,1,170,162
2023-01-04 13:09:46.000,2023-01-04 13:10:28.000,0.22,1,11.45,0,0,N,4,3,0.5,1,3.7,5,0,1.25,2,1,70,138
2023-01-04 14:14:07.000,2023-01-04 14:15:47.000,0.82,1,101.94,6.55,20.14,N,1,2,0.5,1,70,0,2.5,1.25,2,2,261,87
2023-01-04 14:15:15.000,2023-01-04 14:16:50.000,0.4,1,5.9,0,0,N,2,1,0.5,1,4.4,0,0,0,1,1,238,24
2023-01-04 14:41:00.000,2023-01-04 14:42:47.000,0.46,1,7.38,0,1.48,N,1,1,0.5,1,4.4,0,0,0,2,1,151,24
2023-01-04 14:01:54.000,2023-01-04 14:02:34.000,0.01,1,7,0,0,N,3,1,0.5,1,3,0,2.5,0,2,1,48,230
2023-01-04 14:03:57.000,2023-01-04 14:04:30.000,0,1,7,0,0,N,3,1,0.5,1,3,0,2.5,0,2,1,48,230
2023-01-04 14:20:21.000,2023-01-04 14:20:24.000,0.77,0,19.8,0,3.3,N,1,1,0.5,1,15,0,0,0,2,5,43,264
2023-01-04 14:53:18.000,2023-01-04 14:53:25.000,1,0,115.8,0,19.3,N,1,4,0.5,1,95,0,0,0,2,5,265,264
2023-01-04 14:34:47.000,2023-01-04 14:35:09.000,0.19,1,113.75,0,22.75,N,1,3,0,1,90,0,0,0,2,5,216,132
2023-01-04 14:51:51.000,2023-01-04 14:51:57.000,0.07,0,91,0,5,N,1,3,0,1,85,0,0,0,2,5,264,10
2023-01-04 14:21:22.000,2023-01-04 14:22:57.000,0.52,1,8.4,0,0,N,2,1,0.5,1,4.4,0,2.5,0,2,1,163,230
2023-01-04 14:50:21.000,2023-01-04 14:51:55.000,0.24,1,9.63,0,1.93,N,1,1,0.5,1,3.7,0,2.5,0,2,1,249,234
2023-01-04 14:44:52.000,2023-01-04 14:45:43.000,0,1,66.5,0,10,N,1,5,0.5,1,55,0,0,0,2,5,138,264
2023-01-04 15:42:32.000,2023-01-04 15:43:57.000,0.49,1,8.4,0,0,N,3,1,0.5,1,4.4,0,2.5,0,2,1,114,113
2023-01-04 15:09:30.000,2023-01-04 15:10:51.000,0.47,1,8.4,0,0,N,2,5,0.5,1,4.4,0,2.5,0,2,1,90,186
2023-01-04 15:00:50.000,2023-01-04 15:01:33.000,0.02,1,7,0,0,N,4,1,0.5,1,3,0,2.5,0,2,1,238,239
2023-01-04 15:22:08.000,2023-01-04 15:23:27.000,0.29,1,9.24,0,1.54,N,1,3,0.5,1,3.7,0,2.5,0,2,1,100,186
2023-01-04 15:28:06.000,2023-01-04 15:29:25.000,0.17,1,7.7,0,0,N,4,1,0.5,1,3.7,0,2.5,0,2,1,161,164
2023-01-04 15:23:42.000,2023-01-04 15:24:50.000,0.28,1,7.7,0,0,N,2,1,0.5,1,3.7,0,2.5,0,2,1,163,161
2023-01-04 15:38:33.000,2023-01-04 15:39:42.000,0.3,1,9.7,0,2,N,1,1,0.5,1,3.7,0,2.5,0,2,1,162,170
2023-01-04 15:07:19.000,2023-01-04 15:08:58.000,0.39,1,10.08,0,1.68,N,1,1,0.5,1,4.4,0,2.5,0,2,1,164,170
2023-01-04 15:57:16.000,2023-01-04 15:58:48.000,0.58,1,8.4,0,0,N,2,1,0.5,1,4.4,0,2.5,0,2,1,238,43
2023-01-04 15:10:43.000,2023-01-04 15:11:59.000,0.41,1,10.08,0,1.68,N,1,1,0.5,1,4.4,0,2.5,0,2,1,43,239
2023-01-04 15:00:21.000,2023-01-04 15:00:34.000,0.1,0,7,0,0,N,3,1,0.5,1,3,2.5,2.5,0,1,1,236,237
2023-01-04 15:14:44.000,2023-01-04 15:14:51.000,0,0,4.5,0,0,N,3,1,0.5,1,3,0,0,0,2,1,264,193
2023-01-04 15:17:37.000,2023-01-04 15:18:01.000,0,1,4.5,0,0,N,3,1,0.5,1,3,0,0,0,2,1,264,193
2023-01-04 15:48:54.000,2023-01-04 15:48:56.000,0,0,105.6,0,17.6,N,1,1,0,1,87,0,0,0,2,5,132,264
2023-01-04 15:08:52.000,2023-01-04 15:08:55.000,0,0,4.5,0,0,N,2,5,0.5,1,3,0,0,0,2,1,132,264
2023-01-04 15:14:37.000,2023-01-04 15:15:36.000,0,1,4.5,0,0,N,3,1,0.5,1,3,0,0,0,1,1,78,264
2023-01-04 15:10:55.000,2023-01-04 15:10:57.000,0,0,5.85,0,1.35,N,1,1,0.5,1,3,0,0,0,2,1,229,264
2023-01-04 15:35:28.000,2023-01-04 15:36:18.000,0.2,1,9.2,0,1.5,N,1,1,0.5,1,3.7,2.5,2.5,0,1,1,100,186
2023-01-04 15:26:25.000,2023-01-04 15:26:33.000,0,0,46,0,0,N,1,1,0,1,45,0,0,0,2,5,38,132
2023-01-04 16:07:32.000,2023-01-04 16:07:55.000,0,0,7,0,0,N,3,1,0.5,1,3,2.5,0,0,2,1,193,7
2023-01-04 16:02:01.000,2023-01-04 16:03:18.000,0.1,1,10.2,0,0,N,2,2,0.5,1,3.7,5,2.5,0,1,1,246,68
2023-01-04 16:35:29.000,2023-01-04 16:36:44.000,0.25,1,12.24,0,2.04,N,1,1,0.5,1,3.7,2.5,2.5,0,2,1,161,164
2023-01-04 16:20:34.000,2023-01-04 16:20:37.000,0.02,0,7,0,0,N,4,1,0.5,1,3,2.5,0,0,2,1,89,264
2023-01-04 16:44:08.000,2023-01-04 16:45:55.000,0.41,1,13.62,0,2.72,N,1,1,0.5,1,4.4,2.5,2.5,0,2,1,141,140
2023-01-04 16:53:04.000,2023-01-04 16:54:44.000,0.4,1,13.08,0,2.18,N,1,2,0.5,1,4.4,2.5,2.5,0,2,1,143,142
2023-01-04 16:39:56.000,2023-01-04 16:40:00.000,0,1,106.49,0,17.54,N,1,2,0,1,86.7,0,0,1.25,2,5,264,132
2023-01-04 16:15:22.000,2023-01-04 16:15:49.000,0.36,0,93.05,6.55,10,N,1,2,0.5,1,70,5,0,0,2,2,216,132
2023-01-04 16:03:38.000,2023-01-04 16:04:57.000,0.3,1,10.4,0,0.2,N,1,1,0.5,1,3.7,5,2.5,0,1,1,100,48
2023-01-04 16:09:28.000,2023-01-04 16:10:43.000,0.3,1,12.24,0,2.04,N,1,1,0.5,1,3.7,2.5,2.5,0,2,1,137,107
2023-01-04 16:40:07.000,2023-01-04 16:41:58.000,0.32,1,11.9,0,1,N,1,1,0.5,1,4.4,2.5,2.5,0,2,1,170,162
2023-01-04 16:09:08.000,2023-01-04 16:09:12.000,0.05,0,203,0,20,N,1,1,0,1,182,0,0,0,2,5,216,132
2023-01-04 16:40:14.000,2023-01-04 16:40:56.000,0,0,9.5,0,0,N,4,1,0.5,1,3,2.5,2.5,0,2,1,140,141
2023-01-04 16:30:27.000,2023-01-04 16:31:05.000,0.2,1,12.24,0,2.04,N,1,1,0.5,1,3.7,2.5,2.5,0,2,1,151,238
2023-01-04 16:32:00.000,2023-01-04 16:33:58.000,0.4,1,10.9,0,0,N,1,1,0.5,1,4.4,2.5,2.5,0,2,1,48,142
2023-01-04 16:04:18.000,2023-01-04 16:05:18.000,0.39,1,13.2,0,3,N,1,1,0.5,1,3.7,2.5,2.5,0,2,1,68,48
2023-01-04 16:27:48.000,2023-01-04 16:27:56.000,0,0,29.5,0,5,N,1,4,0,1,21,0,2.5,0,2,5,90,68
2023-01-04 16:41:19.000,2023-01-04 16:41:21.000,0.2,0,67.3,0,0.8,N,1,1,0.5,1,65,0,0,0,2,5,138,264
2023-01-04 16:29:26.000,2023-01-04 16:29:34.000,0.08,0,26.5,0,0,N,2,2,0,1,23,2.5,0,0,2,3,215,10
2023-01-04 16:31:52.000,2023-01-04 16:32:34.000,0.46,1,97.2,0,16.2,N,1,2,0,1,80,0,0,0,2,5,216,132
2023-01-04 16:19:32.000,2023-01-04 16:20:41.000,0.3,1,94.8,0,15.8,N,1,0,0.5,1,70,7.5,2.5,0,1,2,148,114
2023-01-04 16:54:07.000,2023-01-04 16:54:11.000,0.47,0,103.8,0,17.3,N,1,1,0.5,1,85,0,0,0,2,5,132,264
2023-01-04 17:19:03.000,2023-01-04 17:19:47.000,0.1,0,9.5,0,0,N,3,1,0.5,1,3,5,2.5,0,1,1,236,263
2023-01-04 17:58:39.000,2023-01-04 17:58:42.000,0.01,0,53.64,0,5,N,1,1,0,1,47.64,0,0,0,2,5,138,264
2023-01-04 17:19:09.000,2023-01-04 17:20:34.000,0.26,1,12.24,0,2.04,N,1,1,0.5,1,3.7,2.5,2.5,0,2,1,140,141
2023-01-04 17:41:33.000,2023-01-04 17:42:28.000,0.1,1,9.5,0,0,N,4,1,0.5,1,3,2.5,2.5,0,2,1,114,249
2023-01-04 17:22:18.000,2023-01-04 17:22:21.000,0,0,91,0,10,N,1,1,0,1,80,0,0,0,2,5,244,264
2023-01-04 17:56:21.000,2023-01-04 17:57:41.000,0.26,1,11.7,0,1.5,N,1,1,0.5,1,3.7,2.5,2.5,0,2,1,234,186
2023-01-04 17:11:17.000,2023-01-04 17:12:59.000,0.2,1,12.24,0,2.04,N,1,2,0.5,1,3.7,2.5,2.5,0,2,1,164,170
2023-01-04 17:58:10.000,2023-01-04 17:59:47.000,0.39,1,13.08,0,2.18,N,1,1,0.5,1,4.4,2.5,2.5,0,2,1,141,262
2023-01-04 17:55:28.000,2023-01-04 17:56:32.000,0.07,1,10.2,0,0,N,4,1,0.5,1,3.7,2.5,2.5,0,2,1,230,100
2023-01-04 17:11:22.000,2023-01-04 17:12:46.000,0.43,1,13.08,0,2.18,N,1,1,0.5,1,4.4,2.5,2.5,0,2,1,170,234
2023-01-04 17:13:45.000,2023-01-04 17:14:48.000,0.1,1,13.25,0,3.05,N,1,1,0.5,1,3.7,5,2.5,0,1,1,90,68
2023-01-04 17:59:20.000,2023-01-04 18:00:47.000,0.4,1,10.9,0,0,N,3,1,0.5,1,4.4,5,2.5,0,1,1,263,75
2023-01-04 17:01:10.000,2023-01-04 17:02:28.000,0.52,1,11.9,0,1,N,1,1,0.5,1,4.4,2.5,2.5,0,2,1,68,246
2023-01-04 17:26:04.000,2023-01-04 17:26:09.000,0,0,105,0,17.5,N,1,2,0.5,0,87,0,0,0,2,5,132,264
2023-01-04 17:25:26.000,2023-01-04 17:25:29.000,0,0,81.5,0,0,N,1,1,0.5,1,80,0,0,0,2,5,138,264
2023-01-04 18:00:12.000,2023-01-04 18:01:49.000,0.32,1,12.9,0,2,N,1,2,0.5,1,4.4,2.5,2.5,0,2,1,239,238
2023-01-04 18:32:08.000,2023-01-04 18:33:40.000,0.4,1,10.9,0,0,N,2,1,0.5,1,4.4,2.5,2.5,0,2,1,236,263
2023-01-04 18:48:07.000,2023-01-04 18:48:17.000,0.06,0,9.5,0,0,N,2,1,0.5,1,3,2.5,2.5,0,2,1,237,141
2023-01-04 18:39:01.000,2023-01-04 18:40:46.000,0.07,1,10.2,0,0,N,3,1,0.5,1,3.7,2.5,2.5,0,2,1,186,68
2023-01-04 18:35:33.000,2023-01-04 18:36:51.000,0.13,1,10.2,0,0,N,4,1,0.5,1,3.7,2.5,2.5,0,2,1,161,163
2023-01-04 18:20:50.000,2023-01-04 18:21:50.000,0.13,1,10.2,0,0,N,2,1,0.5,1,3.7,2.5,2.5,0,2,1,68,186
2023-01-29 10:28:45.000,2023-01-29 10:29:13.000,0,1,7,0,0,N,4,4,0.5,1,3,0,2.5,0,2,1,230,163
2023-01-29 10:02:33.000,2023-01-29 10:02:36.000,0,0,103.8,0,17.3,N,1,2,0.5,1,85,0,0,0,2,5,132,264
2023-01-29 10:17:05.000,2023-01-29 10:18:47.000,0.39,1,8.4,0,0,N,2,4,0.5,1,4.4,0,2.5,0,2,1,263,262
2023-01-29 10:08:31.000,2023-01-29 10:09:57.000,0.41,1,8.4,0,0,N,2,1,0.5,1,4.4,0,2.5,0,2,1,142,239
2023-01-29 10:32:38.000,2023-01-29 10:33:55.000,0.37,1,7.7,0,0,N,2,1,0.5,1,3.7,0,2.5,0,2,1,163,161
2023-01-29 11:45:07.000,2023-01-29 11:45:53.000,0.2,0,9.62,0,1.92,N,1,1,0.5,1,3.7,0,2.5,0,2,1,237,141
2023-01-29 11:12:00.000,2023-01-29 11:13:34.000,0.3,1,9.4,0,1,N,1,0,0.5,1,4.4,2.5,2.5,0,1,1,164,170
2023-01-29 11:31:36.000,2023-01-29 11:32:50.000,0.42,1,10,0,1.6,N,1,1,0.5,1,4.4,0,2.5,0,2,1,239,238
2023-01-29 12:01:17.000,2023-01-29 12:02:46.000,0.57,1,10.4,0,2,N,1,1,0.5,1,4.4,0,2.5,0,2,1,90,68
2023-01-29 11:54:05.000,2023-01-29 11:55:46.000,0.61,1,10.46,0,1.36,N,1,1,0.5,1,5.1,0,2.5,0,2,1,162,237
2023-01-29 11:19:28.000,2023-01-29 11:20:54.000,0.45,1,10.08,0,1.68,N,1,1,0.5,1,4.4,0,2.5,0,2,1,141,229
2023-01-29 11:15:03.000,2023-01-29 11:16:58.000,0.51,1,10.92,0,1.82,N,1,1,0.5,1,5.1,0,2.5,0,2,1,170,234
2023-01-29 11:29:29.000,2023-01-29 11:30:41.000,0.44,1,10.08,0,1.68,N,1,1,0.5,1,4.4,0,2.5,0,2,1,229,141
2023-01-29 11:10:05.000,2023-01-29 11:11:58.000,0.69,1,9.1,0,0,N,2,1,0.5,1,5.1,0,2.5,0,2,1,48,142
2023-01-29 11:07:17.000,2023-01-29 11:08:28.000,0.36,1,9.24,0,1.54,N,1,1,0.5,1,3.7,0,2.5,0,2,1,236,162
2023-01-29 11:47:02.000,2023-01-29 11:48:52.000,0.5,1,10.9,0,2.5,N,1,1,0.5,1,4.4,2.5,2.5,0,1,1,143,239
2023-01-29 11:39:40.000,2023-01-29 11:40:47.000,0.3,1,7.7,0,0,N,3,0,0.5,1,3.7,2.5,2.5,0,1,1,140,262
2023-01-29 11:47:29.000,2023-01-29 11:48:19.000,0.32,1,9.24,0,1.54,N,1,2,0.5,1,3.7,0,2.5,0,2,1,100,186
2023-01-29 11:49:07.000,2023-01-29 11:50:43.000,0.51,1,9.66,0,1.26,N,1,1,0.5,1,4.4,0,2.5,0,2,1,239,238
2023-01-29 11:11:42.000,2023-01-29 11:12:52.000,0.33,1,7.7,0,0,N,2,3,0.5,1,3.7,0,2.5,0,2,1,231,209
2023-01-29 11:48:09.000,2023-01-29 11:49:56.000,0.64,1,9.1,0,0,N,1,1,0.5,1,5.1,0,2.5,0,2,1,151,239
2023-01-29 11:45:30.000,2023-01-29 11:45:45.000,0.12,0,71.5,0,0,N,4,1,0.5,1,70,0,0,0,2,2,70,138
2023-01-29 11:17:41.000,2023-01-29 11:18:18.000,0.1,1,95.55,6.55,15,N,1,1,0.5,1,70,0,2.5,0,2,2,170,164
2023-01-29 11:53:01.000,2023-01-29 11:54:34.000,0.55,1,9.4,0,1,N,1,1,0.5,1,4.4,0,2.5,0,2,1,263,141
2023-01-29 11:35:08.000,2023-01-29 11:36:50.000,0.3,1,9.4,0,1,N,1,1,0.5,1,4.4,0,2.5,0,2,1,151,238
2023-01-29 12:38:16.000,2023-01-29 12:38:22.000,0,0,10.8,0,1.8,N,1,1,0,1,8,0,0,0,2,5,201,117
2023-01-29 12:01:09.000,2023-01-29 12:02:44.000,0.27,1,7.7,0,0,N,2,1,0.5,1,3.7,0,2.5,0,2,1,263,236
2023-01-29 12:48:41.000,2023-01-29 12:49:48.000,0.4,1,9.2,0,1.5,N,1,1,0.5,1,3.7,2.5,2.5,0,1,1,141,263
2023-01-29 12:36:06.000,2023-01-29 12:37:39.000,0.3,1,10.7,0,3,N,1,1,0.5,1,3.7,2.5,2.5,0,1,1,90,249
2023-01-29 12:18:15.000,2023-01-29 12:19:37.000,0.2,1,5.9,0,0,N,2,1,0.5,1,4.4,0,0,0,1,1,43,238
2023-01-29 12:22:44.000,2023-01-29 12:22:54.000,0,0,102.25,0,20.45,N,1,1,0,1,78.3,0,2.5,0,2,5,233,170
2023-01-29 12:12:43.000,2023-01-29 12:13:56.000,0.49,1,27,0,1,N,1,4,0,1,25,0,0,0,2,5,129,70
2023-01-29 12:02:25.000,2023-01-29 12:03:41.000,0.52,1,10.08,0,1.68,N,1,1,0.5,1,4.4,0,2.5,0,2,1,237,236
2023-01-29 12:43:30.000,2023-01-29 12:44:50.000,0.1,1,7.7,0,0,N,2,1,0.5,1,3.7,2.5,2.5,0,1,1,141,262
2023-01-29 12:12:23.000,2023-01-29 12:13:56.000,0.19,1,7.7,0,0,N,2,3,0.5,1,3.7,0,2.5,0,2,1,68,100
2023-01-29 12:45:11.000,2023-01-29 12:46:12.000,0.31,1,9.24,0,1.54,N,1,1,0.5,1,3.7,0,2.5,0,2,1,237,236
2023-01-29 12:21:10.000,2023-01-29 12:22:36.000,0.23,1,7.7,0,0,N,2,1,0.5,1,3.7,0,2.5,0,2,1,233,162
2023-01-29 12:32:27.000,2023-01-29 12:33:46.000,0.37,1,10.08,0,1.68,N,1,1,0.5,1,4.4,0,2.5,0,2,1,236,263
2023-01-29 12:47:24.000,2023-01-29 12:48:41.000,0.44,1,8.82,0,0.42,N,1,1,0.5,1,4.4,0,2.5,0,2,1,211,114
2023-01-29 12:16:01.000,2023-01-29 12:17:31.000,0.3,1,10.08,0,1.68,N,1,1,0.5,1,4.4,0,2.5,0,2,1,239,238
2023-01-29 12:34:13.000,2023-01-29 12:35:47.000,0.41,1,9.4,0,1,N,1,1,0.5,1,4.4,0,2.5,0,2,1,125,249
2023-01-29 12:15:27.000,2023-01-29 12:15:30.000,0,0,138,0,10,N,1,1,0,1,127,0,0,0,2,5,265,264
2023-01-29 12:51:19.000,2023-01-29 12:52:06.000,0.22,1,9.39,0,1.69,N,1,1,0.5,1,3.7,0,2.5,0,2,1,236,75
2023-01-29 12:35:12.000,2023-01-29 12:35:23.000,0.9,0,7,0,0,N,3,1,0.5,1,3,2.5,2.5,0,1,1,68,90
2023-01-29 12:55:17.000,2023-01-29 12:56:31.000,0.35,1,7.7,0,0,N,2,1,0.5,1,3.7,0,2.5,0,2,1,236,263
2023-01-29 12:18:31.000,2023-01-29 12:19:57.000,0.43,1,9.65,0,1.25,N,1,1,0.5,1,4.4,0,2.5,0,2,1,164,234
2023-01-29 13:51:22.000,2023-01-29 13:52:56.000,0.16,1,7.7,0,0,N,2,1,0.5,1,3.7,0,2.5,0,2,1,263,262
2023-01-29 13:03:39.000,2023-01-29 13:03:46.000,0,0,74,0,0,N,4,2,0.5,1,70,0,2.5,0,2,2,48,230
2023-01-29 13:52:00.000,2023-01-29 13:53:35.000,0.57,1,10.08,0,1.68,N,1,1,0.5,1,4.4,0,2.5,0,2,1,43,237
2023-01-29 13:49:16.000,2023-01-29 13:50:44.000,0.4,1,10.08,0,1.68,N,1,1,0.5,1,4.4,0,2.5,0,2,1,162,237
2023-01-29 13:07:41.000,2023-01-29 13:08:45.000,0.33,1,7.7,0,0,N,2,1,0.5,1,3.7,0,2.5,0,2,1,48,142
2023-01-29 13:50:00.000,2023-01-29 13:51:36.000,0.6,1,10.6,0,1.5,N,1,1,0.5,1,5.1,2.5,2.5,0,1,1,239,238
2023-01-29 13:33:42.000,2023-01-29 13:34:13.000,0.02,1,54,0,3,N,1,2,0,1,50,0,0,0,2,5,66,97
2023-01-29 13:06:58.000,2023-01-29 13:07:04.000,0,1,87.05,0,14.3,N,1,2,0.5,1,70,0,0,1.25,2,2,264,70
2023-01-29 13:16:04.000,2023-01-29 13:17:51.000,0.24,1,9.24,0,1.54,N,1,1,0.5,1,3.7,0,2.5,0,2,1,161,170
2023-01-29 13:13:38.000,2023-01-29 13:14:45.000,0.38,1,9.24,0,1.54,N,1,1,0.5,1,3.7,0,2.5,0,2,1,162,141
2023-01-29 13:07:13.000,2023-01-29 13:07:16.000,0,0,19.2,0,3.2,N,1,1,0,1,15,0,0,0,2,5,142,264
2023-01-29 13:22:48.000,2023-01-29 13:23:18.000,0.24,1,88.8,0,14.8,N,1,2,0.5,1,70,0,2.5,0,2,2,134,197
2023-01-29 13:23:21.000,2023-01-29 13:24:54.000,0.38,1,10.62,0,2.22,N,1,1,0.5,1,4.4,0,2.5,0,2,1,107,170
2023-01-29 13:54:29.000,2023-01-29 13:54:32.000,0,0,60.05,0,55.55,N,1,1,0.5,1,3,0,0,0,2,1,148,264
2023-01-29 13:56:16.000,2023-01-29 13:57:50.000,0.46,1,8.4,0,0,N,1,1,0.5,1,4.4,0,2.5,0,2,1,137,107
2023-01-29 13:32:28.000,2023-01-29 13:33:39.000,0.39,1,9.24,0,1.54,N,1,5,0.5,1,3.7,0,2.5,0,2,1,237,236
2023-01-29 13:18:56.000,2023-01-29 13:19:51.000,0,1,49.2,0,8.2,N,1,1,0,1,40,0,0,0,1,5,257,111
2023-01-29 13:35:27.000,2023-01-29 13:36:01.000,0.07,1,7,0,0,N,4,1,0.5,1,3,0,2.5,0,2,1,234,113
2023-01-29 13:55:20.000,2023-01-29 13:56:42.000,0.2,1,8.2,0,0.5,N,1,2,0.5,1,3.7,2.5,2.5,0,1,1,143,239
2023-01-29 13:25:28.000,2023-01-29 13:25:38.000,0.1,0,101,0,15,N,1,1,0,1,85,0,0,0,2,5,194,74
2023-01-29 14:54:02.000,2023-01-29 14:55:53.000,0.5,1,10.5,0,2.1,N,1,1,0.5,1,4.4,0,2.5,0,2,1,263,236
2023-01-29 15:01:09.000,2023-01-29 15:02:35.000,0.55,1,5.9,0,0,N,2,2,0.5,1,4.4,0,0,0,2,1,75,74
2023-01-29 14:10:22.000,2023-01-29 14:10:25.000,0,0,4.5,0,0,N,2,1,0.5,1,3,0,0,0,2,1,90,264
2023-01-29 14:53:58.000,2023-01-29 14:54:08.000,0,1,74,0,0,N,2,1,0.5,1,70,0,2.5,0,2,2,141,237
2023-01-29 14:44:48.000,2023-01-29 14:45:13.000,0,1,7,0,0,N,2,1,0.5,1,3,0,2.5,0,2,1,186,68
2023-01-29 14:35:16.000,2023-01-29 14:35:21.000,0.05,0,4.5,0,0,N,2,1,0.5,1,3,0,0,0,2,1,226,145
2023-01-29 14:08:17.000,2023-01-29 14:09:53.000,0.29,1,10.5,0,2.1,N,1,6,0.5,1,4.4,0,2.5,0,2,1,143,239
2023-01-29 14:33:11.000,2023-01-29 14:34:49.000,0,1,7.7,0,0,N,2,4,0.5,1,3.7,0,2.5,0,2,1,230,48
2023-01-29 14:55:25.000,2023-01-29 14:56:54.000,0.43,1,10.08,0,1.68,N,1,1,0.5,1,4.4,0,2.5,0,2,1,151,238
2023-01-29 14:36:15.000,2023-01-29 14:37:49.000,0.27,1,9.24,0,1.54,N,1,1,0.5,1,3.7,0,2.5,0,2,1,230,100
2023-01-29 14:35:08.000,2023-01-29 14:36:51.000,0.39,1,8.4,0,2.5,N,1,1,0.5,1,4.4,0,0,0,2,1,166,24
2023-01-29 14:39:01.000,2023-01-29 14:40:15.000,0.4,1,10.05,0,1.65,N,1,1,0.5,1,4.4,2.5,2.5,0,1,1,141,236
2023-01-29 14:17:43.000,2023-01-29 14:18:56.000,0.4,1,9.2,0,1.5,N,1,2,0.5,1,3.7,2.5,2.5,0,1,1,68,246
2023-01-29 14:35:31.000,2023-01-29 14:35:34.000,0,0,99,0,16.5,N,1,1,0.5,1,81,0,0,0,2,5,163,264
2023-01-29 14:12:12.000,2023-01-29 14:12:14.000,0.05,0,103.75,0,20.75,N,1,1,0,1,82,0,0,0,2,5,45,264
2023-01-29 14:42:09.000,2023-01-29 14:43:45.000,0.62,1,9.1,0,0,N,2,1,0.5,1,5.1,0,2.5,0,2,1,107,137
2023-01-29 15:57:30.000,2023-01-29 15:58:29.000,0.21,1,5.2,0,0,N,2,1,0.5,1,3.7,0,0,0,2,1,166,24
2023-01-29 15:36:07.000,2023-01-29 15:37:31.000,0.5,1,10.05,0,1.65,N,1,1,0.5,1,4.4,2.5,2.5,0,1,1,239,238
2023-01-29 15:01:23.000,2023-01-29 15:01:33.000,0,0,24,0,0,N,2,2,0,1,23,0,0,0,2,3,186,68
2023-01-29 15:20:47.000,2023-01-29 15:21:57.000,0.3,1,7.7,0,0,N,1,2,0.5,1,3.7,0,2.5,0,2,1,163,161
2023-01-29 15:51:13.000,2023-01-29 15:52:51.000,0.2,1,9.6,0,1.9,N,1,1,0.5,1,3.7,2.5,2.5,0,1,1,163,48
2023-01-29 15:05:45.000,2023-01-29 15:06:49.000,0.24,1,10.01,0,2.31,N,1,1,0.5,1,3.7,0,2.5,0,2,1,261,231
2023-01-29 15:24:33.000,2023-01-29 15:25:54.000,0.47,1,9.9,0,1.5,N,1,1,0.5,1,4.4,0,2.5,0,2,1,237,141
2023-01-29 15:44:26.000,2023-01-29 15:44:41.000,0.1,0,9.5,0,0,N,3,1,0.5,1,3,5,0,0,1,1,70,138
2023-01-29 15:30:14.000,2023-01-29 15:31:37.000,0.43,1,10.4,0,2,N,1,1,0.5,1,4.4,0,2.5,0,2,1,230,100
2023-01-29 15:48:03.000,2023-01-29 15:49:18.000,0.24,1,6.24,0,1.04,N,1,1,0.5,1,3.7,0,0,0,2,1,151,238
2023-01-29 15:42:01.000,2023-01-29 15:43:54.000,0.3,1,8.4,0,0,N,3,4,0.5,1,4.4,2.5,2.5,0,1,1,263,141
2023-01-29 15:57:42.000,2023-01-29 15:57:52.000,0,0,71.5,0,0,N,2,0,0.5,1,70,0,0,0,2,2,264,1
2023-01-29 15:28:12.000,2023-01-29 15:29:59.000,0.62,1,10.6,0,1.5,N,1,1,0.5,1,5.1,0,2.5,0,2,1,237,236
2023-01-29 15:42:30.000,2023-01-29 15:43:54.000,0.29,1,88.8,0,14.8,N,1,2,0.5,1,70,0,2.5,0,2,2,262,140
2023-01-29 15:27:59.000,2023-01-29 15:28:02.000,0.03,1,107.1,0,17.85,N,1,1,0.5,1,87.75,0,0,0,2,5,231,264
2023-01-29 15:13:43.000,2023-01-29 15:14:57.000,0.4,1,10.5,0,2.1,N,1,1,0.5,1,4.4,0,2.5,0,2,1,236,75
2023-01-29 16:18:53.000,2023-01-29 16:19:05.000,0,1,7,0,0,N,2,1,0.5,1,3,0,2.5,0,2,1,230,48
2023-01-29 16:03:26.000,2023-01-29 16:04:11.000,0.13,1,7,0,0,N,2,1,0.5,1,3,0,2.5,0,2,1,141,237
2023-01-13 20:55:11.000,2023-01-13 20:56:39.000,0.49,1,10.4,0,1,N,1,2,0.5,1,4.4,1,2.5,0,2,1,163,237
2023-01-13 20:46:30.000,2023-01-13 20:46:34.000,0,0,102,0,17,N,1,1,0,1,84,0,0,0,2,5,249,158
2023-01-13 20:05:05.000,2023-01-13 20:06:58.000,0.2,1,9.9,0,1.2,N,1,2,0.5,1,3.7,3.5,2.5,0,1,1,100,68
2023-01-13 20:41:56.000,2023-01-13 20:41:59.000,0,0,109.8,0,18.3,N,1,1,0.5,1,90,0,0,0,2,5,79,264
2023-01-13 20:55:07.000,2023-01-13 20:56:34.000,0.49,1,10.9,0,1.5,N,1,1,0.5,1,4.4,1,2.5,0,2,1,162,141
2023-01-13 21:55:14.000,2023-01-13 21:55:51.000,0.02,0,8,0,0,N,4,1,0.5,1,3,1,2.5,0,2,1,236,237
2023-01-13 21:12:38.000,2023-01-13 21:12:49.000,0,0,40.68,0,6.78,N,1,1,0,1,30.4,0,2.5,0,2,5,140,262
2023-01-13 21:26:19.000,2023-01-13 21:26:54.000,0.21,0,11.2,0,0,N,2,1,0.5,1,3.7,6,0,0,2,1,70,138
2023-01-13 21:48:38.000,2023-01-13 21:49:08.000,0.01,1,8,0,0,N,2,2,0.5,1,3,1,2.5,0,2,1,48,230
2023-01-13 21:55:34.000,2023-01-13 21:55:37.000,0,0,71.5,0,0,N,2,6,0.5,1,70,0,0,0,2,2,79,264
2023-01-13 21:25:25.000,2023-01-13 21:26:52.000,0.35,1,11.75,0,2.35,N,1,1,0.5,1,4.4,1,2.5,0,2,1,48,50
2023-01-13 21:44:18.000,2023-01-13 21:45:45.000,0.45,1,10.4,0,1,N,1,1,0.5,1,4.4,1,2.5,0,2,1,142,143
2023-01-13 21:18:03.000,2023-01-13 21:19:40.000,0.2,1,8.7,0,0,N,2,1,0.5,1,3.7,3.5,2.5,0,1,1,233,170
2023-01-13 22:06:27.000,2023-01-13 22:06:29.000,0,0,177.05,0,0,N,1,1,0.5,1,175.55,0,0,0,2,5,265,264
2023-01-13 22:14:25.000,2023-01-13 22:15:48.000,0.44,1,10.81,0,1.41,N,1,4,0.5,1,4.4,1,2.5,0,2,1,140,263
2023-01-13 22:42:06.000,2023-01-13 22:43:12.000,0.53,1,11.28,0,1.88,N,1,1,0.5,1,4.4,1,2.5,0,2,1,263,236
2023-01-13 21:53:01.000,2023-01-13 21:54:57.000,0.66,1,12.62,0,2.52,N,1,5,0.5,1,5.1,1,2.5,0,2,1,48,43
2023-01-13 22:16:10.000,2023-01-13 22:17:47.000,0.5,1,11.25,0,1.85,N,1,1,0.5,1,4.4,3.5,2.5,0,1,1,239,142
2023-01-13 22:50:25.000,2023-01-13 22:51:54.000,0.5,1,10.4,0,1,N,1,1,0.5,1,4.4,3.5,2.5,0,1,1,141,229
2023-01-13 22:15:29.000,2023-01-13 22:16:33.000,0.35,1,13.7,0,0,N,2,3,0.5,1,3.7,6,2.5,0,2,1,264,138
2023-01-13 22:14:35.000,2023-01-13 22:14:45.000,0,0,23.4,0,0,N,1,1,0,1,19.9,0,2.5,0,2,5,107,137
2023-01-13 22:13:29.000,2023-01-13 22:14:09.000,0,1,5.5,0,0,N,3,1,0.5,1,3,1,0,0,1,1,70,138
2023-01-13 22:32:01.000,2023-01-13 22:33:16.000,0.29,1,10.44,0,1.74,N,1,1,0.5,1,3.7,1,2.5,0,2,1,107,137
2023-01-13 22:43:24.000,2023-01-13 22:44:34.000,0.42,1,9.4,0,0,N,4,1,0.5,1,4.4,1,2.5,0,2,1,161,164
2023-01-13 22:22:13.000,2023-01-13 22:23:23.000,0.39,1,9.4,0,0,N,1,1,0.5,1,4.4,1,2.5,0,2,1,263,75
2023-01-13 23:10:58.000,2023-01-13 23:11:49.000,0.2,1,8.7,0,0,N,4,1,0.5,1,3.7,3.5,2.5,0,1,1,116,152
2023-01-13 23:30:02.000,2023-01-13 23:31:51.000,0.4,1,11.28,0,1.88,N,1,1,0.5,1,4.4,1,2.5,0,2,1,114,113
2023-01-13 23:27:12.000,2023-01-13 23:28:57.000,0.62,1,12.12,0,2.02,N,1,1,0.5,1,5.1,1,2.5,0,2,1,239,238
2023-01-13 23:41:36.000,2023-01-13 23:42:15.000,0.03,1,8,0,0,N,2,1,0.5,1,3,1,2.5,0,2,1,164,234
2023-01-13 23:27:04.000,2023-01-13 23:27:33.000,0,0,66.25,12.75,0,N,1,1,0,1,50,0,2.5,0,2,5,114,125
2023-01-13 23:24:29.000,2023-01-13 23:24:33.000,0,0,74,0,0,N,4,2,0.5,1,70,0,2.5,0,2,2,113,79
2023-01-13 23:56:00.000,2023-01-13 23:57:50.000,0.56,1,11.28,0,1.88,N,1,1,0.5,1,4.4,1,2.5,0,2,1,263,141
2023-01-13 23:14:21.000,2023-01-13 23:14:59.000,0.41,0,102,0,17,N,1,1,0,1,84,0,0,0,2,5,145,202
2023-01-13 23:58:00.000,2023-01-13 23:59:59.000,0.5,1,10.4,0,1,N,1,2,0.5,1,4.4,3.5,2.5,0,1,1,113,114
2023-01-14 00:53:07.000,2023-01-14 00:54:54.000,0.3,1,11.28,0,1.88,N,1,1,0.5,1,4.4,1,2.5,0,2,1,186,90
2023-01-14 00:50:16.000,2023-01-14 00:50:44.000,0,0,8,0,0,N,3,1,0.5,1,3,1,2.5,0,2,1,249,158
2023-01-14 00:18:48.000,2023-01-14 00:19:09.000,0.03,1,93.5,0,5,N,1,2,0,1,85,0,2.5,0,2,5,164,170
2023-01-14 00:55:55.000,2023-01-14 00:56:48.000,0,1,8,0,0,N,2,1,0.5,1,3,1,2.5,0,2,1,48,186
2023-01-14 00:02:28.000,2023-01-14 00:03:47.000,0.33,1,8.7,0,0,N,2,2,0.5,1,3.7,1,2.5,0,2,1,186,164
2023-01-14 00:03:10.000,2023-01-14 00:04:18.000,0.2,1,10.44,0,1.74,N,1,1,0.5,1,3.7,1,2.5,0,2,1,48,50
2023-01-14 00:23:18.000,2023-01-14 00:24:34.000,0,1,8.7,0,0,N,4,1,0.5,1,3.7,3.5,2.5,0,1,1,142,143
2023-01-14 00:07:36.000,2023-01-14 00:08:58.000,0.29,1,8.7,0,0,N,4,1,0.5,1,3.7,1,2.5,0,2,1,48,163
2023-01-14 00:27:30.000,2023-01-14 00:28:47.000,0.5,1,9.4,0,0,N,2,1,0.5,1,4.4,1,2.5,0,2,1,239,238
2023-01-14 00:09:06.000,2023-01-14 00:10:43.000,0.46,1,9.4,0,0,N,2,1,0.5,1,4.4,1,2.5,0,2,1,68,186
2023-01-14 00:46:18.000,2023-01-14 00:47:19.000,0.3,1,10.85,0,2.15,N,1,1,0.5,1,3.7,3.5,2.5,0,1,1,137,233
2023-01-14 00:12:03.000,2023-01-14 00:13:31.000,0,1,8,0,0,N,3,1,0.5,1,3,3.5,2.5,0,1,1,90,68
2023-01-14 00:23:36.000,2023-01-14 00:24:45.000,0,1,8.7,0,0,N,2,1,0.5,1,3.7,1,2.5,0,2,1,164,100
2023-01-14 00:43:07.000,2023-01-14 00:44:49.000,0.57,1,11.28,0,1.88,N,1,1,0.5,1,4.4,1,2.5,0,2,1,162,229
2023-01-14 01:28:08.000,2023-01-14 01:29:55.000,0.25,1,11,0,1.6,N,1,1,0.5,1,4.4,1,2.5,0,2,1,164,234
2023-01-14 01:55:07.000,2023-01-14 01:55:11.000,0,0,34.2,0,5.7,N,1,2,0,1,25,0,2.5,0,2,5,107,79
2023-01-14 01:25:37.000,2023-01-14 01:26:45.000,0.26,1,10.44,0,1.74,N,1,1,0.5,1,3.7,1,2.5,0,2,1,79,224
2023-01-14 01:37:06.000,2023-01-14 01:38:48.000,0.8,1,10.8,0,1.8,N,1,1,0.5,1,4.5,3,2.5,0,1,1,50,246
2023-01-14 01:20:30.000,2023-01-14 01:20:48.000,0,0,25,0,0,N,2,4,0,1,23,1,0,0,2,3,90,148
2023-01-14 01:40:30.000,2023-01-14 01:41:33.000,0.39,1,11.28,0,1.88,N,1,6,0.5,1,4.4,1,2.5,0,2,1,114,79
2023-01-14 02:00:07.000,2023-01-14 02:01:37.000,0.49,1,11.28,0,1.88,N,1,1,0.5,1,4.4,1,2.5,0,2,1,186,90
2023-01-14 01:29:23.000,2023-01-14 01:29:39.000,0,0,8,0,0,N,4,1,0.5,1,3,1,2.5,0,2,1,249,90
2023-01-14 01:56:12.000,2023-01-14 01:57:42.000,0.54,1,11.28,0,1.88,N,1,1,0.5,1,4.4,1,2.5,0,2,1,233,229
2023-01-14 01:03:14.000,2023-01-14 01:03:56.000,0.03,0,8,0,0,N,3,1,0.5,1,3,1,2.5,0,2,1,113,249
2023-01-14 01:14:16.000,2023-01-14 01:15:58.000,0.3,1,11.25,0,1.85,N,1,2,0.5,1,4.4,3.5,2.5,0,1,1,144,45
2023-01-14 01:35:48.000,2023-01-14 01:36:56.000,0.08,1,8.7,0,0,N,3,1,0.5,1,3.7,1,2.5,0,2,1,114,249
2023-01-14 01:37:35.000,2023-01-14 01:38:13.000,0,1,41,0,0,N,1,1,0,1,40,0,0,0,2,5,242,168
2023-01-14 01:43:09.000,2023-01-14 01:44:53.000,0.29,1,11.28,0,1.88,N,1,1,0.5,1,4.4,1,2.5,0,2,1,90,234
2023-01-14 01:24:21.000,2023-01-14 01:25:39.000,0.07,1,8.7,0,0,N,2,1,0.5,1,3.7,1,2.5,0,2,1,144,113
2023-01-14 02:23:13.000,2023-01-14 02:24:23.000,0.39,1,10.44,0,1.74,N,1,3,0.5,1,3.7,1,2.5,0,2,1,170,137
2023-01-14 02:37:03.000,2023-01-14 02:38:06.000,0.35,1,8.7,0,0,N,1,1,0.5,1,3.7,1,2.5,0,2,1,230,48
2023-01-14 02:42:19.000,2023-01-14 02:43:37.000,0.3,1,10.4,0,1.7,N,1,1,0.5,1,3.7,3.5,2.5,0,1,1,114,113
2023-01-14 02:01:10.000,2023-01-14 02:02:11.000,0.2,1,15.6,0,2.6,N,1,2,0,1,12,0,0,0,1,5,239,142
2023-01-14 02:04:30.000,2023-01-14 02:05:58.000,0.4,1,11.25,0,1.85,N,1,1,0.5,1,4.4,3.5,2.5,0,1,1,79,107
2023-01-14 02:41:33.000,2023-01-14 02:41:45.000,0,0,25,0,0,N,2,1,0,1,23,1,0,0,2,3,166,24
2023-01-14 02:58:07.000,2023-01-14 02:59:43.000,0.54,1,11.28,0,1.88,N,1,1,0.5,1,4.4,1,2.5,0,2,1,263,141
2023-01-14 02:52:35.000,2023-01-14 02:53:29.000,0.37,1,10.44,0,1.74,N,1,1,0.5,1,3.7,1,2.5,0,2,1,162,229
2023-01-14 02:20:29.000,2023-01-14 02:21:59.000,0.39,1,11.4,0,2,N,1,1,0.5,1,4.4,1,2.5,0,2,1,79,107
2023-01-14 02:08:27.000,2023-01-14 02:09:50.000,0.46,1,9.4,0,0,N,1,1,0.5,1,4.4,1,2.5,0,2,1,249,90
2023-01-14 02:39:11.000,2023-01-14 02:40:27.000,0.4,1,10.4,0,1,N,1,0,0.5,1,4.4,3.5,2.5,0,1,1,238,239
2023-01-14 02:45:13.000,2023-01-14 02:46:13.000,0.31,1,9.7,0,1,N,1,1,0.5,1,3.7,1,2.5,0,2,1,48,246
2023-01-14 02:43:07.000,2023-01-14 02:44:49.000,0.61,1,12.1,0,2,N,1,2,0.5,1,5.1,1,2.5,0,2,1,263,141
2023-01-14 02:07:56.000,2023-01-14 02:08:02.000,0,1,26,0,5,N,1,1,0,1,20,0,0,0,2,5,255,256
2023-01-14 03:35:36.000,2023-01-14 03:35:50.000,0,0,8,0,0,N,2,1,0.5,1,3,1,2.5,0,2,1,48,50
2023-01-14 03:15:16.000,2023-01-14 03:16:38.000,0.24,1,10.44,0,1.74,N,1,1,0.5,1,3.7,1,2.5,0,2,1,148,79
2023-01-14 03:38:20.000,2023-01-14 03:39:35.000,0.07,1,8.7,0,0,N,2,1,0.5,1,3.7,1,2.5,0,2,1,170,162
2023-01-14 03:18:20.000,2023-01-14 03:18:58.000,0,0,8,0,0,N,3,1,0.5,1,3,3.5,2.5,0,1,1,234,90
2023-01-14 03:51:49.000,2023-01-14 03:52:54.000,0.41,1,11.28,0,1.88,N,1,1,0.5,1,4.4,1,2.5,0,2,1,263,141
2023-01-14 03:28:03.000,2023-01-14 03:29:45.000,0.56,1,9.4,0,0,N,1,6,0.5,1,4.4,1,2.5,0,2,1,107,137
2023-01-14 03:23:39.000,2023-01-14 03:24:00.000,0.01,1,8,0,0,N,2,2,0.5,1,3,1,2.5,0,2,1,230,100
2023-01-14 03:31:39.000,2023-01-14 03:31:49.000,0,0,5.5,0,0,N,2,3,0.5,1,3,1,0,0,2,1,69,159
2023-01-14 03:18:00.000,2023-01-14 03:18:25.000,0.02,0,5.5,0,0,N,2,1,0.5,1,3,1,0,0,2,1,173,70
2023-01-14 03:12:35.000,2023-01-14 03:12:46.000,0,0,28.5,0,0,N,4,1,0,1,25,0,2.5,0,2,5,233,170
2023-01-14 03:59:10.000,2023-01-14 04:00:52.000,0.54,1,11.28,0,1.88,N,1,1,0.5,1,4.4,1,2.5,0,2,1,48,68
2023-01-14 03:45:43.000,2023-01-14 03:46:39.000,0.29,1,10.44,0,1.74,N,1,1,0.5,1,3.7,1,2.5,0,2,1,263,236
2023-01-14 03:25:04.000,2023-01-14 03:26:57.000,0.39,1,12.22,0,2.82,N,1,3,0.5,1,4.4,1,2.5,0,2,1,263,140
2023-01-14 03:55:16.000,2023-01-14 03:56:59.000,0.3,1,11.25,0,1.85,N,1,1,0.5,1,4.4,3.5,2.5,0,1,1,249,114
2023-01-14 04:27:44.000,2023-01-14 04:27:51.000,0.01,0,88.5,0,0,N,2,1,0,1,85,0,2.5,0,2,5,100,246
2023-01-14 04:18:10.000,2023-01-14 04:19:34.000,0.07,1,8,0,0,N,2,1,0.5,1,3,1,2.5,0,2,1,164,170
2023-01-14 04:42:06.000,2023-01-14 04:43:15.000,0.47,1,11.4,0,2,N,1,4,0.5,1,4.4,1,2.5,0,2,1,141,140
2023-01-14 04:53:15.000,2023-01-14 04:53:35.000,0.02,0,9.6,0,1.6,N,1,1,0.5,1,3,1,2.5,0,2,1,48,50
2023-01-14 04:02:00.000,2023-01-14 04:03:59.000,0.88,1,12.96,0,2.16,N,1,1,0.5,1,5.8,1,2.5,0,2,1,107,137
2023-01-14 04:08:22.000,2023-01-14 04:09:38.000,0.51,1,11.28,0,1.88,N,1,1,0.5,1,4.4,1,2.5,0,2,1,236,141
2023-01-14 04:20:39.000,2023-01-14 04:21:47.000,0.43,1,11.28,0,1.88,N,1,1,0.5,1,4.4,1,2.5,0,2,1,107,170
2023-01-14 04:26:22.000,2023-01-14 04:27:04.000,0.18,1,99.13,12.75,22.88,N,1,1,0,1,60,0,2.5,0,2,5,144,211
2023-01-14 04:24:21.000,2023-01-14 04:25:39.000,0.5,1,11.25,0,1.85,N,1,1,0.5,1,4.4,3.5,2.5,0,1,1,263,141
2023-01-14 04:17:25.000,2023-01-14 04:18:50.000,0.4,1,11.25,0,1.85,N,1,1,0.5,1,4.4,3.5,2.5,0,1,1,79,148
2023-01-14 05:10:01.000,2023-01-14 05:11:21.000,0.68,1,10.1,0,0,N,2,1,0.5,1,5.1,1,2.5,0,2,1,164,230
2023-01-14 05:05:48.000,2023-01-14 05:05:53.000,0.07,0,5.5,0,0,N,2,1,0.5,1,3,1,0,0,2,1,221,115
2023-01-14 06:52:43.000,2023-01-14 06:53:51.000,0.45,1,10.08,0,1.68,N,1,1,0.5,1,4.4,0,2.5,0,2,1,162,237
2023-01-14 06:43:47.000,2023-01-14 06:44:51.000,0.38,1,7.7,0,0,N,1,1,0.5,1,3.7,0,2.5,0,2,1,170,233
2023-01-14 06:27:31.000,2023-01-14 06:27:59.000,0.09,0,23.5,0,0,N,1,1,0,1,20,0,2.5,0,2,5,211,144
2023-01-14 06:57:35.000,2023-01-14 06:58:47.000,0.5,1,10.4,0,2,N,1,1,0.5,1,4.4,2.5,2.5,0,1,1,107,137
2023-01-14 07:29:31.000,2023-01-14 07:29:58.000,0,0,75.25,0,0,N,4,2,0.5,1,70,0,2.5,1.25,2,2,148,45
2023-01-14 07:56:41.000,2023-01-14 07:57:42.000,0.09,1,7.7,0,0,N,3,1,0.5,1,3.7,0,2.5,0,2,1,143,142
2023-01-14 07:13:19.000,2023-01-14 07:14:57.000,0.7,1,10.92,0,1.82,N,1,1,0.5,1,5.1,2.5,2.5,0,1,1,239,142
2023-01-14 07:27:17.000,2023-01-14 07:28:59.000,0.84,1,11.76,0,1.96,N,1,1,0.5,1,5.8,0,2.5,0,2,1,68,246
2023-01-14 07:09:00.000,2023-01-14 07:10:50.000,0.6,1,9.1,0,0,N,2,1,0.5,1,5.1,2.5,2.5,0,1,1,229,140
2023-01-14 07:28:22.000,2023-01-14 07:29:43.000,0.55,1,10.4,0,2,N,1,1,0.5,1,4.4,0,2.5,0,2,1,141,237
2023-01-14 07:39:41.000,2023-01-14 07:39:45.000,0.07,0,24,0,0,N,2,1,0,1,23,0,0,0,2,3,82,264
2023-01-14 07:39:45.000,2023-01-14 07:40:53.000,0.36,1,26.65,0,0,N,2,1,0,1,24.4,0,0,1.25,2,3,138,129
2023-01-14 07:29:23.000,2023-01-14 07:30:38.000,0.38,1,10.08,0,1.68,N,1,1,0.5,1,4.4,0,2.5,0,2,1,262,263
2023-01-14 07:25:04.000,2023-01-14 07:26:38.000,0.67,1,10.1,0,1,N,1,1,0.5,1,5.1,0,2.5,0,2,1,141,229
2023-01-14 07:47:12.000,2023-01-14 07:48:51.000,0.61,1,10.92,0,1.82,N,1,1,0.5,1,5.1,0,2.5,0,2,1,141,229
2023-01-14 08:22:24.000,2023-01-14 08:22:27.000,0,0,4.5,0,0,N,2,1,0.5,1,3,0,0,0,2,1,90,264
2023-01-14 08:36:20.000,2023-01-14 08:37:55.000,0.56,1,10.08,0,1.68,N,1,1,0.5,1,4.4,0,2.5,0,2,1,161,163
2023-01-14 08:27:04.000,2023-01-14 08:28:42.000,0.49,1,9.4,0,1,N,1,1,0.5,1,4.4,0,2.5,0,2,1,263,236
2023-01-14 08:03:29.000,2023-01-14 08:04:55.000,0.5,1,8.4,0,0,N,2,1,0.5,1,4.4,2.5,2.5,0,1,1,90,186
2023-01-14 08:38:14.000,2023-01-14 08:39:43.000,0.53,1,9.4,0,1,N,1,5,0.5,1,4.4,0,2.5,0,2,1,141,263
2023-01-14 08:21:14.000,2023-01-14 08:22:59.000,0.6,1,10.1,0,1,N,1,1,0.5,1,5.1,2.5,2.5,0,1,1,229,141
2023-01-14 08:15:19.000,2023-01-14 08:16:44.000,0.47,1,10.08,0,1.68,N,1,1,0.5,1,4.4,0,2.5,0,2,1,142,239
2023-01-14 08:24:15.000,2023-01-14 08:25:20.000,0.34,1,8.47,0,0.77,N,1,1,0.5,1,3.7,0,2.5,0,2,1,236,263
2023-01-14 08:11:43.000,2023-01-14 08:12:56.000,0.46,1,8.4,0,0,N,2,1,0.5,1,4.4,0,2.5,0,2,1,238,239
2023-01-14 08:13:38.000,2023-01-14 08:14:49.000,0.5,1,10.08,0,1.68,N,1,1,0.5,1,4.4,0,2.5,0,2,1,162,170
2023-01-14 08:46:13.000,2023-01-14 08:47:21.000,0.47,1,10.08,0,1.68,N,1,1,0.5,1,4.4,0,2.5,0,2,1,162,170
2023-01-14 08:13:01.000,2023-01-14 08:14:20.000,0.4,1,8.4,0,0,Y,2,0,0.5,1,4.4,2.5,2.5,0,1,1,262,263
2023-01-14 08:55:22.000,2023-01-14 08:56:27.000,0.45,1,9.4,0,1,N,1,1,0.5,1,4.4,0,2.5,0,2,1,262,263
2023-01-14 08:40:29.000,2023-01-14 08:41:35.000,0.11,1,9.24,0,1.54,N,1,1,0.5,1,3.7,0,2.5,0,2,1,186,68
2023-01-14 08:38:08.000,2023-01-14 08:39:18.000,0.38,1,10.01,0,2.31,N,1,2,0.5,1,3.7,0,2.5,0,2,1,237,162
2023-01-14 08:16:08.000,2023-01-14 08:17:42.000,0.2,1,8.4,0,0,N,4,1,0.5,1,4.4,2.5,2.5,0,1,1,79,114
2023-01-14 08:51:14.000,2023-01-14 08:52:55.000,0.78,1,10.92,0,1.82,N,1,1,0.5,1,5.1,0,2.5,0,2,1,263,75
2023-01-14 08:27:40.000,2023-01-14 08:27:42.000,0,0,63.75,0,12.75,N,1,2,0,1,50,0,0,0,2,5,138,264
2023-01-14 09:28:11.000,2023-01-14 09:29:37.000,0,1,9.7,0,2,N,1,1,0.5,1,3.7,0,2.5,0,2,1,229,140
2023-01-14 09:46:07.000,2023-01-14 09:47:56.000,0,1,9.24,0,1.54,N,1,1,0.5,1,3.7,0,2.5,0,2,1,161,164
2023-01-14 09:23:15.000,2023-01-14 09:24:35.000,0.45,1,8.4,0,0,N,2,6,0.5,1,4.4,0,2.5,0,2,1,143,239
2023-01-14 09:18:01.000,2023-01-14 09:19:48.000,0.5,1,9.66,0,1.26,N,1,1,0.5,1,4.4,0,2.5,0,2,1,236,237
2023-01-14 09:19:26.000,2023-01-14 09:20:59.000,0.51,1,10.08,0,1.68,N,1,1,0.5,1,4.4,0,2.5,0,2,1,239,238
2023-01-14 09:28:56.000,2023-01-14 09:29:03.000,0,1,7,0,0,N,3,1,0.5,1,3,0,2.5,0,2,1,100,186
2023-01-14 09:10:04.000,2023-01-14 09:11:36.000,0.35,1,8.4,0,0,N,2,1,0.5,1,4.4,0,2.5,0,2,1,90,186
2023-01-14 09:08:08.000,2023-01-14 09:08:51.000,0.06,0,7,0,0,N,2,1,0.5,1,3,0,2.5,0,2,1,68,246
2023-01-14 09:43:28.000,2023-01-14 09:44:46.000,0.44,1,8.4,0,0,N,2,1,0.5,1,4.4,0,2.5,0,2,1,263,75
2023-01-14 09:47:10.000,2023-01-14 09:48:54.000,0.59,1,8.4,0,0,N,2,2,0.5,1,4.4,0,2.5,0,2,1,75,236
2023-01-14 09:09:15.000,2023-01-14 09:10:10.000,0.27,1,10.01,0,2.31,N,1,1,0.5,1,3.7,0,2.5,0,2,1,239,143
2023-01-14 09:44:06.000,2023-01-14 09:45:57.000,0.4,1,10.5,0,2.1,N,1,1,0.5,1,4.4,0,2.5,0,2,1,140,141
2023-01-14 10:50:36.000,2023-01-14 10:50:51.000,0.01,0,5.75,0,0,N,3,1,0.5,1,3,0,0,1.25,2,1,264,132
2023-01-14 10:52:09.000,2023-01-14 10:53:50.000,0.3,1,10.05,0,1.65,N,1,4,0.5,1,4.4,2.5,2.5,0,1,1,170,164
2023-01-14 10:17:46.000,2023-01-14 10:18:50.000,0.4,1,10.05,0,1.65,N,1,1,0.5,1,4.4,2.5,2.5,0,1,1,158,249
2023-01-14 10:35:03.000,2023-01-14 10:36:18.000,0.52,1,10.92,0,2.52,N,1,1,0.5,1,4.4,0,2.5,0,2,1,231,125
2023-01-14 10:44:08.000,2023-01-14 10:45:17.000,0.44,1,10.08,0,1.68,N,1,1,0.5,1,4.4,0,2.5,0,2,1,141,262
2023-01-14 10:51:45.000,2023-01-14 10:52:55.000,0.3,1,9.6,0,1.9,N,1,1,0.5,1,3.7,2.5,2.5,0,1,1,170,164
2023-01-14 10:18:11.000,2023-01-14 10:19:54.000,0.5,1,8.4,0,0,N,2,0,0.5,1,4.4,2.5,2.5,0,1,1,262,140
2023-01-14 10:24:43.000,2023-01-14 10:25:18.000,0.22,1,9.24,0,1.54,N,1,4,0.5,1,3.7,0,2.5,0,2,1,163,230
2023-01-14 10:08:53.000,2023-01-14 10:09:37.000,0.06,1,4.5,0,0,N,4,1,0.5,1,3,0,0,0,2,1,146,193
2023-01-14 10:06:28.000,2023-01-14 10:07:45.000,0.37,1,10.5,0,2.1,N,1,1,0.5,1,4.4,0,2.5,0,2,1,237,141
2023-01-14 10:45:40.000,2023-01-14 10:46:51.000,0.45,1,8.4,0,0,N,2,1,0.5,1,4.4,0,2.5,0,2,1,68,158
2023-01-14 08:31:22.000,2023-01-14 08:32:51.000,0.4,1,8.4,0,0,N,2,1,0.5,1,4.4,0,2.5,0,2,1,143,239
2023-01-14 10:37:02.000,2023-01-14 10:38:52.000,0.84,1,11.3,0,1.5,N,1,1,0.5,1,5.8,0,2.5,0,2,1,48,68
2023-01-14 10:26:31.000,2023-01-14 10:27:36.000,0.1,1,8.4,0,1.4,N,1,1,0.5,1,3,2.5,2.5,0,1,1,142,143
2023-01-14 10:50:35.000,2023-01-14 10:51:01.000,0.25,1,5.2,0,0,N,2,1,0.5,1,3.7,0,0,0,2,1,6,14
2023-01-14 10:22:41.000,2023-01-14 10:22:59.000,0,0,4.5,0,0,N,2,1,0.5,1,3,0,0,0,2,1,264,152
2023-01-14 10:38:06.000,2023-01-14 10:38:08.000,0,0,91.5,0,0,N,1,2,0.5,1,90,0,0,0,2,5,132,264
2023-01-14 10:01:01.000,2023-01-14 10:01:04.000,0,0,102.6,0,17.1,N,1,1,0,1,82,0,2.5,0,2,5,164,100
2023-01-14 11:49:13.000,2023-01-14 11:50:50.000,0.48,1,10.5,0,2.1,N,1,2,0.5,1,4.4,0,2.5,0,2,1,151,238
2023-01-14 11:01:16.000,2023-01-14 11:02:08.000,0.01,1,7,0,0,N,1,1,0.5,1,3,0,2.5,0,2,1,141,140
2023-01-14 11:27:02.000,2023-01-14 11:28:56.000,0.67,1,10.92,0,1.82,N,1,1,0.5,1,5.1,0,2.5,0,2,1,237,236
2023-01-14 11:40:02.000,2023-01-14 11:41:49.000,0.46,1,8.4,0,0,N,2,1,0.5,1,4.4,0,2.5,0,2,1,142,230
2023-01-14 11:40:02.000,2023-01-14 11:41:19.000,0.2,1,9.2,0,1.5,N,1,3,0.5,1,3.7,2.5,2.5,0,1,1,230,163
2023-01-14 11:05:05.000,2023-01-14 11:06:43.000,0.46,1,10.08,0,1.68,N,1,1,0.5,1,4.4,0,2.5,0,2,1,246,50
2023-01-14 11:12:14.000,2023-01-14 11:13:09.000,0.22,1,7.7,0,0,N,2,1,0.5,1,3.7,0,2.5,0,2,1,50,142
2023-01-14 11:50:22.000,2023-01-14 11:51:38.000,0.19,1,7.7,0,0,N,2,1,0.5,1,3.7,0,2.5,0,2,1,50,48
2023-01-14 11:54:18.000,2023-01-14 11:55:53.000,0.06,1,7.7,0,0,N,2,2,0.5,1,3.7,0,2.5,0,2,1,230,161
2023-01-14 11:08:47.000,2023-01-14 11:09:48.000,0.2,1,7.7,0,0,N,2,1,0.5,1,3.7,2.5,2.5,0,1,1,164,100
2023-01-14 11:02:50.000,2023-01-14 11:03:38.000,0.2,1,9.7,0,2,N,1,1,0.5,1,3.7,2.5,2.5,0,1,1,161,163
2023-01-14 11:52:18.000,2023-01-14 11:53:09.000,0.08,1,12,0,0,N,3,1,0.5,1,3,5,2.5,0,2,1,70,138
2023-01-14 11:33:28.000,2023-01-14 11:34:58.000,0.31,1,9.63,0,1.93,N,1,1,0.5,1,3.7,0,2.5,0,2,1,141,237
2023-01-14 11:26:05.000,2023-01-14 11:27:49.000,0.3,1,9.2,0,1.5,N,1,2,0.5,1,3.7,2.5,2.5,0,1,1,237,141
2023-01-14 11:01:13.000,2023-01-14 11:01:24.000,0.03,0,12.5,0,2,N,1,1,0,1,7,0,2.5,0,2,5,68,186
2023-01-14 11:42:29.000,2023-01-14 11:42:31.000,0,0,108.6,0,18.1,N,1,2,0.5,1,89,0,0,0,2,5,90,264
2023-01-14 11:11:49.000,2023-01-14 11:12:05.000,0,1,26.1,0,4.35,N,1,1,0,1,18.25,0,2.5,0,2,5,100,186
2023-01-14 12:09:37.000,2023-01-14 12:10:37.000,0.38,1,9,0,1.3,N,1,1,0.5,1,3.7,0,2.5,0,2,1,141,263
2023-01-14 12:31:36.000,2023-01-14 12:31:58.000,0.27,0,101,0,10,N,1,2,0,1,90,0,0,0,2,5,215,28
2023-01-14 12:34:24.000,2023-01-14 12:35:24.000,0.3,1,9.24,0,1.54,N,1,1,0.5,1,3.7,0,2.5,0,2,1,143,239
2023-01-14 12:00:02.000,2023-01-14 12:01:53.000,0.53,1,9.66,0,1.26,N,1,1,0.5,1,4.4,0,2.5,0,2,1,239,238
2023-01-14 12:56:16.000,2023-01-14 12:57:44.000,0.3,1,9.7,0,2,N,1,1,0.5,1,3.7,2.5,2.5,0,1,1,262,75
2023-01-14 12:21:11.000,2023-01-14 12:22:38.000,0.4,1,10.08,0,1.68,N,1,3,0.5,1,4.4,2.5,2.5,0,1,1,263,141
2023-01-14 12:29:29.000,2023-01-14 12:30:21.000,0.38,1,8.86,0,1.16,N,1,1,0.5,1,3.7,0,2.5,0,2,1,237,236
2023-01-14 12:45:24.000,2023-01-14 12:45:27.000,0.01,0,98.4,0,16.4,N,1,3,0,1,81,0,0,0,2,5,230,264
2023-01-14 12:22:01.000,2023-01-14 12:23:18.000,0.11,1,7.7,0,0,N,2,1,0.5,1,3.7,0,2.5,0,2,1,263,140
2023-01-14 12:38:02.000,2023-01-14 12:39:40.000,0.4,1,10.05,0,1.65,N,1,1,0.5,1,4.4,2.5,2.5,0,1,1,249,90
2023-01-14 12:31:02.000,2023-01-14 12:32:16.000,0.19,1,7.7,0,0,N,2,1,0.5,1,3.7,0,2.5,0,2,1,238,239
2023-01-14 12:49:00.000,2023-01-14 12:50:43.000,0.1,1,7.7,0,0,N,2,1,0.5,1,3.7,2.5,2.5,0,1,1,186,68
2023-01-14 12:23:09.000,2023-01-14 12:23:54.000,0.2,0,10,0,2.3,N,1,1,0.5,1,3.7,2.5,2.5,0,1,1,142,239
2023-01-14 12:32:17.000,2023-01-14 12:33:08.000,0.08,1,12,0,5,N,1,1,0.5,1,3,0,2.5,0,2,1,186,68
2023-01-14 12:05:33.000,2023-01-14 12:05:41.000,0,0,7,0,0,N,2,1,0.5,1,3,0,2.5,0,2,1,142,143
2023-01-14 12:41:04.000,2023-01-14 12:41:51.000,0.25,0,9.63,0,1.93,N,1,1,0.5,1,3.7,0,2.5,0,2,1,236,43
2023-01-14 12:12:27.000,2023-01-14 12:13:09.000,0.06,1,7,0,0,N,2,1,0.5,1,3,0,2.5,0,2,1,186,68
2023-01-14 12:08:30.000,2023-01-14 12:09:08.000,0.16,1,7,0,0,N,2,1,0.5,1,3,0,2.5,0,2,1,141,229
2023-01-14 12:07:33.000,2023-01-14 12:08:57.000,0.5,1,10.08,0,1.68,N,1,1,0.5,1,4.4,0,2.5,0,2,1,140,262
2023-01-14 13:58:30.000,2023-01-14 13:59:11.000,9,1,4.5,0,0,N,3,1,0.5,1,3,0,0,0,1,1,228,227
2023-01-14 13:55:02.000,2023-01-14 13:56:55.000,0.51,1,9.4,0,1,N,1,1,0.5,1,4.4,0,2.5,0,2,1,137,162
2023-01-14 13:32:28.000,2023-01-14 13:32:52.000,0,0,7,0,0,N,2,1,0.5,1,3,0,2.5,0,2,1,107,234
2023-01-14 13:24:07.000,2023-01-14 13:25:55.000,0.6,1,9.1,0,0,N,2,1,0.5,1,5.1,2.5,2.5,0,1,1,151,239
2023-01-14 13:46:01.000,2023-01-14 13:47:41.000,0.5,1,10.9,0,1.8,N,1,3,0.5,1,5.1,2.5,2.5,0,1,1,90,186
2023-01-14 13:17:05.000,2023-01-14 13:18:42.000,0.52,1,10.4,0,2,N,1,4,0.5,1,4.4,0,2.5,0,2,1,163,100
2023-01-14 13:17:01.000,2023-01-14 13:18:25.000,0.58,1,10.08,0,1.68,N,1,2,0.5,1,4.4,0,2.5,0,2,1,263,75
2023-01-14 13:06:41.000,2023-01-14 13:07:57.000,0.43,1,10.08,0,1.68,N,1,2,0.5,1,4.4,0,2.5,0,2,1,186,90
2023-01-14 13:40:16.000,2023-01-14 13:41:57.000,0.25,1,8.4,0,0,N,2,1,0.5,1,4.4,0,2.5,0,2,1,233,162
2023-01-14 13:51:15.000,2023-01-14 13:52:58.000,0.4,1,10.5,0,2.1,N,1,1,0.5,1,4.4,0,2.5,0,2,1,140,262
2023-01-14 13:34:42.000,2023-01-14 13:35:39.000,0.1,1,12,0,0,N,4,1,0.5,1,3,5,2.5,0,2,1,264,138
2023-01-14 13:24:11.000,2023-01-14 13:24:51.000,0.16,0,85.1,0,11.1,N,1,1,0.5,1,70,0,2.5,0,2,2,137,170
2023-01-14 13:37:08.000,2023-01-14 13:38:33.000,0.54,1,8.4,0,0,N,2,1,0.5,1,4.4,0,2.5,0,2,1,238,151
2023-01-14 13:46:35.000,2023-01-14 13:47:50.000,0.37,1,10.92,0,2.52,N,1,1,0.5,1,4.4,0,2.5,0,2,1,262,140
2023-01-14 13:55:54.000,2023-01-14 13:56:05.000,0.4,1,7,0,0,N,3,1,0.5,1,3,2.5,2.5,0,1,1,162,161
2023-01-14 13:25:47.000,2023-01-14 13:25:57.000,0.07,0,18.48,0,3.08,N,1,4,0,1,11.9,0,2.5,0,2,5,264,68
2023-01-14 13:30:33.000,2023-01-14 13:30:39.000,0.03,0,103.2,0,17.2,N,1,1,0,1,85,0,0,0,2,5,260,145
2023-01-14 13:23:34.000,2023-01-14 13:24:26.000,0.04,1,7,0,0,N,4,1,0.5,1,3,0,2.5,0,2,1,261,13
2023-01-14 13:20:30.000,2023-01-14 13:20:45.000,0.05,0,5.75,0,0,N,2,1,0.5,1,3,0,0,1.25,2,1,264,132
2023-01-14 13:51:42.000,2023-01-14 13:51:44.000,0,0,103.8,0,17.3,N,1,1,0.5,1,85,0,0,0,2,5,148,264
2023-01-14 13:48:47.000,2023-01-14 13:48:50.000,0,0,108.6,0,18.1,N,1,1,0.5,1,89,0,0,0,2,5,48,264
2023-01-14 13:23:06.000,2023-01-14 13:24:55.000,0.6,1,10.08,0,1.68,N,1,1,0.5,1,4.4,0,2.5,0,2,1,229,170
2023-01-14 13:03:31.000,2023-01-14 13:04:59.000,0.39,1,9.66,0,1.26,N,1,1,0.5,1,4.4,0,2.5,0,2,1,230,163
2023-01-14 14:53:17.000,2023-01-14 14:54:47.000,0.31,1,10.01,0,2.31,N,1,1,0.5,1,3.7,0,2.5,0,2,1,229,233
2023-01-14 14:10:00.000,2023-01-14 14:10:55.000,0.22,0,9.24,0,1.54,N,1,1,0.5,1,3.7,0,2.5,0,2,1,249,233
2023-01-14 14:07:40.000,2023-01-14 14:07:50.000,0,0,102.36,0,17.06,N,1,2,0,1,81.8,0,2.5,0,2,5,264,230
2023-01-14 14:35:26.000,2023-01-14 14:36:57.000,0.21,1,5.2,0,0,N,2,1,0.5,1,3.7,0,0,0,2,1,75,263
2023-01-14 14:20:10.000,2023-01-14 14:21:54.000,0.3,1,10.08,0,1.68,N,1,2,0.5,1,4.4,0,2.5,0,2,1,237,162
2023-01-14 14:15:11.000,2023-01-14 14:16:08.000,0.33,1,7.7,0,0,N,3,1,0.5,1,3.7,0,2.5,0,2,1,238,151
2023-01-14 14:46:54.000,2023-01-14 14:47:51.000,0.11,1,7,0,0,N,1,1,0.5,1,3,0,2.5,0,2,1,140,141
2023-01-14 14:43:22.000,2023-01-14 14:44:10.000,0.27,1,5.2,0,0,N,2,1,0.5,1,3.7,0,0,0,2,1,75,263
2023-01-14 14:42:12.000,2023-01-14 14:42:50.000,0.03,0,7,0,0,N,2,1,0.5,1,3,0,2.5,0,2,1,48,68
2023-01-14 14:59:32.000,2023-01-14 14:59:45.000,0.02,0,4.5,0,0,N,4,2,0.5,1,3,0,0,0,2,1,238,43
2023-01-14 14:28:24.000,2023-01-14 14:29:59.000,0.27,1,10.08,0,1.68,N,1,1,0.5,1,4.4,0,2.5,0,2,1,236,237
2023-01-14 14:47:12.000,2023-01-14 14:48:40.000,0.48,1,10,0,1.6,N,1,1,0.5,1,4.4,0,2.5,0,2,1,141,237
2023-01-14 14:33:20.000,2023-01-14 14:33:42.000,0,0,9.5,0,0,N,3,1,0.5,1,3,5,0,0,1,1,129,138
2023-01-14 14:55:35.000,2023-01-14 14:56:43.000,0.27,1,9.24,0,1.54,N,1,1,0.5,1,3.7,0,2.5,0,2,1,164,100
2023-01-14 14:33:38.000,2023-01-14 14:33:49.000,0,0,100.65,6.55,20.1,N,1,1,0.5,1,70,2.5,2.5,0,1,2,209,87
2023-01-14 14:37:31.000,2023-01-14 14:38:59.000,0.17,1,9.24,0,1.54,N,1,1,0.5,1,3.7,0,2.5,0,2,1,237,141
2023-01-14 14:49:06.000,2023-01-14 14:50:18.000,0.44,1,10.4,0,2,N,1,1,0.5,1,4.4,0,2.5,0,2,1,68,246
2023-01-14 14:38:20.000,2023-01-14 14:39:32.000,0,1,4.5,0,0,N,1,1,0.5,1,3,0,0,0,2,1,138,264
2023-01-14 14:44:25.000,2023-01-14 14:44:29.000,0,0,31.5,0,0,N,1,1,0.5,1,30,0,0,0,2,5,132,264
2023-01-14 15:06:00.000,2023-01-14 15:07:47.000,0.2,1,5.2,0,0,N,3,0,0.5,1,3.7,0,0,0,1,1,238,151
2023-01-14 15:01:01.000,2023-01-14 15:02:49.000,0.4,1,10.05,0,1.65,N,1,1,0.5,1,4.4,2.5,2.5,0,1,1,90,68
2023-01-14 15:56:31.000,2023-01-14 15:57:30.000,0.33,1,7.7,0,0,N,3,1,0.5,1,3.7,0,2.5,0,2,1,263,75
2023-01-14 15:01:40.000,2023-01-14 15:02:15.000,0.18,1,7,0,0,N,4,1,0.5,1,3,0,2.5,0,2,1,236,75
2023-01-14 15:18:26.000,2023-01-14 15:18:35.000,3.21,0,98.8,0,22.8,N,1,1,0,1,75,0,0,0,2,5,264,132
2023-01-14 15:12:26.000,2023-01-14 15:13:34.000,0,1,9.24,0,1.54,N,1,1,0.5,1,3.7,0,2.5,0,2,1,114,79
2023-01-14 15:13:09.000,2023-01-14 15:13:17.000,0,0,40.2,0,6.7,N,1,1,0,1,30,0,2.5,0,2,5,68,186
2023-01-14 15:52:10.000,2023-01-14 15:53:53.000,0.4,1,11.4,0,3,N,1,1,0.5,1,4.4,2.5,2.5,0,1,1,264,162
2023-01-14 15:11:30.000,2023-01-14 15:12:26.000,0.21,1,9.24,0,1.54,N,1,1,0.5,1,3.7,0,2.5,0,2,1,162,170
2023-01-14 15:52:36.000,2023-01-14 15:52:41.000,0,0,20.2,0,2,N,1,1,0,1,14.7,0,2.5,0,2,5,68,100
2023-01-14 15:25:02.000,2023-01-14 15:25:33.000,0.21,0,90.67,10.17,9,N,1,1,0.5,1,70,0,0,0,2,2,41,166
2023-01-14 15:54:50.000,2023-01-14 15:54:52.000,0.48,0,46.2,0,7.7,N,1,1,0.5,1,37,0,0,0,2,5,191,264
2023-01-14 15:09:33.000,2023-01-14 15:10:03.000,0.05,1,7,0,0,N,4,1,0.5,1,3,0,2.5,0,2,1,261,88
2023-01-14 15:48:08.000,2023-01-14 15:48:29.000,0.03,0,4.5,0,0,N,3,2,0.5,1,3,0,0,0,2,1,151,43
2023-01-14 15:33:02.000,2023-01-14 15:33:41.000,0,0,100.2,0,16.7,N,1,1,0.5,1,82,0,0,0,2,5,186,264
2023-01-14 16:31:07.000,2023-01-14 16:32:58.000,0.31,1,10.5,0,2.1,N,1,2,0.5,1,4.4,0,2.5,0,2,1,141,237
2023-01-14 16:25:22.000,2023-01-14 16:26:32.000,0.56,1,10.08,0,1.68,N,1,2,0.5,1,4.4,0,2.5,0,2,1,236,75
2023-01-14 16:24:40.000,2023-01-14 16:25:05.000,0,1,43.5,0,0,N,1,1,0,1,40,0,2.5,0,2,5,100,230
2023-01-14 16:34:04.000,2023-01-14 16:35:23.000,0.32,1,7.7,0,0,N,2,1,0.5,1,3.7,0,2.5,0,2,1,186,246
2023-01-14 16:10:23.000,2023-01-14 16:10:57.000,0.33,0,11.75,6.55,0,N,2,1,0.5,1,3.7,0,0,0,2,1,264,228
2023-01-14 16:20:34.000,2023-01-14 16:20:39.000,0,0,91,0,9,N,1,2,0,1,81,0,0,0,2,5,264,234
2023-01-14 16:50:01.000,2023-01-14 16:51:44.000,0.5,1,10.5,0,2.1,N,1,1,0.5,1,4.4,0,2.5,0,2,1,263,262
2023-01-14 16:02:07.000,2023-01-14 16:03:41.000,0.5,1,10.05,0,1.65,N,1,1,0.5,1,4.4,2.5,2.5,0,1,1,141,263
2023-01-14 16:26:25.000,2023-01-14 16:27:39.000,0.37,1,10.5,0,2.1,N,1,1,0.5,1,4.4,0,2.5,0,2,1,263,141
2023-01-14 16:25:49.000,2023-01-14 16:26:02.000,0.01,1,8,0,1,N,1,1,0.5,1,3,0,2.5,0,2,1,68,246
2023-01-14 16:31:14.000,2023-01-14 16:31:16.000,0,0,10,0,0,N,1,1,0,1,9,0,0,0,2,5,229,264
2023-01-14 16:36:50.000,2023-01-14 16:37:30.000,0,1,7,0,0,N,3,2,0.5,1,3,2.5,2.5,0,1,1,236,263
2023-01-14 16:23:00.000,2023-01-14 16:23:03.000,0,0,19.2,0,3.2,N,1,1,0,1,15,0,0,0,2,5,230,264
2023-01-14 16:25:38.000,2023-01-14 16:26:54.000,0.6,1,10.92,0,1.82,N,1,1,0.5,1,5.1,2.5,2.5,0,1,1,140,141
2023-01-14 16:14:12.000,2023-01-14 16:15:48.000,0.35,1,9.9,0,1.5,N,1,1,0.5,1,4.4,0,2.5,0,2,1,186,100
2023-01-14 16:46:24.000,2023-01-14 16:47:46.000,0.34,1,9.24,0,1.54,N,1,1,0.5,1,3.7,0,2.5,0,2,1,236,43
2023-01-14 16:44:15.000,2023-01-14 16:45:29.000,0.42,1,10.08,0,1.68,N,1,1,0.5,1,4.4,0,2.5,0,2,1,90,186
2023-01-14 16:58:18.000,2023-01-14 16:58:29.000,0,0,4.5,0,0,N,3,1,0.5,1,3,0,0,0,2,1,193,7
2023-01-14 16:55:23.000,2023-01-14 16:56:02.000,0.25,1,9.24,0,1.54,N,1,1,0.5,1,3.7,0,2.5,0,2,1,87,261
2023-01-14 16:05:10.000,2023-01-14 16:05:14.000,0.01,0,105.6,0,17.6,N,1,2,0,1,87,0,0,0,2,5,134,28
2023-01-14 16:54:52.000,2023-01-14 16:55:46.000,0.33,1,9,0,1.3,N,1,1,0.5,1,3.7,0,2.5,0,2,1,237,236
2023-01-14 16:58:01.000,2023-01-14 16:59:47.000,0.4,1,8.4,0,0,N,2,2,0.5,1,4.4,2.5,2.5,0,1,1,75,236
2023-01-14 16:30:22.000,2023-01-14 16:30:30.000,0,0,76.2,0,12.7,N,1,1,0,1,60,0,2.5,0,2,5,264,230
2023-01-14 16:22:51.000,2023-01-14 16:23:05.000,0.02,1,7,0,0,N,2,1,0.5,1,3,0,2.5,0,2,1,236,237
2023-01-14 15:49:47.000,2023-01-14 15:49:49.000,0.01,0,4.5,0,0,N,2,1,0.5,1,3,0,0,0,2,1,141,264
2023-01-14 16:46:32.000,2023-01-14 16:46:48.000,1.81,0,20.3,0,0,N,2,1,0.5,1,16.3,0,2.5,0,2,1,114,90
2023-01-14 16:30:44.000,2023-01-14 16:31:02.000,3.21,1,16.4,0,0,N,2,1,0.5,1,14.9,0,0,0,2,1,62,25
2023-01-14 17:44:48.000,2023-01-14 17:45:40.000,0.14,1,7,0,0,N,2,3,0.5,1,3,0,2.5,0,2,1,142,163
2023-01-14 17:47:21.000,2023-01-14 17:48:05.000,0.03,1,7,0,0,N,4,1,0.5,1,3,0,2.5,0,2,1,79,107
2023-01-14 17:07:37.000,2023-01-14 17:08:36.000,0.2,1,9.24,0,1.54,N,1,2,0.5,1,3.7,0,2.5,0,2,1,211,144
2023-01-14 17:00:12.000,2023-01-14 17:01:47.000,0.38,1,10.08,0,1.68,N,1,1,0.5,1,4.4,0,2.5,0,2,1,262,263
2023-01-14 17:52:01.000,2023-01-14 17:52:36.000,0.1,0,9.2,0,1.5,N,1,2,0.5,1,3.7,2.5,2.5,0,1,1,141,263
2023-01-14 17:54:26.000,2023-01-14 17:54:30.000,0,0,74,0,0,N,4,1,0.5,1,70,0,2.5,0,2,2,141,140
2023-01-14 17:05:34.000,2023-01-14 17:05:36.000,0,0,73.2,0,12.2,N,1,1,0,1,60,0,0,0,2,5,265,264
2023-01-14 17:01:05.000,2023-01-14 17:01:34.000,0.08,0,21,0,14,N,1,1,0.5,1,3,0,2.5,0,2,1,100,164
2023-01-14 17:04:29.000,2023-01-14 17:04:33.000,0,0,102.5,0,10,N,1,1,0,1,89,0,2.5,0,2,5,48,230
2023-01-14 17:57:13.000,2023-01-14 17:58:56.000,0.5,1,9.4,0,1,N,1,1,0.5,1,4.4,2.5,2.5,0,1,1,125,249
2023-01-14 17:19:05.000,2023-01-14 17:20:57.000,0.4,1,10.5,0,2.1,N,1,1,0.5,1,4.4,0,2.5,0,2,1,142,230
2023-01-14 17:09:18.000,2023-01-14 17:10:44.000,0.36,1,10.08,0,1.68,N,1,3,0.5,1,4.4,0,2.5,0,2,1,237,162
2023-01-14 17:38:45.000,2023-01-14 17:39:25.000,0.04,1,74,0,0,N,2,1,0.5,1,70,0,2.5,0,2,2,237,43
2023-01-14 18:59:08.000,2023-01-14 19:00:36.000,0.37,1,10.08,0,1.68,N,1,1,0.5,1,4.4,0,2.5,0,2,1,163,237
2023-01-14 18:11:14.000,2023-01-14 18:12:36.000,0.22,1,9.24,0,1.54,N,1,1,0.5,1,3.7,0,2.5,0,2,1,142,163
2023-01-04 18:37:21.000,2023-01-04 18:37:38.000,0,0,12,0,0,N,3,1,0.5,1,3,7.5,0,0,1,1,70,138
2023-01-04 18:30:16.000,2023-01-04 18:31:43.000,0.46,1,14.17,0,3.27,N,1,1,0.5,1,4.4,2.5,2.5,0,2,1,90,246
2023-01-04 18:22:15.000,2023-01-04 18:23:43.000,0.48,1,13.08,0,2.18,N,1,1,0.5,1,4.4,2.5,2.5,0,2,1,238,151
2023-01-04 18:44:37.000,2023-01-04 18:45:36.000,0,1,9.5,0,0,N,2,1,0.5,1,3,2.5,2.5,0,2,1,162,233
2023-01-04 18:58:37.000,2023-01-04 18:59:52.000,0.19,1,12.24,0,2.04,N,1,5,0.5,1,3.7,2.5,2.5,0,2,1,249,158
2023-01-04 18:03:35.000,2023-01-04 18:04:41.000,0.18,1,12.2,0,2,N,1,1,0.5,1,3.7,2.5,2.5,0,2,1,237,163
2023-01-04 18:27:09.000,2023-01-04 18:27:59.000,0.16,0,10.2,0,0,N,2,1,0.5,1,3.7,2.5,2.5,0,2,1,263,236
2023-01-04 18:21:06.000,2023-01-04 18:21:10.000,0.02,0,74,0,0,N,4,4,0.5,1,70,0,2.5,0,2,2,48,68
2023-01-04 18:49:12.000,2023-01-04 18:49:33.000,0.01,0,149.7,21.25,24.95,N,1,1,0,1,100,0,2.5,0,2,5,48,68
2023-01-04 18:46:54.000,2023-01-04 18:47:44.000,0.23,1,7.7,0,0,N,4,1,0.5,1,3.7,2.5,0,0,2,1,151,238
2023-01-04 18:16:10.000,2023-01-04 18:16:13.000,0,0,105.6,0,17.6,N,1,2,0,1,87,0,0,0,2,5,230,264
2023-01-04 19:49:09.000,2023-01-04 19:49:20.000,0.03,0,79,0,0,N,3,1,0.5,1,70,5,2.5,0,2,2,137,107
2023-01-04 19:22:25.000,2023-01-04 19:23:26.000,0.2,1,10.2,0,0,N,4,2,0.5,1,3.7,5,2.5,0,1,1,79,264
2023-01-04 19:13:37.000,2023-01-04 19:14:43.000,0.36,1,13.26,0,3.06,N,1,1,0.5,1,3.7,2.5,2.5,0,2,1,163,161
2023-01-04 19:26:04.000,2023-01-04 19:27:48.000,0.19,1,10.2,0,0,N,2,2,0.5,1,3.7,2.5,2.5,0,2,1,48,230
2023-01-04 19:54:04.000,2023-01-04 19:55:31.000,0.5,1,13.08,0,2.18,N,1,5,0.5,1,4.4,2.5,2.5,0,2,1,142,239
2023-01-04 19:20:31.000,2023-01-04 19:21:41.000,0.42,1,13.08,0,2.18,N,1,1,0.5,1,4.4,2.5,2.5,0,2,1,163,162
2023-01-04 19:22:02.000,2023-01-04 19:22:50.000,0,0,11.85,0,2.35,N,1,1,0.5,1,3,5,2.5,0,1,1,236,237
2023-01-04 19:13:44.000,2023-01-04 19:14:02.000,0,1,9.5,0,0,N,4,1,0.5,1,3,2.5,2.5,0,2,1,107,170
2023-01-04 19:04:47.000,2023-01-04 19:04:50.000,0,0,240.5,0,15,N,1,1,0.5,1,224,0,0,0,2,5,265,264
2023-01-04 19:28:03.000,2023-01-04 19:29:47.000,0.32,1,10.9,0,0,N,2,1,0.5,1,4.4,2.5,2.5,0,2,1,230,163
2023-01-04 19:28:08.000,2023-01-04 19:29:56.000,0.45,1,13.08,0,2.18,N,1,2,0.5,1,4.4,2.5,2.5,0,2,1,263,141
2023-01-04 19:04:44.000,2023-01-04 19:04:46.000,0.04,0,105.6,0,17.6,N,1,4,0,1,87,0,0,0,2,5,132,264
2023-01-04 19:02:11.000,2023-01-04 19:03:36.000,0.39,1,10.08,0,1.68,N,1,2,0.5,1,4.4,2.5,0,0,2,1,151,166
2023-01-04 19:21:45.000,2023-01-04 19:22:37.000,0,1,9.5,0,0,N,4,2,0.5,1,3,2.5,2.5,0,2,1,68,100
2023-01-04 19:39:16.000,2023-01-04 19:40:21.000,0.33,1,12.24,0,2.04,N,1,1,0.5,1,3.7,2.5,2.5,0,2,1,141,237
2023-01-04 19:07:23.000,2023-01-04 19:08:11.000,0.02,1,9.5,0,0,N,2,1,0.5,1,3,2.5,2.5,0,2,1,107,234
2023-01-04 19:48:01.000,2023-01-04 19:49:19.000,0.48,1,76.5,0,0,N,4,1,0.5,1,70,5,0,0,2,2,120,119
2023-01-04 19:19:13.000,2023-01-04 19:20:58.000,0.49,1,10.9,0,0,N,2,4,0.5,1,4.4,2.5,2.5,0,2,1,170,233
2023-01-04 19:03:59.000,2023-01-04 19:04:05.000,0,1,106,0,0,N,1,4,0,1,105,0,0,0,2,5,264,7
2023-01-04 19:11:15.000,2023-01-04 19:12:01.000,0.1,1,12,0,0,N,4,2,0.5,1,3,7.5,0,0,1,1,70,138
2023-01-04 19:02:24.000,2023-01-04 19:02:40.000,0.03,0,7,0,0,N,2,1,0.5,1,3,2.5,0,0,2,1,238,151
2023-01-04 19:38:11.000,2023-01-04 19:39:52.000,0.2,1,10.2,0,0,N,1,0,0.5,1,3.7,5,2.5,0,1,1,161,164
2023-01-04 19:21:14.000,2023-01-04 19:22:48.000,0.39,1,11.9,0,1,N,1,1,0.5,1,4.4,2.5,2.5,0,2,1,234,90
2023-01-04 19:41:41.000,2023-01-04 19:41:45.000,0,0,7,0,0,N,2,1,0.5,1,3,1.25,0,1.25,2,1,264,132
2023-01-04 20:41:27.000,2023-01-04 20:42:48.000,0.5,1,11.75,0,2.35,N,1,1,0.5,1,4.4,1,2.5,0,2,1,229,140
2023-01-04 20:08:24.000,2023-01-04 20:09:53.000,0.4,1,11.75,0,2.35,N,1,2,0.5,1,4.4,3.5,2.5,0,1,1,170,107
2023-01-04 20:37:29.000,2023-01-04 20:38:41.000,0.38,1,9.7,0,1,N,1,1,0.5,1,3.7,1,2.5,0,2,1,140,141
2023-01-04 20:01:33.000,2023-01-04 20:01:45.000,0,0,89,0,0,N,1,1,0,1,88,0,0,0,2,5,215,130
2023-01-04 20:34:03.000,2023-01-04 20:35:51.000,0.54,1,11.28,0,1.88,N,1,1,0.5,1,4.4,1,2.5,0,2,1,162,229
2023-01-04 20:24:37.000,2023-01-04 20:24:40.000,0,0,31.5,0,0,N,4,1,0.5,1,30,0,0,0,2,5,13,264
2023-01-04 20:26:03.000,2023-01-04 20:26:06.000,0,0,32.5,0,1,N,1,1,0.5,1,30,0,0,0,2,5,13,264
2023-01-04 21:21:02.000,2023-01-04 21:22:43.000,0.5,1,9,0,1,N,1,1,0.5,1,3.5,3,2.5,0,1,1,170,162
2023-01-04 21:13:11.000,2023-01-04 21:14:25.000,0.45,1,9.4,0,0,N,1,1,0.5,1,4.4,1,2.5,0,2,1,263,262
2023-01-04 21:42:37.000,2023-01-04 21:42:39.000,0.01,0,71.5,0,0,N,2,1,0.5,1,70,0,0,0,2,2,132,264
2023-01-04 21:24:47.000,2023-01-04 21:25:51.000,0.3,1,6.2,0,0,N,2,1,0.5,1,3.7,1,0,0,1,1,151,238
2023-01-04 21:10:32.000,2023-01-04 21:11:41.000,0.31,1,10.44,0,1.74,N,1,6,0.5,1,3.7,1,2.5,0,2,1,211,249
2023-01-04 21:06:21.000,2023-01-04 21:07:57.000,0.6,1,11.1,0,1,N,1,1,0.5,1,5.1,3.5,2.5,0,1,1,141,140
2023-01-04 21:27:52.000,2023-01-04 21:28:08.000,0.02,1,74,0,0,N,4,1,0.5,1,70,0,2.5,0,2,2,230,161
2023-01-04 21:56:08.000,2023-01-04 21:57:43.000,0.35,1,10.4,0,1,N,1,1,0.5,1,4.4,1,2.5,0,2,1,79,144
2023-01-04 21:34:18.000,2023-01-04 21:35:14.000,0.3,1,8.7,0,0,N,2,1,0.5,1,3.7,3.5,2.5,0,1,1,141,229
2023-01-04 21:42:00.000,2023-01-04 21:42:12.000,0,0,17.5,0,0,N,3,1,0,1,14,0,2.5,0,2,5,148,232
2023-01-04 21:38:18.000,2023-01-04 21:39:39.000,0.5,1,11.28,0,1.88,N,1,1,0.5,1,4.4,1,2.5,0,2,1,162,170
2023-01-04 21:33:56.000,2023-01-04 21:33:59.000,0,0,53,0,5,N,1,1,0.5,1,46.5,0,0,0,2,5,143,264
2023-01-04 21:59:36.000,2023-01-04 22:00:53.000,0.3,1,9.4,0,0,N,3,2,0.5,1,4.4,3.5,2.5,0,1,1,239,142
2023-01-04 22:46:47.000,2023-01-04 22:47:57.000,0.4,1,10.44,0,1.74,N,1,1,0.5,1,3.7,1,2.5,0,2,1,144,230
2023-01-04 22:52:17.000,2023-01-04 22:52:59.000,0.1,0,8,0,0,N,2,1,0.5,1,3,1,2.5,0,2,1,233,137
2023-01-04 22:06:59.000,2023-01-04 22:07:04.000,0.03,1,10,0,2,N,1,1,0.5,1,3,1,2.5,0,2,1,229,140
2023-01-04 22:59:42.000,2023-01-04 23:00:46.000,0.3,1,8.7,0,0,N,2,1,0.5,1,3.7,1,2.5,0,2,1,263,141
2023-01-04 22:18:02.000,2023-01-04 22:19:37.000,0.4,1,9.4,0,0,N,2,1,0.5,1,4.4,1,2.5,0,2,1,164,162
2023-01-04 22:24:25.000,2023-01-04 22:25:28.000,0.38,1,10.44,0,1.74,N,1,1,0.5,1,3.7,1,2.5,0,2,1,263,236
2023-01-04 22:34:19.000,2023-01-04 22:34:40.000,0.07,0,9.6,0,1.6,N,1,1,0.5,1,3,1,2.5,0,2,1,48,100
2023-01-04 22:58:37.000,2023-01-04 22:59:03.000,0.11,1,86.8,6.55,5,N,1,1,0.5,1,70,0,2.5,1.25,2,2,90,68
2023-01-04 22:34:06.000,2023-01-04 22:34:15.000,0,0,12,0,4,N,1,1,0.5,1,3,1,2.5,0,2,1,236,75
2023-01-04 22:17:11.000,2023-01-04 22:18:11.000,0.39,1,9.7,0,1,N,1,1,0.5,1,3.7,1,2.5,0,2,1,162,237
2023-01-04 23:02:27.000,2023-01-04 23:03:50.000,0.51,1,11.28,0,1.88,N,1,1,0.5,1,4.4,1,2.5,0,2,1,234,164
2023-01-04 23:16:23.000,2023-01-04 23:17:43.000,0.46,1,10.3,0,0.9,N,1,1,0.5,1,4.4,1,2.5,0,2,1,239,142
2023-01-04 23:58:42.000,2023-01-04 23:59:48.000,0.3,1,10.4,0,1.7,N,1,1,0.5,1,3.7,3.5,2.5,0,1,1,234,90
2023-01-04 23:20:21.000,2023-01-04 23:21:39.000,0.5,1,11.25,0,1.85,N,1,2,0.5,1,4.4,3.5,2.5,0,1,1,90,186
2023-01-04 23:46:10.000,2023-01-04 23:46:12.000,0.01,0,98,0,15,N,1,1,0,1,82,0,0,0,2,5,75,264
2023-01-05 00:32:05.000,2023-01-05 00:32:59.000,35.5,0,209.1,6.55,15,N,1,1,0,1,184.3,2.25,0,0,2,4,132,265
2023-01-04 23:07:59.000,2023-01-04 23:08:10.000,0,1,5.5,0,0,N,2,1,0.5,1,3,1,0,0,2,1,132,264
2023-01-04 23:42:18.000,2023-01-04 23:43:44.000,0.5,1,9.4,0,0,N,2,3,0.5,1,4.4,3.5,2.5,0,1,1,163,237
2023-01-04 23:48:01.000,2023-01-04 23:49:51.000,0.6,1,12.1,0,2,N,1,1,0.5,1,5.1,3.5,2.5,0,1,1,90,164
2023-01-04 23:29:24.000,2023-01-04 23:30:39.000,0.35,1,10,0,1.3,N,1,1,0.5,1,3.7,1,2.5,0,2,1,163,230
2023-01-04 23:37:03.000,2023-01-04 23:38:33.000,0.51,1,9.4,0,0,N,2,1,0.5,1,4.4,1,2.5,0,2,1,230,142
2023-01-05 00:21:54.000,2023-01-05 00:22:00.000,0,1,16.2,0,2.7,N,1,1,0,1,10,0,2.5,0,2,5,144,234
2023-01-05 00:18:01.000,2023-01-05 00:18:07.000,0,0,88.8,0,14.8,N,1,1,0.5,1,70,0,2.5,0,2,2,43,142
2023-01-05 00:22:14.000,2023-01-05 00:22:24.000,0,0,90.25,0,15,N,1,2,0.5,1,70,0,2.5,1.25,2,2,141,140
2023-01-05 00:02:11.000,2023-01-05 00:02:14.000,0,0,98.4,0,16.4,N,1,1,0,1,81,0,0,0,2,5,148,264
2023-01-05 00:33:20.000,2023-01-05 00:33:36.000,0,0,14.5,0,9,N,1,1,0.5,1,3,1,0,0,2,1,129,70
2023-01-05 01:04:54.000,2023-01-05 01:05:51.000,0.38,1,8.7,0,0,N,2,1,0.5,1,3.7,1,2.5,0,2,1,229,141
2023-01-05 01:11:09.000,2023-01-05 01:12:08.000,0.28,1,6.2,0,0,N,4,2,0.5,1,3.7,1,0,0,2,1,244,116
2023-01-05 01:38:36.000,2023-01-05 01:39:18.000,0.1,1,8,0,0,N,4,1,0.5,1,3,1,2.5,0,2,1,100,170
2023-01-05 01:11:37.000,2023-01-05 01:11:52.000,0.01,0,6.75,0,0,N,2,3,0.5,1,3,1,0,1.25,2,1,264,132
2023-01-05 01:27:34.000,2023-01-05 01:27:35.000,0,0,181.2,0,30.2,N,1,3,0,1,150,0,0,0,2,5,53,264
2023-01-05 02:13:06.000,2023-01-05 02:13:22.000,0,0,63.5,0,0,N,1,1,0,1,60,0,2.5,0,2,5,236,263
2023-01-05 04:47:21.000,2023-01-05 04:48:55.000,0.11,1,8.7,0,0,N,2,1,0.5,1,3.7,1,2.5,0,2,1,236,263
2023-01-05 05:28:19.000,2023-01-05 05:29:40.000,0.47,1,11.28,0,1.88,N,1,1,0.5,1,4.4,1,2.5,0,2,1,48,230
2023-01-05 05:55:50.000,2023-01-05 05:56:52.000,0.39,1,10,0,1.3,N,1,1,0.5,1,3.7,1,2.5,0,2,1,140,141
2023-01-05 05:15:02.000,2023-01-05 05:15:54.000,0.29,0,10.44,0,1.74,N,1,2,0.5,1,3.7,1,2.5,0,2,1,263,141
2023-01-05 06:11:43.000,2023-01-05 06:12:27.000,0.25,1,7.7,0,0,N,2,2,0.5,1,3.7,0,2.5,0,2,1,113,249
2023-01-05 06:37:07.000,2023-01-05 06:38:22.000,0.5,1,9.24,0,0.84,N,1,1,0.5,1,4.4,0,2.5,0,2,1,236,75
2023-01-05 06:32:27.000,2023-01-05 06:33:07.000,0.24,1,5.2,0,0,N,2,1,0.5,1,3.7,0,0,0,2,1,24,151
2023-01-05 06:34:23.000,2023-01-05 06:35:43.000,0.59,1,10.08,0,1.68,N,1,1,0.5,1,4.4,0,2.5,0,2,1,161,163
2023-01-05 06:48:04.000,2023-01-05 06:49:50.000,0.4,1,8.4,0,0,N,2,1,0.5,1,4.4,0,2.5,0,2,1,233,229
2023-01-05 06:47:45.000,2023-01-05 06:48:21.000,0.17,1,8,0,1,N,1,1,0.5,1,3,0,2.5,0,2,1,249,90
2023-01-05 06:46:11.000,2023-01-05 06:47:24.000,0.55,1,10.08,0,1.68,N,1,1,0.5,1,4.4,0,2.5,0,2,1,142,43
2023-01-05 06:28:29.000,2023-01-05 06:28:52.000,0.02,0,4.5,0,0,N,2,1,0.5,1,3,0,0,0,2,1,166,236
2023-01-05 06:17:08.000,2023-01-05 06:18:53.000,0.19,1,8.4,0,0,N,2,5,0.5,1,4.4,0,2.5,0,2,1,186,68
2023-01-05 06:08:14.000,2023-01-05 06:08:22.000,0,0,4.5,0,0,N,2,1,0.5,1,3,0,0,0,2,1,162,264
2023-01-05 06:43:10.000,2023-01-05 06:44:58.000,0.61,1,10.92,0,1.82,N,1,1,0.5,1,5.1,0,2.5,0,2,1,229,140
2023-01-05 06:42:43.000,2023-01-05 06:43:42.000,0.14,1,7.7,0,0,N,2,1,0.5,1,3.7,0,2.5,0,2,1,48,230
2023-01-05 07:11:05.000,2023-01-05 07:12:30.000,0.4,1,5.9,0,0,N,2,1,0.5,1,4.4,0,0,0,1,1,151,238
2023-01-05 07:54:10.000,2023-01-05 07:55:14.000,0.02,1,7.7,0,0,N,3,1,0.5,1,3.7,0,2.5,0,2,1,68,48
2023-01-05 07:47:18.000,2023-01-05 07:47:52.000,0.04,0,7,0,0,N,2,3,0.5,1,3,0,2.5,0,2,1,137,233
2023-01-05 07:54:11.000,2023-01-05 07:55:56.000,0.3,1,10.08,0,1.68,N,1,1,0.5,1,4.4,0,2.5,0,2,1,162,161
2023-01-05 07:02:44.000,2023-01-05 07:02:59.000,0.04,0,7,0,0,N,4,1,0.5,1,3,0,2.5,0,2,1,161,162
2023-01-05 07:52:22.000,2023-01-05 07:53:36.000,0.49,1,10.08,0,1.68,N,1,1,0.5,1,4.4,0,2.5,0,2,1,249,68
2023-01-05 07:42:14.000,2023-01-05 07:43:48.000,0.51,1,10.08,0,1.68,N,1,1,0.5,1,4.4,0,2.5,0,2,1,90,68
2023-01-05 07:24:03.000,2023-01-05 07:25:45.000,0.41,1,10.5,0,2.1,N,1,1,0.5,1,4.4,0,2.5,0,2,1,263,236
2023-01-05 07:30:35.000,2023-01-05 07:31:51.000,0.28,1,10.7,0,3,N,1,1,0.5,1,3.7,0,2.5,0,2,1,230,161
2023-01-05 08:39:25.000,2023-01-05 08:40:55.000,0.3,1,10.05,0,1.65,N,1,1,0.5,1,4.4,2.5,2.5,0,1,1,237,162
2023-01-05 08:24:30.000,2023-01-05 08:25:38.000,0.33,1,9.24,0,1.54,N,1,1,0.5,1,3.7,0,2.5,0,2,1,170,233
2023-01-05 08:57:13.000,2023-01-05 08:58:50.000,0.5,1,10.4,0,2,N,1,1,0.5,1,4.4,2.5,2.5,0,1,1,236,75
2023-01-05 08:49:22.000,2023-01-05 08:50:02.000,0.02,1,7,0,0,N,2,1,0.5,1,3,0,2.5,0,2,1,164,234
2023-01-05 08:46:20.000,2023-01-05 08:47:31.000,0.32,1,7.7,0,0,N,2,1,0.5,1,3.7,0,2.5,0,2,1,236,263
2023-01-05 08:25:12.000,2023-01-05 08:25:22.000,0.07,0,82.5,0,16.5,N,1,2,0,1,65,0,0,0,2,5,226,260
2023-01-05 08:46:25.000,2023-01-05 08:47:03.000,0.07,1,10,0,3,N,1,1,0.5,1,3,0,2.5,0,2,1,68,246
2023-01-05 08:17:02.000,2023-01-05 08:18:23.000,0.43,1,8.4,0,0,N,2,1,0.5,1,4.4,0,2.5,0,2,1,137,233
2023-01-05 08:41:28.000,2023-01-05 08:41:31.000,0,0,103,0,0,N,2,1,0,1,102,0,0,0,2,5,238,264
2023-01-05 08:36:39.000,2023-01-05 08:37:42.000,0.26,1,9.24,0,1.54,N,1,2,0.5,1,3.7,0,2.5,0,2,1,164,234
2023-01-05 09:00:21.000,2023-01-05 09:01:44.000,0.27,1,7.7,0,0,N,2,1,0.5,1,3.7,0,2.5,0,2,1,43,142
2023-01-05 09:29:11.000,2023-01-05 09:30:59.000,0.3,1,10.4,0,2,N,1,1,0.5,1,4.4,2.5,2.5,0,1,1,142,239
2023-01-05 09:43:01.000,2023-01-05 09:44:58.000,0.4,1,10.9,0,2.5,N,1,0,0.5,1,4.4,2.5,2.5,0,1,1,142,239
2023-01-05 09:58:30.000,2023-01-05 09:58:49.000,5.2,0,30.1,0,23.1,N,1,0,0.5,1,3,2.5,2.5,0,1,1,100,186
2023-01-05 09:42:14.000,2023-01-05 09:42:22.000,0,0,63.55,0,0,N,2,2,0,1,62.55,0,0,0,2,5,265,134
2023-01-05 09:54:11.000,2023-01-05 09:55:57.000,0.32,1,9.9,0,1.5,N,1,1,0.5,1,4.4,0,2.5,0,2,1,137,170
2023-01-05 09:28:54.000,2023-01-05 09:29:05.000,0,1,74,0,0,N,2,1,0.5,1,70,0,2.5,0,2,2,164,186
2023-01-05 09:08:10.000,2023-01-05 09:08:13.000,0,0,99,0,16.5,N,1,1,0.5,1,81,0,0,0,2,5,132,264
2023-01-05 09:58:31.000,2023-01-05 09:59:45.000,0.5,1,8.4,0,0,N,3,1,0.5,1,4.4,0,2.5,0,2,1,90,164
2023-01-05 09:27:58.000,2023-01-05 09:28:35.000,0,1,183.12,0,36.62,N,1,1,0.5,1,145,0,0,0,2,5,1,264
2023-01-05 10:43:02.000,2023-01-05 10:43:55.000,0.2,0,9.2,0,1.5,N,1,1,0.5,1,3.7,2.5,2.5,0,1,1,238,239
2023-01-05 10:28:12.000,2023-01-05 10:29:36.000,0.32,1,7.7,0,0,N,2,1,0.5,1,3.7,0,2.5,0,2,1,263,236
2023-01-05 10:07:14.000,2023-01-05 10:08:41.000,0.43,1,9.9,0,1.5,N,1,1,0.5,1,4.4,0,2.5,0,2,1,237,263
2023-01-05 10:37:47.000,2023-01-05 10:38:56.000,0.34,1,101.94,6.55,20.14,N,1,1,0.5,1,70,0,2.5,1.25,2,2,45,209
2023-01-05 10:10:44.000,2023-01-05 10:11:32.000,0.16,1,7.7,0,0,N,4,1,0.5,1,3.7,0,2.5,0,2,1,107,234
2023-01-05 10:32:37.000,2023-01-05 10:33:53.000,0.2,1,7.7,0,0,N,2,1,0.5,1,3.7,2.5,2.5,0,1,1,140,262
2023-01-05 10:58:11.000,2023-01-05 10:59:41.000,0.4,1,10,0,1.6,N,1,1,0.5,1,4.4,0,2.5,0,2,1,229,233
2023-01-05 10:46:28.000,2023-01-05 10:46:30.000,0,0,74,0,0,N,2,1,0.5,1,70,0,2.5,0,2,2,143,239
2023-01-05 10:42:38.000,2023-01-05 10:42:41.000,0,0,84.06,0,14.01,N,1,1,0,1,69.05,0,0,0,2,5,52,264
2023-01-05 10:27:14.000,2023-01-05 10:28:30.000,0.18,1,7.7,0,0,N,2,1,0.5,1,3.7,0,2.5,0,2,1,170,164
2023-01-05 10:58:24.000,2023-01-05 10:58:45.000,0.03,0,4.5,0,0,N,2,1,0.5,1,3,0,0,0,2,1,132,254
2023-01-05 11:19:44.000,2023-01-05 11:19:55.000,0,0,96.66,6.55,16.11,N,1,2,0.5,1,70,0,2.5,0,2,2,113,249
2023-01-05 11:40:16.000,2023-01-05 11:41:30.000,0.18,1,9.24,0,1.54,N,1,1,0.5,1,3.7,0,2.5,0,2,1,87,261
2023-01-05 11:03:31.000,2023-01-05 11:04:17.000,0.66,1,26.9,20.3,0,N,2,1,0.5,1,5.1,0,0,0,2,1,150,132
2023-01-05 11:01:05.000,2023-01-05 11:02:08.000,0.3,1,8.7,0,1,N,1,1,0.5,1,3.7,2.5,2.5,0,1,1,161,237
2023-01-05 11:21:03.000,2023-01-05 11:22:55.000,0.4,1,8.4,0,0,N,2,1,0.5,1,4.4,2.5,2.5,0,1,1,90,68
2023-01-05 11:04:45.000,2023-01-05 11:04:53.000,0,0,7,0,0,N,2,1,0.5,1,3,0,2.5,0,2,1,107,137
2023-01-05 11:59:14.000,2023-01-05 11:59:16.000,0,0,107.9,0,24.9,N,1,1,0,1,82,0,0,0,2,5,209,264
2023-01-05 11:30:26.000,2023-01-05 11:31:21.000,0.27,1,9.24,0,1.54,N,1,1,0.5,1,3.7,0,2.5,0,2,1,239,238
2023-01-05 11:56:04.000,2023-01-05 11:57:43.000,0.3,1,10.08,0,1.68,N,1,2,0.5,1,4.4,0,2.5,0,2,1,142,230
2023-01-05 11:31:11.000,2023-01-05 11:32:17.000,0.23,1,9.24,0,1.54,N,1,1,0.5,1,3.7,0,2.5,0,2,1,137,170
2023-01-05 11:31:02.000,2023-01-05 11:31:35.000,0,0,7,0,0,N,2,1,0.5,1,3,0,2.5,0,2,1,90,186
2023-01-05 12:48:04.000,2023-01-05 12:49:35.000,0,1,20,0,4,N,1,1,0,1,15,0,0,0,1,5,229,162
2023-01-05 12:22:47.000,2023-01-05 12:23:44.000,0.02,1,7,0,0,N,2,1,0.5,1,3,0,2.5,0,2,1,162,236
2023-01-05 12:41:08.000,2023-01-05 12:42:53.000,0.21,1,7.7,0,0,N,2,1,0.5,1,3.7,0,2.5,0,2,1,142,143
2023-01-05 12:38:23.000,2023-01-05 12:39:52.000,0.49,1,10.08,0,1.68,N,1,2,0.5,1,4.4,0,2.5,0,2,1,170,137
2023-01-05 12:03:06.000,2023-01-05 12:03:15.000,0,0,23.5,0,0,N,1,4,0,1,20,0,2.5,0,2,5,230,48
2023-01-05 12:21:07.000,2023-01-05 12:22:30.000,0.2,1,9.7,0,2,N,1,1,0.5,1,3.7,2.5,2.5,0,1,1,237,236
2023-01-05 12:21:06.000,2023-01-05 12:22:54.000,0.4,1,10.08,0,1.68,N,1,1,0.5,1,4.4,0,2.5,0,2,1,237,162
2023-01-05 12:45:03.000,2023-01-05 12:45:06.000,0,0,10.62,0,2.12,N,1,1,0.5,1,7,0,0,0,2,5,68,264
2023-01-05 12:07:19.000,2023-01-05 12:08:46.000,0.4,1,10.4,0,2,N,1,1,0.5,1,4.4,2.5,2.5,0,1,1,229,141
2023-01-05 12:32:25.000,2023-01-05 12:33:36.000,0.4,1,9.4,0,1,N,1,2,0.5,1,4.4,2.5,2.5,0,1,1,238,239
2023-01-05 12:37:14.000,2023-01-05 12:38:52.000,0.29,1,9.83,0,1.43,N,1,3,0.5,1,4.4,0,2.5,0,2,1,236,263
2023-01-05 12:04:49.000,2023-01-05 12:04:52.000,0,0,23.5,0,2,N,1,4,0.5,1,20,0,0,0,2,5,12,264
2023-01-05 12:59:06.000,2023-01-05 13:00:56.000,0.4,1,10.05,0,1.65,N,1,1,0.5,1,4.4,2.5,2.5,0,1,1,163,161
2023-01-05 13:39:12.000,2023-01-05 13:40:19.000,0.4,1,8.4,0,0,N,2,1,0.5,1,4.4,0,2.5,0,2,1,263,75
2023-01-05 13:54:02.000,2023-01-05 13:55:15.000,0.32,1,7.7,0,0,N,2,4,0.5,1,3.7,0,2.5,0,2,1,249,90
2023-01-05 13:14:03.000,2023-01-05 13:15:45.000,0.4,1,10.5,0,2.1,N,1,0,0.5,1,4.4,2.5,2.5,0,1,1,238,239
2023-01-05 13:56:40.000,2023-01-05 13:57:11.000,0.02,1,4.5,0,0,N,4,1,0.5,1,3,0,0,0,2,1,264,138
2023-01-05 13:45:04.000,2023-01-05 13:45:36.000,0.05,0,7,0,0,N,3,1,0.5,1,3,0,2.5,0,2,1,107,137
2023-01-05 13:26:56.000,2023-01-05 13:27:08.000,0.04,1,74,0,0,N,2,1,0.5,1,70,0,2.5,0,2,2,143,142
2023-01-05 13:21:13.000,2023-01-05 13:22:11.000,0.31,1,7.7,0,0,N,4,1,0.5,1,3.7,0,2.5,0,2,1,158,68
2023-01-05 13:10:58.000,2023-01-05 13:11:07.000,0.07,1,111,0,10,N,1,1,0,1,100,0,0,0,2,5,95,93
2023-01-05 13:27:17.000,2023-01-05 13:28:44.000,0.31,1,9.24,0,1.54,N,1,1,0.5,1,3.7,0,2.5,0,2,1,162,229
2023-01-05 13:09:02.000,2023-01-05 13:10:59.000,0.38,1,10.08,0,1.68,N,1,1,0.5,1,4.4,0,2.5,0,2,1,234,107
2023-01-05 13:09:37.000,2023-01-05 13:10:22.000,0.11,1,7,0,0,N,2,2,0.5,1,3,0,2.5,0,2,1,249,90
2023-01-05 13:58:45.000,2023-01-05 13:58:48.000,0,0,36,0,6,N,1,1,0,1,29,0,0,0,2,5,161,264
2023-01-05 13:12:53.000,2023-01-05 13:13:24.000,0.05,1,97.91,6.55,16.11,N,1,1,0.5,1,70,0,2.5,1.25,2,2,170,233
2023-01-05 13:15:15.000,2023-01-05 13:16:47.000,0.34,1,9.24,0,1.54,N,1,1,0.5,1,3.7,0,2.5,0,2,1,230,163
2023-01-05 13:52:01.000,2023-01-05 13:52:34.000,0,0,103.15,0,17.15,N,1,2,0,1,85,0,0,0,1,5,236,43
2023-01-05 13:15:54.000,2023-01-05 13:16:21.000,0.24,1,71.5,0,0,N,2,2,0.5,1,70,0,0,0,2,2,42,127
2023-01-05 14:21:04.000,2023-01-05 14:21:11.000,0,0,74,0,0,N,2,2,0.5,1,70,0,2.5,0,2,2,239,238
2023-01-05 14:43:00.000,2023-01-05 14:44:58.000,0.37,1,8.4,0,0,N,2,2,0.5,1,4.4,0,2.5,0,2,1,88,261
2023-01-05 14:52:01.000,2023-01-05 14:53:43.000,0.68,1,6.6,0,0,N,2,1,0.5,1,5.1,0,0,0,2,1,74,75
2023-01-05 14:23:46.000,2023-01-05 14:24:42.000,0.2,1,9.2,0,1.5,N,1,1,0.5,1,3.7,2.5,2.5,0,1,1,164,234
2023-01-05 14:56:59.000,2023-01-05 14:57:27.000,0,1,4.5,0,0,N,3,1,0.5,1,3,0,0,0,2,1,7,193
2023-01-05 14:19:15.000,2023-01-05 14:20:08.000,0.19,1,9.5,0,0,N,3,1,0.5,1,3,5,0,0,2,1,264,138
2023-01-05 14:31:28.000,2023-01-05 14:32:31.000,0.19,1,9.24,0,1.54,N,1,1,0.5,1,3.7,0,2.5,0,2,1,236,43
2023-01-05 14:57:43.000,2023-01-05 14:58:41.000,0.29,1,10.01,0,2.31,N,1,1,0.5,1,3.7,0,2.5,0,2,1,163,162
2023-01-05 14:07:32.000,2023-01-05 14:08:37.000,0.1,1,7.7,0,0,N,2,1,0.5,1,3.7,2.5,2.5,0,1,1,163,230
2023-01-05 14:49:29.000,2023-01-05 14:49:43.000,0,0,7,0,0,N,2,1,0.5,1,3,0,2.5,0,2,1,162,170
2023-01-05 15:51:57.000,2023-01-05 15:52:48.000,0.14,1,71.5,0,0,N,2,1,0.5,1,70,0,0,0,2,2,219,216
2023-01-05 15:51:41.000,2023-01-05 15:52:03.000,0.27,1,18.2,13,0,N,2,2,0.5,1,3.7,0,0,0,2,1,6,14
2023-01-05 15:12:25.000,2023-01-05 15:13:06.000,0,1,7,0,0,N,3,1,0.5,1,3,2.5,2.5,0,1,1,48,246
2023-01-05 15:49:18.000,2023-01-05 15:50:37.000,0.21,1,7.7,0,0,N,1,3,0.5,1,3.7,0,2.5,0,2,1,230,161
2023-01-05 15:58:21.000,2023-01-05 15:58:24.000,0,0,24,0,0,N,2,2,0,1,23,0,0,0,2,3,100,264
2023-01-05 15:23:15.000,2023-01-05 15:24:41.000,0.32,1,12,0,4.3,N,1,1,0.5,1,3.7,0,2.5,0,2,1,113,249
2023-01-05 15:11:03.000,2023-01-05 15:11:35.000,0.01,0,139.8,20.3,14,N,1,1,0,1,102,0,2.5,0,2,5,164,100
2023-01-05 15:12:33.000,2023-01-05 15:13:27.000,0.3,1,7.7,0,0,N,2,1,0.5,1,3.7,0,2.5,0,2,1,237,236
2023-01-05 15:39:30.000,2023-01-05 15:40:48.000,0.24,1,7.7,0,0,N,2,1,0.5,1,3.7,0,2.5,0,2,1,262,263
2023-01-05 15:58:23.000,2023-01-05 15:58:48.000,0,0,90.5,0,0,N,1,1,0.5,1,89,0,0,0,2,5,132,264
2023-01-05 15:21:56.000,2023-01-05 15:22:00.000,0.03,1,73.2,0,12.2,N,1,2,0,1,60,0,0,0,2,5,70,138
2023-01-05 15:18:06.000,2023-01-05 15:18:23.000,0,0,10.75,0,0,N,2,1,0.5,1,3,5,0,1.25,2,1,264,70
2023-01-05 15:22:44.000,2023-01-05 15:22:47.000,0,0,91.6,0,0.1,N,1,2,0.5,1,90,0,0,0,2,5,132,264
2023-01-05 16:46:33.000,2023-01-05 16:46:39.000,0,0,7,0,0,N,3,1,0.5,1,3,2.5,0,0,2,1,264,193
2023-01-05 16:51:01.000,2023-01-05 16:52:40.000,0.38,1,13.08,0,2.18,N,1,2,0.5,1,4.4,2.5,2.5,0,2,1,170,233
2023-01-05 16:36:46.000,2023-01-05 16:37:50.000,0.3,1,12.7,0,5,N,1,1,0.5,1,3.7,2.5,0,0,1,1,74,75
2023-01-05 16:32:40.000,2023-01-05 16:32:46.000,8.35,0,56.5,6.55,0,N,2,1,0.5,1,42.2,5,0,1.25,2,1,138,116
2023-01-05 16:11:04.000,2023-01-05 16:12:12.000,0.15,1,96.3,1.25,16.05,N,1,1,0.5,1,70,5,2.5,0,2,2,144,231
2023-01-05 16:09:50.000,2023-01-05 16:10:29.000,0,1,85.55,6.55,0,N,3,1,0.5,1,70,5,2.5,0,2,2,264,161
2023-01-05 16:35:13.000,2023-01-05 16:35:15.000,0,0,30.6,0,5.1,N,1,1,0.5,1,24,0,0,0,2,5,170,264
2023-01-05 16:01:01.000,2023-01-05 16:02:02.000,0.18,1,8.7,0,1,N,1,1,0.5,1,3.7,0,2.5,0,2,1,236,263
2023-01-05 16:56:41.000,2023-01-05 16:57:40.000,0,1,10.2,0,0,N,4,1,0.5,1,3.7,5,2.5,0,1,1,142,48
2023-01-05 16:54:07.000,2023-01-05 16:55:19.000,0.16,1,10.2,0,0,N,4,1,0.5,1,3.7,2.5,2.5,0,2,1,79,107
2023-01-05 16:46:25.000,2023-01-05 16:47:27.000,0.39,1,10.2,0,0,N,1,1,0.5,1,3.7,2.5,2.5,0,2,1,234,164
2023-01-05 16:03:54.000,2023-01-05 16:04:34.000,0.2,1,10.2,0,0,N,3,0,0.5,1,3.7,5,2.5,0,1,1,234,90
2023-01-05 16:24:10.000,2023-01-05 16:25:55.000,0.2,1,10.2,0,0,N,2,1,0.5,1,3.7,5,2.5,0,1,1,233,170
2023-01-05 16:16:07.000,2023-01-05 16:17:56.000,0.4,1,13.05,0,2.15,N,1,1,0.5,1,4.4,5,2.5,0,1,1,43,161
2023-01-05 16:58:40.000,2023-01-05 16:59:49.000,0.21,1,12.24,0,2.04,N,1,1,0.5,1,3.7,2.5,2.5,0,2,1,141,263
2023-01-05 16:25:34.000,2023-01-05 16:26:21.000,1.2,1,102.66,6.55,17.11,N,1,1,0.5,1,70,5,2.5,0,2,2,197,216
2023-01-05 16:03:57.000,2023-01-05 16:04:39.000,0.38,1,13.2,0,3,N,1,1,0.5,1,3.7,2.5,2.5,0,2,1,246,48
2023-01-05 16:24:43.000,2023-01-05 16:25:51.000,0.21,1,11.2,0,1,N,1,1,0.5,1,3.7,2.5,2.5,0,2,1,113,234
2023-01-05 16:19:19.000,2023-01-05 16:19:32.000,0.16,0,85,0,4,N,1,4,0,1,80,0,0,0,2,5,145,226
2023-01-05 16:59:50.000,2023-01-05 16:59:53.000,0.04,0,86.05,0,0,N,2,2,0.5,1,84.55,0,0,0,2,5,197,264
2023-01-05 17:49:27.000,2023-01-05 17:50:45.000,0.34,1,12.75,0,2.55,N,1,1,0.5,1,3.7,2.5,2.5,0,2,1,142,239
2023-01-05 17:49:06.000,2023-01-05 17:49:46.000,0,0,9.5,0,0,N,4,1,0.5,1,3,2.5,2.5,0,2,1,237,141
2023-01-05 17:51:16.000,2023-01-05 17:52:41.000,0.49,1,13.08,0,2.18,N,1,1,0.5,1,4.4,2.5,2.5,0,2,1,236,75
2023-01-05 17:57:20.000,2023-01-05 17:57:22.000,0,0,86.5,0,0,N,1,2,0.5,1,85,0,0,0,2,5,132,264
2023-01-05 17:06:36.000,2023-01-05 17:07:55.000,0.01,1,10.2,0,0,N,4,1,0.5,1,3.7,2.5,2.5,0,2,1,186,68
2023-01-05 17:24:06.000,2023-01-05 17:25:45.000,0.4,1,13.05,0,2.15,N,1,1,0.5,1,4.4,5,2.5,0,1,1,141,262
2023-01-05 17:33:36.000,2023-01-05 17:33:38.000,0,0,91.2,0,15.2,N,1,1,0,1,75,0,0,0,2,5,265,264
2023-01-05 17:08:40.000,2023-01-05 17:09:51.000,0.42,1,10.9,0,0,N,2,3,0.5,1,4.4,2.5,2.5,0,2,1,137,233
2023-01-05 17:50:09.000,2023-01-05 17:50:15.000,0,0,26.5,0,0,N,1,1,0,1,23,2.5,0,0,2,3,161,162
2023-01-05 17:03:24.000,2023-01-05 17:04:39.000,0.2,1,10.2,0,0,N,2,1,0.5,1,3.7,2.5,2.5,0,2,1,229,141
2023-01-05 17:13:04.000,2023-01-05 17:14:32.000,0.3,1,8.4,0,0,N,1,0,0.5,1,4.4,2.5,0,0,1,1,24,151
2023-01-05 17:07:17.000,2023-01-05 17:08:53.000,0.27,1,7.7,0,0,N,2,1,0.5,1,3.7,2.5,0,0,2,1,74,41
2023-01-05 17:25:52.000,2023-01-05 17:26:59.000,0,1,10.2,0,0,N,2,1,0.5,1,3.7,2.5,2.5,0,2,1,144,114
2023-01-05 18:33:38.000,2023-01-05 18:34:55.000,0.39,1,10.9,0,0,N,1,3,0.5,1,4.4,2.5,2.5,0,2,1,100,186
2023-01-05 18:00:29.000,2023-01-05 18:00:32.000,0,0,74,0,0,N,2,2,0.5,1,70,0,2.5,0,2,2,163,43
2023-01-05 18:56:18.000,2023-01-05 18:57:13.000,0,1,9.5,0,0,N,2,1,0.5,1,3,5,2.5,0,1,1,140,141
2023-01-05 18:48:38.000,2023-01-05 18:49:27.000,0.03,1,9.5,0,0,N,2,1,0.5,1,3,2.5,2.5,0,2,1,246,186
2023-01-05 18:28:52.000,2023-01-05 18:29:26.000,0.04,1,9.5,0,0,N,2,1,0.5,1,3,2.5,2.5,0,2,1,162,161
2023-01-05 18:14:08.000,2023-01-05 18:14:16.000,0,0,107.4,0,17.9,N,1,3,0,1,86,0,2.5,0,2,5,211,231
2023-01-05 18:36:24.000,2023-01-05 18:36:41.000,0,0,82.75,0,0,N,3,2,0.5,1,70,11.25,0,1.25,1,2,138,70
2023-01-05 18:02:55.000,2023-01-05 18:03:40.000,0.27,1,16.45,0,0,N,2,1,0.5,1,3.7,7.5,2.5,1.25,2,1,264,138
2023-01-05 18:22:48.000,2023-01-05 18:23:59.000,0.12,1,12.24,0,2.04,N,1,1,0.5,1,3.7,2.5,2.5,0,2,1,68,246
2023-01-05 18:58:18.000,2023-01-05 18:59:58.000,0.2,1,11.5,0,1.3,N,1,1,0.5,1,3.7,5,2.5,0,1,1,163,237
2023-01-05 18:58:36.000,2023-01-05 18:59:33.000,0.25,1,10.2,0,0,N,1,2,0.5,1,3.7,2.5,2.5,0,2,1,48,142
2023-01-05 18:37:36.000,2023-01-05 18:38:57.000,0.47,1,13.08,0,2.18,N,1,1,0.5,1,4.4,2.5,2.5,0,2,1,90,234
2023-01-05 18:11:35.000,2023-01-05 18:12:28.000,0.15,1,9.5,0,0,N,2,1,0.5,1,3,2.5,2.5,0,2,1,162,161
2023-01-05 18:41:20.000,2023-01-05 18:42:33.000,0.33,1,11.73,0,1.53,N,1,1,0.5,1,3.7,2.5,2.5,0,2,1,140,141
2023-01-05 18:03:15.000,2023-01-05 18:04:51.000,0.59,1,9.4,0,1,N,1,1,0.5,1,4.4,2.5,0,0,2,1,75,151
2023-01-05 19:00:12.000,2023-01-05 19:01:47.000,0.45,1,13.08,0,2.18,N,1,1,0.5,1,4.4,2.5,2.5,0,2,1,43,236
2023-01-05 18:35:33.000,2023-01-05 18:36:06.000,0,1,9.5,0,0,N,2,1,0.5,1,3,5,2.5,0,1,1,246,68
2023-01-05 19:40:15.000,2023-01-05 19:40:36.000,0,0,79,0,0,N,2,1,0.5,1,70,5,2.5,0,2,2,186,68
2023-01-05 19:00:00.000,2023-01-05 19:01:06.000,0.11,1,10.2,0,0,N,4,1,0.5,1,3.7,2.5,2.5,0,2,1,230,161
2023-01-05 19:40:16.000,2023-01-05 19:41:11.000,0.5,1,8.4,0,0,N,2,2,0.5,1,4.4,2.5,0,0,1,1,146,193
2023-01-05 19:42:19.000,2023-01-05 19:43:48.000,0.3,1,10.9,0,0,N,2,2,0.5,1,4.4,5,2.5,0,1,1,140,141
2023-01-05 19:00:03.000,2023-01-05 19:01:28.000,0.36,1,12.4,0,1.5,N,1,1,0.5,1,4.4,2.5,2.5,0,2,1,237,236
2023-01-05 19:39:00.000,2023-01-05 19:40:58.000,0.49,1,10.9,0,0,N,2,2,0.5,1,4.4,2.5,2.5,0,2,1,186,90
2023-01-05 19:12:12.000,2023-01-05 19:13:03.000,0.17,1,7.7,0,0,N,1,1,0.5,1,3.7,2.5,0,0,2,1,238,151
2023-01-05 19:40:13.000,2023-01-05 19:40:16.000,0,0,103.2,0,17.2,N,1,4,0,1,85,0,0,0,2,5,48,264
2023-01-05 19:20:41.000,2023-01-05 19:21:42.000,0.3,1,12.2,0,2,N,1,1,0.5,1,3.7,5,2.5,0,1,1,239,238
2023-01-05 19:03:14.000,2023-01-05 19:04:34.000,0.13,1,11.73,0,1.53,N,1,1,0.5,1,3.7,2.5,2.5,0,2,1,236,263
2023-01-05 19:19:09.000,2023-01-05 19:19:19.000,0,0,7,0,0,N,3,1,0.5,1,3,2.5,0,0,2,1,193,7
2023-01-05 19:02:02.000,2023-01-05 19:03:50.000,0.57,1,13.08,0,2.18,N,1,1,0.5,1,4.4,2.5,2.5,0,2,1,79,107
2023-01-05 19:47:10.000,2023-01-05 19:48:40.000,0.21,1,10.2,0,0,N,2,1,0.5,1,3.7,2.5,2.5,0,2,1,238,239
2023-01-05 19:57:47.000,2023-01-05 19:57:49.000,0,0,103.8,0,17.3,N,1,1,0.5,1,85,0,0,0,2,5,132,264
2023-01-05 19:01:26.000,2023-01-05 19:02:57.000,0.3,1,10.2,0,0,N,2,2,0.5,1,3.7,2.5,2.5,0,2,1,234,107
2023-01-05 19:33:01.000,2023-01-05 19:34:38.000,0,1,1.01,0,0,N,3,4,0,1,0.01,0,0,0,1,5,88,261
2023-01-05 19:57:00.000,2023-01-05 19:58:47.000,0.34,1,13.08,0,2.18,N,1,2,0.5,1,4.4,2.5,2.5,0,2,1,236,263
2023-01-05 20:23:09.000,2023-01-05 20:24:32.000,0.21,1,10.44,0,1.74,N,1,1,0.5,1,3.7,1,2.5,0,2,1,246,48
2023-01-05 20:01:02.000,2023-01-05 20:01:07.000,0,0,39.96,0,6.66,N,1,1,0,1,29.8,0,2.5,0,2,5,170,161
2023-01-05 20:36:41.000,2023-01-05 20:37:45.000,0.32,1,11.31,0,2.61,N,1,1,0.5,1,3.7,1,2.5,0,2,1,249,90
2023-01-05 20:53:18.000,2023-01-05 20:54:21.000,0.38,1,9.7,0,1,N,1,1,0.5,1,3.7,1,2.5,0,2,1,246,68
2023-01-05 20:28:21.000,2023-01-05 20:29:44.000,0.16,1,8.7,0,0,N,2,1,0.5,1,3.7,1,2.5,0,2,1,90,249
2023-01-05 20:46:52.000,2023-01-05 20:47:12.000,0,1,10.5,0,0,N,3,1,0.5,1,3,6,0,0,1,1,70,138
2023-01-05 20:18:15.000,2023-01-05 20:18:18.000,0,0,11,0,6,N,1,1,0,1,4,0,0,0,2,5,237,264
2023-01-05 20:20:08.000,2023-01-05 20:21:28.000,0.1,1,10.4,0,1.7,N,1,1,0.5,1,3.7,3.5,2.5,0,1,1,263,141
2023-01-05 20:04:14.000,2023-01-05 20:05:46.000,1.4,1,13.9,0,1,N,1,1,0.5,1,7.9,3.5,2.5,0,1,1,140,262
2023-01-05 20:07:30.000,2023-01-05 20:08:18.000,0.2,1,10.4,0,1.7,N,1,1,0.5,1,3.7,3.5,2.5,0,1,1,170,264
2023-01-05 20:25:41.000,2023-01-05 20:26:41.000,0.26,1,9.7,0,1,N,1,1,0.5,1,3.7,1,2.5,0,2,1,249,158
2023-01-05 20:58:03.000,2023-01-05 20:58:41.000,0.22,0,97.91,6.55,16.11,N,1,1,0.5,1,70,0,2.5,1.25,2,2,107,79
2023-01-05 20:07:27.000,2023-01-05 20:08:47.000,0.12,1,8.7,0,0,N,2,1,0.5,1,3.7,1,2.5,0,2,1,239,142
2023-01-05 20:05:07.000,2023-01-05 20:06:28.000,0.41,1,12.4,0,3,N,1,1,0.5,1,4.4,1,2.5,0,2,1,229,141
2023-01-05 20:11:18.000,2023-01-05 20:11:19.000,0,0,60.5,0,55,N,1,1,0.5,1,3,1,0,0,2,1,157,264
2023-01-05 21:25:04.000,2023-01-05 21:26:36.000,0.5,1,6.9,0,0,N,2,1,0.5,1,4.4,1,0,0,1,1,75,263
2023-01-05 21:46:10.000,2023-01-05 21:47:59.000,0.8,1,8.3,0,0,N,2,2,0.5,1,5.8,1,0,0,1,1,236,74
2023-01-05 21:16:21.000,2023-01-05 21:16:55.000,0.1,0,74,0,0,N,3,1,0.5,1,70,2.5,2.5,0,1,2,143,142
2023-01-05 21:26:43.000,2023-01-05 21:27:14.000,0.1,1,8,0,0,N,2,1,0.5,1,3,3.5,2.5,0,1,1,48,246
2023-01-05 20:57:56.000,2023-01-05 20:58:48.000,0.2,1,8.7,0,0,N,2,1,0.5,1,3.7,1,2.5,0,2,1,234,107
2023-01-05 21:33:23.000,2023-01-05 21:34:01.000,0.2,1,11.3,0,2.6,N,1,1,0.5,1,3.7,3.5,2.5,0,1,1,238,151
2023-01-05 21:21:02.000,2023-01-05 21:21:42.000,0.08,0,74,0,0,N,2,2,0.5,1,70,0,2.5,0,2,2,230,161
2023-01-05 21:21:51.000,2023-01-05 21:22:03.000,0,1,110.62,0,22.12,N,1,1,0,1,85,0,2.5,0,2,5,234,186
2023-01-05 21:25:35.000,2023-01-05 21:25:39.000,2.13,0,20.9,0,1,N,1,1,0.5,1,14.9,1,2.5,0,2,1,230,264
2023-01-05 21:10:50.000,2023-01-05 21:11:54.000,0.3,1,10.4,0,1.7,N,1,1,0.5,1,3.7,3.5,2.5,0,1,1,249,158
2023-01-05 21:43:28.000,2023-01-05 21:44:39.000,0.3,1,12.2,0,2.8,N,1,0,0.5,1,4.4,3.5,2.5,0,1,1,143,239
2023-01-05 21:46:12.000,2023-01-05 21:47:43.000,0.27,1,8.7,0,0,N,2,3,0.5,1,3.7,1,2.5,0,2,1,140,262
2023-01-05 21:02:04.000,2023-01-05 21:03:57.000,0.6,1,9.1,0,1.5,N,1,1,0.5,1,5.1,1,0,0,1,1,238,151
2023-01-05 22:02:44.000,2023-01-05 22:03:59.000,0.2,1,8.7,0,0,N,4,1,0.5,1,3.7,1,2.5,0,2,1,48,50
2023-01-05 22:31:27.000,2023-01-05 22:32:05.000,0.2,1,8.7,0,0,N,2,1,0.5,1,3.7,3.5,2.5,0,1,1,236,237
2023-01-05 22:29:00.000,2023-01-05 22:30:21.000,1.14,1,15.55,6.55,0,N,2,1,0.5,1,6.5,1,0,0,2,1,208,252
2023-01-05 22:00:40.000,2023-01-05 22:01:56.000,0.36,1,8.7,0,0,N,1,1,0.5,1,3.7,1,2.5,0,2,1,249,90
2023-01-05 22:04:12.000,2023-01-05 22:05:35.000,0.29,1,10.44,0,1.74,N,1,2,0.5,1,3.7,1,2.5,0,2,1,237,162
2023-01-05 22:41:36.000,2023-01-05 22:41:42.000,0,0,98,0,10,N,1,4,0,1,87,0,0,0,2,5,134,197
2023-01-05 22:39:37.000,2023-01-05 22:40:47.000,0,1,10,0,2,N,1,1,0.5,1,3,3.5,2.5,0,1,1,100,230
2023-01-05 22:17:07.000,2023-01-05 22:18:52.000,0.29,1,9.4,0,0,N,2,1,0.5,1,4.4,1,2.5,0,2,1,50,142
2023-01-05 22:42:23.000,2023-01-05 22:42:45.000,0,0,25,0,3.5,N,1,1,0,1,18,0,2.5,0,2,5,264,263
2023-01-05 22:55:06.000,2023-01-05 22:56:32.000,0.38,1,10.4,0,1,N,1,1,0.5,1,4.4,1,2.5,0,2,1,186,100
2023-01-05 22:22:52.000,2023-01-05 22:23:12.000,0.13,1,91.8,6.55,10,N,1,1,0.5,1,70,0,2.5,1.25,2,2,170,233
2023-01-05 22:01:23.000,2023-01-05 22:02:56.000,0.11,1,8.7,0,0,N,2,4,0.5,1,3.7,1,2.5,0,2,1,164,230
2023-01-05 22:23:18.000,2023-01-05 22:23:59.000,0,0,8,0,0,N,4,2,0.5,1,3,1,2.5,0,2,1,229,233
2023-01-05 22:24:07.000,2023-01-05 22:24:26.000,0,0,8,0,0,N,4,1,0.5,1,3,1,2.5,0,2,1,107,137
2023-01-05 23:45:34.000,2023-01-05 23:46:20.000,0.04,1,8,0,0,N,2,1,0.5,1,3,1,2.5,0,2,1,229,140
2023-01-05 23:04:27.000,2023-01-05 23:05:44.000,0.16,1,10.88,0,2.18,N,1,1,0.5,1,3.7,1,2.5,0,2,1,68,158
2023-01-05 23:38:48.000,2023-01-05 23:39:22.000,0.31,1,88.8,0,14.8,N,1,1,0.5,1,70,0,2.5,0,2,2,232,148
2023-01-05 23:28:10.000,2023-01-05 23:29:55.000,0.56,1,12.12,0,2.02,N,1,1,0.5,1,5.1,1,2.5,0,2,1,142,239
2023-01-05 23:36:34.000,2023-01-05 23:37:58.000,0.4,1,11.25,0,1.85,N,1,1,0.5,1,4.4,3.5,2.5,0,1,1,263,141
2023-01-05 23:16:40.000,2023-01-05 23:17:56.000,0.46,1,10.9,0,1.5,N,1,3,0.5,1,4.4,1,2.5,0,2,1,229,233
2023-01-05 23:36:32.000,2023-01-05 23:37:41.000,0.43,1,11.28,0,1.88,N,1,1,0.5,1,4.4,1,2.5,0,2,1,186,90
2023-01-05 23:52:28.000,2023-01-05 23:53:54.000,0.53,1,6.9,0,0,N,2,1,0.5,1,4.4,1,0,0,2,1,74,75
2023-01-05 23:14:41.000,2023-01-05 23:15:59.000,0.31,1,10.44,0,1.74,N,1,1,0.5,1,3.7,1,2.5,0,2,1,141,237
2023-01-05 23:20:10.000,2023-01-05 23:20:12.000,0,0,73.2,0,12.2,N,1,2,0,1,60,0,0,0,2,5,92,264
2023-01-05 23:08:36.000,2023-01-05 23:09:51.000,0.45,1,11.75,0,2.35,N,1,2,0.5,1,4.4,1,2.5,0,2,1,230,142
2023-01-05 23:49:29.000,2023-01-05 23:49:35.000,0,0,43.5,0,5,N,1,1,0,1,35,0,2.5,0,2,5,262,263
2023-01-05 23:11:15.000,2023-01-05 23:11:17.000,0,0,66,0,5,N,1,2,0,1,60,0,0,0,2,5,70,264
2023-01-05 23:01:10.000,2023-01-05 23:02:47.000,0.2,1,8.7,0,0,N,2,1,0.5,1,3.7,3.5,2.5,0,1,1,233,162
2023-01-05 23:53:00.000,2023-01-05 23:54:11.000,0.4,1,11.25,0,1.85,N,1,0,0.5,1,4.4,3.5,2.5,0,1,1,100,186
2023-01-05 23:41:44.000,2023-01-05 23:41:52.000,0,0,8,0,0,N,2,2,0.5,1,3,1,2.5,0,2,1,262,263
2023-01-05 23:09:05.000,2023-01-05 23:09:33.000,0,0,5.5,0,0,N,4,1,0.5,1,3,1,0,0,2,1,264,186
2023-01-05 23:15:25.000,2023-01-05 23:15:28.000,0,0,43.8,0,7.3,N,1,2,0.5,1,35,0,0,0,2,5,74,264
2023-01-05 23:14:21.000,2023-01-05 23:14:28.000,0.03,0,8,0,0,N,3,1,0.5,1,3,1,2.5,0,2,1,43,237
2023-01-06 00:29:15.000,2023-01-06 00:30:51.000,0.5,1,9.4,0,0,N,2,1,0.5,1,4.4,3.5,2.5,0,1,1,249,90
2023-01-06 00:03:20.000,2023-01-06 00:04:07.000,0.24,1,11.31,0,2.61,N,1,1,0.5,1,3.7,1,2.5,0,2,1,162,141
2023-01-06 00:28:00.000,2023-01-06 00:29:07.000,0.27,1,10.44,0,1.74,N,1,1,0.5,1,3.7,1,2.5,0,2,1,107,137
2023-01-06 00:22:35.000,2023-01-06 00:23:13.000,0.08,1,10.5,0,0,N,3,1,0.5,1,3,6,0,0,2,1,70,138
2023-01-06 00:21:21.000,2023-01-06 00:22:50.000,0.54,1,9.4,0,0,N,2,1,0.5,1,4.4,1,2.5,0,2,1,90,186
2023-01-06 00:14:23.000,2023-01-06 00:15:45.000,0.48,1,10.81,0,1.41,N,1,1,0.5,1,4.4,1,2.5,0,2,1,237,141
2023-01-06 00:14:57.000,2023-01-06 00:15:42.000,0.36,1,10,0,1.3,N,1,2,0.5,1,3.7,1,2.5,0,2,1,137,107
2023-01-06 00:54:31.000,2023-01-06 00:55:59.000,0.49,1,11.28,0,1.88,N,1,1,0.5,1,4.4,1,2.5,0,2,1,263,141
2023-01-06 00:04:04.000,2023-01-06 00:05:39.000,0.61,1,10.1,0,0,N,1,1,0.5,1,5.1,1,2.5,0,2,1,237,141
2023-01-06 00:57:22.000,2023-01-06 00:58:57.000,0.65,1,12.62,0,2.52,N,1,2,0.5,1,5.1,1,2.5,0,2,1,229,170
2023-01-06 00:37:57.000,2023-01-06 00:38:19.000,0,1,134.55,0,31.05,N,1,1,0,1,100,0,2.5,0,2,5,48,100
2023-01-06 00:45:06.000,2023-01-06 00:46:38.000,0.6,1,10.1,0,0,N,2,1,0.5,1,5.1,1,2.5,0,2,1,68,186
2023-01-06 00:18:13.000,2023-01-06 00:18:15.000,0,0,97.8,0,16.3,N,1,1,0.5,1,80,0,0,0,2,5,148,264
2023-01-06 00:22:53.000,2023-01-06 00:23:02.000,0,1,22.2,0,3.7,N,1,1,0,1,15,0,2.5,0,2,5,262,263
2023-01-06 01:03:54.000,2023-01-06 01:04:43.000,0.37,1,8.7,0,0,N,2,5,0.5,1,3.7,1,2.5,0,2,1,170,233
2023-01-06 01:35:02.000,2023-01-06 01:36:03.000,0.44,1,11.28,0,1.88,N,1,1,0.5,1,4.4,1,2.5,0,2,1,50,246
2023-01-06 01:15:22.000,2023-01-06 01:16:50.000,0.42,1,9.4,0,0,N,2,1,0.5,1,4.4,1,2.5,0,2,1,263,141
2023-01-06 01:48:36.000,2023-01-06 01:48:42.000,0,0,30,0,5,N,1,1,0,1,23,1,0,0,2,3,4,79
2023-01-06 01:01:57.000,2023-01-06 01:02:39.000,0.21,1,12.7,0,4,N,1,1,0.5,1,3.7,1,2.5,0,2,1,229,233
2023-01-06 01:52:43.000,2023-01-06 01:53:59.000,0.39,1,10.4,0,1,N,1,1,0.5,1,4.4,1,2.5,0,2,1,249,125
2023-01-06 02:04:19.000,2023-01-06 02:05:35.000,0.45,1,11.28,0,1.88,N,1,1,0.5,1,4.4,1,2.5,0,2,1,158,90
2023-01-06 03:58:06.000,2023-01-06 03:59:27.000,0.56,1,9.4,0,0,N,4,1,0.5,1,4.4,1,2.5,0,2,1,137,229
2023-01-06 03:25:27.000,2023-01-06 03:25:29.000,0,0,4.5,0,0,N,3,1,0.5,0.3,3,1,0,0,2,1,263,264
2023-01-06 03:23:08.000,2023-01-06 03:24:47.000,0.37,1,10.31,0,0.73,N,1,1,0.5,1,8.08,0,0,0,2,5,43,75
2023-01-06 03:09:13.000,2023-01-06 03:09:40.000,0,0,46.1,0,0,N,2,2,0,1,45.1,0,0,0,2,5,264,61
2023-01-06 03:54:21.000,2023-01-06 03:55:58.000,0.68,1,10.1,0,0,N,1,1,0.5,1,5.1,1,2.5,0,2,1,264,68
2023-01-06 03:12:56.000,2023-01-06 03:13:28.000,0.01,1,30,0,5,N,1,1,0,1,23,1,0,0,2,3,90,107
2023-01-06 04:08:00.000,2023-01-06 04:09:40.000,0.79,1,12.12,0,2.02,N,1,1,0.5,1,5.1,1,2.5,0,2,1,48,68
2023-01-06 05:48:35.000,2023-01-06 05:49:31.000,0.41,1,10.81,0,1.41,N,1,1,0.5,1,4.4,1,2.5,0,2,1,239,142
2023-01-06 05:35:07.000,2023-01-06 05:36:36.000,0.56,1,11.28,0,1.88,N,1,1,0.5,1,4.4,1,2.5,0,2,1,100,186
2023-01-06 05:21:13.000,2023-01-06 05:22:44.000,0.5,1,10.4,0,1,N,1,1,0.5,1,4.4,3.5,2.5,0,1,1,48,68
2023-01-06 05:39:08.000,2023-01-06 05:40:44.000,0.4,1,9.4,0,0,N,2,0,0.5,1,4.4,3.5,2.5,0,1,1,186,100
2023-01-06 05:39:31.000,2023-01-06 05:39:34.000,0,0,5.5,0,0,N,2,1,0.5,1,3,1,0,0,2,1,233,264
2023-01-06 06:05:54.000,2023-01-06 06:06:09.000,0.04,1,7,0,0,N,2,1,0.5,1,3,0,2.5,0,2,1,90,68
2023-01-06 06:48:17.000,2023-01-06 06:49:38.000,0.39,1,10.08,0,1.68,N,1,6,0.5,1,4.4,0,2.5,0,2,1,48,68
2023-01-06 06:37:50.000,2023-01-06 06:38:47.000,0.37,1,7.7,0,0,N,2,1,0.5,1,3.7,0,2.5,0,2,1,229,141
2023-01-06 06:53:20.000,2023-01-06 06:54:49.000,0.39,1,8.4,0,0,N,3,1,0.5,1,4.4,0,2.5,0,2,1,100,230
2023-01-06 06:14:10.000,2023-01-06 06:15:37.000,0.35,1,9.7,0,1,N,1,1,0.5,1,3.7,1,2.5,0,2,1,262,263
2023-01-06 06:45:56.000,2023-01-06 06:45:59.000,0,0,89,0,10,N,1,1,0,1,78,0,0,0,2,5,132,264
2023-01-06 07:53:01.000,2023-01-06 07:54:42.000,0.42,1,9.66,0,1.26,N,1,1,0.5,1,4.4,0,2.5,0,2,1,234,164
2023-01-06 07:41:09.000,2023-01-06 07:42:22.000,0.52,1,10.08,0,1.68,N,1,2,0.5,1,4.4,0,2.5,0,2,1,237,161
2023-01-06 07:32:01.000,2023-01-06 07:33:57.000,0.53,1,9.4,0,1,N,1,1,0.5,1,4.4,0,2.5,0,2,1,233,141
2023-01-06 07:53:26.000,2023-01-06 07:53:29.000,0,0,103.75,0,20.75,N,1,1,0,1,82,0,0,0,2,5,132,264
2023-01-06 07:33:10.000,2023-01-06 07:34:50.000,0.2,1,9.4,0,1,N,1,1,0.5,1,4.4,2.5,2.5,0,1,1,186,164
2023-01-06 07:46:12.000,2023-01-06 07:47:37.000,0.35,1,9.24,0,1.54,N,1,1,0.5,1,3.7,0,2.5,0,2,1,234,100
2023-01-06 07:39:25.000,2023-01-06 07:39:36.000,0,0,7,0,0,N,4,1,0.5,1,3,0,2.5,0,2,1,100,48
2023-01-06 07:52:31.000,2023-01-06 07:53:59.000,0.36,1,10.08,0,1.68,N,1,1,0.5,1,4.4,0,2.5,0,2,1,170,233
2023-01-06 08:10:36.000,2023-01-06 08:11:42.000,0.3,1,7.7,0,0,N,2,0,0.5,1,3.7,2.5,2.5,0,1,1,68,246
2023-01-06 08:34:03.000,2023-01-06 08:34:57.000,0.2,0,7.7,0,0,N,3,0,0.5,1,3.7,2.5,2.5,0,1,1,107,137
2023-01-06 08:57:19.000,2023-01-06 08:58:31.000,0.31,1,9.7,0,2,N,1,1,0.5,1,3.7,0,2.5,0,2,1,239,142
2023-01-06 08:33:26.000,2023-01-06 08:34:45.000,0.35,1,9.24,0,1.54,N,1,1,0.5,1,3.7,0,2.5,0,2,1,107,170
2023-01-06 08:56:21.000,2023-01-06 08:57:46.000,0.18,1,9.24,0,1.54,N,1,1,0.5,1,3.7,0,2.5,0,2,1,68,246
2023-01-06 08:08:54.000,2023-01-06 08:09:44.000,0.2,1,9.6,0,1.9,N,1,1,0.5,1,3.7,2.5,2.5,0,1,1,236,75
2023-01-06 08:12:40.000,2023-01-06 08:12:44.000,0,0,91.5,0,8,N,1,4,0,1,80,0,2.5,0,2,5,88,87
2023-01-06 08:51:01.000,2023-01-06 08:52:56.000,0.21,1,8.4,0,0,N,4,1,0.5,1,4.4,0,2.5,0,2,1,90,234
2023-01-06 08:16:31.000,2023-01-06 08:17:57.000,0.26,1,8.47,0,0.77,N,1,1,0.5,1,3.7,0,2.5,0,2,1,143,239
2023-01-06 09:00:32.000,2023-01-06 09:01:14.000,0,1,7,0,0,N,3,1,0.5,1,3,0,2.5,0,2,1,162,163
2023-01-06 09:55:23.000,2023-01-06 09:55:29.000,0.05,0,98.4,0,16.4,N,1,3,0,1,81,0,0,0,2,5,216,132
2023-01-06 09:22:00.000,2023-01-06 09:23:56.000,0.2,1,7.7,0,0,N,2,1,0.5,1,3.7,2.5,2.5,0,1,1,263,262
2023-01-06 09:58:11.000,2023-01-06 09:59:19.000,0.31,1,7.7,0,0,N,2,2,0.5,1,3.7,0,2.5,0,2,1,238,151
2023-01-06 09:35:38.000,2023-01-06 09:35:48.000,0,0,101.25,0,20.25,N,1,2,0,1,80,0,0,0,2,5,264,100
2023-01-06 09:14:32.000,2023-01-06 09:15:22.000,0.17,1,9.24,0,1.54,N,1,1,0.5,1,3.7,0,2.5,0,2,1,238,239
2023-01-06 09:10:10.000,2023-01-06 09:10:17.000,0,0,7,0,0,N,2,1,0.5,1,3,0,2.5,0,2,1,233,162
2023-01-06 09:58:12.000,2023-01-06 09:59:16.000,0.29,1,7.7,0,0,N,2,1,0.5,1,3.7,0,2.5,0,2,1,233,162
2023-01-06 09:03:01.000,2023-01-06 09:04:49.000,0.33,1,8.4,0,0,N,2,1,0.5,1,4.4,0,2.5,0,2,1,143,239
2023-01-06 09:56:21.000,2023-01-06 09:57:52.000,0.24,1,7.7,0,0,N,2,1,0.5,1,3.7,0,2.5,0,2,1,249,90
2023-01-06 10:36:28.000,2023-01-06 10:36:49.000,0,0,4.5,0,0,N,1,1,0.5,1,3,0,0,0,2,1,264,193
2023-01-06 10:44:02.000,2023-01-06 10:45:57.000,0.5,1,9.4,0,1,N,1,1,0.5,1,4.4,2.5,2.5,0,1,1,236,237
2023-01-06 10:28:04.000,2023-01-06 10:29:46.000,0.3,1,8.4,0,0,N,2,2,0.5,1,4.4,0,2.5,0,2,1,170,161
2023-01-06 10:11:01.000,2023-01-06 10:11:53.000,0.17,0,8.75,0,1.75,N,1,1,0.5,1,3,0,2.5,0,2,1,237,236
2023-01-06 10:36:34.000,2023-01-06 10:37:11.000,0.23,1,5.2,0,0,N,2,1,0.5,1,3.7,0,0,0,2,1,24,151
2023-01-06 10:16:54.000,2023-01-06 10:17:20.000,0.1,1,8.02,0,0.02,Y,1,0,0.5,1,3,3.5,2.5,0,1,1,90,249
2023-01-06 10:32:12.000,2023-01-06 10:33:56.000,0.3,1,8.4,0,0,N,2,1,0.5,1,4.4,0,2.5,0,2,1,234,113
2023-01-06 10:30:26.000,2023-01-06 10:30:38.000,0.02,0,74,0,0,N,2,2,0.5,1,70,0,2.5,0,2,2,170,233
2023-01-06 10:33:25.000,2023-01-06 10:34:55.000,0.35,1,7.7,0,0,N,1,1,0.5,1,3.7,0,2.5,0,2,1,100,48
2023-01-06 10:02:40.000,2023-01-06 10:02:42.000,0,0,76.2,0,12.7,N,1,1,0.5,1,62,0,0,0,2,5,138,264
2023-01-06 10:55:47.000,2023-01-06 10:55:49.000,0,0,133,0,0,N,1,2,0,1,132,0,0,0,2,5,265,264
2023-01-06 10:20:49.000,2023-01-06 10:20:51.000,0,0,67.8,0,11.3,N,1,1,0.5,1,55,0,0,0,2,5,138,264
2023-01-06 10:19:45.000,2023-01-06 10:20:30.000,0.21,1,9.24,0,1.54,N,1,1,0.5,1,3.7,0,2.5,0,2,1,162,163
2023-01-06 10:46:36.000,2023-01-06 10:46:38.000,0,0,19.8,0,3.3,N,1,2,0.5,1,15,0,0,0,2,5,163,264
2023-01-06 10:38:47.000,2023-01-06 10:38:54.000,0.01,0,7,0,0,N,2,1,0.5,1,3,0,2.5,0,2,1,170,164
2023-01-06 11:25:03.000,2023-01-06 11:26:25.000,0.2,1,7.7,0,0,N,2,1,0.5,1,3.7,2.5,2.5,0,1,1,140,141
2023-01-06 11:42:31.000,2023-01-06 11:43:10.000,0,1,7,0,0,N,3,1,0.5,1,3,2.5,2.5,0,1,1,230,100
2023-01-06 11:07:44.000,2023-01-06 11:08:09.000,0.2,1,9.5,0,0,N,2,2,0.5,1,3,5,0,0,2,1,70,138
2023-01-06 11:52:11.000,2023-01-06 11:53:46.000,0.38,1,8.4,0,0,N,1,1,0.5,1,4.4,0,2.5,0,2,1,230,163
2023-01-06 11:44:05.000,2023-01-06 11:45:52.000,0.2,1,5.9,0,0,N,2,1,0.5,1,4.4,0,0,0,1,1,238,151
2023-01-06 11:30:47.000,2023-01-06 11:31:02.000,0.01,1,7,0,0,N,4,1,0.5,1,3,0,2.5,0,2,1,246,68
2023-01-06 11:14:12.000,2023-01-06 11:15:49.000,0.47,1,10.08,0,1.68,N,1,5,0.5,1,4.4,0,2.5,0,2,1,238,239
2023-01-06 11:59:17.000,2023-01-06 11:59:41.000,0.1,0,4.5,0,0,N,3,1,0.5,1,3,0,0,0,1,1,41,74
2023-01-06 11:51:45.000,2023-01-06 11:51:48.000,0,0,49.8,0,8.3,N,1,5,0.5,1,40,0,0,0,2,5,231,264
2023-01-06 12:29:34.000,2023-01-06 12:29:49.000,0.28,0,74,0,0,N,4,1,0.5,1,70,0,2.5,0,2,2,264,263
2023-01-06 12:34:39.000,2023-01-06 12:35:58.000,0.17,1,7.7,0,0,N,2,1,0.5,1,3.7,0,2.5,0,2,1,79,107
2023-01-06 12:46:03.000,2023-01-06 12:47:32.000,0.43,1,10.08,0,1.68,N,1,1,0.5,1,4.4,0,2.5,0,2,1,48,50
2023-01-06 12:15:42.000,2023-01-06 12:16:36.000,0.21,1,7.7,0,0,N,2,1,0.5,1,3.7,0,2.5,0,2,1,264,236
2023-01-06 12:39:10.000,2023-01-06 12:40:41.000,0.37,1,10.08,0,1.68,N,1,1,0.5,1,4.4,0,2.5,0,2,1,186,90
2023-01-06 12:58:50.000,2023-01-06 12:58:51.000,1.12,0,8,0,0,N,2,1,0.5,1,6.5,0,0,0,2,1,181,264
2023-01-06 12:51:30.000,2023-01-06 12:52:50.000,0.37,1,9.24,0,1.54,N,1,1,0.5,1,3.7,0,2.5,0,2,1,263,141
2023-01-06 12:52:32.000,2023-01-06 12:53:04.000,0.09,1,9.5,0,0,N,3,1,0.5,1,3,5,0,0,2,1,70,138
2023-01-06 12:00:22.000,2023-01-06 12:01:08.000,0.08,1,7,0,0,N,2,1,0.5,1,3,0,2.5,0,2,1,68,186
2023-01-06 12:15:24.000,2023-01-06 12:16:51.000,0.32,1,9.24,0,1.54,N,1,1,0.5,1,3.7,0,2.5,0,2,1,48,230
2023-01-06 12:57:07.000,2023-01-06 12:58:35.000,0.48,1,5.9,0,0,N,2,1,0.5,1,4.4,0,0,0,2,1,74,75
2023-01-06 12:13:28.000,2023-01-06 12:14:21.000,0.07,1,4.5,0,0,N,4,1,0.5,1,3,0,0,0,2,1,41,74
2023-01-06 13:00:59.000,2023-01-06 13:01:02.000,0,1,145.2,0,24.2,N,1,3,0,1,120,0,0,0,2,5,1,264
2023-01-06 13:33:08.000,2023-01-06 13:34:28.000,0.11,1,7.7,0,0,N,2,1,0.5,1,3.7,0,2.5,0,2,1,237,162
2023-01-06 13:48:20.000,2023-01-06 13:49:24.000,0.26,1,10.01,0,2.31,N,1,4,0.5,1,3.7,0,2.5,0,2,1,262,263
2023-01-06 13:00:40.000,2023-01-06 13:01:44.000,0.16,1,10.01,0,2.31,N,1,1,0.5,1,3.7,0,2.5,0,2,1,263,262
2023-01-06 13:04:26.000,2023-01-06 13:05:23.000,0.26,1,9.24,0,1.54,N,1,1,0.5,1,3.7,0,2.5,0,2,1,113,79
2023-01-06 13:45:28.000,2023-01-06 13:45:34.000,0.01,0,7,0,0,N,3,1,0.5,1,3,0,2.5,0,2,1,48,50
2023-01-06 13:43:05.000,2023-01-06 13:44:18.000,0.31,1,7.7,0,0,N,2,1,0.5,1,3.7,0,2.5,0,2,1,164,170
2023-01-06 13:40:36.000,2023-01-06 13:41:54.000,0.32,1,7.7,0,0,N,2,1,0.5,1,3.7,0,2.5,0,2,1,237,263
2023-01-06 13:00:23.000,2023-01-06 13:01:38.000,0.3,1,9.2,0,1.5,N,1,1,0.5,1,3.7,2.5,2.5,0,1,1,262,263
2023-01-06 13:12:39.000,2023-01-06 13:13:43.000,0.32,1,8.86,0,1.16,N,1,1,0.5,1,3.7,0,2.5,0,2,1,162,170
2023-01-06 13:52:00.000,2023-01-06 13:53:57.000,0.5,1,8.4,0,0,N,3,1,0.5,1,4.4,2.5,2.5,0,1,1,170,233
2023-01-06 13:41:31.000,2023-01-06 13:42:46.000,0.42,1,10.08,0,1.68,N,1,1,0.5,1,4.4,0,2.5,0,2,1,164,230
2023-01-06 13:54:08.000,2023-01-06 13:54:12.000,0,0,101.88,0,20.38,N,1,2,0.5,1,80,0,0,0,2,5,132,264
2023-01-06 14:19:45.000,2023-01-06 14:19:53.000,0.04,0,86,0,0,N,2,2,0,1,85,0,0,0,2,5,197,132
2023-01-06 14:24:12.000,2023-01-06 14:24:58.000,0.33,0,7.7,0,0,N,3,2,0.5,1,3.7,0,2.5,0,2,1,48,50
2023-01-06 14:31:03.000,2023-01-06 14:32:51.000,0.3,1,10.08,0,1.68,N,1,1,0.5,1,4.4,0,2.5,0,2,1,90,186
2023-01-06 14:26:17.000,2023-01-06 14:27:28.000,0.42,1,7.38,0,1.48,N,1,1,0.5,1,4.4,0,0,0,2,1,151,24
2023-01-06 14:49:00.000,2023-01-06 14:49:03.000,0,0,71.5,0,0,N,2,1,0.5,1,70,0,0,0,2,2,236,264
2023-01-06 14:23:22.000,2023-01-06 14:24:55.000,0.48,1,10.08,0,1.68,N,1,1,0.5,1,4.4,0,2.5,0,2,1,162,237
2023-01-06 14:24:51.000,2023-01-06 14:24:54.000,0.03,0,112.8,0,18.8,N,1,2,0,1,93,0,0,0,2,5,216,132
2023-01-06 14:58:01.000,2023-01-06 14:59:56.000,0.2,1,8.4,0,0,N,2,1,0.5,1,4.4,0,2.5,0,2,1,238,239
2023-01-06 14:27:22.000,2023-01-06 14:28:45.000,0.39,1,10.08,0,1.68,N,1,1,0.5,1,4.4,0,2.5,0,2,1,113,114
2023-01-06 14:49:44.000,2023-01-06 14:50:28.000,0.14,1,7,0,0,N,4,1,0.5,1,3,0,2.5,0,2,1,162,229
2023-01-06 14:47:20.000,2023-01-06 14:48:47.000,0.41,1,10.5,0,2.1,N,1,1,0.5,1,4.4,0,2.5,0,2,1,90,68
2023-01-06 14:32:23.000,2023-01-06 14:32:33.000,0.08,0,98.4,0,16.4,N,1,2,0,1,81,0,0,0,2,5,132,10
2023-01-06 14:55:05.000,2023-01-06 14:56:41.000,0.2,1,7.7,0,0,N,2,1,0.5,1,3.7,0,2.5,0,2,1,239,143
2023-01-06 14:02:03.000,2023-01-06 14:02:08.000,0.09,0,103.2,0,17.2,N,1,2,0,1,85,0,0,0,2,5,124,216
2023-01-06 14:58:15.000,2023-01-06 14:59:33.000,0.3,1,1.01,0,0,N,4,0,0,1,0.01,0,0,0,1,5,137,170
2023-01-06 14:04:29.000,2023-01-06 14:04:56.000,0.14,0,9.1,0,2.1,N,1,1,0.5,1,3,0,2.5,0,2,1,68,246
2023-01-06 15:10:31.000,2023-01-06 15:11:49.000,0.28,1,7.7,0,0,N,2,1,0.5,1,3.7,0,2.5,0,2,1,186,68
2023-01-06 15:53:31.000,2023-01-06 15:54:57.000,0.3,1,7.7,0,0,N,2,2,0.5,1,3.7,2.5,2.5,0,1,1,140,141
2023-01-06 15:49:08.000,2023-01-06 15:50:54.000,0.1,1,11.45,0,0,N,3,1,0.5,1,3.7,5,0,1.25,2,1,138,70
2023-01-06 15:46:43.000,2023-01-06 15:47:32.000,0.12,1,7.7,0,0,N,2,1,0.5,1,3.7,0,2.5,0,2,1,236,263
2023-01-06 15:37:14.000,2023-01-06 15:38:29.000,0.41,1,9.63,0,1.93,N,1,1,0.5,1,3.7,0,2.5,0,2,1,229,141
2023-01-06 15:39:01.000,2023-01-06 15:39:40.000,0.13,0,7,0,0,N,2,1,0.5,1,3,0,2.5,0,2,1,87,209
2023-01-06 15:01:19.000,2023-01-06 15:01:37.000,0,0,27.96,0,4.66,N,1,1,0,1,19.8,0,2.5,0,2,5,162,237
2023-01-06 15:56:38.000,2023-01-06 15:57:59.000,0.39,1,8.4,0,0,N,2,1,0.5,1,4.4,0,2.5,0,2,1,151,238
2023-01-06 15:11:14.000,2023-01-06 15:12:58.000,0.23,1,8.4,0,0,N,1,1,0.5,1,4.4,0,2.5,0,2,1,79,114
2023-01-06 15:41:36.000,2023-01-06 15:41:40.000,0,0,5.4,0,0.9,N,1,1,0.5,1,3,0,0,0,2,1,68,264
2023-01-06 15:54:21.000,2023-01-06 15:55:33.000,0.27,1,10.01,0,2.31,N,1,1,0.5,1,3.7,0,2.5,0,2,1,161,162
2023-01-06 15:44:12.000,2023-01-06 15:45:38.000,0.2,1,7.7,0,0,N,4,1,0.5,1,3.7,2.5,2.5,0,1,1,236,237
2023-01-06 15:12:01.000,2023-01-06 15:12:04.000,0,0,4.63,0,0.13,N,3,1,0.5,1,3,0,0,0,2,1,193,7
2023-01-06 15:22:09.000,2023-01-06 15:23:42.000,0.39,1,10.4,0,2,N,1,1,0.5,1,4.4,0,2.5,0,2,1,236,263
2023-01-06 16:18:33.000,2023-01-06 16:18:44.000,0,0,9.5,0,0,N,2,1,0.5,1,3,2.5,2.5,0,2,1,68,246
2023-01-06 16:26:36.000,2023-01-06 16:27:52.000,0.28,1,12.24,0,2.04,N,1,1,0.5,1,3.7,2.5,2.5,0,2,1,262,263
2023-01-06 16:03:19.000,2023-01-06 16:03:24.000,0.05,0,87.55,0,0,N,1,4,0,1,86.55,0,0,0,2,5,264,216
2023-01-06 16:46:10.000,2023-01-06 16:47:12.000,0.23,1,12.24,0,2.04,N,1,1,0.5,1,3.7,2.5,2.5,0,2,1,238,239
2023-01-06 16:38:28.000,2023-01-06 16:39:38.000,0.3,1,12.2,0,2,N,1,1,0.5,1,3.7,5,2.5,0,1,1,239,238
2023-01-06 16:49:57.000,2023-01-06 16:50:15.000,0,1,9.5,0,0,N,3,1,0.5,1,3,5,2.5,0,1,1,161,230
2023-01-06 16:19:26.000,2023-01-06 16:20:41.000,0.07,1,10.2,0,0,N,3,1,0.5,1,3.7,2.5,2.5,0,2,1,234,164
2023-01-06 16:32:11.000,2023-01-06 16:33:54.000,0.19,1,10.2,0,0,N,4,1,0.5,1,3.7,2.5,2.5,0,2,1,142,239
2023-01-06 16:44:44.000,2023-01-06 16:44:46.000,0,0,103.8,0,17.3,N,1,1,0.5,1,85,0,0,0,2,5,132,264
2023-01-06 16:39:38.000,2023-01-06 16:40:44.000,0.42,1,11.9,0,1,N,1,1,0.5,1,4.4,2.5,2.5,0,2,1,263,141
2023-01-06 16:38:05.000,2023-01-06 16:39:37.000,0.4,1,10.9,0,0,N,2,2,0.5,1,4.4,2.5,2.5,0,2,1,263,262
2023-01-06 17:51:45.000,2023-01-06 17:51:58.000,0,0,7,0,0,N,4,2,0.5,1,3,2.5,0,0,2,1,264,132
2023-01-06 17:46:55.000,2023-01-06 17:46:59.000,0,0,73.8,0,12.3,N,1,2,0.5,1,60,0,0,0,2,5,265,264
2023-01-06 17:35:04.000,2023-01-06 17:35:37.000,0.03,0,9.5,0,0,N,2,1,0.5,1,3,2.5,2.5,0,2,1,236,263
2023-01-06 17:46:46.000,2023-01-06 17:47:56.000,0.35,1,12.2,0,2,N,1,1,0.5,1,3.7,2.5,2.5,0,2,1,48,143
2023-01-06 17:03:20.000,2023-01-06 17:04:26.000,0,1,9.5,0,0,N,3,1,0.5,1,3,5,2.5,0,1,1,162,161
2023-01-06 17:54:13.000,2023-01-06 17:55:51.000,0.49,1,10.9,0,0,N,2,1,0.5,1,4.4,2.5,2.5,0,2,1,140,262
2023-01-06 17:39:10.000,2023-01-06 17:39:18.000,0,0,76.5,0,0,N,2,3,0.5,1,70,5,0,0,2,2,132,264
2023-01-06 17:28:13.000,2023-01-06 17:29:56.000,0.3,1,13.05,0,2.15,N,1,0,0.5,1,4.4,5,2.5,0,1,1,43,239
2023-01-06 17:54:21.000,2023-01-06 17:55:56.000,0.59,1,13.08,0,2.18,N,1,4,0.5,1,4.4,2.5,2.5,0,2,1,229,233
2023-01-06 17:00:18.000,2023-01-06 17:01:59.000,0.57,1,11.99,0,1.09,N,1,1,0.5,1,4.4,2.5,2.5,0,2,1,163,230
2023-01-06 17:37:46.000,2023-01-06 17:38:03.000,0.01,1,102.66,6.55,17.11,N,1,1,0.5,1,70,5,2.5,0,2,2,48,230
2023-01-06 17:25:24.000,2023-01-06 17:26:28.000,0.29,1,10.2,0,0,N,2,1,0.5,1,3.7,2.5,2.5,0,2,1,238,239
2023-01-06 17:58:02.000,2023-01-06 17:59:27.000,0.5,1,11.9,0,1,N,1,1,0.5,1,4.4,2.5,2.5,0,2,1,263,262
2023-01-06 18:01:01.000,2023-01-06 18:01:03.000,0.04,0,154.8,0,25.8,N,1,1,0,1,128,0,0,0,2,5,1,264
2023-01-06 18:53:14.000,2023-01-06 18:54:19.000,0.4,1,8.4,0,0,N,2,2,0.5,1,4.4,2.5,0,0,1,1,75,74
2023-01-06 18:55:29.000,2023-01-06 18:56:40.000,0,1,11.4,0,1.9,N,1,1,0.5,1,3,2.5,2.5,0,2,1,186,164
2023-01-06 18:25:05.000,2023-01-06 18:26:21.000,0.5,1,76.5,0,0,N,2,1,0.5,1,70,5,0,0,1,2,219,216
2023-01-06 18:30:59.000,2023-01-06 18:31:40.000,0.18,1,7,0,0,N,4,1,0.5,1,3,2.5,0,0,2,1,229,140
2023-01-06 18:29:04.000,2023-01-06 18:30:41.000,0.33,1,13.08,0,2.18,N,1,1,0.5,1,4.4,2.5,2.5,0,2,1,211,231
2023-01-06 18:55:01.000,2023-01-06 18:56:31.000,0.45,1,14.17,0,3.27,N,1,1,0.5,1,4.4,2.5,2.5,0,2,1,141,263
2023-01-06 18:24:13.000,2023-01-06 18:25:44.000,0.16,1,79,0,0,N,3,2,0.5,1,70,5,2.5,0,2,2,186,164
2023-01-06 18:45:18.000,2023-01-06 18:45:32.000,0,0,103.91,6.55,17.11,N,1,1,0.5,1,70,5,2.5,1.25,2,2,231,209
2023-01-06 18:50:15.000,2023-01-06 18:50:28.000,0,0,7,0,0,N,4,1,0.5,1,3,2.5,0,0,1,1,75,43
2023-01-06 18:29:33.000,2023-01-06 18:29:40.000,0.03,0,103.2,0,17.2,N,1,2,0,1,85,0,0,0,2,5,264,93
2023-01-06 18:21:15.000,2023-01-06 18:22:57.000,0.14,1,10.2,0,0,N,2,2,0.5,1,3.7,2.5,2.5,0,2,1,79,68
2023-01-06 18:20:32.000,2023-01-06 18:21:54.000,0.42,1,13.08,0,2.18,N,1,2,0.5,1,4.4,2.5,2.5,0,2,1,262,263
2023-01-06 18:44:52.000,2023-01-06 18:44:53.000,0,0,106.5,0,20,N,1,1,0.5,1,85,0,0,0,2,5,151,264
2023-01-06 18:55:02.000,2023-01-06 18:56:29.000,0.4,1,13.6,0,2.7,N,1,1,0.5,1,4.4,5,2.5,0,1,1,239,238
2023-01-06 18:26:37.000,2023-01-06 18:27:35.000,0.2,1,12.24,0,2.04,N,1,1,0.5,1,3.7,2.5,2.5,0,2,1,237,236
2023-01-06 18:48:21.000,2023-01-06 18:48:24.000,0,0,81,0,10,N,1,2,0,1,70,0,0,0,2,5,132,264
2023-01-06 18:07:19.000,2023-01-06 18:08:10.000,0.08,1,9.5,0,0,N,2,1,0.5,1,3,2.5,2.5,0,2,1,162,229
2023-01-06 18:27:23.000,2023-01-06 18:28:52.000,0.49,1,12.54,0,1.64,N,1,1,0.5,1,4.4,2.5,2.5,0,2,1,263,141
2023-01-06 19:00:37.000,2023-01-06 19:01:59.000,1,1,10.5,0,0,N,2,2,0.5,1,6.5,2.5,0,0,1,1,194,223
2023-01-06 19:04:02.000,2023-01-06 19:05:37.000,0.22,1,12.24,0,2.04,N,1,1,0.5,1,3.7,2.5,2.5,0,2,1,237,236
2023-01-06 19:59:03.000,2023-01-06 20:00:35.000,0.19,1,10.2,0,0,N,1,6,0.5,1,3.7,2.5,2.5,0,2,1,141,236
2023-01-06 19:52:04.000,2023-01-06 19:53:32.000,0.38,1,10.9,0,0,N,2,4,0.5,1,4.4,2.5,2.5,0,2,1,170,164
2023-01-06 19:17:22.000,2023-01-06 19:18:45.000,0.4,1,11.9,0,1,N,1,1,0.5,1,4.4,5,2.5,0,1,1,79,107
2023-01-06 19:42:25.000,2023-01-06 19:43:33.000,0.33,1,12.24,0,2.04,N,1,1,0.5,1,3.7,2.5,2.5,0,2,1,43,237
2023-01-06 19:53:41.000,2023-01-06 19:54:57.000,0.5,1,13.05,0,2.15,N,1,1,0.5,1,4.4,5,2.5,0,1,1,140,141
2023-01-06 19:31:14.000,2023-01-06 19:32:50.000,0.3,1,10.9,0,0,N,2,1,0.5,1,4.4,5,2.5,0,1,1,262,140
2023-01-06 19:15:55.000,2023-01-06 19:16:55.000,0.1,1,9.5,0,0,N,2,2,0.5,1,3,5,2.5,0,1,1,162,161
2023-01-06 19:30:14.000,2023-01-06 19:31:45.000,0.21,1,13.26,0,3.06,N,1,1,0.5,1,3.7,2.5,2.5,0,2,1,239,238
2023-01-06 19:07:17.000,2023-01-06 19:07:23.000,0,0,27.75,0,0,N,2,2,0,1,23,2.5,0,1.25,2,3,132,264
2023-01-06 20:26:07.000,2023-01-06 20:27:20.000,0.08,1,8.7,0,0,N,4,1,0.5,1,3.7,1,2.5,0,2,1,79,107
2023-01-06 20:03:22.000,2023-01-06 20:04:46.000,0.5,1,9.4,0,0,N,1,1,0.5,1,4.4,3.5,2.5,0,1,1,263,75
2023-01-06 20:31:08.000,2023-01-06 20:32:22.000,0.37,1,11.28,0,1.88,N,1,1,0.5,1,4.4,1,2.5,0,2,1,140,141
2023-01-06 20:22:15.000,2023-01-06 20:23:19.000,0.3,1,10.4,0,1.7,N,1,3,0.5,1,3.7,3.5,2.5,0,1,1,237,236
2023-01-06 20:33:33.000,2023-01-06 20:34:26.000,0.2,1,10.85,0,2.15,N,1,1,0.5,1,3.7,3.5,2.5,0,1,1,249,68
2023-01-06 20:53:13.000,2023-01-06 20:54:49.000,0.6,1,13.13,0,3.03,N,1,3,0.5,1,5.1,1,2.5,0,2,1,236,43
2023-01-06 20:37:50.000,2023-01-06 20:38:26.000,0.08,1,67.5,0,0,N,1,1,0,1,64,0,2.5,0,2,5,237,141
2023-01-06 21:05:08.000,2023-01-06 21:06:44.000,0.26,1,10.44,0,1.74,N,1,3,0.5,1,3.7,1,2.5,0,2,1,113,249
2023-01-06 21:59:14.000,2023-01-06 22:00:45.000,0.44,1,11.28,0,1.88,N,1,2,0.5,1,4.4,1,2.5,0,2,1,158,125
2023-01-06 21:29:25.000,2023-01-06 21:30:39.000,0.53,1,10.4,0,1,N,1,5,0.5,1,4.4,1,2.5,0,2,1,170,234
2023-01-06 21:46:37.000,2023-01-06 21:47:50.000,0.38,1,10.44,0,1.74,N,1,1,0.5,1,3.7,1,2.5,0,2,1,140,263
2023-01-06 21:28:11.000,2023-01-06 21:28:31.000,0,0,16,0,8,N,1,1,0.5,1,3,1,2.5,0,2,1,113,148
2023-01-06 21:00:39.000,2023-01-06 21:00:55.000,0.11,0,97.2,0,16.2,N,1,3,0,1,80,0,0,0,2,5,253,92
2023-01-06 21:58:22.000,2023-01-06 21:59:27.000,0.2,1,8.7,0,0,N,2,1,0.5,1,3.7,1,2.5,0,2,1,237,43
2023-01-06 21:47:37.000,2023-01-06 21:48:14.000,0.08,1,8,0,0,N,2,1,0.5,1,3,1,2.5,0,2,1,143,50
2023-01-06 21:55:45.000,2023-01-06 21:56:48.000,0.45,1,11.28,0,1.88,N,1,1,0.5,1,4.4,1,2.5,0,2,1,142,239
2023-01-06 21:42:17.000,2023-01-06 21:43:04.000,0,1,8,0,0,N,3,1,0.5,1,3,3.5,2.5,0,1,1,249,113
2023-01-06 21:47:06.000,2023-01-06 21:48:19.000,0.11,1,8.7,0,0,N,4,1,0.5,1,3.7,1,2.5,0,2,1,186,90
2023-01-06 21:57:39.000,2023-01-06 21:58:49.000,0,1,8.7,0,0,N,2,1,0.5,1,3.7,1,2.5,0,2,1,230,161
2023-01-06 21:38:49.000,2023-01-06 21:39:01.000,0,1,33.1,0,2,N,1,1,0,1,27.6,0,2.5,0,2,5,263,236
2023-01-06 21:49:28.000,2023-01-06 21:50:52.000,0.46,1,9.49,0,0.09,N,1,1,0.5,1,4.4,1,2.5,0,2,1,140,262
2023-01-06 21:09:14.000,2023-01-06 21:09:21.000,0,0,74,0,0,N,2,1,0.5,1,70,0,2.5,0,2,2,229,162
2023-01-06 21:01:05.000,2023-01-06 21:01:17.000,3.16,0,17.95,0,0,N,2,1,0.5,1,14.2,1,0,1.25,2,1,216,10
2023-01-06 22:09:18.000,2023-01-06 22:10:46.000,0.5,1,11.28,0,1.88,N,1,1,0.5,1,4.4,1,2.5,0,2,1,229,140
2023-01-06 22:29:22.000,2023-01-06 22:30:52.000,0.36,1,11.28,0,1.88,N,1,1,0.5,1,4.4,1,2.5,0,2,1,237,162
2023-01-06 22:18:54.000,2023-01-06 22:19:42.000,0.32,1,71.5,0,0,N,2,2,0.5,1,70,0,0,0,2,2,43,24
2023-01-06 22:56:06.000,2023-01-06 22:57:55.000,0.7,1,12.95,0,2.15,N,1,1,0.5,1,5.8,3.5,2.5,0,1,1,141,229
2023-01-06 22:50:06.000,2023-01-06 22:51:17.000,0.55,1,8.4,0,1.5,N,1,1,0.5,1,4.4,1,0,0,2,1,43,238
2023-01-06 22:35:13.000,2023-01-06 22:36:45.000,0.42,1,11.4,0,2,N,1,1,0.5,1,4.4,1,2.5,0,2,1,237,141
2023-01-06 22:55:14.000,2023-01-06 22:56:58.000,0.52,1,9.4,0,0,N,2,1,0.5,1,4.4,1,2.5,0,2,1,170,162
2023-01-06 22:55:01.000,2023-01-06 22:56:31.000,0.47,1,10.75,0,1.35,N,1,1,0.5,1,4.4,1,2.5,0,2,1,237,236
2023-01-06 22:57:51.000,2023-01-06 22:58:06.000,0,1,9,0,0,N,1,4,0,1,8,0,0,0,2,5,43,263
2023-01-06 22:58:06.000,2023-01-06 22:59:04.000,0.01,1,5.5,0,0,N,2,1,0.5,1,3,1,0,0,2,1,25,65
2023-01-06 22:00:05.000,2023-01-06 22:01:33.000,0.1,1,9.66,0,0.96,N,1,1,0.5,1,3.7,3.5,2.5,0,1,1,231,211
2023-01-06 22:54:36.000,2023-01-06 22:54:40.000,0.01,0,74,0,0,N,2,2,0.5,1,70,0,2.5,0,2,2,161,230
2023-01-06 22:07:22.000,2023-01-06 22:08:54.000,0.6,1,12.62,0,2.52,N,1,1,0.5,1,5.1,1,2.5,0,2,1,141,237
2023-01-06 23:48:10.000,2023-01-06 23:49:51.000,0.2,1,8.7,0,0,N,1,0,0.5,1,3.7,3.5,2.5,0,1,1,140,264
2023-01-06 23:58:00.000,2023-01-06 23:59:52.000,0.48,1,11.28,0,1.88,N,1,1,0.5,1,4.4,1,2.5,0,2,1,230,186
2023-01-06 23:44:20.000,2023-01-06 23:44:49.000,6.8,0,51.25,0,10.25,N,1,1,0,1,40,0,0,0,1,5,102,198
2023-01-06 23:05:04.000,2023-01-06 23:06:04.000,0.31,1,8.7,0,0,N,2,3,0.5,1,3.7,1,2.5,0,2,1,234,90
2023-01-06 23:32:30.000,2023-01-06 23:33:34.000,0.29,1,10.44,0,1.74,N,1,2,0.5,1,3.7,1,2.5,0,2,1,237,163
2023-01-06 23:46:39.000,2023-01-06 23:46:46.000,0,0,74,0,0,N,4,2,0.5,1,70,0,2.5,0,2,2,230,48
2023-01-06 23:10:28.000,2023-01-06 23:11:08.000,0,1,8,0,0,N,2,1,0.5,1,3,1,2.5,0,2,1,161,163
2023-01-06 23:42:42.000,2023-01-06 23:43:56.000,0.34,1,8.7,0,0,N,2,1,0.5,1,3.7,1,2.5,0,2,1,237,140
2023-01-06 23:37:03.000,2023-01-06 23:37:59.000,0,0,7,0,0,N,2,1,0.5,1,3,2.5,2.5,0,1,1,237,236
2023-01-06 23:02:36.000,2023-01-06 23:03:43.000,0,1,8.7,0,0,N,2,1,0.5,1,3.7,3.5,2.5,0,1,1,148,79
2023-01-06 23:33:56.000,2023-01-06 23:34:00.000,0.02,1,74,0,0,N,2,1,0.5,1,70,0,2.5,0,2,2,170,162
2023-01-06 23:45:06.000,2023-01-06 23:46:43.000,0.41,1,11.28,0,1.88,N,1,1,0.5,1,4.4,1,2.5,0,2,1,141,229
2023-01-07 00:34:33.000,2023-01-07 00:35:39.000,0.34,1,10.7,0,2,N,1,2,0.5,1,3.7,1,2.5,0,2,1,141,229
2023-01-07 00:50:08.000,2023-01-07 00:51:56.000,0.58,1,12.12,0,2.02,N,1,1,0.5,1,5.1,1,2.5,0,2,1,164,230
2023-01-07 01:00:02.000,2023-01-07 01:00:04.000,5.3,0,35.64,0,5.94,N,1,1,0.5,1,24.7,3.5,0,0,2,1,145,264
2023-01-07 00:35:03.000,2023-01-07 00:35:08.000,0,0,20.5,0,15,N,1,1,0.5,1,3,1,0,0,2,1,264,92
2023-01-07 00:12:00.000,2023-01-07 00:13:55.000,0.5,1,13.1,0,3,N,1,1,0.5,1,5.1,3.5,2.5,0,1,1,142,143
2023-01-07 00:42:57.000,2023-01-07 00:43:54.000,0.2,1,8.7,0,0,N,2,1,0.5,1,3.7,1,2.5,0,2,1,113,249
2023-01-07 00:44:27.000,2023-01-07 00:45:09.000,0.25,1,10.44,0,1.74,N,1,1,0.5,1,3.7,1,2.5,0,2,1,239,142
2023-01-07 00:53:17.000,2023-01-07 00:54:58.000,0.6,1,12.62,0,2.52,N,1,1,0.5,1,5.1,1,2.5,0,2,1,163,161
2023-01-07 00:03:02.000,2023-01-07 00:04:36.000,0.2,1,10.4,0,1.7,N,1,1,0.5,1,3.7,3.5,2.5,0,1,1,114,144
2023-01-07 00:15:05.000,2023-01-07 00:16:40.000,0.55,1,10.4,0,1,N,1,1,0.5,1,4.4,1,2.5,0,2,1,107,170
2023-01-07 00:04:42.000,2023-01-07 00:04:45.000,0,0,66.55,0,8.5,N,1,1,0,1,57.05,0,0,0,2,5,61,264
2023-01-07 00:45:44.000,2023-01-07 00:46:24.000,0,1,9.25,0,0,N,2,1,0.5,1,3,1,2.5,1.25,2,1,264,132
2023-01-07 01:21:18.000,2023-01-07 01:22:23.000,0.34,1,8.7,0,0,N,1,1,0.5,1,3.7,1,2.5,0,2,1,170,137
2023-01-07 01:50:02.000,2023-01-07 01:51:33.000,0.2,1,8.7,0,0,N,2,1,0.5,1,3.7,3.5,2.5,0,1,1,114,144
2023-01-07 01:22:07.000,2023-01-07 01:23:22.000,0.5,1,11.75,0,2.35,N,1,2,0.5,1,4.4,3.5,2.5,0,1,1,100,230
2023-01-07 01:22:12.000,2023-01-07 01:23:46.000,0.6,1,12.12,0,2.02,N,1,3,0.5,1,5.1,1,2.5,0,2,1,79,107
2023-01-07 01:30:55.000,2023-01-07 01:31:27.000,0.18,1,63.5,0,0,N,1,3,0,1,60,0,2.5,0,2,5,114,265
2023-01-07 01:25:27.000,2023-01-07 01:26:37.000,0.27,1,8.7,0,0,N,2,1,0.5,1,3.7,1,2.5,0,2,1,261,231
2023-01-07 01:54:53.000,2023-01-07 01:55:58.000,0.21,1,10.44,0,1.74,N,1,1,0.5,1,3.7,1,2.5,0,2,1,249,158
2023-01-07 01:18:33.000,2023-01-07 01:19:24.000,0.42,1,9.4,0,0,N,2,1,0.5,1,4.4,1,2.5,0,2,1,107,137
2023-01-07 01:16:00.000,2023-01-07 01:16:40.000,0.1,0,77.75,0,0,N,3,1,0.5,1,70,6.25,0,1.25,1,2,138,70
2023-01-07 01:45:00.000,2023-01-07 01:46:59.000,0.5,1,9.4,0,0,N,2,1,0.5,1,4.4,3.5,2.5,0,1,1,230,48
2023-01-07 01:26:25.000,2023-01-07 01:27:56.000,0.4,1,9.4,0,0,N,2,1,0.5,1,4.4,3.5,2.5,0,1,1,263,141
2023-01-14 18:35:08.000,2023-01-14 18:36:57.000,0.7,1,10.1,0,1,Y,1,0,0.5,1,5.1,2.5,2.5,0,1,1,237,236
2023-01-14 18:20:58.000,2023-01-14 18:21:20.000,0.07,1,7,0,0,N,3,1,0.5,1,3,0,2.5,0,2,1,114,144
2023-01-14 18:38:41.000,2023-01-14 18:39:24.000,0.1,1,8.4,0,1.4,N,1,2,0.5,1,3,2.5,2.5,0,1,1,43,142
2023-01-14 18:31:18.000,2023-01-14 18:32:49.000,0.52,1,10.08,0,1.68,N,1,5,0.5,1,4.4,0,2.5,0,2,1,68,90
2023-01-14 18:18:13.000,2023-01-14 18:18:15.000,0.02,0,91,0,9,N,1,2,0,1,81,0,0,0,2,5,125,264
2023-01-14 18:04:37.000,2023-01-14 18:04:59.000,0.05,0,8.5,0,1.5,N,1,1,0.5,1,3,0,2.5,0,2,1,238,239
2023-01-14 18:30:04.000,2023-01-14 18:31:51.000,0.23,1,9,0,1.3,N,1,2,0.5,1,3.7,0,2.5,0,2,1,162,161
2023-01-14 18:34:57.000,2023-01-14 18:35:01.000,0,1,180.6,0,30.1,N,1,3,0,1,149.5,0,0,0,2,5,265,191
2023-01-14 18:10:12.000,2023-01-14 18:11:52.000,0.44,1,9.4,0,1,N,1,1,0.5,1,4.4,0,2.5,0,2,1,48,68
2023-01-14 18:09:16.000,2023-01-14 18:09:23.000,0,0,7,0,0,N,2,1,0.5,1,3,0,2.5,0,2,1,163,43
2023-01-14 18:21:06.000,2023-01-14 18:22:56.000,0.38,1,10.5,0,2.1,N,1,1,0.5,1,4.4,0,2.5,0,2,1,239,238
2023-01-14 18:09:39.000,2023-01-14 18:09:41.000,0,0,109.8,0,18.3,N,1,1,0.5,1,90,0,0,0,2,5,48,264
2023-01-14 19:28:38.000,2023-01-14 19:28:53.000,0,0,4.5,0,0,N,4,1,0.5,1,3,0,0,0,2,1,145,226
2023-01-14 19:45:03.000,2023-01-14 19:46:30.000,0.45,1,10.08,0,1.68,N,1,1,0.5,1,4.4,0,2.5,0,2,1,75,236
2023-01-14 19:44:10.000,2023-01-14 19:44:13.000,0.01,0,71.5,0,0,N,2,1,0.5,1,70,0,0,0,2,2,79,264
2023-01-14 19:35:31.000,2023-01-14 19:36:44.000,0.49,1,9,0,0.6,N,1,1,0.5,1,4.4,0,2.5,0,2,1,237,141
2023-01-14 19:55:54.000,2023-01-14 19:56:58.000,0.1,1,9.2,0,1.5,N,1,1,0.5,1,3.7,2.5,2.5,0,1,1,162,237
2023-01-14 19:56:10.000,2023-01-14 19:57:41.000,0.44,1,10.5,0,2.1,N,1,5,0.5,1,4.4,0,2.5,0,2,1,238,239
2023-01-14 19:32:08.000,2023-01-14 19:32:44.000,0.1,0,7,0,0,N,2,2,0.5,1,3,0,2.5,0,2,1,230,161
2023-01-14 19:39:25.000,2023-01-14 19:39:33.000,0,0,26,0,1,N,1,1,0,1,24,0,0,0,2,5,264,100
2023-01-14 19:43:41.000,2023-01-14 19:43:57.000,0.03,0,28.2,0,4.7,N,1,4,0,1,20,0,2.5,0,2,5,264,48
2023-01-14 19:57:49.000,2023-01-14 19:58:05.000,0.04,1,7,0,0,N,3,4,0.5,1,3,0,2.5,0,2,1,264,68
2023-01-14 19:16:47.000,2023-01-14 19:16:54.000,0,0,63,51,5,N,1,1,0.5,1,3,2.5,2.5,0,1,1,48,142
2023-01-14 19:36:41.000,2023-01-14 19:37:06.000,0.02,1,7,0,0,N,2,1,0.5,1,3,0,2.5,0,2,1,234,141
2023-01-14 19:31:30.000,2023-01-14 19:32:57.000,0.28,1,9.63,0,1.93,N,1,1,0.5,1,3.7,0,2.5,0,2,1,229,141
2023-01-14 19:10:09.000,2023-01-14 19:11:05.000,0.15,1,10.01,0,2.31,N,1,1,0.5,1,3.7,0,2.5,0,2,1,162,170
2023-01-14 20:09:00.000,2023-01-14 20:10:55.000,0.67,1,12.12,0,2.02,N,1,1,0.5,1,5.1,1,2.5,0,2,1,229,141
2023-01-14 20:58:15.000,2023-01-14 20:59:28.000,0.4,1,9.4,0,0,N,2,1,0.5,1,4.4,3.5,2.5,0,1,1,262,75
2023-01-14 20:00:10.000,2023-01-14 20:01:28.000,0.2,1,11.03,0,3.33,Y,1,0,0.5,1,3.7,2.5,2.5,0,1,1,236,263
2023-01-14 20:44:09.000,2023-01-14 20:45:56.000,0.5,1,10.1,0,0,N,2,1,0.5,1,5.1,3.5,2.5,0,1,1,151,238
2023-01-14 20:43:36.000,2023-01-14 20:44:16.000,0,1,9,0,1,N,1,2,0.5,1,3,3.5,2.5,0,1,1,239,142
2023-01-14 20:04:58.000,2023-01-14 20:05:47.000,0.01,1,8,0,0,N,4,1,0.5,1,3,1,2.5,0,2,1,48,100
2023-01-14 20:18:17.000,2023-01-14 20:19:22.000,0.33,1,10.44,0,1.74,N,1,1,0.5,1,3.7,1,2.5,0,2,1,237,141
2023-01-14 20:46:05.000,2023-01-14 20:47:51.000,0.27,1,11.28,0,1.88,N,1,1,0.5,1,4.4,1,2.5,0,2,1,263,236
2023-01-14 20:19:29.000,2023-01-14 20:19:53.000,0,0,10.5,0,0,N,3,1,0.5,1,3,6,0,0,1,1,70,138
2023-01-14 20:51:15.000,2023-01-14 20:52:51.000,0.2,1,11.31,0,2.61,N,1,1,0.5,1,3.7,1,2.5,0,2,1,163,237
2023-01-14 20:38:05.000,2023-01-14 20:38:34.000,0.26,0,91.5,0,5,N,1,1,0,1,85.5,0,0,0,2,5,264,170
2023-01-14 20:08:21.000,2023-01-14 20:09:56.000,0.3,1,10.5,0,2.1,N,1,2,0.5,1,4.4,2.5,2.5,0,1,1,43,236
2023-01-14 20:17:12.000,2023-01-14 20:18:51.000,0.22,1,8.7,0,0,N,4,1,0.5,1,3.7,1,2.5,0,2,1,114,113
2023-01-14 20:33:26.000,2023-01-14 20:33:30.000,0,0,66,0,10,N,1,1,0,1,55,0,0,0,2,5,49,264
2023-01-14 20:12:19.000,2023-01-14 20:12:48.000,0.11,0,8,0,0,N,2,2,0.5,1,3,1,2.5,0,2,1,142,143
2023-01-14 21:45:15.000,2023-01-14 21:45:23.000,0.01,0,74,0,0,N,4,1,0.5,1,70,0,2.5,0,2,2,90,234
2023-01-14 21:36:12.000,2023-01-14 21:36:43.000,0.07,0,8,0,0,N,1,1,0.5,1,3,1,2.5,0,2,1,68,90
2023-01-14 21:40:31.000,2023-01-14 21:41:49.000,0.42,1,11.28,0,1.88,N,1,1,0.5,1,4.4,1,2.5,0,2,1,263,141
2023-01-14 21:49:41.000,2023-01-14 21:50:41.000,0.33,1,6.2,0,0,N,2,1,0.5,1,3.7,1,0,0,2,1,24,166
2023-01-14 21:55:11.000,2023-01-14 21:56:43.000,0.51,1,9.4,0,0,N,2,1,0.5,1,4.4,1,2.5,0,2,1,239,238
2023-01-14 21:54:18.000,2023-01-14 21:55:44.000,0.47,1,10.4,0,1,N,1,1,0.5,1,4.4,1,2.5,0,2,1,141,262
2023-01-14 21:32:30.000,2023-01-14 21:32:38.000,0,0,14.38,0,2.88,N,1,1,0,1,8,0,2.5,0,2,5,100,164
2023-01-14 21:46:00.000,2023-01-14 21:47:13.000,0.41,1,9.9,0,0.5,N,1,1,0.5,1,4.4,1,2.5,0,2,1,229,140
2023-01-14 21:58:22.000,2023-01-14 21:59:26.000,0.15,1,8.7,0,0,N,2,1,0.5,1,3.7,1,2.5,0,2,1,148,79
2023-01-14 21:03:04.000,2023-01-14 21:04:45.000,0.56,1,9.4,0,0,N,1,1,0.5,1,4.4,1,2.5,0,2,1,107,137
2023-01-14 21:38:52.000,2023-01-14 21:38:55.000,0,0,115.8,0,19.3,N,1,2,0.5,1,95,0,0,0,2,5,113,264
2023-01-14 21:45:02.000,2023-01-14 21:46:54.000,0.4,1,11.28,0,1.88,N,1,1,0.5,1,4.4,1,2.5,0,2,1,100,170
2023-01-14 21:35:52.000,2023-01-14 21:35:57.000,0,0,108.12,0,21.62,N,1,1,0.5,0,86,0,0,0,2,5,100,264
2023-01-14 22:47:09.000,2023-01-14 22:48:55.000,0.43,1,11.28,0,1.88,N,1,1,0.5,1,4.4,1,2.5,0,2,1,50,246
2023-01-14 22:39:05.000,2023-01-14 22:40:14.000,0.48,1,11.28,0,1.88,N,1,1,0.5,1,4.4,1,2.5,0,2,1,239,238
2023-01-14 22:49:22.000,2023-01-14 22:50:53.000,0.54,1,11.28,0,1.88,N,1,1,0.5,1,4.4,1,2.5,0,2,1,237,263
2023-01-14 22:48:28.000,2023-01-14 22:49:57.000,0.58,1,12.62,0,2.52,N,1,1,0.5,1,5.1,1,2.5,0,2,1,140,262
2023-01-14 22:41:13.000,2023-01-14 22:42:55.000,0.37,1,9.4,0,0,N,2,1,0.5,1,4.4,1,2.5,0,2,1,142,230
2023-01-14 22:56:43.000,2023-01-14 22:57:24.000,0,1,8,0,0,N,3,3,0.5,1,3,3.5,2.5,0,1,1,237,163
2023-01-14 22:57:00.000,2023-01-14 22:58:56.000,0.47,1,9.4,0,0,N,2,1,0.5,1,4.4,1,2.5,0,2,1,236,141
2023-01-14 22:41:16.000,2023-01-14 22:41:22.000,0,0,203.5,0,0,N,1,1,0,1,200,0,2.5,0,2,5,186,68
2023-01-14 22:44:00.000,2023-01-14 22:45:38.000,0.39,1,11.28,0,1.88,N,1,1,0.5,1,4.4,1,2.5,0,2,1,249,90
2023-01-14 22:41:30.000,2023-01-14 22:41:35.000,0,0,102.6,0,17.1,N,1,1,0,1,82,0,2.5,0,2,5,162,170
2023-01-14 22:53:04.000,2023-01-14 22:53:13.000,0,0,13.5,0,0,N,1,1,0,1,10,0,2.5,0,2,5,90,249
2023-01-14 22:44:03.000,2023-01-14 22:45:25.000,0.38,1,8.7,0,0,N,2,1,0.5,1,3.7,1,2.5,0,2,1,249,90
2023-01-14 22:10:11.000,2023-01-14 22:10:14.000,0,0,37.8,0,6.3,N,1,1,0.5,1,30,0,0,0,2,5,158,264
2023-01-14 22:47:14.000,2023-01-14 22:48:59.000,0.5,1,9.4,0,0,N,1,2,0.5,1,4.4,3.5,2.5,0,1,1,141,140
2023-01-14 22:11:41.000,2023-01-14 22:12:49.000,0.3,1,10.4,0,1.7,N,1,3,0.5,1,3.7,3.5,2.5,0,1,1,249,125
2023-01-14 22:10:46.000,2023-01-14 22:10:55.000,0.03,0,74,0,0,N,2,1,0.5,1,70,0,2.5,0,2,2,161,170
2023-01-14 22:18:21.000,2023-01-14 22:19:33.000,0.04,1,8.7,0,0,N,2,1,0.5,1,3.7,1,2.5,0,2,1,50,48
2023-01-14 22:50:23.000,2023-01-14 22:50:29.000,0,0,74,0,0,N,3,2,0.5,1,70,0,2.5,0,2,2,163,230
2023-01-14 22:30:16.000,2023-01-14 22:31:17.000,0.13,1,10.44,0,1.74,N,1,1,0.5,1,3.7,1,2.5,0,2,1,87,88
2023-01-14 22:48:12.000,2023-01-14 22:48:15.000,0,0,36.5,0,0,N,1,1,0.5,1,35,0,0,0,2,5,37,264
2023-01-14 22:06:33.000,2023-01-14 22:07:58.000,0.38,1,10.44,0,1.74,N,1,1,0.5,1,3.7,1,2.5,0,2,1,140,262
2023-01-14 23:36:06.000,2023-01-14 23:37:56.000,0.6,1,13.1,0,3,N,1,1,0.5,1,5.1,3.5,2.5,0,1,1,142,48
2023-01-14 23:32:58.000,2023-01-14 23:33:43.000,0.05,1,8,0,0,N,2,1,0.5,1,3,1,2.5,0,2,1,48,230
2023-01-14 23:45:08.000,2023-01-14 23:46:47.000,0.67,1,12.12,0,2.02,N,1,1,0.5,1,5.1,1,2.5,0,2,1,263,141
2023-01-14 23:49:06.000,2023-01-14 23:50:53.000,0.65,1,11.1,0,1,N,1,2,0.5,1,5.1,1,2.5,0,2,1,229,140
2023-01-14 23:39:28.000,2023-01-14 23:39:45.000,0,0,20,0,12,N,1,1,0.5,1,3,1,2.5,0,2,1,264,230
2023-01-14 23:41:24.000,2023-01-14 23:42:38.000,0.2,1,10.44,0,1.74,N,1,3,0.5,1,3.7,1,2.5,0,2,1,87,209
2023-01-14 23:07:01.000,2023-01-14 23:08:49.000,0.63,1,7.6,0,0,N,2,1,0.5,1,5.1,1,0,0,2,1,74,75
2023-01-14 23:25:27.000,2023-01-14 23:26:34.000,0.3,1,10.44,0,1.74,N,1,1,0.5,1,3.7,1,2.5,0,2,1,263,141
2023-01-14 23:05:00.000,2023-01-14 23:06:08.000,0.4,1,10.5,0,1.1,N,1,1,0.5,1,4.4,3.5,2.5,0,1,1,142,264
2023-01-14 23:22:10.000,2023-01-14 23:23:51.000,0.5,1,9.4,0,0,N,1,1,0.5,1,4.4,3.5,2.5,0,1,1,90,234
2023-01-14 23:05:41.000,2023-01-14 23:06:57.000,0.38,1,10.4,0,1,N,1,1,0.5,1,4.4,1,2.5,0,2,1,237,141
2023-01-14 23:03:35.000,2023-01-14 23:04:38.000,0.3,1,11.3,0,2.6,N,1,0,0.5,1,3.7,3.5,2.5,0,1,1,142,239
2023-01-14 23:00:19.000,2023-01-14 23:01:09.000,0.05,1,25,0,0,N,2,1,0,1,23,1,0,0,2,3,48,163
2023-01-14 23:29:11.000,2023-01-14 23:30:52.000,0.18,1,9.7,0,1,N,1,2,0.5,1,3.7,1,2.5,0,2,1,230,163
2023-01-14 23:39:49.000,2023-01-14 23:39:53.000,0,0,5.5,0,0,N,2,1,0.5,1,3,1,0,0,2,1,142,264
2023-01-15 00:37:05.000,2023-01-15 00:38:38.000,0.3,1,11.25,0,1.85,N,1,2,0.5,1,4.4,3.5,2.5,0,1,1,114,79
2023-01-15 00:50:12.000,2023-01-15 00:50:34.000,0,0,83.5,0,0,N,1,1,0,1,80,0,2.5,0,2,5,261,209
2023-01-15 00:48:10.000,2023-01-15 00:49:11.000,0,1,8,0,0,N,4,2,0.5,1,3,3.5,2.5,0,1,1,79,114
2023-01-15 00:23:03.000,2023-01-15 00:24:59.000,0.5,1,11.28,0,1.88,N,1,2,0.5,1,4.4,1,2.5,0,2,1,263,141
2023-01-15 00:23:50.000,2023-01-15 00:24:55.000,0.43,1,11.28,0,1.88,N,1,1,0.5,1,4.4,1,2.5,0,2,1,107,170
2023-01-15 00:37:02.000,2023-01-15 00:37:08.000,0.01,0,100,0,11.5,N,1,4,0,1,85,0,2.5,0,2,5,68,158
2023-01-15 00:30:13.000,2023-01-15 00:31:47.000,0.31,1,10.88,0,2.18,N,1,6,0.5,1,3.7,1,2.5,0,2,1,144,211
2023-01-15 00:58:37.000,2023-01-15 00:59:36.000,0.29,1,8.7,0,0,N,4,1,0.5,1,3.7,1,2.5,0,2,1,148,79
2023-01-15 00:31:09.000,2023-01-15 00:32:21.000,0.37,1,8.7,0,0,N,1,1,0.5,1,3.7,1,2.5,0,2,1,125,158
2023-01-15 00:21:20.000,2023-01-15 00:21:38.000,1.4,0,19,0,4,N,1,1,0,1,14,0,0,0,1,5,90,186
2023-01-15 00:40:42.000,2023-01-15 00:40:55.000,0,0,34.2,0,5.7,N,1,1,0,1,25,0,2.5,0,2,5,162,229
2023-01-07 01:54:11.000,2023-01-07 01:55:47.000,0.57,1,11.75,0,2.35,N,1,1,0.5,1,4.4,1,2.5,0,2,1,229,233
2023-01-07 02:38:09.000,2023-01-07 02:39:38.000,0.6,1,12.1,0,2,N,1,1,0.5,1,5.1,3.5,2.5,0,1,1,90,100
2023-01-07 02:03:39.000,2023-01-07 02:04:50.000,0.03,1,8.7,0,0,N,4,5,0.5,1,3.7,1,2.5,0,2,1,79,148
2023-01-07 02:50:44.000,2023-01-07 02:51:59.000,0.11,1,6.2,0,0,N,2,1,0.5,1,3.7,1,0,0,2,1,146,7
2023-01-07 02:39:28.000,2023-01-07 02:39:32.000,0,0,25.5,0,2,N,1,1,0,1,20,0,2.5,0,2,5,170,137
2023-01-07 02:31:25.000,2023-01-07 02:32:53.000,0.44,1,10.4,0,1,N,1,1,0.5,1,4.4,1,2.5,0,2,1,144,113
2023-01-07 02:56:09.000,2023-01-07 02:57:55.000,0.45,1,11.28,0,1.88,N,1,1,0.5,1,4.4,1,2.5,0,2,1,48,100
2023-01-07 02:11:15.000,2023-01-07 02:11:48.000,0.11,0,10,0,2,N,1,1,0.5,1,3,1,2.5,0,2,1,68,158
2023-01-07 02:05:09.000,2023-01-07 02:05:20.000,0,0,23.12,0,4.62,N,1,2,0,1,15,0,2.5,0,2,5,90,68
2023-01-07 03:41:14.000,2023-01-07 03:42:56.000,0.46,1,12.22,0,2.82,N,1,2,0.5,1,4.4,1,2.5,0,2,1,246,68
2023-01-07 03:34:14.000,2023-01-07 03:35:47.000,0.28,1,10.4,0,1,N,1,1,0.5,1,4.4,1,2.5,0,2,1,237,236
2023-01-07 03:35:15.000,2023-01-07 03:35:21.000,0,0,10,0,0,N,4,4,0,1,9,0,0,0,2,5,160,157
2023-01-07 03:21:03.000,2023-01-07 03:22:42.000,0.74,1,10.1,0,0,N,4,1,0.5,1,5.1,1,2.5,0,2,1,107,137
2023-01-07 03:48:44.000,2023-01-07 03:48:56.000,0,0,27.5,0,1,N,1,3,0,1,23,0,2.5,0,2,5,148,79
2023-01-07 03:58:17.000,2023-01-07 03:59:30.000,0.5,1,11.25,0,1.85,N,1,1,0.5,1,4.4,3.5,2.5,0,1,1,229,233
2023-01-07 03:20:07.000,2023-01-07 03:21:45.000,0.32,1,9.4,0,0,N,2,1,0.5,1,4.4,1,2.5,0,2,1,79,148
2023-01-07 03:27:41.000,2023-01-07 03:28:56.000,0.42,1,9.4,0,0,N,2,1,0.5,1,4.4,1,2.5,0,2,1,263,141
2023-01-07 03:46:51.000,2023-01-07 03:47:01.000,0,1,27.5,0,0,N,1,1,0,1,24,0,2.5,0,2,5,264,246
2023-01-07 03:02:48.000,2023-01-07 03:02:52.000,0.01,0,8,0,0,N,2,1,0.5,1,3,1,2.5,0,2,1,90,249
2023-01-07 03:12:26.000,2023-01-07 03:12:42.000,0,0,103.5,0,0,N,1,1,0,1,100,0,2.5,0,2,5,230,161
2023-01-07 03:03:11.000,2023-01-07 03:04:36.000,0.36,1,9.7,0,1,N,1,1,0.5,1,3.7,1,2.5,0,2,1,107,170
2023-01-07 03:40:18.000,2023-01-07 03:40:32.000,0,0,48,0,40,N,1,1,0.5,1,3,1,2.5,0,2,1,233,170
2023-01-07 03:22:58.000,2023-01-07 03:23:56.000,0.3,1,9.7,0,1,N,1,1,0.5,1,3.7,3.5,2.5,0,1,1,233,170
2023-01-07 03:15:51.000,2023-01-07 03:16:02.000,0,1,8,0,0,N,3,0,0.5,1,3,3.5,2.5,0,1,1,170,162
2023-01-07 04:00:23.000,2023-01-07 04:00:25.000,0,0,31.8,0,5.3,N,1,1,0.5,1,25,0,0,0,2,5,249,264
2023-01-07 04:29:09.000,2023-01-07 04:30:34.000,0.62,1,12.12,0,2.02,N,1,1,0.5,1,5.1,1,2.5,0,2,1,170,107
2023-01-07 04:29:56.000,2023-01-07 04:29:59.000,0,0,54,0,9,N,1,1,0,1,44,0,0,0,2,5,189,264
2023-01-07 04:04:14.000,2023-01-07 04:05:04.000,0.15,1,8,0,0,N,4,1,0.5,1,3,1,2.5,0,2,1,125,211
2023-01-07 05:20:04.000,2023-01-07 05:20:13.000,0,0,16.05,0,0,N,1,3,0,1,12.55,0,2.5,0,2,5,48,163
2023-01-07 05:36:00.000,2023-01-07 05:37:15.000,0.48,1,9.4,0,0,N,2,1,0.5,1,4.4,1,2.5,0,2,1,48,163
2023-01-07 05:57:12.000,2023-01-07 05:57:40.000,0,0,8,0,0,N,3,1,0.5,1,3,3.5,2.5,0,1,1,140,141
2023-01-07 05:02:06.000,2023-01-07 05:02:07.000,0,0,17.5,0,3.5,N,1,1,0.5,1,12.5,0,0,0,2,5,91,264
2023-01-07 05:31:13.000,2023-01-07 05:31:21.000,0.03,0,40.5,0,0,N,1,4,0,1,37,0,2.5,0,2,5,164,170
2023-01-07 05:54:44.000,2023-01-07 05:55:40.000,0.41,1,9.4,0,0,N,1,3,0.5,1,4.4,1,2.5,0,2,1,90,186
2023-01-07 05:23:04.000,2023-01-07 05:23:06.000,0,0,17,0,0,N,2,1,0,1,16,0,0,0,2,5,88,264
2023-01-07 05:10:23.000,2023-01-07 05:10:26.000,0,0,46.8,0,10.8,N,1,1,0,1,35,0,0,0,2,5,152,264
2023-01-07 05:32:12.000,2023-01-07 05:33:11.000,0.4,1,9.4,0,0,N,1,1,0.5,1,4.4,1,2.5,0,2,1,142,239
2023-01-07 06:31:29.000,2023-01-07 06:32:22.000,0.38,1,7.7,0,0,N,2,1,0.5,1,3.7,0,2.5,0,2,1,162,237
2023-01-07 06:55:02.000,2023-01-07 06:56:47.000,0.67,1,10.92,0,1.82,N,1,1,0.5,1,5.1,0,2.5,0,2,1,237,236
2023-01-07 06:41:10.000,2023-01-07 06:42:04.000,0.35,1,7.7,0,0,N,2,1,0.5,1,3.7,0,2.5,0,2,1,229,141
2023-01-07 06:04:06.000,2023-01-07 06:04:43.000,0.5,0,79.2,0,13.2,N,1,1,0,1,65,0,0,0,1,5,223,129
2023-01-07 06:50:06.000,2023-01-07 06:51:40.000,0.57,1,8.4,0,0,N,1,1,0.5,1,4.4,0,2.5,0,2,1,68,50
2023-01-07 07:29:10.000,2023-01-07 07:30:29.000,0.49,1,5.9,0,0,N,3,2,0.5,1,4.4,0,0,0,2,1,75,74
2023-01-07 07:04:19.000,2023-01-07 07:05:17.000,0.51,1,8.4,0,0,N,2,1,0.5,1,4.4,0,2.5,0,2,1,68,48
2023-01-07 07:33:22.000,2023-01-07 07:34:49.000,0.5,1,5.9,0,0,N,2,2,0.5,1,4.4,0,0,0,1,1,238,151
2023-01-07 07:36:56.000,2023-01-07 07:36:59.000,0,0,4.5,0,0,N,2,1,0.5,1,3,0,0,0,2,1,150,123
2023-01-07 07:03:18.000,2023-01-07 07:04:28.000,0.36,1,9,0,1.3,N,1,1,0.5,1,3.7,0,2.5,0,2,1,140,141
2023-01-07 07:44:01.000,2023-01-07 07:45:20.000,0.5,1,9.24,0,0.84,N,1,4,0.5,1,4.4,2.5,2.5,0,1,1,236,75
2023-01-07 07:26:02.000,2023-01-07 07:27:36.000,0.68,1,6.6,0,0,N,3,1,0.5,1,5.1,0,0,0,2,1,145,140
2023-01-07 07:11:34.000,2023-01-07 07:11:43.000,0,0,96.66,6.55,16.11,N,1,1,0.5,1,70,0,2.5,0,2,2,141,263
2023-01-07 07:36:14.000,2023-01-07 07:37:58.000,0.73,1,10.92,0,1.82,N,1,1,0.5,1,5.1,0,2.5,0,2,1,107,170
2023-01-07 07:49:44.000,2023-01-07 07:50:51.000,0.3,1,14.7,0,7,N,1,1,0.5,1,3.7,0,2.5,0,2,1,107,224
2023-01-07 07:43:37.000,2023-01-07 07:44:45.000,0.46,1,5.9,0,0,N,1,1,0.5,1,4.4,0,0,0,2,1,74,75
2023-01-07 07:35:04.000,2023-01-07 07:35:18.000,0,0,53.5,0,0,N,1,2,0,1,50,0,2.5,0,2,5,114,79
2023-01-07 07:14:03.000,2023-01-07 07:14:09.000,0.07,0,81.5,0,10,N,1,2,0.5,1,70,0,0,0,2,2,264,70
2023-01-07 07:39:08.000,2023-01-07 07:39:10.000,0,0,113.1,0,26.1,N,1,1,0,1,86,0,0,0,2,5,162,264
2023-01-07 07:54:15.000,2023-01-07 07:55:56.000,0.7,1,10.9,0,1.8,N,1,1,0.5,1,5.1,2.5,2.5,0,1,1,68,186
2023-01-07 07:20:12.000,2023-01-07 07:21:45.000,0.6,1,10.1,0,1,N,1,1,0.5,1,5.1,2.5,2.5,0,1,1,234,186
2023-01-07 07:07:46.000,2023-01-07 07:07:58.000,0.16,0,90,0,3,N,1,2,0,1,86,0,0,0,2,5,56,82
2023-01-07 07:02:47.000,2023-01-07 07:03:12.000,0.08,1,7,0,0,N,2,1,0.5,1,3,0,2.5,0,2,1,162,202
2023-01-07 07:43:11.000,2023-01-07 07:44:47.000,0.08,1,7.7,0,0,N,2,1,0.5,1,3.7,0,2.5,0,2,1,186,68
2023-01-07 07:03:27.000,2023-01-07 07:04:51.000,0.6,1,10.08,0,1.68,N,1,1,0.5,1,4.4,0,2.5,0,2,1,107,137
2023-01-07 07:28:25.000,2023-01-07 07:28:43.000,0.25,0,24.7,0,0,N,2,1,0,1,23.7,0,0,0,2,3,28,93
2023-01-07 07:30:32.000,2023-01-07 07:30:53.000,0.13,0,8.4,0,1.4,N,1,1,0.5,1,3,0,2.5,0,2,1,164,234
2023-01-07 07:57:37.000,2023-01-07 07:58:57.000,0.3,1,9.2,0,1.5,N,1,0,0.5,1,3.7,2.5,2.5,0,1,1,262,263
2023-01-07 07:31:59.000,2023-01-07 07:32:05.000,0.06,1,82.75,0,0,N,1,2,0,1,81.75,0,0,0,2,5,216,132
2023-01-07 07:51:17.000,2023-01-07 07:51:20.000,0,0,92.46,0,15.41,N,1,1,0,1,76.05,0,0,0,2,5,25,264
2023-01-07 08:38:33.000,2023-01-07 08:39:54.000,0.47,1,8.4,0,0,N,2,1,0.5,1,4.4,0,2.5,0,2,1,230,48
2023-01-07 08:42:09.000,2023-01-07 08:43:43.000,0.62,1,10.6,0,1.5,N,1,1,0.5,1,5.1,0,2.5,0,2,1,236,237
2023-01-07 08:02:09.000,2023-01-07 08:03:18.000,0.45,1,9.66,0,1.26,N,1,1,0.5,1,4.4,0,2.5,0,2,1,239,142
2023-01-07 08:43:00.000,2023-01-07 08:44:29.000,0.6,1,9.6,0,0.5,N,1,1,0.5,1,5.1,2.5,2.5,0,1,1,141,263
2023-01-07 08:39:05.000,2023-01-07 08:39:09.000,0.04,0,85.8,0,14.3,N,1,2,0.5,1,70,0,0,0,2,2,70,138
2023-01-07 08:43:15.000,2023-01-07 08:44:55.000,0.7,1,9.11,0,0.01,N,1,1,0.5,1,5.1,0,2.5,0,2,1,142,43
2023-01-07 08:11:21.000,2023-01-07 08:12:26.000,0.31,1,9.24,0,1.54,N,1,1,0.5,1,3.7,0,2.5,0,2,1,262,140
2023-01-07 08:51:08.000,2023-01-07 08:52:54.000,0.69,1,10.1,0,1,N,1,1,0.5,1,5.1,0,2.5,0,2,1,141,263
2023-01-07 08:07:00.000,2023-01-07 08:08:32.000,0.6,1,10.1,0,1,N,1,1,0.5,1,5.1,0,2.5,0,2,1,229,140
2023-01-07 08:21:20.000,2023-01-07 08:22:56.000,0.29,1,7.7,0,0,N,2,1,0.5,1,3.7,0,2.5,0,2,1,229,233
2023-01-07 08:48:29.000,2023-01-07 08:49:11.000,0,1,7,0,0,N,3,1,0.5,1,3,2.5,2.5,0,1,1,249,114
2023-01-07 09:54:20.000,2023-01-07 09:55:43.000,0.34,1,7.7,0,0,N,1,1,0.5,1,3.7,0,2.5,0,2,1,236,263
2023-01-07 09:49:05.000,2023-01-07 09:50:50.000,0.7,1,11.37,0,2.27,N,1,1,0.5,1,5.1,0,2.5,0,2,1,239,142
2023-01-07 09:43:20.000,2023-01-07 09:44:56.000,0.63,1,9.1,0,0,N,2,1,0.5,1,5.1,0,2.5,0,2,1,229,233
2023-01-07 09:58:29.000,2023-01-07 09:58:37.000,0,0,13.5,0,0,N,1,1,0,1,10,0,2.5,0,2,5,239,43
2023-01-07 09:57:19.000,2023-01-07 09:58:48.000,0.5,1,10.05,0,1.65,N,1,1,0.5,1,4.4,2.5,2.5,0,1,1,229,233
2023-01-07 09:32:44.000,2023-01-07 09:33:27.000,0.26,1,10,0,2.3,N,1,1,0.5,1,3.7,0,2.5,0,2,1,50,48
2023-01-07 09:02:29.000,2023-01-07 09:02:57.000,0.07,0,7,0,0,N,4,1,0.5,1,3,0,2.5,0,2,1,231,13
2023-01-07 09:34:17.000,2023-01-07 09:35:47.000,0.32,1,6.24,0,1.04,N,1,1,0.5,1,3.7,0,0,0,2,1,151,238
2023-01-07 09:44:32.000,2023-01-07 09:45:57.000,0.49,1,10.08,0,1.68,N,1,1,0.5,1,4.4,0,2.5,0,2,1,236,141
2023-01-07 09:23:32.000,2023-01-07 09:23:35.000,0,0,90.5,0,4,N,1,1,0.5,1,85,0,0,0,2,5,13,264
2023-01-07 10:03:19.000,2023-01-07 10:04:16.000,0.3,1,9.7,0,2,N,1,0,0.5,1,3.7,2.5,2.5,0,1,1,239,238
2023-01-07 10:34:13.000,2023-01-07 10:35:53.000,0.28,1,10.08,0,1.68,N,1,1,0.5,1,4.4,0,2.5,0,2,1,236,237
2023-01-07 10:17:11.000,2023-01-07 10:18:08.000,0.4,1,8.86,0,1.16,N,1,0,0.5,1,3.7,2.5,2.5,0,1,1,113,114
2023-01-07 10:02:19.000,2023-01-07 10:03:49.000,0.53,1,10.08,0,1.68,N,1,1,0.5,1,4.4,0,2.5,0,2,1,90,249
2023-01-07 10:08:07.000,2023-01-07 10:09:48.000,0.61,1,11.37,0,2.27,N,1,1,0.5,1,5.1,0,2.5,0,2,1,236,75
2023-01-07 10:00:17.000,2023-01-07 10:01:42.000,0.37,1,10.08,0,1.68,N,1,1,0.5,1,4.4,0,2.5,0,2,1,143,239
2023-01-07 10:59:14.000,2023-01-07 10:59:23.000,0.05,0,7,0,0,N,2,1,0.5,1,3,0,2.5,0,2,1,107,137
2023-01-07 10:56:10.000,2023-01-07 10:57:44.000,0.42,1,7.08,0,1.18,N,1,1,0.5,1,4.4,0,0,0,2,1,238,151
2023-01-07 10:33:06.000,2023-01-07 10:34:07.000,0.16,1,9.24,0,1.54,N,1,1,0.5,1,3.7,0,2.5,0,2,1,236,263
2023-01-07 10:39:24.000,2023-01-07 10:40:07.000,0.3,1,9.2,0,1.5,N,1,1,0.5,1,3.7,2.5,2.5,0,1,1,237,161
2023-01-07 10:21:01.000,2023-01-07 10:22:39.000,0.4,1,10.05,0,1.65,N,1,1,0.5,1,4.4,2.5,2.5,0,1,1,170,107
2023-01-07 10:00:36.000,2023-01-07 10:01:55.000,0.47,1,9.4,0,1,N,1,1,0.5,1,4.4,0,2.5,0,2,1,236,263
2023-01-07 10:21:25.000,2023-01-07 10:22:18.000,0.3,1,7.7,0,0,N,1,1,0.5,1,3.7,2.5,2.5,0,1,1,231,211
2023-01-15 00:33:13.000,2023-01-15 00:34:49.000,0.52,1,11.28,0,1.88,N,1,2,0.5,1,4.4,1,2.5,0,2,1,170,233
2023-01-15 00:23:24.000,2023-01-15 00:24:43.000,0.36,1,9.4,0,0,N,2,2,0.5,1,4.4,1,2.5,0,2,1,164,100
2023-01-15 01:21:14.000,2023-01-15 01:21:17.000,0,0,6.5,0,0,N,1,1,0.5,1,5,0,0,0,2,5,225,264
2023-01-15 01:25:01.000,2023-01-15 01:26:41.000,0.18,1,8.7,0,0,N,2,1,0.5,1,3.7,1,2.5,0,2,1,186,90
2023-01-15 01:04:14.000,2023-01-15 01:05:56.000,0.48,1,9.4,0,0,N,2,2,0.5,1,4.4,1,2.5,0,2,1,48,50
2023-01-15 01:02:15.000,2023-01-15 01:03:14.000,0.1,1,10.7,0,2,N,1,1,0.5,1,3.7,3.5,2.5,0,1,1,68,246
2023-01-15 01:07:19.000,2023-01-15 01:08:44.000,0.5,1,10.9,0,1.5,N,1,1,0.5,1,4.4,3.5,2.5,0,1,1,239,238
2023-01-15 01:33:57.000,2023-01-15 01:33:59.000,0.09,0,71.5,0,0,N,1,1,0.5,1,70,0,0,0,2,2,265,264
2023-01-15 01:15:57.000,2023-01-15 01:16:58.000,0.35,1,10.87,0,2.17,N,1,1,0.5,1,3.7,1,2.5,0,2,1,114,249
2023-01-15 01:34:30.000,2023-01-15 01:35:24.000,0.1,1,10.4,0,1.7,N,1,1,0.5,1,3.7,3.5,2.5,0,1,1,114,144
2023-01-15 01:56:00.000,2023-01-15 01:57:30.000,0.47,1,11.28,0,1.88,N,1,1,0.5,1,4.4,1,2.5,0,2,1,229,233
2023-01-15 01:49:33.000,2023-01-15 01:49:36.000,0,0,26,0,0,N,1,1,0,1,25,0,0,0,2,5,239,264
2023-01-15 01:29:24.000,2023-01-15 01:30:45.000,0.48,1,11.28,0,1.88,N,1,1,0.5,1,4.4,1,2.5,0,2,1,263,141
2023-01-15 01:53:08.000,2023-01-15 01:54:26.000,0.15,1,8.7,0,0,N,1,1,0.5,1,3.7,1,2.5,0,2,1,90,234
2023-01-15 01:53:08.000,2023-01-15 01:54:02.000,0.16,1,8.7,0,0,N,2,1,0.5,1,3.7,1,2.5,0,2,1,246,68
2023-01-15 01:45:14.000,2023-01-15 01:46:35.000,0.22,1,8.7,0,0,N,2,3,0.5,1,3.7,1,2.5,0,2,1,48,50
2023-01-15 01:28:33.000,2023-01-15 01:28:39.000,0,0,55.5,0,2,N,1,1,0,1,50,0,2.5,0,2,5,230,48
2023-01-15 02:48:13.000,2023-01-15 02:49:28.000,0.24,1,74,0,0,N,2,1,0.5,1,70,0,2.5,0,2,2,68,246
2023-01-15 02:42:14.000,2023-01-15 02:42:22.000,0,0,30,0,22,N,1,1,0.5,1,3,1,2.5,0,2,1,230,100
2023-01-15 02:09:24.000,2023-01-15 02:10:32.000,0.2,1,10.44,0,1.74,N,1,1,0.5,1,3.7,1,2.5,0,2,1,230,163
2023-01-15 02:33:38.000,2023-01-15 02:34:57.000,0.47,1,11.28,0,1.88,N,1,1,0.5,1,4.4,1,2.5,0,2,1,230,48
2023-01-15 02:44:07.000,2023-01-15 02:45:08.000,0.03,1,8.7,0,0,N,2,1,0.5,1,3.7,1,2.5,0,2,1,50,48
2023-01-15 02:14:27.000,2023-01-15 02:15:27.000,0.3,1,9.7,0,1,N,1,1,0.5,1,3.7,1,2.5,0,2,1,161,163
2023-01-15 02:28:16.000,2023-01-15 02:29:59.000,0.69,1,10.1,0,0,N,4,1,0.5,1,5.1,1,2.5,0,2,1,90,68
2023-01-15 02:39:17.000,2023-01-15 02:40:17.000,0.12,1,10.44,0,1.74,N,1,1,0.5,1,3.7,1,2.5,0,2,1,100,186
2023-01-15 02:45:18.000,2023-01-15 02:46:27.000,0.28,1,10.44,0,1.74,N,1,1,0.5,1,3.7,1,2.5,0,2,1,137,107
2023-01-15 02:44:33.000,2023-01-15 02:44:45.000,0,0,8,0,0,N,3,1,0.5,1,3,3.5,2.5,0,1,1,164,264
2023-01-15 02:02:08.000,2023-01-15 02:02:45.000,0,0,8,0,0,N,4,1,0.5,1,3,3.5,2.5,0,1,1,107,79
2023-01-15 02:32:58.000,2023-01-15 02:33:52.000,0.3,1,9.7,0,1,N,1,1,0.5,1,3.7,1,2.5,0,2,1,79,107
2023-01-15 02:44:57.000,2023-01-15 02:45:03.000,0,1,103.5,0,0,N,4,1,0,1,100,0,2.5,0,2,5,224,79
2023-01-15 02:24:30.000,2023-01-15 02:24:52.000,0,0,8,0,0,N,2,1,0.5,1,3,3.5,2.5,0,1,1,100,164
2023-01-15 03:11:14.000,2023-01-15 03:11:43.000,0.19,0,13,0,5,N,1,2,0.5,1,3,1,2.5,0,2,1,141,263
2023-01-15 03:06:55.000,2023-01-15 03:07:06.000,0,1,8,0,0,N,4,1,0.5,1,3,1,2.5,0,2,1,264,170
2023-01-15 03:44:25.000,2023-01-15 03:45:45.000,0.4,1,9.4,0,0,N,2,2,0.5,1,4.4,3.5,2.5,0,1,1,170,137
2023-01-15 03:13:36.000,2023-01-15 03:13:42.000,0.01,0,74,0,0,N,2,1,0.5,1,70,0,2.5,0,2,2,107,79
2023-01-15 03:41:15.000,2023-01-15 03:41:36.000,0.09,0,74,0,0,N,2,2,0.5,1,70,0,2.5,0,2,2,249,114
2023-01-15 03:43:57.000,2023-01-15 03:44:41.000,0.2,1,10.4,0,1.7,N,1,1,0.5,1,3.7,3.5,2.5,0,1,1,140,141
2023-01-15 03:54:06.000,2023-01-15 03:55:36.000,0.35,1,11.28,0,1.88,N,1,2,0.5,1,4.4,1,2.5,0,2,1,48,50
2023-01-15 03:35:35.000,2023-01-15 03:35:47.000,0,0,38.5,0,0,N,1,4,0,1,35,0,2.5,0,2,5,236,263
2023-01-15 03:04:13.000,2023-01-15 03:04:17.000,0,0,25.1,0,0,N,1,1,0,1,24.1,0,0,0,2,5,226,264
2023-01-15 03:50:38.000,2023-01-15 03:51:58.000,0.49,1,11.28,0,1.88,N,1,1,0.5,1,4.4,1,2.5,0,2,1,79,107
2023-01-15 03:03:10.000,2023-01-15 03:04:49.000,0.48,1,11.28,0,1.88,N,1,1,0.5,1,4.4,1,2.5,0,2,1,48,68
2023-01-15 03:48:02.000,2023-01-15 03:48:26.000,0.11,0,58.8,0,9.8,N,1,3,0,1,48,0,0,0,2,5,74,42
2023-01-15 03:22:17.000,2023-01-15 03:23:23.000,0.26,1,10.44,0,1.74,N,1,1,0.5,1,3.7,1,2.5,0,2,1,261,87
2023-01-15 03:45:41.000,2023-01-15 03:45:45.000,0,0,36.5,0,0,N,1,1,0,1,33,0,2.5,0,2,5,48,50
2023-01-15 04:06:25.000,2023-01-15 04:07:06.000,0.25,1,8.7,0,0,N,3,1,0.5,1,3.7,1,2.5,0,2,1,186,164
2023-01-15 04:02:11.000,2023-01-15 04:02:14.000,0,0,71.5,0,10,N,1,1,0.5,1,60,0,0,0,2,5,265,264
2023-01-15 04:39:58.000,2023-01-15 04:40:59.000,0.1,1,8.7,0,0,N,2,1,0.5,1,3.7,3.5,2.5,0,1,1,231,211
2023-01-15 04:09:31.000,2023-01-15 04:09:47.000,0.04,0,74,0,0,N,3,1,0.5,1,70,0,2.5,0,2,2,164,100
2023-01-15 04:57:08.000,2023-01-15 04:58:30.000,0.23,1,9.7,0,1,N,1,2,0.5,1,3.7,1,2.5,0,2,1,186,90
2023-01-15 04:34:13.000,2023-01-15 04:34:16.000,0,0,36.36,0,6.06,N,1,1,0,0.3,30,0,0,0,2,5,80,264
2023-01-15 04:35:05.000,2023-01-15 04:35:11.000,0,0,34.8,0,5.8,N,1,1,0,1,28,0,0,0,2,5,17,225
2023-01-15 04:12:07.000,2023-01-15 04:12:14.000,0,0,74,0,0,N,4,1,0.5,1,70,0,2.5,0,2,2,90,249
2023-01-15 04:56:14.000,2023-01-15 04:57:18.000,0.2,1,8.7,0,0,N,3,0,0.5,1,3.7,3.5,2.5,0,1,1,107,234
2023-01-15 05:05:42.000,2023-01-15 05:05:45.000,0,0,55.8,0,9.3,N,1,1,0.5,1,45,0,0,0,2,5,151,264
2023-01-15 05:43:00.000,2023-01-15 05:44:37.000,0.5,1,11.28,0,1.88,N,1,1,0.5,1,4.4,1,2.5,0,2,1,68,234
2023-01-15 05:07:25.000,2023-01-15 05:08:50.000,0.53,1,11.28,0,1.88,N,1,1,0.5,1,4.4,1,2.5,0,2,1,125,114
2023-01-15 05:59:18.000,2023-01-15 05:59:24.000,0.08,0,89.38,0,17.88,N,1,1,0.5,1,70,0,0,0,2,2,264,70
2023-01-15 05:48:40.000,2023-01-15 05:49:45.000,0.38,1,12.7,0,4,N,1,1,0.5,1,3.7,1,2.5,0,2,1,100,186
2023-01-15 06:31:08.000,2023-01-15 06:32:45.000,0.3,1,8.4,0,0,N,2,1,0.5,1,4.4,2.5,2.5,0,1,1,186,100
2023-01-15 06:05:19.000,2023-01-15 06:06:25.000,0.05,1,8.7,0,0,N,2,1,0.5,1,3.7,1,2.5,0,2,1,50,48
2023-01-15 06:44:13.000,2023-01-15 06:44:16.000,0,0,63,0,10.5,N,1,1,0.5,1,51,0,0,0,2,5,37,264
2023-01-15 06:34:00.000,2023-01-15 06:35:21.000,0.41,1,8.4,0,0,N,1,1,0.5,1,4.4,0,2.5,0,2,1,48,230
2023-01-15 06:08:14.000,2023-01-15 06:08:20.000,0.07,0,101.7,0,16.95,N,1,2,0,1,83.75,0,0,0,2,5,216,132
2023-01-15 07:21:38.000,2023-01-15 07:22:42.000,0.3,1,7.7,0,0,N,3,1,0.5,1,3.7,2.5,2.5,0,1,1,50,246
2023-01-15 07:24:27.000,2023-01-15 07:25:57.000,0.57,1,8.4,0,0,N,2,1,0.5,1,4.4,0,2.5,0,2,1,237,236
2023-01-15 07:57:17.000,2023-01-15 07:58:05.000,0.23,1,6.24,0,1.04,N,1,1,0.5,1,3.7,0,0,0,2,1,166,24
2023-01-15 07:55:34.000,2023-01-15 07:56:47.000,0.4,1,8.4,0,0,N,2,1,0.5,1,4.4,2.5,2.5,0,1,1,113,90
2023-01-15 07:56:01.000,2023-01-15 07:56:52.000,0.36,0,9.62,0,1.92,N,1,1,0.5,1,3.7,0,2.5,0,2,1,90,234
2023-01-15 07:31:34.000,2023-01-15 07:32:17.000,0.29,1,8.7,0,1,N,1,2,0.5,1,3.7,0,2.5,0,2,1,50,246
2023-01-15 07:57:22.000,2023-01-15 07:58:56.000,0.72,1,10.92,0,1.82,N,1,1,0.5,1,5.1,0,2.5,0,2,1,79,107
2023-01-15 08:42:15.000,2023-01-15 08:43:44.000,0.58,1,10.92,0,1.82,N,1,1,0.5,1,5.1,0,2.5,0,2,1,237,236
2023-01-15 08:23:04.000,2023-01-15 08:24:53.000,0.63,1,9.1,0,0,N,2,2,0.5,1,5.1,0,2.5,0,2,1,170,162
2023-01-15 08:12:15.000,2023-01-15 08:13:15.000,0.32,1,7.7,0,0,N,2,1,0.5,1,3.7,0,2.5,0,2,1,239,238
2023-01-15 08:03:52.000,2023-01-15 08:04:57.000,0.4,1,9.4,0,1,N,1,1,0.5,1,4.4,2.5,2.5,0,1,1,137,170
2023-01-15 08:13:04.000,2023-01-15 08:14:37.000,0.63,1,10.1,0,1,N,1,1,0.5,1,5.1,0,2.5,0,2,1,229,141
2023-01-15 08:04:08.000,2023-01-15 08:05:57.000,0.05,1,7.7,0,0,N,2,1,0.5,1,3.7,0,2.5,0,2,1,233,162
2023-01-15 08:44:15.000,2023-01-15 08:45:52.000,0.4,1,8.4,0,0,N,1,1,0.5,1,4.4,2.5,2.5,0,1,1,229,233
2023-01-15 08:14:14.000,2023-01-15 08:15:48.000,0.6,1,9.1,0,0,N,2,1,0.5,1,5.1,2.5,2.5,0,1,1,170,137
2023-01-15 08:54:20.000,2023-01-15 08:55:41.000,0.58,1,10.08,0,1.68,N,1,6,0.5,1,4.4,0,2.5,0,2,1,151,238
2023-01-15 08:26:21.000,2023-01-15 08:26:23.000,0,0,71.58,0,11.93,N,1,1,0,1,58.65,0,0,0,2,5,189,264
2023-01-15 08:40:52.000,2023-01-15 08:40:56.000,0.01,0,71.5,0,0,N,2,1,0.5,1,70,0,0,0,2,2,132,264
2023-01-15 09:48:31.000,2023-01-15 09:49:58.000,0.43,1,10.08,0,1.68,N,1,1,0.5,1,4.4,0,2.5,0,2,1,140,262
2023-01-15 09:43:06.000,2023-01-15 09:44:54.000,0.5,1,10.05,0,1.65,N,1,1,0.5,1,4.4,2.5,2.5,0,1,1,186,90
2023-01-15 09:12:05.000,2023-01-15 09:13:46.000,0.67,1,9.1,0,0,N,2,1,0.5,1,5.1,0,2.5,0,2,1,237,236
2023-01-15 09:31:07.000,2023-01-15 09:31:12.000,0.02,0,4.5,0,0,N,2,2,0.5,1,3,0,0,0,2,1,263,75
2023-01-15 09:44:22.000,2023-01-15 09:45:52.000,0.63,1,11.37,0,2.27,N,1,1,0.5,1,5.1,0,2.5,0,2,1,234,113
2023-01-15 09:58:33.000,2023-01-15 09:59:26.000,0.37,1,8.7,0,1,N,1,1,0.5,1,3.7,0,2.5,0,2,1,263,236
2023-01-15 09:25:01.000,2023-01-15 09:26:10.000,0.4,1,10,0,1.6,N,1,1,0.5,1,4.4,2.5,2.5,0,1,1,263,141
2023-01-15 09:26:14.000,2023-01-15 09:27:44.000,0.6,1,10.05,0,1.65,N,1,0,0.5,1,4.4,2.5,2.5,0,1,1,239,142
2023-01-15 09:22:15.000,2023-01-15 09:23:53.000,0.35,1,9.4,0,1,N,1,2,0.5,1,4.4,0,2.5,0,2,1,141,237
2023-01-15 09:22:03.000,2023-01-15 09:23:55.000,0.82,1,11.3,0,1.5,N,1,1,0.5,1,5.8,0,2.5,0,2,1,237,236
2023-01-15 10:01:13.000,2023-01-15 10:02:35.000,0.59,1,10.08,0,1.68,N,1,1,0.5,1,4.4,0,2.5,0,2,1,263,262
2023-01-15 09:06:07.000,2023-01-15 09:06:10.000,0,0,26.88,0,5.38,N,1,4,0.5,1,20,0,0,0,2,5,48,264
2023-01-15 09:17:14.000,2023-01-15 09:17:40.000,0.06,0,7,0,0,N,3,1,0.5,1,3,0,2.5,0,2,1,186,100
2023-01-15 10:27:04.000,2023-01-15 10:27:37.000,0,0,5.4,0,0.9,N,1,1,0.5,1,3,0,0,0,2,1,193,7
2023-01-15 10:43:00.000,2023-01-15 10:44:12.000,0.4,1,7.7,0,0,N,1,1,0.5,1,3.7,2.5,2.5,0,1,1,68,186
2023-01-15 10:44:23.000,2023-01-15 10:44:34.000,0.06,0,4.5,0,0,N,2,1,0.5,1,3,0,0,0,2,1,41,74
2023-01-15 10:17:07.000,2023-01-15 10:17:21.000,0.07,0,74,0,0,N,2,1,0.5,1,70,0,2.5,0,2,2,162,161
2023-01-15 10:48:39.000,2023-01-15 10:49:56.000,0.5,1,10.9,0,2.5,N,1,0,0.5,1,4.4,2.5,2.5,0,1,1,137,162
2023-01-15 10:55:51.000,2023-01-15 10:56:24.000,0,1,7,0,0,N,2,1,0.5,1,3,0,2.5,0,2,1,100,230
2023-01-07 10:39:04.000,2023-01-07 10:40:48.000,0.2,1,7.7,0,0,N,2,1,0.5,1,3.7,0,2.5,0,2,1,162,229
2023-01-07 10:13:30.000,2023-01-07 10:14:52.000,0.51,1,9.4,0,1,N,1,1,0.5,1,4.4,0,2.5,0,2,1,141,229
2023-01-07 10:13:43.000,2023-01-07 10:14:01.000,0,1,7,0,0,N,4,1,0.5,1,3,0,2.5,0,2,1,163,161
2023-01-07 10:00:38.000,2023-01-07 10:01:49.000,0.48,1,8.4,0,0,N,2,2,0.5,1,4.4,0,2.5,0,2,1,68,186
2023-01-07 10:01:29.000,2023-01-07 10:02:23.000,0.28,1,9.24,0,1.54,N,1,1,0.5,1,3.7,0,2.5,0,2,1,234,164
2023-01-07 10:58:18.000,2023-01-07 10:58:39.000,0,0,4.51,0,0.01,N,1,1,0.5,1,3,0,0,0,2,1,193,7
2023-01-07 11:24:03.000,2023-01-07 11:25:35.000,0.3,1,8.4,0,0,N,2,1,0.5,1,4.4,2.5,2.5,0,1,1,141,140
2023-01-07 11:02:01.000,2023-01-07 11:03:43.000,0.26,1,10.08,0,1.68,N,1,1,0.5,1,4.4,0,2.5,0,2,1,90,68
2023-01-07 11:31:28.000,2023-01-07 11:32:31.000,0.4,1,5.9,0,0,N,2,2,0.5,1,4.4,0,0,0,1,1,151,166
2023-01-07 11:01:26.000,2023-01-07 11:02:46.000,0.5,1,10.5,0,2.1,N,1,1,0.5,1,4.4,2.5,2.5,0,1,1,239,142
2023-01-07 11:29:15.000,2023-01-07 11:30:09.000,0.1,1,4.5,0,0,N,3,0,0.5,1,3,0,0,0,1,1,263,75
2023-01-07 11:24:32.000,2023-01-07 11:25:26.000,0.2,1,7.7,0,0,N,2,2,0.5,1,3.7,2.5,2.5,0,1,1,234,107
2023-01-07 11:55:25.000,2023-01-07 11:55:36.000,0,0,106.6,0,24.6,N,1,1,0,1,81,0,0,0,2,5,264,43
2023-01-07 11:10:47.000,2023-01-07 11:11:21.000,0.13,1,7,0,0,N,2,1,0.5,1,3,0,2.5,0,2,1,162,237
2023-01-07 11:05:39.000,2023-01-07 11:05:56.000,0,0,140.2,20.83,23.37,N,1,1,0,1,95,0,0,0,2,5,264,1
2023-01-07 11:59:25.000,2023-01-07 12:00:50.000,0.36,1,7.08,0,1.18,N,1,4,0.5,1,4.4,0,0,0,2,1,238,151
2023-01-07 11:29:08.000,2023-01-07 11:30:25.000,0.45,1,8.4,0,0,N,2,1,0.5,1,4.4,0,2.5,0,2,1,164,234
2023-01-07 11:06:12.000,2023-01-07 11:07:47.000,0.36,1,10.08,0,1.68,N,1,2,0.5,1,4.4,0,2.5,0,2,1,141,140
2023-01-07 11:08:43.000,2023-01-07 11:09:38.000,0.26,1,7.7,0,0,N,2,1,0.5,1,3.7,0,2.5,0,2,1,237,236
2023-01-07 11:37:32.000,2023-01-07 11:38:51.000,0.45,1,10.08,0,1.68,N,1,1,0.5,1,4.4,0,2.5,0,2,1,141,263
2023-01-07 11:03:38.000,2023-01-07 11:04:53.000,0.24,1,7.7,0,0,N,2,1,0.5,1,3.7,0,2.5,0,2,1,163,230
2023-01-07 11:06:45.000,2023-01-07 11:07:58.000,0.45,1,10.5,0,2.1,N,1,1,0.5,1,4.4,0,2.5,0,2,1,237,236
2023-01-07 11:23:46.000,2023-01-07 11:23:49.000,0.13,0,104.5,0,18,N,1,1,0.5,1,85,0,0,0,2,5,166,264
2023-01-07 11:34:15.000,2023-01-07 11:35:57.000,0.3,1,7.7,0,0,N,1,1,0.5,1,3.7,0,2.5,0,2,1,170,100
2023-01-07 11:34:10.000,2023-01-07 11:34:12.000,0,0,97.5,0,11,N,1,1,0.5,1,85,0,0,0,2,5,263,264
2023-01-07 11:04:41.000,2023-01-07 11:05:18.000,0,1,4.5,0,0,N,3,1,0.5,1,3,0,0,0,2,1,193,7
2023-01-07 11:50:30.000,2023-01-07 11:51:29.000,0.12,1,7.7,0,0,N,2,1,0.5,1,3.7,0,2.5,0,2,1,238,143
2023-01-07 12:14:12.000,2023-01-07 12:14:48.000,0.1,0,7,0,0,N,4,1,0.5,1,3,0,2.5,0,2,1,90,68
2023-01-07 12:28:24.000,2023-01-07 12:29:56.000,0.59,1,9.24,0,0.84,N,1,3,0.5,1,4.4,0,2.5,0,2,1,263,262
2023-01-07 12:29:14.000,2023-01-07 12:30:59.000,0.54,1,9.4,0,1,N,1,1,0.5,1,4.4,0,2.5,0,2,1,142,43
2023-01-07 12:28:07.000,2023-01-07 12:29:25.000,0.41,1,7.08,0,1.18,N,1,2,0.5,1,4.4,0,0,0,2,1,238,151
2023-01-07 12:40:00.000,2023-01-07 12:41:43.000,0.52,1,8.4,0,0,N,2,1,0.5,1,4.4,0,2.5,0,2,1,170,161
2023-01-07 12:35:04.000,2023-01-07 12:36:21.000,0.4,1,9.4,0,1,N,1,1,0.5,1,4.4,0,2.5,0,2,1,263,236
2023-01-07 12:56:39.000,2023-01-07 12:56:45.000,0.06,0,94.55,0,13,N,1,3,0,1,80.55,0,0,0,2,5,264,10
2023-01-07 12:33:18.000,2023-01-07 12:34:57.000,0.3,1,8.4,0,0,N,2,5,0.5,1,4.4,0,2.5,0,2,1,262,140
2023-01-07 12:20:00.000,2023-01-07 12:21:39.000,0.34,1,8.4,0,0,N,1,1,0.5,1,4.4,0,2.5,0,2,1,238,151
2023-01-07 12:53:16.000,2023-01-07 12:53:33.000,0,0,134.7,18.75,22.45,N,1,2,0,1,90,0,2.5,0,2,5,264,1
2023-01-07 12:06:06.000,2023-01-07 12:07:33.000,0.16,1,5.2,0,0,N,2,1,0.5,1,3.7,0,0,0,2,1,151,24
2023-01-07 12:50:23.000,2023-01-07 12:51:59.000,0.69,1,10.92,0,1.82,N,1,1,0.5,1,5.1,0,2.5,0,2,1,229,141
2023-01-07 12:39:40.000,2023-01-07 12:40:47.000,0.2,1,10.2,0,2.5,Y,1,2,0.5,1,3.7,2.5,2.5,0,1,1,75,236
2023-01-07 12:18:11.000,2023-01-07 12:19:37.000,0.04,1,7.7,0,0,N,2,1,0.5,1,3.7,0,2.5,0,2,1,125,68
2023-01-07 12:20:43.000,2023-01-07 12:21:03.000,0.03,1,15,0,8,N,1,1,0.5,1,3,0,2.5,0,2,1,237,141
2023-01-07 12:49:08.000,2023-01-07 12:50:43.000,0.55,1,10.08,0,1.68,N,1,1,0.5,1,4.4,0,2.5,0,2,1,239,142
2023-01-07 12:33:41.000,2023-01-07 12:34:54.000,0.41,1,9.4,0,1,N,1,1,0.5,1,4.4,0,2.5,0,2,1,229,141
2023-01-07 12:59:02.000,2023-01-07 12:59:30.000,0.07,0,7,0,0,N,2,1,0.5,1,3,0,2.5,0,2,1,113,114
2023-01-07 12:55:42.000,2023-01-07 12:55:44.000,0,0,39.6,0,6.6,N,1,1,0,1,32,0,0,0,2,5,48,264
2023-01-07 12:47:36.000,2023-01-07 12:47:38.000,0,0,18.5,0,2,N,1,1,0.5,1,15,0,0,0,2,5,50,264
2023-01-07 13:42:37.000,2023-01-07 13:43:58.000,0.48,1,10.5,0,2.1,N,1,2,0.5,1,4.4,0,2.5,0,2,1,229,162
2023-01-07 13:36:38.000,2023-01-07 13:37:53.000,0.28,1,14.7,0,7,N,1,1,0.5,1,3.7,0,2.5,0,2,1,263,262
2023-01-07 13:59:22.000,2023-01-07 14:00:58.000,0.53,1,9.24,0,0.84,N,1,1,0.5,1,4.4,0,2.5,0,2,1,68,246
2023-01-07 13:21:56.000,2023-01-07 13:21:59.000,0,0,24.72,0,4.12,N,1,2,0,1,19.6,0,0,0,2,5,230,264
2023-01-07 13:01:17.000,2023-01-07 13:02:55.000,0.45,1,9.3,0,0.9,N,1,1,0.5,1,4.4,0,2.5,0,2,1,163,237
2023-01-07 13:49:02.000,2023-01-07 13:50:38.000,0.27,1,10.08,0,1.68,N,1,2,0.5,1,4.4,0,2.5,0,2,1,237,236
2023-01-07 13:43:11.000,2023-01-07 13:43:18.000,0,0,93.25,0,10,N,1,4,0,1,81,0,0,1.25,2,5,264,132
2023-01-07 13:37:48.000,2023-01-07 13:38:25.000,0,1,7,0,0,N,4,3,0.5,1,3,0,2.5,0,2,1,236,141
2023-01-07 13:01:14.000,2023-01-07 13:01:55.000,0.14,0,7,0,0,N,2,1,0.5,1,3,0,2.5,0,2,1,261,12
2023-01-07 13:52:27.000,2023-01-07 13:52:49.000,0,0,7,0,0,N,4,2,0.5,1,3,0,2.5,0,2,1,162,170
2023-01-07 13:19:59.000,2023-01-07 13:20:01.000,0,1,70.2,0,11.7,N,1,1,0,1,55,0,2.5,0,2,5,88,264
2023-01-07 13:52:17.000,2023-01-07 13:53:59.000,0.19,1,7.7,0,0,N,2,1,0.5,1,3.7,0,2.5,0,2,1,143,142
2023-01-07 13:11:13.000,2023-01-07 13:12:19.000,0.3,1,8.08,0,0.38,N,1,1,0.5,1,3.7,0,2.5,0,2,1,230,163
2023-01-07 13:58:06.000,2023-01-07 13:59:54.000,0.48,1,8.4,0,0,N,2,1,0.5,1,4.4,0,2.5,0,2,1,142,230
2023-01-07 13:45:11.000,2023-01-07 13:46:41.000,0.5,1,10.9,0,2.5,N,1,1,0.5,1,4.4,2.5,2.5,0,1,1,230,186
2023-01-07 13:13:04.000,2023-01-07 13:14:28.000,0.4,1,10.05,0,1.65,N,1,1,0.5,1,4.4,2.5,2.5,0,1,1,234,113
2023-01-07 13:56:24.000,2023-01-07 13:57:51.000,0.32,1,8.9,0,0.5,N,1,1,0.5,1,4.4,0,2.5,0,2,1,238,142
2023-01-07 13:01:52.000,2023-01-07 13:01:57.000,0,0,15,0,2.5,N,1,4,0,1,9,0,2.5,0,2,5,48,142
2023-01-07 14:41:18.000,2023-01-07 14:42:33.000,0.24,1,9.24,0,1.54,N,1,1,0.5,1,3.7,0,2.5,0,2,1,249,113
2023-01-07 14:26:03.000,2023-01-07 14:26:28.000,0.03,0,74,0,0,N,2,2,0.5,1,70,0,2.5,0,2,2,237,236
2023-01-07 14:57:06.000,2023-01-07 14:58:29.000,0.5,1,10.5,0,2.1,N,1,2,0.5,1,4.4,0,2.5,0,2,1,239,43
2023-01-07 14:46:51.000,2023-01-07 14:47:45.000,0.18,1,7.7,0,0,N,2,1,0.5,1,3.7,0,2.5,0,2,1,170,162
2023-01-07 14:00:08.000,2023-01-07 14:00:43.000,0.14,0,8.4,0,1.4,N,1,1,0.5,1,3,0,2.5,0,2,1,90,234
2023-01-07 14:55:24.000,2023-01-07 14:55:48.000,0.2,0,102,0,17,N,1,1,0,1,84,0,0,0,1,5,216,132
2023-01-07 14:36:14.000,2023-01-07 14:36:22.000,0,0,5.75,0,0,N,2,2,0.5,1,3,0,0,1.25,2,1,264,132
2023-01-07 14:34:35.000,2023-01-07 14:35:58.000,0.5,1,9.9,0,1.5,N,1,2,0.5,1,4.4,0,2.5,0,2,1,239,238
2023-01-07 14:52:08.000,2023-01-07 14:53:26.000,0.42,1,10.4,0,2,N,1,5,0.5,1,4.4,0,2.5,0,2,1,236,237
2023-01-07 14:46:04.000,2023-01-07 14:47:55.000,0.4,1,9.4,0,1,N,1,0,0.5,1,4.4,2.5,2.5,0,1,1,237,141
2023-01-07 14:36:06.000,2023-01-07 14:37:58.000,0.3,1,10.05,0,1.65,N,1,1,0.5,1,4.4,2.5,2.5,0,1,1,236,141
2023-01-07 14:35:04.000,2023-01-07 14:35:41.000,0.17,0,4.5,0,0,N,1,1,0.5,1,3,0,0,0,2,1,75,263
2023-01-07 14:23:22.000,2023-01-07 14:23:30.000,0.04,0,91.2,0,15.2,N,1,1,0,1,75,0,0,0,2,5,28,134
2023-01-07 14:01:26.000,2023-01-07 14:01:32.000,0,0,120.05,0,19.8,N,1,4,0,1,98,0,0,1.25,2,5,264,132
2023-01-07 13:58:11.000,2023-01-07 13:59:43.000,0.3,1,6.3,0,0,N,2,1,0.5,0.3,3,0,2.5,0,2,1,142,163
2023-01-07 14:30:07.000,2023-01-07 14:31:22.000,0.33,1,8.4,0,0,N,4,1,0.5,1,4.4,0,2.5,0,2,1,238,239
2023-01-07 14:49:23.000,2023-01-07 14:50:57.000,0.3,1,9.24,0,1.54,N,1,2,0.5,1,3.7,0,2.5,0,2,1,100,186
2023-01-07 14:12:44.000,2023-01-07 14:12:47.000,0,0,86.35,0,10,N,1,1,0,1,75.35,0,0,0,2,5,202,264
2023-01-07 15:55:19.000,2023-01-07 15:56:13.000,0.17,1,14.7,0,7,N,1,1,0.5,1,3.7,0,2.5,0,2,1,43,142
2023-01-07 15:06:05.000,2023-01-07 15:07:26.000,0.2,1,9.2,0,1.5,N,1,1,0.5,1,3.7,2.5,2.5,0,1,1,263,262
2023-01-07 15:56:04.000,2023-01-07 15:56:17.000,0,0,102.5,0,20.5,N,1,1,0,1,81,0,0,0,2,5,264,170
2023-01-07 15:16:07.000,2023-01-07 15:17:49.000,0.47,1,8.4,0,0,N,2,3,0.5,1,4.4,0,2.5,0,2,1,140,263
2023-01-07 15:23:41.000,2023-01-07 15:24:51.000,0.36,1,9.24,0,1.54,N,1,1,0.5,1,3.7,0,2.5,0,2,1,233,170
2023-01-07 15:29:08.000,2023-01-07 15:30:51.000,0.47,1,10.08,0,1.68,N,1,1,0.5,1,4.4,0,2.5,0,2,1,170,107
2023-01-07 15:48:21.000,2023-01-07 15:49:56.000,0.49,1,9.66,0,1.26,N,1,1,0.5,1,4.4,0,2.5,0,2,1,237,236
2023-01-07 15:58:53.000,2023-01-07 15:59:15.000,0.1,1,7,0,0,N,2,4,0.5,1,3,0,2.5,0,2,1,236,237
2023-01-07 15:11:14.000,2023-01-07 15:12:52.000,0.39,1,8.4,0,0,N,2,4,0.5,1,4.4,0,2.5,0,2,1,161,230
2023-01-07 15:11:46.000,2023-01-07 15:11:51.000,0,0,100.26,0,16.71,N,1,1,0,1,82.55,0,0,0,2,5,132,264
2023-01-07 15:18:49.000,2023-01-07 15:18:55.000,0.01,0,105,0,17.5,N,1,1,0,1,84,0,2.5,0,2,5,68,48
2023-01-07 15:19:14.000,2023-01-07 15:19:30.000,0.03,0,99.6,0,16.6,N,1,1,0,1,82,0,0,0,2,5,264,161
2023-01-07 15:24:01.000,2023-01-07 15:24:52.000,0.05,0,7,0,0,N,2,1,0.5,1,3,0,2.5,0,2,1,68,249
2023-01-07 15:14:39.000,2023-01-07 15:14:43.000,0.01,0,88,0,0.5,N,1,1,0.5,1,86,0,0,0,2,5,132,264
2023-01-07 15:19:53.000,2023-01-07 15:20:04.000,0,1,92.5,0,13.5,N,1,1,0,1,75.5,0,2.5,0,2,5,161,230
2023-01-07 15:56:10.000,2023-01-07 15:57:06.000,0,1,5.75,0,0,N,3,1,0.5,1,3,1.25,0,1.25,1,1,132,264
2023-01-07 15:04:10.000,2023-01-07 15:05:44.000,0.3,1,9.62,0,1.92,N,1,1,0.5,1,3.7,0,2.5,0,2,1,143,239
2023-01-15 10:48:10.000,2023-01-15 10:49:42.000,0.47,1,10.08,0,1.68,N,1,1,0.5,1,4.4,0,2.5,0,2,1,50,246
2023-01-15 10:35:42.000,2023-01-15 10:36:36.000,0.1,1,86.8,0,5,N,1,2,0,1,78.3,0,2.5,0,2,5,137,246
2023-01-15 10:18:33.000,2023-01-15 10:19:59.000,0.08,1,7.7,0,0,N,2,2,0.5,1,3.7,0,2.5,0,2,1,113,234
2023-01-15 10:56:18.000,2023-01-15 10:57:24.000,0.46,1,8.4,0,0,N,2,1,0.5,1,4.4,0,2.5,0,2,1,140,141
2023-01-15 10:33:05.000,2023-01-15 10:34:46.000,0.15,1,7.7,0,0,N,4,3,0.5,1,3.7,0,2.5,0,2,1,162,170
2023-01-15 10:05:10.000,2023-01-15 10:06:26.000,0.5,1,10.05,0,1.65,N,1,2,0.5,1,4.4,2.5,2.5,0,1,1,238,239
2023-01-15 10:28:41.000,2023-01-15 10:28:47.000,0.06,0,71.5,0,0,N,1,1,0.5,1,70,0,0,0,2,2,129,138
2023-01-15 10:41:57.000,2023-01-15 10:42:46.000,8.2,1,7,0,0,N,3,2,0.5,1,3,2.5,2.5,0,1,1,161,230
2023-01-15 10:16:13.000,2023-01-15 10:17:52.000,0.57,1,9.4,0,1,N,1,2,0.5,1,4.4,0,2.5,0,2,1,237,236
2023-01-15 10:43:07.000,2023-01-15 10:44:58.000,0.39,1,8.4,0,0,N,2,5,0.5,1,4.4,0,2.5,0,2,1,263,262
2023-01-15 10:28:09.000,2023-01-15 10:29:41.000,0.28,1,9.24,0,1.54,N,1,1,0.5,1,3.7,0,2.5,0,2,1,229,233
2023-01-15 10:14:39.000,2023-01-15 10:15:47.000,0.46,1,8.4,0,0,N,2,1,0.5,1,4.4,0,2.5,0,2,1,161,164
2023-01-15 10:56:03.000,2023-01-15 10:57:35.000,0.39,1,9.4,0,1,N,1,1,0.5,1,4.4,0,2.5,0,2,1,137,107
2023-01-15 10:06:33.000,2023-01-15 10:06:48.000,0,0,7,0,0,N,3,1,0.5,1,3,0,2.5,0,2,1,163,43
2023-01-15 10:54:14.000,2023-01-15 10:54:17.000,0,0,36.8,0,0.8,N,1,1,0,1,35,0,0,0,2,5,12,264
2023-01-15 10:46:41.000,2023-01-15 10:47:54.000,0.44,1,8.4,0,0,N,2,1,0.5,1,4.4,0,2.5,0,2,1,237,162
2023-01-15 10:49:07.000,2023-01-15 10:49:10.000,0.11,0,73.8,0,12.3,N,1,1,0.5,1,60,0,0,0,2,5,138,264
2023-01-15 10:27:09.000,2023-01-15 10:28:47.000,0.34,1,8.4,0,0,N,3,1,0.5,1,4.4,0,2.5,0,2,1,107,137
2023-01-15 11:56:39.000,2023-01-15 11:57:36.000,0.4,1,7.7,0,0,N,2,2,0.5,1,3.7,2.5,2.5,0,1,1,107,137
2023-01-15 11:51:04.000,2023-01-15 11:51:08.000,0.03,0,85.5,0,0,N,1,1,0,1,82,0,2.5,0,2,5,137,107
2023-01-15 11:16:08.000,2023-01-15 11:17:39.000,0.58,1,10.08,0,1.68,N,1,2,0.5,1,4.4,0,2.5,0,2,1,237,141
2023-01-15 11:27:34.000,2023-01-15 11:27:38.000,0,0,5.75,0,0,N,2,1,0.5,1,3,0,0,1.25,2,1,132,264
2023-01-15 11:05:14.000,2023-01-15 11:06:06.000,0.24,1,7.7,0,0,N,2,1,0.5,1,3.7,0,2.5,0,2,1,236,263
2023-01-15 11:08:16.000,2023-01-15 11:09:15.000,0.4,1,10.5,0,2.1,N,1,1,0.5,1,4.4,2.5,2.5,0,1,1,140,262
2023-01-15 11:45:38.000,2023-01-15 11:45:45.000,0.01,0,74,0,0,N,2,2,0.5,1,70,0,2.5,0,2,2,161,163
2023-01-15 11:05:06.000,2023-01-15 11:06:48.000,0.49,1,9.4,0,1,N,1,1,0.5,1,4.4,0,2.5,0,2,1,164,234
2023-01-15 11:26:11.000,2023-01-15 11:27:42.000,0.54,1,10.08,0,1.68,N,1,1,0.5,1,4.4,0,2.5,0,2,1,90,164
2023-01-15 11:38:24.000,2023-01-15 11:39:36.000,0.18,1,9.24,0,1.54,N,1,2,0.5,1,3.7,0,2.5,0,2,1,107,234
2023-01-15 11:18:08.000,2023-01-15 11:18:13.000,0,0,76.25,0,15.25,N,1,1,0,1,60,0,0,0,2,5,226,7
2023-01-15 11:00:04.000,2023-01-15 11:00:58.000,0.2,0,7.7,0,0,N,3,1,0.5,1,3.7,2.5,2.5,0,1,1,113,249
2023-01-15 11:13:26.000,2023-01-15 11:14:31.000,0.14,1,7.7,0,0,N,2,1,0.5,1,3.7,0,2.5,0,2,1,264,48
2023-01-15 11:54:31.000,2023-01-15 11:55:04.000,0,1,7,0,0,N,2,0,0.5,1,3,2.5,2.5,0,1,1,107,79
2023-01-15 11:36:58.000,2023-01-15 11:37:03.000,0,1,74,0,0,N,2,3,0.5,1,70,0,2.5,0,2,2,100,68
2023-01-15 11:43:22.000,2023-01-15 11:43:26.000,0,0,4.5,0,0,N,2,1,0.5,1,3,0,0,0,2,1,146,193
2023-01-15 11:35:00.000,2023-01-15 11:35:13.000,0.43,0,70,0,4,N,1,1,0,1,65,0,0,0,2,5,129,264
2023-01-15 11:47:25.000,2023-01-15 11:47:28.000,0,0,47.4,0,7.9,N,1,1,0.5,1,38,0,0,0,2,5,88,264
2023-01-15 12:56:40.000,2023-01-15 12:57:41.000,0,1,15,0,0,N,2,1,0,1,14,0,0,0,2,5,264,164
2023-01-15 12:33:20.000,2023-01-15 12:34:37.000,0.42,1,10.08,0,1.68,N,1,1,0.5,1,4.4,0,2.5,0,2,1,107,137
2023-01-15 12:02:29.000,2023-01-15 12:02:32.000,0.01,0,74,0,0,N,4,1,0.5,1,70,0,2.5,0,2,2,170,161
2023-01-15 12:20:30.000,2023-01-15 12:21:41.000,0.3,1,9.6,0,1.9,N,1,1,0.5,1,3.7,2.5,2.5,0,1,1,162,170
2023-01-15 12:38:07.000,2023-01-15 12:39:27.000,0.49,1,9,0,0.6,N,1,1,0.5,1,4.4,0,2.5,0,2,1,162,141
2023-01-15 12:56:44.000,2023-01-15 12:56:56.000,0,0,7,0,0,N,4,1,0.5,1,3,0,2.5,0,2,1,164,234
2023-01-15 12:59:18.000,2023-01-15 13:00:54.000,0.58,1,9.1,0,0,N,2,1,0.5,1,5.1,0,2.5,0,2,1,48,142
2023-01-15 12:53:19.000,2023-01-15 12:53:27.000,0.08,0,94,0,12,N,1,1,0,1,81,0,0,0,2,5,216,132
2023-01-15 12:13:05.000,2023-01-15 12:13:07.000,0.05,0,4.5,0,0,N,2,1,0.5,1,3,0,0,0,2,1,138,264
2023-01-15 12:23:22.000,2023-01-15 12:24:43.000,0.36,1,8.4,0,0,N,4,1,0.5,1,4.4,0,2.5,0,2,1,236,237
2023-01-15 12:10:03.000,2023-01-15 12:11:38.000,0.41,1,10.92,0,2.52,N,1,2,0.5,1,4.4,0,2.5,0,2,1,125,249
2023-01-15 12:31:39.000,2023-01-15 12:31:42.000,0.04,0,11.5,0,0,N,1,2,0.5,1,10,0,0,0,2,5,132,264
2023-01-15 12:06:40.000,2023-01-15 12:07:59.000,0.45,1,8.4,0,0,N,2,3,0.5,1,4.4,0,2.5,0,2,1,238,239
2023-01-15 12:58:14.000,2023-01-15 12:59:59.000,0.4,1,10.05,0,1.65,N,1,1,0.5,1,4.4,2.5,2.5,0,1,1,230,142
2023-01-15 12:07:45.000,2023-01-15 12:07:53.000,0,0,5.75,0,0,N,2,1,0.5,1,3,0,0,1.25,2,1,132,264
2023-01-15 13:10:27.000,2023-01-15 13:11:25.000,0,1,7,0,0,N,2,1,0.5,1,3,2.5,2.5,0,1,1,90,234
2023-01-15 13:27:35.000,2023-01-15 13:27:38.000,0,0,82,0,0,N,2,1,0,1,81,0,0,0,2,5,132,264
2023-01-15 13:24:06.000,2023-01-15 13:24:41.000,0.06,0,7,0,0,N,2,1,0.5,1,3,0,2.5,0,2,1,170,162
2023-01-15 13:46:22.000,2023-01-15 13:47:26.000,0.25,1,5.2,0,0,N,2,1,0.5,1,3.7,0,0,0,2,1,24,166
2023-01-15 13:54:03.000,2023-01-15 13:55:51.000,0.3,1,9.4,0,1,N,1,1,0.5,1,4.4,2.5,2.5,0,1,1,264,233
2023-01-15 13:08:03.000,2023-01-15 13:09:42.000,0.33,1,8.4,0,2.5,N,1,1,0.5,1,4.4,0,0,0,2,1,166,24
2023-01-15 13:43:24.000,2023-01-15 13:44:42.000,0.43,1,8.4,0,0,N,2,1,0.5,1,4.4,0,2.5,0,2,1,68,90
2023-01-15 13:55:13.000,2023-01-15 13:56:53.000,0.47,1,10.08,0,1.68,N,1,1,0.5,1,4.4,0,2.5,0,2,1,114,79
2023-01-15 13:42:07.000,2023-01-15 13:43:58.000,0.29,1,10.08,0,1.68,N,1,1,0.5,1,4.4,0,2.5,0,2,1,236,75
2023-01-15 13:55:05.000,2023-01-15 13:56:40.000,0.2,1,7.7,0,0,N,2,1,0.5,1,3.7,2.5,2.5,0,1,1,50,48
2023-01-15 13:09:03.000,2023-01-15 13:10:49.000,0.6,1,10.1,0,1,N,1,1,0.5,1,5.1,0,2.5,0,2,1,170,107
2023-01-15 13:58:07.000,2023-01-15 13:59:09.000,0.23,1,8.86,0,1.16,N,1,1,0.5,1,3.7,0,2.5,0,2,1,237,236
2023-01-15 13:53:02.000,2023-01-15 13:54:59.000,0.48,1,8.4,0,0,N,2,1,0.5,1,4.4,0,2.5,0,2,1,137,107
2023-01-15 13:41:35.000,2023-01-15 13:42:51.000,0.3,1,10.05,0,1.65,N,1,2,0.5,1,4.4,2.5,2.5,0,1,1,90,186
2023-01-15 13:27:42.000,2023-01-15 13:28:59.000,0.41,1,10.08,0,1.68,N,1,1,0.5,1,4.4,0,2.5,0,2,1,68,186
2023-01-15 13:42:08.000,2023-01-15 13:42:16.000,0.03,0,7,0,0,N,2,1,0.5,1,3,0,2.5,0,2,1,48,230
2023-01-15 13:53:04.000,2023-01-15 13:53:32.000,0,0,7,0,0,N,2,2,0.5,1,3,0,2.5,0,2,1,264,161
2023-01-15 13:04:36.000,2023-01-15 13:04:39.000,0,0,90,0,8,N,1,1,0,1,81,0,0,0,2,5,132,264
2023-01-15 14:43:19.000,2023-01-15 14:43:28.000,0.02,0,7,0,0,N,4,1,0.5,1,3,0,2.5,0,2,1,68,246
2023-01-15 14:01:07.000,2023-01-15 14:02:43.000,0.5,1,10.05,0,1.65,N,1,2,0.5,1,4.4,2.5,2.5,0,1,1,237,236
2023-01-15 14:37:48.000,2023-01-15 14:37:54.000,0.06,0,100,0,5.45,N,1,1,0,1,93.55,0,0,0,2,5,216,10
2023-01-15 14:36:19.000,2023-01-15 14:37:34.000,0.23,1,9.24,0,1.54,N,1,6,0.5,1,3.7,0,2.5,0,2,1,237,236
2023-01-15 14:07:05.000,2023-01-15 14:07:57.000,0.24,0,8.7,0,1,N,1,1,0.5,1,3.7,0,2.5,0,2,1,68,90
2023-01-15 14:06:36.000,2023-01-15 14:06:38.000,0,0,88,0,5,N,1,1,0,1,82,0,0,0,2,5,232,264
2023-01-15 14:29:09.000,2023-01-15 14:30:53.000,0.22,1,7.7,0,0,N,1,1,0.5,1,3.7,0,2.5,0,2,1,230,163
2023-01-15 14:24:20.000,2023-01-15 14:25:54.000,0.49,1,10.92,0,2.52,N,1,2,0.5,1,4.4,0,2.5,0,2,1,237,236
2023-01-15 14:47:32.000,2023-01-15 14:48:23.000,0.22,1,8.7,0,1,N,1,1,0.5,1,3.7,0,2.5,0,2,1,162,233
2023-01-15 14:12:20.000,2023-01-15 14:13:38.000,0.3,1,9.24,0,1.54,N,1,1,0.5,1,3.7,0,2.5,0,2,1,43,239
2023-01-15 14:19:11.000,2023-01-15 14:20:41.000,0.54,1,10.08,0,1.68,N,1,1,0.5,1,4.4,0,2.5,0,2,1,164,170
2023-01-15 14:34:49.000,2023-01-15 14:35:28.000,0.08,1,7,0,0,N,2,1,0.5,1,3,0,2.5,0,2,1,48,50
2023-01-15 14:10:46.000,2023-01-15 14:11:59.000,0.36,1,7.7,0,0,N,2,3,0.5,1,3.7,0,2.5,0,2,1,141,140
2023-01-15 14:26:22.000,2023-01-15 14:26:25.000,0.64,0,103.75,0,20.75,N,1,2,0,1,82,0,0,0,2,5,132,264
2023-01-15 14:46:13.000,2023-01-15 14:47:37.000,0.32,1,7.7,0,0,N,2,1,0.5,1,3.7,0,2.5,0,2,1,233,170
2023-01-15 14:12:44.000,2023-01-15 14:12:53.000,0,0,4.5,0,0,N,2,1,0.5,1,3,0,0,0,2,1,264,114
2023-01-15 14:02:22.000,2023-01-15 14:02:29.000,0,0,7,0,0,N,2,1,0.5,1,3,0,2.5,0,2,1,164,170
2023-01-15 15:50:23.000,2023-01-15 15:50:27.000,0,0,74,0,0,N,2,2,0.5,1,70,0,2.5,0,2,2,158,249
2023-01-15 15:57:14.000,2023-01-15 15:58:34.000,0.33,1,7.7,0,0,N,2,1,0.5,1,3.7,0,2.5,0,2,1,234,113
2023-01-15 15:31:26.000,2023-01-15 15:32:59.000,0.45,1,8.4,0,0,N,2,3,0.5,1,4.4,0,2.5,0,2,1,263,236
2023-01-15 15:12:05.000,2023-01-15 15:13:52.000,0.63,1,10.92,0,1.82,N,1,1,0.5,1,5.1,0,2.5,0,2,1,264,249
2023-01-15 15:33:24.000,2023-01-15 15:34:51.000,0.56,1,10.08,0,1.68,N,1,5,0.5,1,4.4,0,2.5,0,2,1,141,140
2023-01-15 15:06:09.000,2023-01-15 15:07:55.000,0.5,1,10.5,0,2.1,N,1,1,0.5,1,4.4,2.5,2.5,0,1,1,236,237
2023-01-15 15:07:04.000,2023-01-15 15:08:54.000,0.6,1,9.1,0,0,N,2,1,0.5,1,5.1,2.5,2.5,0,1,1,233,140
2023-01-15 15:30:02.000,2023-01-15 15:31:53.000,0.6,1,11.35,0,2.25,N,1,1,0.5,1,5.1,2.5,2.5,0,1,1,263,75
2023-01-15 15:32:10.000,2023-01-15 15:33:48.000,0.41,1,10.08,0,1.68,N,1,1,0.5,1,4.4,0,2.5,0,2,1,237,141
2023-01-15 15:23:32.000,2023-01-15 15:24:11.000,0,1,7,0,0,N,3,1,0.5,1,3,2.5,2.5,0,1,1,237,163
2023-01-15 15:54:07.000,2023-01-15 15:55:40.000,0.27,1,9.24,0,1.54,N,1,1,0.5,1,3.7,0,2.5,0,2,1,107,137
2023-01-15 15:50:28.000,2023-01-15 15:51:56.000,0.39,1,10.08,0,1.68,N,1,2,0.5,1,4.4,0,2.5,0,2,1,170,233
2023-01-15 15:20:18.000,2023-01-15 15:21:25.000,0.15,1,7.7,0,0,N,2,1,0.5,1,3.7,0,2.5,0,2,1,231,209
2023-01-15 15:01:14.000,2023-01-15 15:02:25.000,0.42,1,10.08,0,1.68,N,1,2,0.5,1,4.4,0,2.5,0,2,1,164,170
2023-01-15 15:16:02.000,2023-01-15 15:17:39.000,0.24,1,10.08,0,1.68,N,1,1,0.5,1,4.4,0,2.5,0,2,1,163,230
2023-01-22 16:53:19.000,2023-01-22 16:54:48.000,0.25,1,8.47,0,0.77,N,1,1,0.5,1,3.7,0,2.5,0,2,1,141,263
2023-01-22 16:49:14.000,2023-01-22 16:50:54.000,0.18,1,7.7,0,0,N,2,1,0.5,1,3.7,0,2.5,0,2,1,137,170
2023-01-22 16:25:43.000,2023-01-22 16:26:51.000,0.25,1,7.7,0,0,N,2,1,0.5,1,3.7,0,2.5,0,2,1,163,142
2023-01-22 16:13:24.000,2023-01-22 16:13:27.000,0,0,90.5,0,0,N,2,2,0.5,1,89,0,0,0,2,5,132,264
2023-01-22 16:03:07.000,2023-01-22 16:04:58.000,0.67,1,11,0,1.9,N,1,3,0.5,1,5.1,0,2.5,0,2,1,239,142
2023-01-22 16:37:31.000,2023-01-22 16:38:20.000,0.25,1,9.7,0,2,N,1,5,0.5,1,3.7,0,2.5,0,2,1,237,236
2023-01-22 16:08:18.000,2023-01-22 16:09:31.000,0.37,1,7.7,0,0,N,2,1,0.5,1,3.7,0,2.5,0,2,1,48,163
2023-01-22 16:21:48.000,2023-01-22 16:21:56.000,0,0,55.5,0,0,N,2,1,0,1,52,0,2.5,0,2,5,137,170
2023-01-22 16:32:02.000,2023-01-22 16:32:05.000,0,0,102.6,0,17.1,N,1,4,0.5,1,84,0,0,0,2,5,230,264
2023-01-22 17:05:02.000,2023-01-22 17:06:31.000,4.1,1,7.7,0,0,Y,2,0,0.5,1,3.7,2.5,2.5,0,1,1,163,142
2023-01-22 17:29:35.000,2023-01-22 17:30:09.000,0.03,1,8.4,0,1.4,N,1,2,0.5,1,3,0,2.5,0,2,1,249,234
2023-01-22 17:05:19.000,2023-01-22 17:06:10.000,0.2,1,9.24,0,1.54,N,1,1,0.5,1,3.7,0,2.5,0,2,1,239,142
2023-01-22 17:14:51.000,2023-01-22 17:15:53.000,0.3,1,8.7,0,1,N,1,1,0.5,1,3.7,2.5,2.5,0,1,1,249,90
2023-01-22 17:08:25.000,2023-01-22 17:09:55.000,0.37,1,10.08,0,1.68,N,1,2,0.5,1,4.4,0,2.5,0,2,1,142,163
2023-01-22 17:08:15.000,2023-01-22 17:08:17.000,0.14,0,105.6,0,17.6,N,1,2,0,1,87,0,0,0,2,5,170,264
2023-01-22 18:48:12.000,2023-01-22 18:49:32.000,0.3,1,7.7,0,0,N,2,1,0.5,1,3.7,0,2.5,0,2,1,186,164
2023-01-22 18:36:26.000,2023-01-22 18:37:36.000,0.41,1,9.5,0,1.1,N,1,1,0.5,1,4.4,0,2.5,0,2,1,143,239
2023-01-22 18:23:07.000,2023-01-22 18:24:55.000,0.39,1,10.08,0,1.68,N,1,1,0.5,1,4.4,0,2.5,0,2,1,79,137
2023-01-22 18:03:13.000,2023-01-22 18:04:15.000,0.21,1,7.7,0,0,N,4,1,0.5,1,3.7,0,2.5,0,2,1,230,48
2023-01-22 18:22:21.000,2023-01-22 18:22:34.000,0,0,97.56,6.55,19.51,N,1,1,0.5,1,70,0,0,0,2,2,264,132
2023-01-22 18:53:40.000,2023-01-22 18:54:59.000,0.56,1,10.92,0,2.52,N,1,1,0.5,1,4.4,0,2.5,0,2,1,236,75
2023-01-22 18:32:13.000,2023-01-22 18:33:50.000,0.26,1,8.86,0,1.16,N,1,2,0.5,1,3.7,0,2.5,0,2,1,142,239
2023-01-22 18:46:28.000,2023-01-22 18:47:58.000,0.38,1,8.47,0,0.77,N,1,1,0.5,1,3.7,0,2.5,0,2,1,237,236
2023-01-22 18:33:37.000,2023-01-22 18:34:23.000,0.15,1,8.4,0,1.4,N,1,1,0.5,1,3,0,2.5,0,2,1,164,170
2023-01-22 18:18:15.000,2023-01-22 18:18:17.000,0.28,0,79.2,0,13.2,N,1,2,0,1,65,0,0,0,2,5,129,264
2023-01-22 18:54:02.000,2023-01-22 18:55:46.000,0.36,1,10.08,0,1.68,N,1,1,0.5,1,4.4,0,2.5,0,2,1,237,263
2023-01-22 18:30:12.000,2023-01-22 18:31:59.000,0.2,1,5.2,0,0,Y,3,1,0.5,1,3.7,0,0,0,1,1,142,43
2023-01-22 18:49:36.000,2023-01-22 18:50:15.000,0.03,1,7,0,0,N,2,1,0.5,1,3,0,2.5,0,2,1,164,186
2023-01-22 19:51:52.000,2023-01-22 19:52:58.000,0.5,1,6.4,0,0.5,Y,1,2,0.5,1,4.4,0,0,0,1,1,74,75
2023-01-22 19:51:04.000,2023-01-22 19:51:45.000,0.16,0,8.4,0,1.4,N,1,1,0.5,1,3,0,2.5,0,2,1,140,141
2023-01-22 19:14:15.000,2023-01-22 19:15:56.000,0.51,1,10.08,0,1.68,N,1,1,0.5,1,4.4,0,2.5,0,2,1,237,141
2023-01-22 19:14:18.000,2023-01-22 19:15:56.000,0.2,1,8.4,0,0,N,2,1,0.5,1,4.4,2.5,2.5,0,1,1,263,262
2023-01-22 19:38:09.000,2023-01-22 19:39:56.000,0.57,1,10.5,0,2.1,N,1,1,0.5,1,4.4,0,2.5,0,2,1,137,107
2023-01-22 19:15:21.000,2023-01-22 19:16:44.000,0.33,1,7.7,0,0,N,2,2,0.5,1,3.7,0,2.5,0,2,1,48,50
2023-01-22 19:19:36.000,2023-01-22 19:20:30.000,0.16,1,12.24,0,2.04,N,1,3,0.5,1,3.7,5,0,0,2,1,70,138
2023-01-22 19:18:07.000,2023-01-22 19:19:39.000,0.46,1,10.08,0,1.68,N,1,1,0.5,1,4.4,0,2.5,0,2,1,229,233
2023-01-22 19:42:00.000,2023-01-22 19:43:15.000,0.17,1,7.7,0,0,N,1,1,0.5,1,3.7,0,2.5,0,2,1,239,143
2023-01-22 19:58:46.000,2023-01-22 19:59:09.000,0,1,7,0,0,N,4,2,0.5,1,3,0,2.5,0,2,1,48,100
2023-01-22 19:41:26.000,2023-01-22 19:41:36.000,0.12,0,16,0,0,N,2,1,0,1,15,0,0,0,2,5,265,1
2023-01-22 20:57:05.000,2023-01-22 20:58:57.000,0.8,1,12.12,0,2.02,N,1,2,0.5,1,5.1,1,2.5,0,2,1,50,246
2023-01-22 20:00:25.000,2023-01-22 20:01:37.000,0.2,1,8.7,0,0,N,2,1,0.5,1,3.7,3.5,2.5,0,1,1,162,237
2023-01-22 20:15:15.000,2023-01-22 20:15:30.000,0.03,0,5.5,0,0,N,2,1,0.5,1,3,1,0,0,2,1,41,116
2023-01-22 20:39:55.000,2023-01-22 20:39:56.000,0,0,44.4,0,7.4,N,1,1,0,1,36,0,0,0,2,5,75,264
2023-01-22 20:01:33.000,2023-01-22 20:02:52.000,0.37,1,8.7,0,0,N,2,2,0.5,1,3.7,1,2.5,0,2,1,75,236
2023-01-22 20:30:31.000,2023-01-22 20:31:26.000,0.33,1,9.7,0,1,N,1,2,0.5,1,3.7,1,2.5,0,2,1,142,143
2023-01-22 20:02:23.000,2023-01-22 20:02:58.000,0.97,0,14.7,0,0,N,2,1,0.5,1,10.7,2.5,0,0,2,1,264,236
2023-01-22 20:17:33.000,2023-01-22 20:17:36.000,0,0,96.5,0,0,N,1,1,0.5,1,95,0,0,0,2,5,140,264
2023-01-22 20:46:49.000,2023-01-22 20:47:37.000,0.19,1,86.63,0,0.08,N,1,3,0.5,1,82.55,0,2.5,0,2,5,231,13
2023-01-22 21:49:18.000,2023-01-22 21:50:58.000,0.5,1,15.1,0,5,N,1,1,0.5,1,5.1,3.5,2.5,0,1,1,162,170
2023-01-22 21:01:08.000,2023-01-22 21:02:07.000,0,1,12,0,4,N,1,4,0.5,1,3,1,2.5,0,2,1,142,238
2023-01-22 21:03:13.000,2023-01-22 21:03:48.000,0.19,0,10,0,2,N,1,1,0.5,1,3,1,2.5,0,2,1,107,234
2023-01-22 21:01:25.000,2023-01-22 21:02:28.000,0.39,1,10.44,0,1.74,N,1,2,0.5,1,3.7,1,2.5,0,2,1,237,236
2023-01-22 21:07:07.000,2023-01-22 21:08:37.000,0.55,1,9.4,0,0,N,2,1,0.5,1,4.4,1,2.5,0,2,1,239,238
2023-01-22 21:03:02.000,2023-01-22 21:04:40.000,0.56,1,10.4,0,1,N,1,1,0.5,1,4.4,1,2.5,0,2,1,142,48
2023-01-22 21:43:22.000,2023-01-22 21:44:40.000,0.43,1,11.28,0,1.88,N,1,1,0.5,1,4.4,1,2.5,0,2,1,107,137
2023-01-22 21:53:35.000,2023-01-22 21:53:47.000,0.02,0,104.4,0,17.4,N,1,2,0,1,83.5,0,2.5,0,2,5,137,107
2023-01-22 21:13:02.000,2023-01-22 21:14:44.000,0.6,1,12.1,0,2,N,1,3,0.5,1,5.1,3.5,2.5,0,1,1,249,90
2023-01-22 21:14:25.000,2023-01-22 21:14:36.000,0,0,75,0,1,N,1,1,0.5,1,70,0,2.5,0,2,2,148,79
2023-01-22 21:57:35.000,2023-01-22 21:58:29.000,0.37,1,71.5,0,0,N,4,1,0.5,1,70,0,0,0,2,2,43,238
2023-01-22 21:42:15.000,2023-01-22 21:43:26.000,0.43,1,11.75,0,2.35,N,1,1,0.5,1,4.4,1,2.5,0,2,1,236,75
2023-01-22 21:16:03.000,2023-01-22 21:17:42.000,0.14,1,10.44,0,1.74,N,1,5,0.5,1,3.7,1,2.5,0,2,1,48,230
2023-01-22 21:02:14.000,2023-01-22 21:03:24.000,0.41,1,9.4,0,0,N,2,1,0.5,1,4.4,1,2.5,0,2,1,211,114
2023-01-22 22:47:10.000,2023-01-22 22:47:51.000,0.1,0,8,0,0,N,3,0,0.5,1,3,3.5,2.5,0,1,1,114,113
2023-01-22 22:16:01.000,2023-01-22 22:16:43.000,0,0,8,0,0,N,3,1,0.5,1,3,3.5,2.5,0,1,1,161,162
2023-01-22 22:16:16.000,2023-01-22 22:17:19.000,0.42,1,11.28,0,1.88,N,1,1,0.5,1,4.4,1,2.5,0,2,1,262,263
2023-01-22 22:49:36.000,2023-01-22 22:50:46.000,0.51,1,11.28,0,1.88,N,1,1,0.5,1,4.4,1,2.5,0,2,1,186,90
2023-01-22 22:51:14.000,2023-01-22 22:52:25.000,0.5,1,11.25,0,1.85,N,1,1,0.5,1,4.4,3.5,2.5,0,1,1,141,229
2023-01-22 22:04:53.000,2023-01-22 22:05:40.000,0.01,1,10.5,0,0,N,2,1,0.5,1,3,6,0,0,2,1,264,138
2023-01-22 22:36:12.000,2023-01-22 22:37:42.000,0.6,1,12.12,0,2.02,N,1,1,0.5,1,5.1,1,2.5,0,2,1,237,236
2023-01-22 21:59:36.000,2023-01-22 21:59:38.000,0,0,11.08,0,0.08,N,1,1,0,1,10,0,0,0,2,5,173,264
2023-01-22 22:36:13.000,2023-01-22 22:36:16.000,0.04,0,93.5,0,0,N,2,1,0.5,1,92,0,0,0,2,5,100,264
2023-01-22 22:15:00.000,2023-01-22 22:16:56.000,0.61,1,12.62,0,2.52,N,1,2,0.5,1,5.1,1,2.5,0,2,1,186,90
2023-01-22 22:21:09.000,2023-01-22 22:21:11.000,0,0,5.5,0,0,N,3,1,0.5,1,3,1,0,0,2,1,68,264
2023-01-22 22:21:20.000,2023-01-22 22:21:28.000,0,0,13,0,5,N,1,1,0.5,1,3,1,2.5,0,2,1,238,43
2023-01-22 22:09:56.000,2023-01-22 22:10:54.000,0.05,1,8,0,0,N,4,1,0.5,1,3,1,2.5,0,2,1,230,100
2023-01-22 22:00:50.000,2023-01-22 22:00:54.000,1.2,0,8,0,0,N,3,1,0.5,1,3,3.5,2.5,0,1,1,50,48
2023-01-22 22:04:48.000,2023-01-22 22:04:55.000,0,0,74,0,0,N,4,2,0.5,1,70,0,2.5,0,2,2,229,162
2023-01-22 22:32:02.000,2023-01-22 22:33:43.000,0.5,1,9.4,0,0,N,2,1,0.5,1,4.4,1,2.5,0,2,1,141,263
2023-01-22 22:16:19.000,2023-01-22 22:17:55.000,0.64,1,12.1,0,2,N,1,1,0.5,1,5.1,1,2.5,0,2,1,140,262
2023-01-22 22:49:02.000,2023-01-22 22:50:28.000,0.51,1,11.28,0,1.88,N,1,2,0.5,1,4.4,1,2.5,0,2,1,263,141
2023-01-22 22:10:10.000,2023-01-22 22:11:49.000,0.5,1,9.4,0,0,N,2,2,0.5,1,4.4,3.5,2.5,0,1,1,144,231
2023-01-22 22:59:58.000,2023-01-22 23:00:26.000,0.25,1,49,0,0,N,2,4,0,1,48,0,0,0,2,5,28,129
2023-01-22 23:03:25.000,2023-01-22 23:04:27.000,0.02,1,8.7,0,0,N,2,1,0.5,1,3.7,1,2.5,0,2,1,107,234
2023-01-22 23:17:10.000,2023-01-22 23:18:13.000,0.29,1,9.7,0,1,N,1,1,0.5,1,3.7,1,2.5,0,2,1,229,233
2023-01-22 23:59:07.000,2023-01-22 23:59:26.000,0.03,0,5.5,0,0,N,3,1,0.5,1,3,1,0,0,2,1,264,70
2023-01-22 23:24:02.000,2023-01-22 23:25:26.000,0.32,1,10.88,0,2.18,N,1,2,0.5,1,3.7,1,2.5,0,2,1,48,50
2023-01-22 23:25:13.000,2023-01-22 23:26:57.000,0.43,1,6.9,0,0,N,2,2,0.5,1,4.4,1,0,0,2,1,41,74
2023-01-22 23:26:27.000,2023-01-22 23:27:40.000,0.42,1,10.4,0,1,N,1,1,0.5,1,4.4,1,2.5,0,2,1,90,249
2023-01-22 23:54:33.000,2023-01-22 23:55:31.000,0.33,1,12.45,0,0,N,2,1,0.5,1,3.7,6,0,1.25,2,1,138,70
2023-01-23 00:00:25.000,2023-01-23 00:01:55.000,0.27,1,9.7,0,1,N,1,1,0.5,1,3.7,1,2.5,0,2,1,142,163
2023-01-22 23:18:20.000,2023-01-22 23:19:42.000,0.17,1,8.7,0,0,N,2,1,0.5,1,3.7,1,2.5,0,2,1,141,140
2023-01-22 23:59:10.000,2023-01-22 23:59:14.000,0,0,149.4,0,24.9,N,1,3,0.5,1,123,0,0,0,2,5,265,264
2023-01-22 23:27:35.000,2023-01-22 23:27:37.000,0.11,0,94.93,0,10.88,N,1,2,0.5,1,82.55,0,0,0,2,5,162,264
2023-01-22 23:01:38.000,2023-01-22 23:01:44.000,0,0,90,0,15,N,1,2,0,1,74,0,0,0,2,5,54,40
2023-01-22 23:41:41.000,2023-01-22 23:41:49.000,0.09,0,25,0,0,N,2,1,0,1,23,1,0,0,2,3,28,93
2023-01-23 00:32:06.000,2023-01-23 00:33:32.000,0.48,1,11.28,0,1.88,N,1,2,0.5,1,4.4,1,2.5,0,2,1,249,125
2023-01-23 00:36:55.000,2023-01-23 00:37:02.000,0,1,11,0,0,N,1,1,0,1,10,0,0,0,2,5,264,68
2023-01-23 00:15:47.000,2023-01-23 00:15:53.000,0,0,8,0,0,N,2,1,0.5,1,3,1,2.5,0,2,1,186,68
2023-01-23 01:48:49.000,2023-01-23 01:49:26.000,0,1,8,0,0,N,4,1,0.5,1,3,1,2.5,0,2,1,164,100
2023-01-23 01:17:20.000,2023-01-23 01:18:52.000,0.66,1,9.5,0,1.9,N,1,1,0.5,1,5.1,1,0,0,2,1,151,166
2023-01-23 01:34:53.000,2023-01-23 01:35:55.000,0.56,1,9.4,0,0,N,1,1,0.5,1,4.4,1,2.5,0,2,1,239,43
2023-01-07 15:49:45.000,2023-01-07 15:49:48.000,0,0,181.5,0,0,N,1,1,0.5,1,180,0,0,0,2,5,265,264
2023-01-07 15:29:51.000,2023-01-07 15:29:54.000,0,0,114,0,10,N,1,3,0,1,103,0,0,0,2,5,100,264
2023-01-07 15:58:04.000,2023-01-07 15:59:35.000,0.47,1,8.4,0,0,N,2,1,0.5,1,4.4,0,2.5,0,2,1,90,68
2023-01-07 15:49:27.000,2023-01-07 15:49:34.000,0,0,54.5,0,50,N,1,1,0.5,1,3,0,0,0,2,1,196,160
2023-01-07 15:47:53.000,2023-01-07 15:47:56.000,0,0,120.18,0,20.03,N,1,1,0,1,99.15,0,0,0,2,5,227,264
2023-01-07 15:18:50.000,2023-01-07 15:19:46.000,0.18,1,71.5,0,0,N,2,1,0.5,1,70,0,0,0,2,2,167,69
2023-01-07 15:05:49.000,2023-01-07 15:05:52.000,0,0,103.8,0,17.3,N,1,1,0.5,1,85,0,0,0,2,5,238,264
2023-01-07 15:45:27.000,2023-01-07 15:46:11.000,0.19,1,9.8,0,0,N,2,0,0.5,1,5.8,0,2.5,0,2,5,186,68
2023-01-07 16:07:01.000,2023-01-07 16:08:44.000,0.22,1,9.63,0,1.93,N,1,4,0.5,1,3.7,0,2.5,0,2,1,229,141
2023-01-07 16:05:06.000,2023-01-07 16:05:08.000,0,0,74,0,0,N,4,2,0.5,1,70,0,2.5,0,2,2,43,236
2023-01-07 16:21:20.000,2023-01-07 16:22:51.000,0.4,1,9.4,0,1,N,1,2,0.5,1,4.4,2.5,2.5,0,1,1,229,141
2023-01-07 16:09:03.000,2023-01-07 16:09:06.000,0,0,10.6,0,1.2,N,1,0,0.5,1,7.9,0,0,0,2,5,141,264
2023-01-07 16:54:19.000,2023-01-07 16:54:35.000,0,0,103.91,11.55,17.11,N,1,1,0.5,1,70,0,2.5,1.25,2,2,230,161
2023-01-07 16:34:37.000,2023-01-07 16:35:52.000,0.3,1,8.4,0,0,N,2,0,0.5,1,4.4,2.5,2.5,0,1,1,137,233
2023-01-07 16:06:39.000,2023-01-07 16:06:51.000,0.01,0,74,0,0,N,4,1,0.5,1,70,0,2.5,0,2,2,140,141
2023-01-07 16:04:23.000,2023-01-07 16:05:41.000,0.13,1,9.24,0,1.54,N,1,6,0.5,1,3.7,0,2.5,0,2,1,125,249
2023-01-07 16:07:26.000,2023-01-07 16:08:58.000,0.47,1,10.4,0,2,N,1,1,0.5,1,4.4,0,2.5,0,2,1,162,141
2023-01-07 16:18:16.000,2023-01-07 16:19:57.000,0.73,1,10.92,0,1.82,N,1,5,0.5,1,5.1,0,2.5,0,2,1,239,151
2023-01-07 16:04:01.000,2023-01-07 16:04:04.000,0,0,7,0,0,N,4,1,0.5,1,3,2.5,2.5,0,1,1,229,162
2023-01-07 16:48:46.000,2023-01-07 16:49:14.000,0.05,1,99,13.75,10,N,1,1,0.5,1,70,0,2.5,1.25,2,2,140,141
2023-01-07 17:12:41.000,2023-01-07 17:13:49.000,0.27,1,8.7,0,1,N,1,1,0.5,1,3.7,0,2.5,0,2,1,262,263
2023-01-07 17:47:09.000,2023-01-07 17:48:23.000,0.34,1,8.7,0,1,N,1,1,0.5,1,3.7,0,2.5,0,2,1,163,230
2023-01-07 17:10:24.000,2023-01-07 17:11:46.000,0.38,1,8.4,0,0,N,2,1,0.5,1,4.4,0,2.5,0,2,1,142,239
2023-01-07 17:04:10.000,2023-01-07 17:05:55.000,0.3,1,9.66,0,1.26,N,1,1,0.5,1,4.4,2.5,2.5,0,1,1,236,237
2023-01-07 17:39:14.000,2023-01-07 17:39:59.000,0.21,0,7.7,0,0,N,2,1,0.5,1,3.7,0,2.5,0,2,1,237,141
2023-01-07 17:28:55.000,2023-01-07 17:29:28.000,0.13,1,7,0,0,N,3,1,0.5,1,3,0,2.5,0,2,1,140,141
2023-01-07 17:17:06.000,2023-01-07 17:18:07.000,0.39,1,9.24,0,1.54,N,1,1,0.5,1,3.7,0,2.5,0,2,1,161,237
2023-01-07 17:20:17.000,2023-01-07 17:20:20.000,0.13,0,100.2,0,16.7,N,1,1,0.5,1,82,0,0,0,2,5,132,264
2023-01-07 17:03:55.000,2023-01-07 17:03:58.000,0,0,81.5,0,0,N,1,4,0.5,1,80,0,0,0,2,5,132,264
2023-01-07 17:11:11.000,2023-01-07 17:11:54.000,0.4,0,83.05,11.55,0,N,3,3,0.5,1,70,0,0,0,1,2,10,216
2023-01-07 18:23:52.000,2023-01-07 18:24:53.000,0.2,1,9.2,0,1.5,N,1,1,0.5,1,3.7,2.5,2.5,0,1,1,230,163
2023-01-07 18:54:37.000,2023-01-07 18:55:41.000,0.2,1,10.7,0,3,N,1,1,0.5,1,3.7,2.5,2.5,0,1,1,107,137
2023-01-07 18:58:07.000,2023-01-07 18:59:59.000,0.47,1,10.08,0,1.68,N,1,1,0.5,1,4.4,0,2.5,0,2,1,230,142
2023-01-07 18:34:32.000,2023-01-07 18:35:21.000,0.22,1,9.24,0,1.54,N,1,1,0.5,1,3.7,0,2.5,0,2,1,163,237
2023-01-07 18:09:01.000,2023-01-07 18:10:51.000,0.37,1,8.4,0,0,N,2,1,0.5,1,4.4,0,2.5,0,2,1,239,142
2023-01-07 18:20:49.000,2023-01-07 18:21:24.000,0,1,84.5,0,2,N,1,2,0,1,81.5,0,0,0,2,5,100,264
2023-01-07 18:29:09.000,2023-01-07 18:30:18.000,0.25,1,9.24,0,1.54,N,1,5,0.5,1,3.7,0,2.5,0,2,1,100,186
2023-01-07 18:49:06.000,2023-01-07 18:50:50.000,0.44,1,10.08,0,1.68,N,1,6,0.5,1,4.4,0,2.5,0,2,1,229,233
2023-01-07 18:17:24.000,2023-01-07 18:18:48.000,0.53,1,10.08,0,1.68,N,1,1,0.5,1,4.4,0,2.5,0,2,1,236,263
2023-01-07 18:45:28.000,2023-01-07 18:45:36.000,0,0,74,0,0,N,4,1,0.5,1,70,0,2.5,0,2,2,236,43
2023-01-07 18:48:36.000,2023-01-07 18:49:24.000,0.35,1,10.01,0,2.31,N,1,1,0.5,1,3.7,0,2.5,0,2,1,142,239
2023-01-07 18:27:00.000,2023-01-07 18:27:06.000,0,0,5.75,0,0,N,3,1,0.5,1,3,0,0,1.25,2,1,264,132
2023-01-07 18:19:25.000,2023-01-07 18:19:35.000,0,0,24,0,0,N,3,1,0,1,23,0,0,0,2,3,236,43
2023-01-07 19:53:07.000,2023-01-07 19:54:27.000,0.4,1,10.08,0,1.68,N,1,1,0.5,1,4.4,2.5,2.5,0,1,1,237,141
2023-01-07 19:11:36.000,2023-01-07 19:12:46.000,0.33,1,9.24,0,1.54,N,1,3,0.5,1,3.7,0,2.5,0,2,1,239,142
2023-01-07 19:37:40.000,2023-01-07 19:37:56.000,0,0,7,0,0,N,2,1,0.5,1,3,0,2.5,0,2,1,90,234
2023-01-07 19:20:00.000,2023-01-07 19:21:14.000,0.13,1,7.7,0,0,N,2,1,0.5,1,3.7,0,2.5,0,2,1,186,68
2023-01-07 19:55:05.000,2023-01-07 19:56:53.000,0.28,1,8.4,0,0,N,2,1,0.5,1,4.4,0,2.5,0,2,1,263,236
2023-01-07 19:43:53.000,2023-01-07 19:43:57.000,0,0,25.8,0,4.3,N,1,1,0.5,1,20,0,0,0,2,5,233,264
2023-01-07 19:50:23.000,2023-01-07 19:51:52.000,0.18,1,7.7,0,0,N,2,1,0.5,1,3.7,0,2.5,0,2,1,163,230
2023-01-07 19:41:42.000,2023-01-07 19:42:54.000,0.63,1,5.2,0,0,N,4,1,0.5,1,3.7,0,0,0,2,1,264,70
2023-01-07 19:08:38.000,2023-01-07 19:08:41.000,0,0,66.95,0,15.45,N,1,2,0.5,1,50,0,0,0,2,5,265,264
2023-01-07 20:22:32.000,2023-01-07 20:23:33.000,0.25,1,10.88,0,2.18,N,1,2,0.5,1,3.7,1,2.5,0,2,1,107,234
2023-01-07 20:13:39.000,2023-01-07 20:14:33.000,0.03,1,8,0,0,N,4,1,0.5,1,3,1,2.5,0,2,1,170,164
2023-01-07 20:51:07.000,2023-01-07 20:52:50.000,0.5,1,11.75,0,2.35,N,1,2,0.5,1,4.4,3.5,2.5,0,1,1,186,90
2023-01-07 20:06:13.000,2023-01-07 20:06:42.000,0.13,0,8,0,0,N,2,5,0.5,1,3,1,2.5,0,2,1,238,151
2023-01-07 20:16:04.000,2023-01-07 20:17:57.000,0.54,1,12.22,0,2.82,N,1,1,0.5,1,4.4,1,2.5,0,2,1,263,75
2023-01-07 20:14:09.000,2023-01-07 20:14:31.000,0,0,8,0,0,N,3,1,0.5,1,3,3.5,2.5,0,1,1,141,140
2023-01-07 20:32:53.000,2023-01-07 20:32:55.000,0,0,51.25,0,10.25,N,1,1,0,1,40,0,0,0,2,5,50,264
2023-01-07 20:29:01.000,2023-01-07 20:29:29.000,0.03,0,74,0,0,N,4,1,0.5,1,70,0,2.5,0,2,2,249,234
2023-01-07 20:25:13.000,2023-01-07 20:26:10.000,0.44,1,9.66,0,1.26,N,1,1,0.5,1,4.4,0,2.5,0,2,1,236,75
2023-01-07 20:36:11.000,2023-01-07 20:37:21.000,0.11,1,8.7,0,0,N,2,1,0.5,1,3.7,1,2.5,0,2,1,79,107
2023-01-07 20:21:05.000,2023-01-07 20:22:55.000,0.6,1,10.1,0,0,N,2,1,0.5,1,5.1,1,2.5,0,2,1,237,263
2023-01-07 20:44:14.000,2023-01-07 20:45:29.000,0.2,1,9.7,0,1,N,1,1,0.5,1,3.7,3.5,2.5,0,1,1,137,170
2023-01-07 20:50:51.000,2023-01-07 20:50:53.000,0,0,139.91,0,23.32,N,1,2,0.5,1,115.09,0,0,0,2,5,163,230
2023-01-07 20:30:03.000,2023-01-07 20:31:55.000,0.68,1,12.12,0,2.02,N,1,1,0.5,1,5.1,1,2.5,0,2,1,236,75
2023-01-07 21:45:01.000,2023-01-07 21:46:05.000,0.1,1,10.4,0,1.7,N,1,2,0.5,1,3.7,3.5,2.5,0,1,1,237,162
2023-01-07 21:42:02.000,2023-01-07 21:43:22.000,0.2,1,10.44,0,1.74,N,1,1,0.5,1,3.7,1,2.5,0,2,1,161,230
2023-01-07 21:00:07.000,2023-01-07 21:01:45.000,0.53,1,11.28,0,1.88,N,1,1,0.5,1,4.4,1,2.5,0,2,1,229,145
2023-01-07 21:01:24.000,2023-01-07 21:01:30.000,0,0,86.5,0,0,N,1,1,0.5,1,85,0,0,0,2,5,237,236
2023-01-07 21:33:57.000,2023-01-07 21:34:32.000,0.1,1,9.6,0,1.6,N,1,2,0.5,1,3,3.5,2.5,0,1,1,237,162
2023-01-07 21:11:01.000,2023-01-07 21:12:47.000,0.61,1,11.6,0,1.5,N,1,5,0.5,1,5.1,1,2.5,0,2,1,229,141
2023-01-07 21:52:36.000,2023-01-07 21:52:42.000,0.02,0,74,0,0,N,2,1,0.5,1,70,0,2.5,0,2,2,238,239
2023-01-07 21:22:54.000,2023-01-07 21:23:49.000,0,1,8,0,0,N,2,1,0.5,1,3,1,2.5,0,2,1,140,141
2023-01-07 21:23:43.000,2023-01-07 21:23:53.000,0.02,0,74,0,0,N,2,1,0.5,1,70,0,2.5,0,2,2,107,137
2023-01-07 21:35:24.000,2023-01-07 21:36:45.000,0.49,1,11.75,0,2.35,N,1,1,0.5,1,4.4,1,2.5,0,2,1,141,229
2023-01-07 21:59:05.000,2023-01-07 22:00:40.000,0.11,1,10.44,0,1.74,N,1,1,0.5,1,3.7,1,2.5,0,2,1,261,87
2023-01-07 21:38:27.000,2023-01-07 21:38:41.000,0,0,84,0,10,N,1,2,0.5,1,70,0,2.5,0,2,2,264,230
2023-01-07 21:29:02.000,2023-01-07 21:30:43.000,0.39,1,10.6,0,1.2,N,1,1,0.5,1,4.4,1,2.5,0,2,1,170,164
2023-01-07 21:54:01.000,2023-01-07 21:54:07.000,0,0,18.6,0,3.1,N,1,1,0,1,12,0,2.5,0,2,5,246,50
2023-01-07 21:33:44.000,2023-01-07 21:33:47.000,0,0,88.5,0,12,N,1,1,0.5,1,75,0,0,0,2,5,79,264
2023-01-07 22:33:26.000,2023-01-07 22:34:55.000,0.4,1,11.25,0,1.85,N,1,2,0.5,1,4.4,3.5,2.5,0,1,1,229,237
2023-01-07 22:25:01.000,2023-01-07 22:26:57.000,0.4,1,13.4,0,4,N,1,2,0.5,1,4.4,3.5,2.5,0,1,1,236,237
2023-01-07 22:10:23.000,2023-01-07 22:10:26.000,0,0,34,0,0,N,1,1,0,1,33,0,0,0,2,5,80,264
2023-01-07 22:53:37.000,2023-01-07 22:53:41.000,0,0,91,0,10,N,1,1,0,1,80,0,0,0,2,5,163,161
2023-01-07 22:57:01.000,2023-01-07 22:58:59.000,0.39,1,11.28,0,1.88,N,1,3,0.5,1,4.4,1,2.5,0,2,1,141,161
2023-01-07 22:50:02.000,2023-01-07 22:51:58.000,0.74,1,12.12,0,2.02,N,1,1,0.5,1,5.1,1,2.5,0,2,1,162,141
2023-01-07 22:21:58.000,2023-01-07 22:22:02.000,0,1,88.5,0,0,N,2,1,0,1,85,0,2.5,0,2,5,90,234
2023-01-07 22:04:00.000,2023-01-07 22:05:21.000,0.29,1,8.7,0,0,N,2,1,0.5,1,3.7,1,2.5,0,2,1,229,140
2023-01-07 22:04:06.000,2023-01-07 22:05:38.000,0.5,1,11.4,0,2,N,1,1,0.5,1,4.4,3.5,2.5,0,1,1,162,170
2023-01-07 22:47:44.000,2023-01-07 22:47:48.000,0,0,18.5,0,0,N,1,2,0.5,1,17,0,0,0,2,5,263,264
2023-01-07 22:00:06.000,2023-01-07 22:01:08.000,0.12,1,101.94,6.55,20.14,N,1,1,0.5,1,70,0,2.5,1.25,2,2,170,114
2023-01-07 22:20:36.000,2023-01-07 22:21:17.000,0.02,1,8,0,0,N,4,2,0.5,1,3,1,2.5,0,2,1,100,74
2023-01-07 22:06:16.000,2023-01-07 22:06:30.000,0,0,8,0,0,N,3,1,0.5,1,3,3.5,2.5,0,1,1,68,90
2023-01-07 22:41:12.000,2023-01-07 22:42:57.000,0.61,1,12.12,0,2.02,N,1,1,0.5,1,5.1,1,2.5,0,2,1,237,236
2023-01-07 22:42:44.000,2023-01-07 22:43:57.000,0.3,1,10.4,0,1.7,N,1,0,0.5,1,3.7,3.5,2.5,0,1,1,249,90
2023-01-07 22:59:25.000,2023-01-07 23:00:27.000,0.38,1,11.28,0,1.88,N,1,3,0.5,1,4.4,1,2.5,0,2,1,263,141
2023-01-07 22:34:19.000,2023-01-07 22:35:23.000,0.26,1,12.32,0,1.12,N,1,1,0.5,1,3.7,6,0,0,2,1,70,138
2023-01-07 22:41:19.000,2023-01-07 22:42:59.000,0.53,1,10.4,0,1,N,1,2,0.5,1,4.4,1,2.5,0,2,1,239,142
2023-01-07 23:26:42.000,2023-01-07 23:27:53.000,0.43,1,11.28,0,1.88,N,1,5,0.5,1,4.4,1,2.5,0,2,1,239,142
2023-01-07 23:49:05.000,2023-01-07 23:50:38.000,0.32,1,8.7,0,0,N,1,1,0.5,1,3.7,1,2.5,0,2,1,48,50
2023-01-29 16:58:31.000,2023-01-29 16:59:56.000,0.34,1,9,0,1.3,N,1,2,0.5,1,3.7,0,2.5,0,2,1,233,162
2023-01-29 16:08:31.000,2023-01-29 16:09:58.000,0.52,1,10.4,0,2,N,1,1,0.5,1,4.4,0,2.5,0,2,1,238,151
2023-01-29 16:17:03.000,2023-01-29 16:17:09.000,0,0,7,0,0,N,2,1,0.5,1,3,0,2.5,0,2,1,164,161
2023-01-29 16:02:38.000,2023-01-29 16:03:37.000,0,1,13.3,0,0,N,3,1,0,1,9.8,0,2.5,0,2,5,143,239
2023-01-29 16:16:08.000,2023-01-29 16:16:14.000,0,0,7,0,0,N,3,0,0.5,1,3,2.5,2.5,0,1,1,158,249
2023-01-29 16:01:09.000,2023-01-29 16:01:59.000,0.1,0,7,0,0,N,4,1,0.5,1,3,0,2.5,0,2,1,164,170
2023-01-29 16:07:02.000,2023-01-29 16:08:41.000,0.11,1,7.7,0,0,N,4,1,0.5,1,3.7,0,2.5,0,2,1,43,163
2023-01-29 16:17:29.000,2023-01-29 16:18:56.000,0.46,1,10.08,0,1.68,N,1,2,0.5,1,4.4,0,2.5,0,2,1,114,79
2023-01-29 16:53:46.000,2023-01-29 16:54:45.000,0.34,1,9,0,1.3,N,1,1,0.5,1,3.7,0,2.5,0,2,1,237,141
2023-01-29 16:50:19.000,2023-01-29 16:51:49.000,0.1,1,9.2,0,1.5,N,1,1,0.5,1,3.7,2.5,2.5,0,1,1,236,263
2023-01-29 17:52:48.000,2023-01-29 17:53:26.000,0.05,1,7,0,0,N,1,1,0.5,1,3,0,2.5,0,2,1,234,164
2023-01-29 17:13:15.000,2023-01-29 17:14:03.000,0.1,1,9.5,0,0,N,3,0,0.5,1,3,5,0,0,1,1,70,138
2023-01-29 17:56:29.000,2023-01-29 17:57:12.000,0.19,1,89.3,0,7.5,N,1,1,0,1,78.3,0,2.5,0,2,5,161,162
2023-01-29 17:36:08.000,2023-01-29 17:37:19.000,0.22,1,7.7,0,0,N,2,1,0.5,1,3.7,0,2.5,0,2,1,142,239
2023-01-29 17:07:09.000,2023-01-29 17:08:52.000,0.2,1,7.7,0,0,Y,2,1,0.5,1,3.7,2.5,2.5,0,1,1,237,141
2023-01-29 17:06:13.000,2023-01-29 17:07:45.000,0.4,1,8.4,0,0,N,2,1,0.5,1,4.4,2.5,2.5,0,1,1,233,137
2023-01-29 17:27:06.000,2023-01-29 17:28:56.000,0.52,1,10.08,0,1.68,N,1,1,0.5,1,4.4,0,2.5,0,2,1,163,230
2023-01-29 17:03:11.000,2023-01-29 17:04:53.000,0.49,1,10.08,0,1.68,N,1,1,0.5,1,4.4,0,2.5,0,2,1,140,262
2023-01-29 17:57:22.000,2023-01-29 17:57:40.000,0.07,0,93.66,6.55,15.61,N,1,1,0.5,1,70,0,0,0,2,2,197,216
2023-01-29 17:31:36.000,2023-01-29 17:32:57.000,0.2,1,7.7,0,0,N,2,1,0.5,1,3.7,2.5,2.5,0,1,1,141,140
2023-01-29 18:42:13.000,2023-01-29 18:43:57.000,0.75,1,10.92,0,1.82,N,1,1,0.5,1,5.1,0,2.5,0,2,1,151,239
2023-01-29 18:12:11.000,2023-01-29 18:13:32.000,0.4,1,9.24,0,1.54,N,1,1,0.5,1,3.7,0,2.5,0,2,1,90,249
2023-01-29 18:00:45.000,2023-01-29 18:01:50.000,0.45,1,10.08,0,1.68,N,1,1,0.5,1,4.4,0,2.5,0,2,1,140,262
2023-01-29 18:25:11.000,2023-01-29 18:26:30.000,0.32,1,7.7,0,0,N,2,1,0.5,1,3.7,0,2.5,0,2,1,236,237
2023-01-29 18:09:12.000,2023-01-29 18:09:23.000,0,0,74,0,0,N,4,2,0.5,1,70,0,2.5,0,2,2,234,107
2023-01-29 18:45:56.000,2023-01-29 18:46:21.000,0.02,1,7,0,0,N,2,2,0.5,1,3,0,2.5,0,2,1,161,230
2023-01-29 18:33:29.000,2023-01-29 18:33:42.000,0.04,0,7,0,0,N,3,5,0.5,1,3,0,2.5,0,2,1,100,164
2023-01-29 18:39:23.000,2023-01-29 18:39:39.000,0,0,13,0,1.5,N,1,1,0,1,10.5,0,0,0,2,5,264,48
2023-01-29 18:23:46.000,2023-01-29 18:23:54.000,0,0,17,0,10,N,1,1,0.5,1,3,0,2.5,0,2,1,163,162
2023-01-29 18:47:27.000,2023-01-29 18:48:57.000,0.24,1,5.2,0,0,N,1,2,0.5,1,3.7,0,0,0,2,1,24,151
2023-01-29 18:30:11.000,2023-01-29 18:31:02.000,0.3,1,8.7,0,1,N,1,1,0.5,1,3.7,2.5,2.5,0,1,1,164,234
2023-01-29 17:06:17.000,2023-01-29 17:07:54.000,0.26,1,9.24,0,1.54,N,1,1,0.5,1,3.7,0,2.5,0,2,1,230,161
2023-01-29 18:09:09.000,2023-01-29 18:09:12.000,0,0,85.02,0,0,N,2,2,0.5,1,83.52,0,0,0,2,5,230,264
2023-01-29 19:19:03.000,2023-01-29 19:20:47.000,0.61,1,10.6,0,1.5,N,1,1,0.5,1,5.1,0,2.5,0,2,1,229,233
2023-01-29 19:04:16.000,2023-01-29 19:04:19.000,0,0,19.5,0,1,N,1,1,0.5,1,17,0,0,0,2,5,170,264
2023-01-29 20:01:02.000,2023-01-29 20:02:50.000,0,1,205.2,0,34.2,N,1,1,0,1,170,0,0,0,2,5,265,264
2023-01-29 19:51:38.000,2023-01-29 19:52:59.000,0.5,1,10.08,0,1.68,N,1,5,0.5,1,4.4,0,2.5,0,2,1,229,233
2023-01-29 19:45:34.000,2023-01-29 19:46:42.000,0.22,1,5.2,0,0,N,2,1,0.5,1,3.7,0,0,0,2,1,24,151
2023-01-29 19:06:53.000,2023-01-29 19:07:03.000,10.4,1,9.5,0,0,Y,3,1,0.5,1,3,5,0,0,1,1,70,138
2023-01-29 19:36:05.000,2023-01-29 19:36:07.000,0,0,39.3,0,0,N,1,1,0,0.3,39,0,0,0,2,5,76,264
2023-01-29 19:27:14.000,2023-01-29 19:27:27.000,0,0,9.5,0,0,N,3,1,0.5,1,3,5,0,0,1,1,70,138
2023-01-29 19:30:06.000,2023-01-29 19:31:54.000,0.37,1,10.5,0,2.1,N,1,1,0.5,1,4.4,0,2.5,0,2,1,236,75
2023-01-29 19:13:46.000,2023-01-29 19:13:51.000,0,0,89.5,0,85,N,1,1,0.5,1,3,0,0,0,1,1,265,264
2023-01-29 19:11:47.000,2023-01-29 19:12:08.000,0.01,1,12,0,0,N,4,1,0.5,1,3,5,2.5,0,2,1,264,138
2023-01-29 19:06:38.000,2023-01-29 19:07:27.000,0.4,1,10.08,0,1.68,N,1,1,0.5,1,4.4,0,2.5,0,2,1,141,229
2023-01-29 19:32:51.000,2023-01-29 19:33:52.000,0.1,1,10.2,0,0,N,3,1,0.5,1,3.7,5,0,0,1,1,70,138
2023-01-29 19:52:46.000,2023-01-29 19:53:35.000,0.02,1,8.4,0,1.4,N,1,1,0.5,1,3,0,2.5,0,2,1,143,142
2023-01-29 20:36:02.000,2023-01-29 20:37:56.000,0.55,1,9.4,0,0,N,2,1,0.5,1,4.4,1,2.5,0,2,1,170,234
2023-01-29 20:49:22.000,2023-01-29 20:49:42.000,0,0,8,0,0,N,3,1,0.5,1,3,3.5,2.5,0,1,1,100,230
2023-01-29 20:19:29.000,2023-01-29 20:20:52.000,0.54,1,10.4,0,1,N,1,1,0.5,1,4.4,1,2.5,0,2,1,233,137
2023-01-29 20:54:38.000,2023-01-29 20:54:47.000,0.01,0,75.25,0,0,N,4,1,0.5,1,70,0,2.5,1.25,2,2,264,132
2023-01-29 20:18:11.000,2023-01-29 20:19:40.000,0.57,1,8.28,0,1.38,N,1,1,0.5,1,4.4,1,0,0,2,1,238,43
2023-01-29 20:46:20.000,2023-01-29 20:47:41.000,0,1,241.51,0,0.01,N,1,1,0.5,1,240,0,0,0,2,5,142,264
2023-01-29 20:49:22.000,2023-01-29 20:50:37.000,0.4,1,12.2,0,2.8,N,1,1,0.5,1,4.4,3.5,2.5,0,1,1,238,239
2023-01-29 20:28:00.000,2023-01-29 20:29:34.000,0.57,1,11.28,0,1.88,N,1,1,0.5,1,4.4,1,2.5,0,2,1,238,151
2023-01-29 20:08:08.000,2023-01-29 20:09:14.000,0.31,1,7.7,0,0,N,2,1,0.5,1,3.7,0,2.5,0,2,1,100,48
2023-01-29 20:38:52.000,2023-01-29 20:39:55.000,0.14,1,8.7,0,0,N,3,1,0.5,1,3.7,1,2.5,0,2,1,162,161
2023-01-29 20:46:21.000,2023-01-29 20:47:59.000,0.5,1,11.75,0,2.35,N,1,1,0.5,1,4.4,3.5,2.5,0,1,1,141,229
2023-01-29 21:22:05.000,2023-01-29 21:22:17.000,0.05,0,31.25,0,0,N,2,1,0,1,23,6,0,1.25,2,3,264,138
2023-01-29 21:15:00.000,2023-01-29 21:16:43.000,0.59,1,12.12,0,2.02,N,1,1,0.5,1,5.1,1,2.5,0,2,1,237,162
2023-01-29 21:57:07.000,2023-01-29 21:58:38.000,0.3,1,10.4,0,1.7,N,1,1,0.5,1,3.7,3.5,2.5,0,1,1,239,238
2023-01-29 21:11:56.000,2023-01-29 21:12:53.000,0.2,1,8.7,0,0,N,1,1,0.5,1,3.7,3.5,2.5,0,1,1,100,186
2023-01-29 21:46:01.000,2023-01-29 21:47:49.000,0.33,1,9.4,0,0,N,2,2,0.5,1,4.4,1,2.5,0,2,1,142,239
2023-01-29 21:48:37.000,2023-01-29 21:48:51.000,0.03,0,14.25,0,0,N,4,1,0.5,1,3,6,2.5,1.25,2,1,264,138
2023-01-29 21:52:15.000,2023-01-29 21:53:31.000,0.49,1,11.28,0,1.88,N,1,2,0.5,1,4.4,1,2.5,0,2,1,79,107
2023-01-29 21:37:14.000,2023-01-29 21:38:58.000,0.66,1,13.13,0,3.03,N,1,1,0.5,1,5.1,1,2.5,0,2,1,237,141
2023-01-29 21:32:53.000,2023-01-29 21:33:53.000,0.3,1,8.7,0,0,N,1,2,0.5,1,3.7,3.5,2.5,0,1,1,148,79
2023-01-29 21:31:29.000,2023-01-29 21:31:35.000,0,0,61,0,0,N,1,1,0,1,60,0,0,0,2,5,220,200
2023-01-29 21:30:01.000,2023-01-29 21:30:09.000,0,0,98.5,0,0,N,4,1,0,1,95,0,2.5,0,2,5,249,232
2023-01-29 21:44:40.000,2023-01-29 21:44:43.000,0,0,96.5,0,14,N,1,1,0.5,1,81,0,0,0,2,5,239,264
2023-01-29 21:33:55.000,2023-01-29 21:34:00.000,0,1,8,0,0,N,2,1,0.5,1,3,1,2.5,0,2,1,230,48
2023-01-29 21:03:22.000,2023-01-29 21:03:31.000,0.01,0,14.25,0,0,N,4,1,0.5,1,3,6,2.5,1.25,2,1,264,138
2023-01-29 21:51:13.000,2023-01-29 21:52:34.000,0.14,1,8.7,0,0,N,2,1,0.5,1,3.7,1,2.5,0,2,1,125,231
2023-01-29 22:42:08.000,2023-01-29 22:43:53.000,0.2,1,9.7,0,1,N,1,1,0.5,1,3.7,3.5,2.5,0,1,1,234,107
2023-01-29 22:37:05.000,2023-01-29 22:38:38.000,0.55,1,11.28,0,1.88,N,1,6,0.5,1,4.4,1,2.5,0,2,1,140,263
2023-01-29 22:54:11.000,2023-01-29 22:55:49.000,0.59,1,11.28,0,1.88,N,1,1,0.5,1,4.4,1,2.5,0,2,1,125,113
2023-01-29 22:32:57.000,2023-01-29 22:33:39.000,0.04,1,8,0,0,N,4,1,0.5,1,3,1,2.5,0,2,1,137,233
2023-01-29 22:01:25.000,2023-01-29 22:01:36.000,0,0,9.6,0,1.6,N,1,1,0.5,1,3,1,2.5,0,2,1,107,137
2023-01-29 22:44:23.000,2023-01-29 22:45:59.000,0.27,1,9.4,0,0,N,2,1,0.5,1,4.4,1,2.5,0,2,1,141,162
2023-01-29 22:49:53.000,2023-01-29 22:49:56.000,0,0,25.8,0,4.3,N,1,1,0.5,1,20,0,0,0,2,5,233,264
2023-01-29 23:28:08.000,2023-01-29 23:29:11.000,0.11,1,5.5,0,0,N,2,1,0.5,1,3,1,0,0,2,1,244,152
2023-01-29 23:20:36.000,2023-01-29 23:20:47.000,0.06,0,90.55,6.55,10,N,1,1,0.5,1,70,0,2.5,0,2,2,100,186
2023-01-29 22:59:49.000,2023-01-29 23:00:45.000,0.37,1,10.44,0,1.74,N,1,1,0.5,1,3.7,1,2.5,0,2,1,236,263
2023-01-29 23:32:05.000,2023-01-29 23:33:48.000,0.69,1,11.1,0,1,N,1,1,0.5,1,5.1,1,2.5,0,2,1,236,75
2023-01-29 23:26:02.000,2023-01-29 23:27:46.000,0.61,1,11.1,0,1,N,1,1,0.5,1,5.1,1,2.5,0,2,1,107,137
2023-01-29 23:30:07.000,2023-01-29 23:30:17.000,0,0,89,0,0,N,2,1,0,1,85.5,0,2.5,0,2,5,100,68
2023-01-29 23:27:56.000,2023-01-29 23:28:20.000,0,1,102,0,17,N,1,1,0,1,84,0,0,0,1,5,100,68
2023-01-29 23:59:21.000,2023-01-30 00:00:26.000,0.3,1,10.44,0,1.74,N,1,1,0.5,1,3.7,1,2.5,0,2,1,100,186
2023-01-30 00:52:43.000,2023-01-30 00:53:02.000,0,1,10.5,0,0,N,2,3,0.5,1,3,6,0,0,2,1,264,138
2023-01-30 00:32:17.000,2023-01-30 00:33:57.000,0.62,1,12.12,0,2.02,N,1,2,0.5,1,5.1,1,2.5,0,2,1,239,142
2023-01-30 00:23:43.000,2023-01-30 00:24:21.000,0.14,1,8,0,0,N,2,1,0.5,1,3,1,2.5,0,2,1,233,162
2023-01-30 00:14:02.000,2023-01-30 00:14:55.000,0,0,39.5,0,0,N,2,4,0,1,36,0,2.5,0,2,5,186,68
2023-01-30 01:06:18.000,2023-01-30 01:07:56.000,0.35,1,10.4,0,1,N,1,1,0.5,1,4.4,1,2.5,0,2,1,48,163
2023-01-30 01:49:18.000,2023-01-30 01:50:40.000,0.53,1,10.4,0,1,N,1,1,0.5,1,4.4,1,2.5,0,2,1,233,137
2023-01-30 01:00:00.000,2023-01-30 01:01:24.000,0.3,1,9.4,0,0,N,1,1,0.5,1,4.4,3.5,2.5,0,1,1,90,186
2023-01-30 01:29:40.000,2023-01-30 01:30:53.000,0.22,1,6.2,0,0,N,2,1,0.5,1,3.7,1,0,0,2,1,62,188
2023-01-30 02:21:02.000,2023-01-30 02:22:19.000,0.55,1,10.4,0,1,N,1,1,0.5,1,4.4,1,2.5,0,2,1,186,100
2023-01-30 03:37:20.000,2023-01-30 03:38:54.000,0.4,1,12.2,0,2.8,N,1,1,0.5,1,4.4,3.5,2.5,0,1,1,141,236
2023-01-30 03:56:16.000,2023-01-30 03:57:54.000,0.4,1,10.44,0,1.74,N,1,1,0.5,0.3,4.4,1,2.5,0,2,1,141,237
2023-01-30 03:49:29.000,2023-01-30 03:49:48.000,0,0,8,0,0,N,4,1,0.5,1,3,1,2.5,0,2,1,48,50
2023-01-30 04:15:05.000,2023-01-30 04:15:11.000,0.01,0,8,0,0,N,4,1,0.5,1,3,1,2.5,0,2,1,137,233
2023-01-15 15:39:44.000,2023-01-15 15:40:20.000,0.12,1,7,0,0,N,4,2,0.5,1,3,0,2.5,0,2,1,90,234
2023-01-15 15:50:27.000,2023-01-15 15:50:30.000,0,0,157.04,0,36.24,N,1,1,0.5,1,119.3,0,0,0,2,5,1,264
2023-01-15 15:46:28.000,2023-01-15 15:46:36.000,2.07,0,22.4,0,0,N,2,1,0.5,1,18.4,0,2.5,0,2,1,249,161
2023-01-15 16:27:35.000,2023-01-15 16:28:14.000,0.18,1,102.71,6.55,23.41,N,1,1,0.5,1,70,0,0,1.25,2,2,236,237
2023-01-15 16:28:13.000,2023-01-15 16:28:19.000,0,0,29.4,0,4.9,N,1,1,0,1,21,0,2.5,0,2,5,162,233
2023-01-15 16:41:30.000,2023-01-15 16:42:55.000,0.3,1,9.24,0,1.54,N,1,2,0.5,1,3.7,0,2.5,0,2,1,148,79
2023-01-15 16:51:11.000,2023-01-15 16:52:48.000,0.53,1,10.08,0,1.68,N,1,1,0.5,1,4.4,0,2.5,0,2,1,140,262
2023-01-15 16:43:07.000,2023-01-15 16:44:39.000,0.4,1,10.08,0,1.68,Y,1,2,0.5,1,4.4,0,2.5,0,2,1,239,238
2023-01-15 16:15:28.000,2023-01-15 16:15:56.000,0.12,0,7.5,0,0.5,N,1,1,0.5,1,3,0,2.5,0,2,1,170,161
2023-01-15 16:39:42.000,2023-01-15 16:40:23.000,0.1,1,7,0,0,N,2,3,0.5,1,3,2.5,2.5,0,1,1,230,163
2023-01-15 16:10:08.000,2023-01-15 16:10:57.000,0,0,7,0,0,N,4,1,0.5,1,3,2.5,2.5,0,1,1,230,161
2023-01-15 16:36:41.000,2023-01-15 16:37:57.000,0.22,1,7.7,0,0,N,2,1,0.5,1,3.7,0,2.5,0,2,1,233,170
2023-01-15 16:43:01.000,2023-01-15 16:44:43.000,0.22,1,8.4,0,0,N,2,1,0.5,1,4.4,0,2.5,0,2,1,230,100
2023-01-15 16:44:45.000,2023-01-15 16:45:34.000,0.12,1,9.1,0,2.1,N,1,1,0.5,1,3,0,2.5,0,2,1,264,90
2023-01-15 16:30:20.000,2023-01-15 16:31:37.000,0.24,1,9.24,0,1.54,N,1,1,0.5,1,3.7,0,2.5,0,2,1,100,186
2023-01-15 16:57:24.000,2023-01-15 16:57:27.000,0,0,13.5,0,2.7,N,1,0,0.5,1,9.3,0,0,0,2,5,43,264
2023-01-15 16:07:00.000,2023-01-15 16:07:02.000,0,0,99,0,16.5,N,1,1,0.5,1,81,0,0,0,2,5,144,264
2023-01-15 16:14:10.000,2023-01-15 16:14:17.000,0.07,0,13.2,0,2.2,N,1,1,0,1,10,0,0,0,2,5,93,138
2023-01-15 16:13:33.000,2023-01-15 16:13:39.000,0,0,74,0,0,N,2,1,0.5,1,70,0,2.5,0,2,2,230,48
2023-01-15 16:53:13.000,2023-01-15 16:53:16.000,0,0,98,0,10,N,1,1,0,1,87,0,0,0,2,5,48,264
2023-01-15 17:55:54.000,2023-01-15 17:56:05.000,16.5,1,9.5,0,0,N,3,2,0.5,1,3,5,0,0,1,1,70,138
2023-01-15 17:51:31.000,2023-01-15 17:52:48.000,0.38,1,9.24,0,1.54,N,1,1,0.5,1,3.7,0,2.5,0,2,1,249,90
2023-01-15 17:57:17.000,2023-01-15 17:58:47.000,0.49,1,10.08,0,1.68,N,1,2,0.5,1,4.4,0,2.5,0,2,1,236,237
2023-01-15 17:33:11.000,2023-01-15 17:34:29.000,0.43,1,8.4,0,0,N,2,3,0.5,1,4.4,0,2.5,0,2,1,164,170
2023-01-15 17:50:03.000,2023-01-15 17:51:41.000,0.26,1,10.92,0,2.52,N,1,1,0.5,1,4.4,0,2.5,0,2,1,140,141
2023-01-15 17:50:04.000,2023-01-15 17:51:45.000,0.58,1,8.4,0,0,N,2,3,0.5,1,4.4,0,2.5,0,2,1,141,237
2023-01-15 17:46:28.000,2023-01-15 17:46:58.000,0,0,91.8,0,10,N,1,3,0,1,78.3,0,2.5,0,2,5,234,90
2023-01-15 17:00:26.000,2023-01-15 17:01:38.000,0.33,1,7.7,0,0,N,2,1,0.5,1,3.7,0,2.5,0,2,1,90,186
2023-01-15 17:54:33.000,2023-01-15 17:55:52.000,0.4,1,10.05,0,1.65,N,1,1,0.5,1,4.4,2.5,2.5,0,1,1,238,239
2023-01-15 16:54:23.000,2023-01-15 16:54:25.000,0.02,0,106.2,0,17.7,N,1,2,0.5,1,87,0,0,0,2,5,261,264
2023-01-15 17:03:06.000,2023-01-15 17:03:11.000,0,0,21.61,0,1.11,N,1,1,0,1,17,0,2.5,0,2,5,100,186
2023-01-15 17:01:18.000,2023-01-15 17:02:42.000,0.35,1,10.08,0,1.68,N,1,1,0.5,1,4.4,0,2.5,0,2,1,142,239
2023-01-15 17:30:06.000,2023-01-15 17:31:44.000,0.54,1,10.08,0,1.68,N,1,1,0.5,1,4.4,0,2.5,0,2,1,236,263
2023-01-15 17:07:19.000,2023-01-15 17:08:19.000,0.31,1,9.24,0,1.54,N,1,1,0.5,1,3.7,0,2.5,0,2,1,263,140
2023-01-15 17:49:10.000,2023-01-15 17:50:48.000,0.1,1,9.2,0,1.5,N,1,1,0.5,1,3.7,2.5,2.5,0,1,1,162,161
2023-01-15 17:14:00.000,2023-01-15 17:15:18.000,0.4,1,10.08,0,1.68,N,1,1,0.5,1,4.4,0,2.5,0,2,1,79,107
2023-01-15 17:49:31.000,2023-01-15 17:49:38.000,0,0,112.2,0,18.7,N,1,1,0,1,90,0,2.5,0,2,5,234,90
2023-01-15 18:41:36.000,2023-01-15 18:42:57.000,0.39,1,7.7,0,0,N,2,2,0.5,1,3.7,0,2.5,0,2,1,90,186
2023-01-15 18:24:51.000,2023-01-15 18:25:17.000,0.03,1,4.5,0,0,N,4,1,0.5,1,3,0,0,0,2,1,264,138
2023-01-15 18:22:25.000,2023-01-15 18:23:30.000,0.37,1,5.2,0,0,N,2,1,0.5,1,3.7,0,0,0,2,1,41,43
2023-01-15 18:05:28.000,2023-01-15 18:06:45.000,0.23,1,9.63,0,1.93,N,1,1,0.5,1,3.7,0,2.5,0,2,1,151,238
2023-01-15 18:00:23.000,2023-01-15 18:01:23.000,0.29,1,9.63,0,1.93,N,1,1,0.5,1,3.7,0,2.5,0,2,1,229,233
2023-01-15 18:13:59.000,2023-01-15 18:14:57.000,0.2,1,9.24,0,1.54,N,1,1,0.5,1,3.7,0,2.5,0,2,1,161,163
2023-01-15 18:39:09.000,2023-01-15 18:39:39.000,0.19,0,90,0,6,N,1,8,0.5,1,80,0,2.5,0,2,5,141,237
2023-01-15 18:07:12.000,2023-01-15 18:08:54.000,0.42,1,10.08,0,1.68,N,1,1,0.5,1,4.4,0,2.5,0,2,1,141,263
2023-01-15 18:21:33.000,2023-01-15 18:22:58.000,0.46,1,10.5,0,2.1,N,1,1,0.5,1,4.4,0,2.5,0,2,1,263,141
2023-01-15 18:43:11.000,2023-01-15 18:44:25.000,0.29,1,7.7,0,0,N,2,1,0.5,1,3.7,0,2.5,0,2,1,143,239
2023-01-15 18:50:36.000,2023-01-15 18:50:55.000,0,0,28.5,0,0,N,1,4,0,1,25,0,2.5,0,2,5,263,236
2023-01-15 18:47:01.000,2023-01-15 18:48:48.000,0.23,1,9.24,0,1.54,N,1,1,0.5,1,3.7,0,2.5,0,2,1,170,164
2023-01-15 18:15:56.000,2023-01-15 18:15:58.000,0,0,85.35,0,8.85,N,1,1,0.5,1,75,0,0,0,2,5,181,264
2023-01-15 18:14:33.000,2023-01-15 18:14:36.000,0,0,4.5,0,0,N,2,2,0.5,1,3,0,0,0,2,1,43,264
2023-01-15 19:34:22.000,2023-01-15 19:35:44.000,0.1,1,9.24,0,1.54,N,1,1,0.5,1,3.7,0,2.5,0,2,1,43,142
2023-01-15 19:04:14.000,2023-01-15 19:05:57.000,0.46,1,10.4,0,2,N,1,4,0.5,1,4.4,0,2.5,0,2,1,48,68
2023-01-15 19:59:32.000,2023-01-15 20:00:06.000,0.04,1,74,0,0,N,2,1,0.5,1,70,0,2.5,0,2,2,186,100
2023-01-15 19:39:04.000,2023-01-15 19:39:07.000,0,0,14.95,0,3.45,N,1,2,0.5,1,10,0,0,0,2,5,41,264
2023-01-15 19:13:05.000,2023-01-15 19:14:23.000,0.45,1,9.66,0,1.26,N,1,1,0.5,1,4.4,0,2.5,0,2,1,229,233
2023-01-15 19:17:19.000,2023-01-15 19:18:47.000,0.26,1,9.24,0,1.54,N,1,1,0.5,1,3.7,0,2.5,0,2,1,142,239
2023-01-15 19:09:40.000,2023-01-15 19:10:31.000,0.23,1,7.7,0,0,N,2,2,0.5,1,3.7,0,2.5,0,2,1,246,48
2023-01-15 19:04:24.000,2023-01-15 19:05:58.000,0.48,1,10.08,0,1.68,N,1,5,0.5,1,4.4,0,2.5,0,2,1,236,75
2023-01-15 19:52:31.000,2023-01-15 19:52:55.000,0.12,0,96.66,6.55,16.11,N,1,1,0.5,1,70,0,2.5,0,2,2,234,90
2023-01-15 19:26:22.000,2023-01-15 19:27:40.000,0.31,1,9.24,0,1.54,N,1,1,0.5,1,3.7,0,2.5,0,2,1,68,246
2023-01-15 19:38:00.000,2023-01-15 19:39:17.000,0.2,1,7.7,0,0,N,3,2,0.5,1,3.7,2.5,2.5,0,1,1,107,79
2023-01-15 19:04:21.000,2023-01-15 19:05:11.000,0.25,1,9.62,0,1.92,N,1,1,0.5,1,3.7,0,2.5,0,2,1,229,233
2023-01-15 19:16:05.000,2023-01-15 19:17:42.000,0.56,1,10.08,0,1.68,N,1,1,0.5,1,4.4,0,2.5,0,2,1,238,239
2023-01-15 20:56:30.000,2023-01-15 20:57:30.000,0.3,1,9.7,0,1,N,1,1,0.5,1,3.7,1,2.5,0,2,1,246,50
2023-01-15 20:11:10.000,2023-01-15 20:12:33.000,0.5,1,11.25,0,1.85,N,1,1,0.5,1,4.4,3.5,2.5,0,1,1,229,141
2023-01-15 20:47:00.000,2023-01-15 20:48:48.000,0.68,1,11.2,0,1.1,N,1,1,0.5,1,5.1,1,2.5,0,2,1,140,263
2023-01-15 20:30:10.000,2023-01-15 20:31:57.000,0.52,1,11.4,0,2,N,1,2,0.5,1,4.4,1,2.5,0,2,1,239,238
2023-01-15 20:31:07.000,2023-01-15 20:32:59.000,0.46,1,11.28,0,1.88,N,1,5,0.5,1,4.4,1,2.5,0,2,1,143,239
2023-01-15 20:53:08.000,2023-01-15 20:53:28.000,0,0,27.5,0,0,N,1,1,0,1,24,0,2.5,0,2,5,142,43
2023-01-15 20:23:07.000,2023-01-15 20:24:55.000,0.65,1,13.13,0,3.03,N,1,1,0.5,1,5.1,1,2.5,0,2,1,237,236
2023-01-15 20:01:33.000,2023-01-15 20:02:11.000,0.02,1,7,0,0,N,4,2,0.5,1,3,0,2.5,0,2,1,230,163
2023-01-15 20:29:22.000,2023-01-15 20:30:45.000,0.2,1,85.55,6.55,5,N,1,1,0.5,1,70,2.5,2.5,0,1,2,75,263
2023-01-15 20:40:04.000,2023-01-15 20:41:51.000,0.2,1,9.4,0,0,N,2,3,0.5,1,4.4,3.5,2.5,0,1,1,234,164
2023-01-15 20:19:25.000,2023-01-15 20:19:28.000,0,0,121.5,0,30,N,1,1,0.5,1,90,0,0,0,2,5,186,264
2023-01-15 20:49:02.000,2023-01-15 20:50:38.000,0.5,1,11.4,0,2,N,1,1,0.5,1,4.4,3.5,2.5,0,1,1,262,263
2023-01-15 20:38:04.000,2023-01-15 20:38:37.000,0,0,8,0,0,N,2,1,0.5,1,3,1,2.5,0,2,1,263,236
2023-01-15 20:00:25.000,2023-01-15 20:01:24.000,0.2,1,10.4,0,1.7,N,1,2,0.5,1,3.7,3.5,2.5,0,1,1,186,90
2023-01-15 20:17:03.000,2023-01-15 20:18:53.000,0.2,1,8.7,0,0,N,2,1,0.5,1,3.7,3.5,2.5,0,1,1,163,161
2023-01-15 20:56:02.000,2023-01-15 20:56:30.000,0,0,25,0,0,N,3,3,0,1,23,1,0,0,2,3,264,100
2023-01-15 21:05:10.000,2023-01-15 21:06:14.000,0.41,1,9.4,0,0,N,2,2,0.5,1,4.4,1,2.5,0,2,1,90,186
2023-01-15 21:27:05.000,2023-01-15 21:28:20.000,0.4,1,10.34,0,0.94,N,1,0,0.5,1,4.4,3.5,2.5,0,1,1,211,114
2023-01-15 21:17:11.000,2023-01-15 21:17:57.000,0.12,0,8,0,0,N,1,1,0.5,1,3,1,2.5,0,2,1,114,79
2023-01-15 21:39:04.000,2023-01-15 21:40:18.000,0.4,1,10.4,0,1,N,1,2,0.5,1,4.4,1,2.5,0,2,1,237,141
2023-01-15 21:42:52.000,2023-01-15 21:43:02.000,0.01,1,9.6,0,1.6,N,1,1,0.5,1,3,1,2.5,0,2,1,162,161
2023-01-15 20:49:08.000,2023-01-15 20:50:48.000,0.46,1,12.22,0,2.82,N,1,1,0.5,1,4.4,1,2.5,0,2,1,186,90
2023-01-15 21:39:22.000,2023-01-15 21:39:31.000,0,0,71.5,0,0,N,3,1,0.5,1,70,0,0,0,2,2,264,158
2023-01-15 21:17:03.000,2023-01-15 21:17:13.000,0,0,7.2,0,1.2,N,1,1,0,1,5,0,0,0,2,5,236,75
2023-01-15 21:22:00.000,2023-01-15 21:23:36.000,0.42,1,11.28,0,1.88,N,1,1,0.5,1,4.4,1,2.5,0,2,1,141,162
2023-01-15 21:27:05.000,2023-01-15 21:28:37.000,0.58,1,11.28,0,1.88,N,1,1,0.5,1,4.4,1,2.5,0,2,1,239,238
2023-01-15 22:19:48.000,2023-01-15 22:19:51.000,0.01,0,5.5,0,0,N,3,1,0.5,1,3,1,0,0,2,1,75,264
2023-01-15 22:58:05.000,2023-01-15 22:59:58.000,0.6,1,12.6,0,2.5,N,1,1,0.5,1,5.1,3.5,2.5,0,1,1,262,263
2023-01-15 22:21:18.000,2023-01-15 22:22:28.000,0.24,1,8.7,0,0,N,2,5,0.5,1,3.7,1,2.5,0,2,1,48,50
2023-01-15 22:31:12.000,2023-01-15 22:32:57.000,0.4,1,9.4,0,0,N,2,1,0.5,1,4.4,3.5,2.5,0,1,1,186,90
2023-01-15 22:25:15.000,2023-01-15 22:26:38.000,0.26,1,10.44,0,1.74,N,1,1,0.5,1,3.7,1,2.5,0,2,1,107,79
2023-01-15 22:18:30.000,2023-01-15 22:19:16.000,0.2,1,8.7,0,0,N,2,1,0.5,1,3.7,3.5,2.5,0,1,1,233,162
2023-01-15 22:42:04.000,2023-01-15 22:43:23.000,0.2,1,10.44,0,1.74,N,1,1,0.5,1,3.7,1,2.5,0,2,1,230,161
2023-01-15 22:20:48.000,2023-01-15 22:20:58.000,0.01,0,8,0,0,N,4,1,0.5,1,3,1,2.5,0,2,1,161,163
2023-01-15 22:56:02.000,2023-01-15 22:57:03.000,0.11,1,8.7,0,0,N,4,1,0.5,1,3.7,1,2.5,0,2,1,158,48
2023-01-15 22:05:42.000,2023-01-15 22:06:35.000,0.25,1,8.7,0,0,N,4,1,0.5,1,3.7,1,2.5,0,2,1,239,142
2023-01-15 22:23:41.000,2023-01-15 22:24:50.000,12.94,1,12.45,0,0,N,2,1,0.5,1,3.7,6,0,1.25,2,1,264,138
2023-01-23 01:51:56.000,2023-01-23 01:52:27.000,0.04,1,8,0,0,N,2,3,0.5,1,3,1,2.5,0,2,1,237,141
2023-01-23 02:35:49.000,2023-01-23 02:36:08.000,0.12,1,8,0,0,N,2,1,0.5,1,3,1,2.5,0,2,1,162,141
2023-01-23 02:55:11.000,2023-01-23 02:56:29.000,0.5,1,14.4,0,5,N,1,1,0.5,1,4.4,1,2.5,0,2,1,237,141
2023-01-23 02:09:09.000,2023-01-23 02:10:32.000,0.05,1,8.7,0,0,N,4,2,0.5,1,3.7,1,2.5,0,2,1,100,48
2023-01-23 03:26:04.000,2023-01-23 03:27:31.000,0.51,1,9.4,0,0,N,2,1,0.5,1,4.4,1,2.5,0,2,1,230,48
2023-01-23 03:19:05.000,2023-01-23 03:19:25.000,0,0,40.2,0,6.7,N,1,1,0,1,30,0,2.5,0,2,5,186,164
2023-01-23 04:10:08.000,2023-01-23 04:11:51.000,0.46,1,9.4,0,0,N,4,1,0.5,1,4.4,1,2.5,0,2,1,100,48
2023-01-23 04:53:24.000,2023-01-23 04:54:04.000,0.06,1,8,0,0,N,3,2,0.5,1,3,1,2.5,0,2,1,229,233
2023-01-23 04:31:09.000,2023-01-23 04:32:35.000,0.54,1,9.4,0,0,N,2,3,0.5,1,4.4,1,2.5,0,2,1,100,170
2023-01-23 04:51:33.000,2023-01-23 04:52:10.000,0.54,1,122,0,40,N,1,4,0,1,81,0,0,0,2,5,264,160
2023-01-23 04:13:39.000,2023-01-23 04:14:22.000,0.06,1,8,0,0,N,3,1,0.5,1,3,1,2.5,0,2,1,263,262
2023-01-23 05:59:06.000,2023-01-23 06:00:46.000,0.53,1,10.4,0,1,N,1,1,0.5,1,4.4,1,2.5,0,2,1,48,142
2023-01-23 05:10:44.000,2023-01-23 05:11:56.000,0.2,1,8.7,0,0,N,2,1,0.5,1,3.7,1,2.5,0,2,1,237,141
2023-01-23 05:39:45.000,2023-01-23 05:40:59.000,0.4,1,11.25,0,1.85,N,1,1,0.5,1,4.4,3.5,2.5,0,1,1,100,186
2023-01-23 05:38:27.000,2023-01-23 05:38:30.000,0,0,97.8,0,16.3,N,1,1,0.5,1,80,0,0,0,2,5,132,264
2023-01-23 06:47:59.000,2023-01-23 06:48:32.000,0.1,1,5.5,0,1,N,1,1,0.5,1,3,0,0,0,1,1,151,238
2023-01-23 06:18:22.000,2023-01-23 06:19:30.000,0.34,1,8.7,0,1,N,1,1,0.5,1,3.7,0,2.5,0,2,1,233,162
2023-01-23 06:32:34.000,2023-01-23 06:33:56.000,0.46,1,7.6,0,0.7,N,1,1,0.5,1,4.4,1,0,0,2,1,151,238
2023-01-23 06:23:55.000,2023-01-23 06:24:06.000,0.03,1,7,0,0,N,2,2,0.5,1,3,0,2.5,0,2,1,164,186
2023-01-23 07:21:25.000,2023-01-23 07:21:39.000,0,0,8.4,0,1.4,N,1,1,0.5,1,3,0,2.5,0,2,1,230,161
2023-01-23 07:18:51.000,2023-01-23 07:18:55.000,0,0,4.5,0,0,N,2,1,0.5,1,3,0,0,0,2,1,226,145
2023-01-23 07:27:03.000,2023-01-23 07:28:45.000,0.28,1,8.4,0,0,N,2,1,0.5,1,4.4,0,2.5,0,2,1,141,236
2023-01-23 07:59:17.000,2023-01-23 08:00:26.000,0.4,1,10.05,0,1.65,N,1,1,0.5,1,4.4,2.5,2.5,0,1,1,230,163
2023-01-23 07:16:30.000,2023-01-23 07:17:44.000,0.3,1,8.5,0,0.8,N,1,1,0.5,1,3.7,2.5,2.5,0,1,1,164,100
2023-01-23 07:51:11.000,2023-01-23 07:51:18.000,0,0,98.4,0,16.4,N,1,4,0,1,81,0,0,0,2,5,264,231
2023-01-23 07:09:12.000,2023-01-23 07:09:26.000,0.11,0,71.5,0,0,N,4,1,0.5,1,70,0,0,0,2,2,216,124
2023-01-23 07:25:28.000,2023-01-23 07:25:46.000,0.1,0,24,0,0,N,4,1,0,1,23,0,0,0,1,3,224,107
2023-01-23 07:15:04.000,2023-01-23 07:16:35.000,0.66,1,10.92,0,1.82,N,1,1,0.5,1,5.1,0,2.5,0,2,1,230,100
2023-01-23 07:03:06.000,2023-01-23 07:04:31.000,0.36,1,8.86,0,1.16,N,1,1,0.5,1,3.7,0,2.5,0,2,1,229,233
2023-01-23 07:03:39.000,2023-01-23 07:04:56.000,0.46,1,8.4,0,0,N,2,1,0.5,1,4.4,0,2.5,0,2,1,249,90
2023-01-23 07:52:24.000,2023-01-23 07:52:27.000,0.12,0,73.75,0,11,N,1,1,0,1,61.75,0,0,0,2,5,181,264
2023-01-23 08:46:11.000,2023-01-23 08:47:04.000,0.38,1,9.62,0,1.92,N,1,1,0.5,1,3.7,0,2.5,0,2,1,137,107
2023-01-23 08:12:02.000,2023-01-23 08:13:54.000,0.29,1,10.08,0,1.68,N,1,1,0.5,1,4.4,0,2.5,0,2,1,249,234
2023-01-23 08:53:30.000,2023-01-23 08:54:57.000,0.32,1,9.24,0,1.54,N,1,1,0.5,1,3.7,0,2.5,0,2,1,161,230
2023-01-23 08:15:13.000,2023-01-23 08:16:40.000,0.32,1,9.24,0,1.54,N,1,1,0.5,1,3.7,0,2.5,0,2,1,161,43
2023-01-23 08:25:38.000,2023-01-23 08:26:00.000,0.25,1,81.55,0,0,N,1,1,0,1,80.55,0,0,0,2,5,132,10
2023-01-23 08:17:36.000,2023-01-23 08:18:50.000,0.35,1,9.24,0,1.54,N,1,1,0.5,1,3.7,0,2.5,0,2,1,262,263
2023-01-23 08:51:43.000,2023-01-23 08:52:54.000,0.26,1,9.24,0,1.54,N,1,1,0.5,1,3.7,0,2.5,0,2,1,236,237
2023-01-23 08:57:16.000,2023-01-23 08:58:32.000,0.07,1,7.7,0,0,N,2,1,0.5,1,3.7,0,2.5,0,2,1,100,48
2023-01-23 09:45:13.000,2023-01-23 09:46:22.000,0.32,1,7.7,0,0,N,2,1,0.5,1,3.7,0,2.5,0,2,1,90,68
2023-01-23 09:13:05.000,2023-01-23 09:13:53.000,0.03,0,11,0,4,N,1,1,0.5,1,3,0,2.5,0,2,1,164,170
2023-01-23 09:28:17.000,2023-01-23 09:28:53.000,0.07,0,119.16,0,19.86,N,1,2,0,1,98.3,0,0,0,2,5,24,238
2023-01-23 09:50:37.000,2023-01-23 09:51:52.000,0.15,1,8.7,0,1,N,1,1,0.5,1,3.7,0,2.5,0,2,1,230,100
2023-01-23 09:26:15.000,2023-01-23 09:26:47.000,0.03,0,7,0,0,N,4,1,0.5,1,3,0,2.5,0,2,1,233,162
2023-01-23 09:44:35.000,2023-01-23 09:45:49.000,0.08,1,5.2,0,0,N,4,1,0.5,1,3.7,0,0,0,2,1,152,166
2023-01-23 09:45:14.000,2023-01-23 09:46:19.000,0.2,1,9.24,0,1.54,N,1,1,0.5,1,3.7,0,2.5,0,2,1,237,162
2023-01-23 10:43:39.000,2023-01-23 10:44:48.000,0,1,5.2,0,0,N,2,2,0.5,1,3.7,0,0,0,2,1,193,7
2023-01-23 09:59:48.000,2023-01-23 10:00:47.000,0.15,1,7.2,0,2,N,1,3,0.5,1,3.7,0,0,0,2,1,151,238
2023-01-23 10:25:19.000,2023-01-23 10:25:35.000,0,0,7,0,0,N,2,1,0.5,1,3,0,2.5,0,2,1,140,141
2023-01-23 10:43:29.000,2023-01-23 10:44:45.000,0.27,1,7.7,0,0,N,2,1,0.5,1,3.7,0,2.5,0,2,1,237,43
2023-01-23 10:13:19.000,2023-01-23 10:13:31.000,1.24,0,18.5,0,2.4,N,1,1,0.5,1,12.1,2.5,0,0,2,1,164,170
2023-01-23 10:59:14.000,2023-01-23 10:59:16.000,0,0,103.75,0,20.75,N,1,1,0,1,82,0,0,0,2,5,132,264
2023-01-23 10:00:06.000,2023-01-23 10:01:23.000,0.46,1,10.5,0,2.1,N,1,6,0.5,1,4.4,0,2.5,0,2,1,238,151
2023-01-23 10:46:02.000,2023-01-23 10:46:19.000,0,0,118.5,12.75,19.75,N,1,4,0,1,85,0,0,0,2,5,264,265
2023-01-23 10:15:38.000,2023-01-23 10:15:41.000,0,0,27,0,4.5,N,3,1,0.5,1,21,0,0,0,2,5,230,264
2023-01-23 11:12:47.000,2023-01-23 11:12:52.000,0,0,4.5,0,0,N,2,1,0.5,1,3,0,0,0,2,1,207,260
2023-01-23 11:36:31.000,2023-01-23 11:37:14.000,0,1,4.5,0,0,N,2,1,0.5,1,3,0,0,0,2,1,207,50
2023-01-23 11:28:14.000,2023-01-23 11:29:56.000,0.45,1,10.5,0,2.1,N,1,1,0.5,1,4.4,0,2.5,0,2,1,249,90
2023-01-23 11:38:11.000,2023-01-23 11:39:12.000,0.09,1,7,0,0,N,2,4,0.5,1,3,0,2.5,0,2,1,114,113
2023-01-23 11:33:46.000,2023-01-23 11:33:52.000,0,0,4.5,0,0,N,2,1,0.5,1,3,0,0,0,2,1,7,146
2023-01-23 11:57:01.000,2023-01-23 11:58:35.000,0.23,1,9.62,0,1.92,N,1,1,0.5,1,3.7,0,2.5,0,2,1,114,144
2023-01-23 10:50:07.000,2023-01-23 10:51:27.000,0.48,1,10.08,0,1.68,N,1,1,0.5,1,4.4,0,2.5,0,2,1,262,236
2023-01-23 11:09:09.000,2023-01-23 11:10:58.000,0.25,1,9.24,0,1.54,N,1,2,0.5,1,3.7,0,2.5,0,2,1,170,233
2023-01-23 11:40:04.000,2023-01-23 11:41:47.000,0.49,1,10.08,0,1.68,N,1,1,0.5,1,4.4,0,2.5,0,2,1,162,237
2023-01-23 11:41:57.000,2023-01-23 11:42:01.000,0,1,16.5,0,12,N,1,1,0.5,1,3,0,0,0,2,1,162,264
2023-01-23 11:13:56.000,2023-01-23 11:14:06.000,0.02,1,24,0,0,N,3,1,0,1,23,0,0,0,2,3,170,233
2023-01-23 11:47:02.000,2023-01-23 11:48:48.000,0.5,1,10.9,0,2.5,N,1,1,0.5,1,4.4,2.5,2.5,0,1,1,48,142
2023-01-23 11:26:14.000,2023-01-23 11:26:34.000,0.01,0,7,0,0,N,3,1,0.5,1,3,0,2.5,0,2,1,90,186
2023-01-23 11:50:08.000,2023-01-23 11:50:17.000,0.01,0,13,0,6,N,1,1,0.5,1,3,0,2.5,0,2,1,170,137
2023-01-23 11:31:18.000,2023-01-23 11:32:52.000,0.05,1,9.24,0,1.54,N,1,1,0.5,1,3.7,0,2.5,0,2,1,230,48
2023-01-23 11:46:23.000,2023-01-23 11:47:44.000,0.26,1,9.24,0,1.54,N,1,1,0.5,1,3.7,0,2.5,0,2,1,161,162
2023-01-23 12:11:49.000,2023-01-23 12:11:53.000,0,0,21,0,0,N,1,2,0,1,20,0,0,0,2,5,36,264
2023-01-23 12:32:44.000,2023-01-23 12:32:59.000,0.02,0,33.5,0,0,N,1,1,0,1,30,0,2.5,0,2,5,233,140
2023-01-23 12:08:30.000,2023-01-23 12:08:46.000,0,0,4.5,0,0,N,2,2,0.5,1,3,0,0,0,2,1,193,264
2023-01-23 12:48:20.000,2023-01-23 12:49:44.000,0.2,1,9.2,0,1.5,N,1,1,0.5,1,3.7,2.5,2.5,0,1,1,142,48
2023-01-23 12:27:55.000,2023-01-23 12:27:57.000,0,0,27.3,0,6.3,N,1,1,0,1,20,0,0,0,2,5,163,264
2023-01-23 12:14:20.000,2023-01-23 12:14:27.000,0,0,98.4,0,16.4,N,1,1,0,1,81,0,0,0,2,5,264,50
2023-01-23 12:12:05.000,2023-01-23 12:12:11.000,0.05,0,87.05,0,14.3,N,1,2,0.5,1,70,0,0,1.25,2,2,264,138
2023-01-23 12:26:12.000,2023-01-23 12:27:09.000,0.1,1,9.2,0,1.5,N,1,1,0.5,1,3.7,2.5,2.5,0,1,1,170,164
2023-01-23 12:52:01.000,2023-01-23 12:52:49.000,0.06,0,7,0,0,N,2,1,0.5,1,3,0,2.5,0,2,1,230,164
2023-01-23 13:24:29.000,2023-01-23 13:25:59.000,0.61,1,6.61,0,0.01,N,1,1,0.5,1,5.1,0,0,0,2,1,75,74
2023-01-23 13:30:19.000,2023-01-23 13:31:58.000,0.2,1,9.24,0,1.54,N,1,1,0.5,1,3.7,0,2.5,0,2,1,88,87
2023-01-23 13:19:25.000,2023-01-23 13:20:55.000,0.41,1,8.4,0,0,N,2,1,0.5,1,4.4,0,2.5,0,2,1,237,263
2023-01-23 13:21:33.000,2023-01-23 13:22:53.000,0.3,1,9.24,0,1.54,N,1,2,0.5,1,3.7,0,2.5,0,2,1,233,229
2023-01-23 13:42:27.000,2023-01-23 13:43:50.000,0.31,1,9.24,0,1.54,N,1,1,0.5,1,3.7,0,2.5,0,2,1,140,262
2023-01-23 13:58:37.000,2023-01-23 13:59:57.000,0.41,1,10.92,0,2.52,N,1,1,0.5,1,4.4,0,2.5,0,2,1,151,238
2023-01-23 13:46:07.000,2023-01-23 13:47:38.000,0.36,1,10.08,0,1.68,N,1,1,0.5,1,4.4,0,2.5,0,2,1,236,263
2023-01-23 13:26:12.000,2023-01-23 13:26:15.000,0.03,0,26.25,0,5.25,N,1,1,0,1,20,0,0,0,2,5,143,264
2023-01-23 13:17:22.000,2023-01-23 13:18:15.000,0.28,1,9.24,0,1.54,N,1,1,0.5,1,3.7,0,2.5,0,2,1,229,162
2023-01-23 13:31:26.000,2023-01-23 13:32:56.000,0.49,1,10.4,0,2,N,1,1,0.5,1,4.4,0,2.5,0,2,1,237,141
2023-01-23 13:37:00.000,2023-01-23 13:37:13.000,0,0,4.5,0,0,N,2,1,0.5,1,3,0,0,0,2,1,193,7
2023-01-23 13:19:24.000,2023-01-23 13:20:43.000,0.35,1,10.01,0,2.31,N,1,1,0.5,1,3.7,0,2.5,0,2,1,249,90
2023-01-23 13:27:59.000,2023-01-23 13:28:01.000,0,1,89.1,0,14.85,N,1,1,0,1,73.25,0,0,0,2,5,256,264
2023-01-23 13:20:15.000,2023-01-23 13:20:29.000,0.05,0,4.5,0,0,N,2,1,0.5,1,3,0,0,0,2,1,167,69
2023-01-23 14:30:29.000,2023-01-23 14:31:43.000,0.47,1,10.08,0,1.68,N,1,1,0.5,1,4.4,0,2.5,0,2,1,48,68
2023-01-23 14:23:03.000,2023-01-23 14:24:37.000,0.49,1,9.6,0,1.2,N,1,1,0.5,1,4.4,0,2.5,0,2,1,262,75
2023-01-23 14:48:26.000,2023-01-23 14:49:57.000,0.44,1,10.08,0,1.68,N,1,1,0.5,1,4.4,0,2.5,0,2,1,234,90
2023-01-23 14:48:33.000,2023-01-23 14:48:36.000,0.01,0,98.55,0,0.55,N,1,4,0,1,97,0,0,0,2,5,132,264
2023-01-23 14:32:27.000,2023-01-23 14:32:33.000,0,0,88.5,0,0,N,2,2,0,1,85,0,2.5,0,2,5,261,231
2023-01-23 14:38:13.000,2023-01-23 14:39:35.000,0.3,1,8.9,0,0.5,N,1,1,0.5,1,4.4,2.5,2.5,0,1,1,68,186
2023-01-23 14:55:16.000,2023-01-23 14:55:44.000,0.09,0,16,0,2,N,1,1,0.5,1,10,0,2.5,0,2,5,158,249
2023-01-07 23:08:52.000,2023-01-07 23:09:22.000,0.17,1,8,0,0,N,2,1,0.5,1,3,1,2.5,0,2,1,107,170
2023-01-07 23:11:23.000,2023-01-07 23:12:30.000,0.39,1,11.28,0,1.88,N,1,5,0.5,1,4.4,1,2.5,0,2,1,239,142
2023-01-07 23:44:53.000,2023-01-07 23:44:54.000,0,0,24,0,4,N,1,1,0,1,19,0,0,0,2,5,13,264
2023-01-07 23:07:10.000,2023-01-07 23:08:43.000,0.51,1,11.28,0,1.88,N,1,3,0.5,1,4.4,1,2.5,0,2,1,263,141
2023-01-07 23:16:17.000,2023-01-07 23:17:46.000,0.6,1,12.1,0,2,N,1,1,0.5,1,5.1,3.5,2.5,0,1,1,236,75
2023-01-07 23:55:02.000,2023-01-07 23:56:08.000,0.02,1,8.7,0,0,N,4,1,0.5,1,3.7,1,2.5,0,2,1,114,79
2023-01-07 23:50:14.000,2023-01-07 23:51:27.000,0.32,1,10.44,0,1.74,N,1,2,0.5,1,3.7,1,2.5,0,2,1,142,163
2023-01-07 23:21:55.000,2023-01-07 23:22:57.000,0.42,1,11.28,0,1.88,N,1,1,0.5,1,4.4,1,2.5,0,2,1,90,68
2023-01-07 23:33:25.000,2023-01-07 23:34:37.000,0.26,1,10.44,0,1.74,N,1,1,0.5,1,3.7,1,2.5,0,2,1,237,163
2023-01-07 23:12:41.000,2023-01-07 23:13:52.000,0.25,1,10.44,0,1.74,N,1,5,0.5,1,3.7,1,2.5,0,2,1,48,163
2023-01-08 00:20:19.000,2023-01-08 00:20:22.000,0,0,61.8,0,10.3,N,1,1,0.5,1,50,0,0,0,2,5,95,264
2023-01-08 00:24:21.000,2023-01-08 00:25:01.000,0.04,1,8,0,0,N,3,2,0.5,1,3,1,2.5,0,2,1,68,90
2023-01-08 00:48:47.000,2023-01-08 00:49:35.000,0.2,1,8.7,0,0,N,2,1,0.5,1,3.7,3.5,2.5,0,1,1,68,186
2023-01-08 00:50:20.000,2023-01-08 00:51:11.000,0.1,1,8,0,0,N,3,1,0.5,1,3,3.5,2.5,0,1,1,249,125
2023-01-08 00:35:37.000,2023-01-08 00:36:32.000,0.29,1,9.22,0,0.52,N,1,1,0.5,1,3.7,1,2.5,0,2,1,141,237
2023-01-08 00:15:50.000,2023-01-08 00:16:38.000,0.12,1,8,0,0,N,2,4,0.5,1,3,1,2.5,0,2,1,90,234
2023-01-08 00:14:02.000,2023-01-08 00:15:40.000,0.47,1,11.28,0,1.88,N,1,1,0.5,1,4.4,1,2.5,0,2,1,263,141
2023-01-08 00:11:16.000,2023-01-08 00:12:47.000,0.5,1,10.4,0,1,N,1,1,0.5,1,4.4,3.5,2.5,0,1,1,170,234
2023-01-08 00:43:01.000,2023-01-08 00:44:32.000,0.4,1,11.28,0,1.88,Y,1,1,0.5,1,4.4,1,2.5,0,2,1,249,158
2023-01-08 00:14:44.000,2023-01-08 00:14:48.000,0,0,74,0,0,N,2,1,0.5,1,70,0,2.5,0,2,2,162,229
2023-01-08 00:50:03.000,2023-01-08 00:51:39.000,0.4,1,9.4,0,0,N,2,2,0.5,1,4.4,3.5,2.5,0,1,1,230,186
2023-01-08 00:03:04.000,2023-01-08 00:03:07.000,0,0,20.7,0,0,N,1,1,0.5,1,19.2,0,0,0,2,5,50,264
2023-01-08 00:29:31.000,2023-01-08 00:29:34.000,0,0,18.36,0,3.06,N,1,1,0,0.3,15,0,0,0,2,5,142,264
2023-01-08 00:21:47.000,2023-01-08 00:22:12.000,0,1,8,0,0,N,2,1,0.5,1,3,3.5,2.5,0,1,1,170,164
2023-01-08 00:34:22.000,2023-01-08 00:34:51.000,0.29,0,8,0,0,N,4,1,0.5,1,3,1,2.5,0,2,1,264,234
2023-01-08 00:57:08.000,2023-01-08 00:58:29.000,0.19,1,8.7,0,0,N,3,2,0.5,1,3.7,1,2.5,0,2,1,234,186
2023-01-08 00:44:58.000,2023-01-08 00:45:35.000,0,1,8,0,0,N,2,1,0.5,1,3,1,2.5,0,2,1,144,148
2023-01-08 00:24:54.000,2023-01-08 00:25:04.000,0,1,13,0,5,N,1,1,0.5,1,3,1,2.5,0,2,1,141,140
2023-01-08 00:44:06.000,2023-01-08 00:45:21.000,0.38,1,13.7,0,5,N,1,5,0.5,1,3.7,1,2.5,0,2,1,249,90
2023-01-08 01:30:05.000,2023-01-08 01:31:52.000,0.4,1,9.4,0,0,N,1,1,0.5,1,4.4,3.5,2.5,0,1,1,236,237
2023-01-08 01:27:16.000,2023-01-08 01:28:47.000,0.53,1,9.4,0,0,N,1,2,0.5,1,4.4,1,2.5,0,2,1,107,137
2023-01-08 01:35:08.000,2023-01-08 01:36:40.000,0.46,1,11.28,0,1.88,N,1,1,0.5,1,4.4,1,2.5,0,2,1,263,141
2023-01-08 01:24:47.000,2023-01-08 01:25:39.000,0.1,1,8,0,0,N,3,1,0.5,1,3,3.5,2.5,0,1,1,186,68
2023-01-08 01:18:10.000,2023-01-08 01:19:54.000,0.77,1,11.1,0,1,N,1,2,0.5,1,5.1,1,2.5,0,2,1,140,263
2023-01-08 01:03:12.000,2023-01-08 01:04:29.000,0.42,1,11,0,1.6,N,1,1,0.5,1,4.4,1,2.5,0,2,1,137,170
2023-01-08 01:04:54.000,2023-01-08 01:05:47.000,0.31,1,11.31,0,2.61,N,1,3,0.5,1,3.7,1,2.5,0,2,1,90,68
2023-01-08 01:53:38.000,2023-01-08 01:54:59.000,0.53,1,11.28,0,1.88,N,1,1,0.5,1,4.4,1,2.5,0,2,1,263,141
2023-01-08 01:42:10.000,2023-01-08 01:42:56.000,0.15,0,8,0,0,N,2,2,0.5,1,3,1,2.5,0,2,1,100,68
2023-01-08 01:30:33.000,2023-01-08 01:31:50.000,0.4,1,11.28,0,1.88,N,1,1,0.5,1,4.4,1,2.5,0,2,1,170,233
2023-01-08 01:22:25.000,2023-01-08 01:22:37.000,0,0,25,0,0,N,4,2,0,1,23,1,0,0,2,3,211,125
2023-01-08 01:35:30.000,2023-01-08 01:36:57.000,0.49,1,9.4,0,0,N,2,1,0.5,1,4.4,1,2.5,0,2,1,263,141
2023-01-08 01:59:24.000,2023-01-08 02:00:54.000,0.3,1,9.2,0,0.5,N,1,1,0.5,1,3.7,3.5,2.5,0,1,1,137,170
2023-01-08 01:09:56.000,2023-01-08 01:10:11.000,0,1,28,0,20,N,1,1,0.5,1,3,1,2.5,0,2,1,234,107
2023-01-08 02:33:38.000,2023-01-08 02:34:52.000,0.4,1,11.25,0,1.85,N,1,1,0.5,1,4.4,3.5,2.5,0,1,1,234,107
2023-01-08 02:32:19.000,2023-01-08 02:33:51.000,0.66,1,12.12,0,2.02,N,1,1,0.5,1,5.1,1,2.5,0,2,1,50,48
2023-01-08 02:32:04.000,2023-01-08 02:33:46.000,0.77,1,12.12,0,2.02,N,1,1,0.5,1,5.1,1,2.5,0,2,1,48,68
2023-01-08 02:54:12.000,2023-01-08 02:54:14.000,0.11,0,85.8,0,14.3,N,1,1,0.5,1,70,0,0,0,2,5,249,264
2023-01-08 02:47:13.000,2023-01-08 02:48:41.000,0.47,1,9.4,0,0,N,1,1,0.5,1,4.4,1,2.5,0,2,1,263,141
2023-01-08 02:21:10.000,2023-01-08 02:22:51.000,0.52,1,11.28,0,1.88,N,1,1,0.5,1,4.4,1,2.5,0,2,1,90,249
2023-01-08 02:28:59.000,2023-01-08 02:29:02.000,0.01,1,5.5,0,0,N,3,6,0.5,1,3,1,0,0,2,1,107,264
2023-01-08 02:29:13.000,2023-01-08 02:30:27.000,0.4,1,9.49,0,0.09,N,1,1,0.5,1,4.4,3.5,2.5,0,1,1,142,48
2023-01-08 02:02:23.000,2023-01-08 02:03:24.000,0.18,1,11.31,0,2.61,N,1,1,0.5,1,3.7,1,2.5,0,2,1,231,211
2023-01-08 02:42:23.000,2023-01-08 02:42:45.000,0.13,0,8,0,0,N,2,1,0.5,1,3,1,2.5,0,2,1,48,143
2023-01-08 02:40:03.000,2023-01-08 02:41:42.000,0.36,1,10.44,0,1.74,N,1,2,0.5,1,3.7,1,2.5,0,2,1,79,4
2023-01-08 02:53:37.000,2023-01-08 02:54:54.000,0.38,1,9.4,0,0,N,2,3,0.5,1,4.4,1,2.5,0,2,1,90,113
2023-01-08 02:24:15.000,2023-01-08 02:25:44.000,0.47,1,11.75,0,2.35,N,1,2,0.5,1,4.4,1,2.5,0,2,1,114,113
2023-01-08 02:28:19.000,2023-01-08 02:29:48.000,0.56,1,11,0,1.6,N,1,1,0.5,1,4.4,1,2.5,0,2,1,141,162
2023-01-08 02:05:47.000,2023-01-08 02:06:01.000,0,1,25,0,0,N,4,1,0,1,23,1,0,0,2,3,17,37
2023-01-08 02:04:03.000,2023-01-08 02:05:38.000,0.32,1,10.4,0,1,N,1,1,0.5,1,4.4,1,2.5,0,2,1,262,263
2023-01-08 02:42:55.000,2023-01-08 02:42:57.000,0,0,5.5,0,0,N,2,2,0.5,1,3,1,0,0,2,1,79,264
2023-01-08 03:54:16.000,2023-01-08 03:55:58.000,0.24,1,11.28,0,1.88,N,1,1,0.5,1,4.4,1,2.5,0,2,1,113,107
2023-01-08 03:13:39.000,2023-01-08 03:14:59.000,0.63,1,12.12,0,2.02,N,1,1,0.5,1,5.1,1,2.5,0,2,1,142,239
2023-01-08 03:13:43.000,2023-01-08 03:14:08.000,0.1,1,8,0,0,N,4,1,0.5,1,3,1,2.5,0,2,1,164,170
2023-01-08 03:05:00.000,2023-01-08 03:06:19.000,0.4,1,9.4,0,0,N,2,2,0.5,1,4.4,3.5,2.5,0,1,1,262,263
2023-01-08 03:10:47.000,2023-01-08 03:11:52.000,0.39,1,10.44,0,1.74,N,1,5,0.5,1,3.7,1,2.5,0,2,1,90,249
2023-01-08 03:20:50.000,2023-01-08 03:21:35.000,0.28,1,10.44,0,1.74,N,1,1,0.5,1,3.7,1,2.5,0,2,1,263,141
2023-01-08 03:42:01.000,2023-01-08 03:42:04.000,0,0,37,0,0,N,1,1,0.5,1,35.5,0,0,0,2,5,143,264
2023-01-08 03:20:03.000,2023-01-08 03:21:24.000,0.39,1,9.4,0,0,N,2,4,0.5,1,4.4,1,2.5,0,2,1,230,48
2023-01-08 03:51:08.000,2023-01-08 03:51:50.000,0.07,0,8,0,0,N,2,1,0.5,1,3,1,2.5,0,2,1,144,148
2023-01-08 03:16:29.000,2023-01-08 03:17:58.000,0.2,1,10.7,0,2,N,1,1,0.5,1,3.7,3.5,2.5,0,1,1,141,140
2023-01-08 03:41:16.000,2023-01-08 03:41:53.000,0.14,0,8,0,0,N,1,1,0.5,1,3,1,2.5,0,2,1,79,4
2023-01-08 03:43:16.000,2023-01-08 03:44:27.000,0.41,1,10.4,0,1,N,1,1,0.5,1,4.4,1,2.5,0,2,1,263,75
2023-01-08 04:45:13.000,2023-01-08 04:45:26.000,0.02,0,8,0,0,N,4,1,0.5,1,3,1,2.5,0,2,1,162,161
2023-01-08 04:04:59.000,2023-01-08 04:05:56.000,0.2,1,46.7,0,38,N,1,1,0.5,1,3.7,1,2.5,0,2,1,164,170
2023-01-08 04:27:17.000,2023-01-08 04:28:57.000,0.57,1,12.12,0,2.02,N,1,5,0.5,1,5.1,1,2.5,0,2,1,236,75
2023-01-08 04:06:11.000,2023-01-08 04:06:33.000,0.01,0,5.5,0,0,N,2,1,0.5,1,3,1,0,0,2,1,75,74
2023-01-08 04:45:34.000,2023-01-08 04:46:44.000,0.1,1,8.7,0,0,N,4,1,0.5,1,3.7,1,2.5,0,2,1,107,170
2023-01-08 04:18:31.000,2023-01-08 04:18:37.000,0,0,13.2,0,2.2,N,1,1,0,1,10,0,0,0,2,5,36,198
2023-01-08 04:11:37.000,2023-01-08 04:12:36.000,0.2,1,10.4,0,1.7,N,1,1,0.5,1,3.7,3.5,2.5,0,1,1,48,264
2023-01-08 05:26:33.000,2023-01-08 05:27:50.000,0.31,1,8.7,0,0,N,2,1,0.5,1,3.7,1,2.5,0,2,1,186,48
2023-01-08 05:40:50.000,2023-01-08 05:41:31.000,0,1,97.8,0,16.3,N,1,3,0.5,1,80,0,0,0,2,5,265,264
2023-01-08 05:21:07.000,2023-01-08 05:22:53.000,0.73,1,12.12,0,2.02,N,1,1,0.5,1,5.1,1,2.5,0,2,1,90,249
2023-01-08 04:59:10.000,2023-01-08 05:00:08.000,0.31,1,9.7,0,1,N,1,1,0.5,1,3.7,1,2.5,0,2,1,79,107
2023-01-08 05:07:26.000,2023-01-08 05:08:56.000,0.65,1,10.1,0,0,N,1,1,0.5,1,5.1,1,2.5,0,2,1,186,90
2023-01-08 06:30:02.000,2023-01-08 06:31:30.000,0.61,1,10.46,0,1.36,N,1,1,0.5,1,5.1,0,2.5,0,2,1,236,75
2023-01-08 06:24:01.000,2023-01-08 06:24:37.000,0.39,0,24.7,0,0,N,2,2,0,1,23.7,0,0,0,2,3,28,134
2023-01-08 07:47:42.000,2023-01-08 07:48:52.000,0.32,1,8.7,0,1,N,1,1,0.5,1,3.7,0,2.5,0,2,1,239,142
2023-01-08 07:49:00.000,2023-01-08 07:49:06.000,0.07,0,76,0,0,N,1,1,0,1,75,0,0,0,2,5,226,196
2023-01-08 07:26:14.000,2023-01-08 07:27:58.000,0.6,1,6.6,0,0,N,1,1,0.5,1,5.1,0,0,0,1,1,43,236
2023-01-08 07:52:28.000,2023-01-08 07:53:49.000,0.52,1,8.4,0,0,N,2,1,0.5,1,4.4,0,2.5,0,2,1,141,262
2023-01-08 07:14:37.000,2023-01-08 07:15:43.000,0.38,1,5.9,0,0,N,1,1,0.5,1,4.4,0,0,0,2,1,193,145
2023-01-08 07:58:18.000,2023-01-08 07:59:43.000,0.59,1,8.4,0,0,N,1,1,0.5,1,4.4,0,2.5,0,2,1,48,68
2023-01-08 07:47:24.000,2023-01-08 07:48:35.000,0.53,1,10.08,0,1.68,N,1,4,0.5,1,4.4,0,2.5,0,2,1,238,151
2023-01-08 07:42:18.000,2023-01-08 07:43:58.000,0.7,1,9.1,0,0,N,2,1,0.5,1,5.1,0,2.5,0,2,1,107,137
2023-01-08 07:54:17.000,2023-01-08 07:54:19.000,0.74,0,105.3,0,24.3,N,1,1,0,1,80,0,0,0,2,5,132,264
2023-01-08 07:54:12.000,2023-01-08 07:55:38.000,0.74,1,11.83,0,2.73,N,1,1,0.5,1,5.1,0,2.5,0,2,1,238,24
2023-01-08 07:07:47.000,2023-01-08 07:08:50.000,0.35,1,9.24,0,1.54,N,1,1,0.5,1,3.7,0,2.5,0,2,1,90,234
2023-01-08 07:23:46.000,2023-01-08 07:23:54.000,0.11,0,102,0,17,N,1,2,0,1,84,0,0,0,2,5,216,132
2023-01-08 07:40:07.000,2023-01-08 07:41:47.000,0.49,1,10.92,0,2.52,N,1,2,0.5,1,4.4,0,2.5,0,2,1,107,234
2023-01-08 08:08:10.000,2023-01-08 08:09:45.000,0.73,1,10.92,0,1.82,N,1,1,0.5,1,5.1,0,2.5,0,2,1,141,263
2023-01-08 08:41:04.000,2023-01-08 08:42:59.000,0.3,1,8.4,0,0,N,2,1,0.5,1,4.4,2.5,2.5,0,1,1,107,170
2023-01-30 04:02:49.000,2023-01-30 04:02:56.000,0,0,87.05,0,14.3,N,1,2,0.5,1,70,0,0,1.25,2,2,264,70
2023-01-30 05:02:05.000,2023-01-30 05:02:25.000,0,0,97.91,6.55,16.11,N,1,1,0.5,1,70,0,2.5,1.25,2,2,264,132
2023-01-30 05:59:51.000,2023-01-30 05:59:54.000,0.02,0,5.5,0,0,N,2,1,0.5,1,3,1,0,0,2,1,129,264
2023-01-30 05:43:37.000,2023-01-30 05:43:47.000,0.07,0,74,0,0,N,1,1,0.5,1,70,0,2.5,0,2,2,45,87
2023-01-30 05:02:50.000,2023-01-30 05:03:13.000,0.19,1,8,0,0,N,2,1,0.5,1,3,1,2.5,0,2,1,48,100
2023-01-30 06:47:51.000,2023-01-30 06:48:28.000,0.61,1,61,0,5,N,1,1,0,1,55,0,0,0,2,5,129,70
2023-01-30 06:49:31.000,2023-01-30 06:50:54.000,0.4,1,8.4,0,0,N,2,1,0.5,1,4.4,0,2.5,0,2,1,164,137
2023-01-30 06:51:16.000,2023-01-30 06:52:10.000,0.35,1,9.24,0,1.54,N,1,1,0.5,1,3.7,0,2.5,0,2,1,48,68
2023-01-30 06:39:21.000,2023-01-30 06:40:50.000,0.65,1,7.92,0,1.32,N,1,1,0.5,1,5.1,0,0,0,2,1,166,151
2023-01-30 06:30:08.000,2023-01-30 06:31:57.000,0.57,1,10.92,0,1.82,N,1,1,0.5,1,5.1,0,2.5,0,2,1,236,75
2023-01-30 06:10:38.000,2023-01-30 06:11:19.000,0.08,1,96.66,6.55,16.11,N,1,1,0.5,1,70,0,2.5,0,2,2,164,100
2023-01-30 06:30:39.000,2023-01-30 06:31:39.000,0.3,1,9.7,0,2,N,1,1,0.5,1,3.7,2.5,2.5,0,1,1,90,234
2023-01-30 06:45:07.000,2023-01-30 06:46:40.000,0.46,1,9.4,0,1,N,1,1,0.5,1,4.4,0,2.5,0,2,1,100,230
2023-01-30 07:58:59.000,2023-01-30 07:59:04.000,0,1,12,0,5,N,1,1,0.5,1,3,0,2.5,0,2,1,232,4
2023-01-30 07:11:34.000,2023-01-30 07:12:44.000,0.44,1,10.08,0,1.68,N,1,1,0.5,1,4.4,0,2.5,0,2,1,162,229
2023-01-30 07:24:10.000,2023-01-30 07:25:37.000,0.49,1,9.4,0,1,N,1,1,0.5,1,4.4,0,2.5,0,2,1,230,186
2023-01-30 07:37:07.000,2023-01-30 07:37:13.000,0,0,10.75,0,0,N,3,1,0.5,1,3,6.25,0,1.25,1,1,264,138
2023-01-30 07:37:33.000,2023-01-30 07:37:42.000,0,0,10.75,0,0,N,3,1,0.5,1,3,6.25,0,1.25,1,1,264,138
2023-01-30 07:31:03.000,2023-01-30 07:31:05.000,0,0,56.82,0,9.47,N,1,1,0,1,46.35,0,0,0,2,5,225,264
2023-01-30 07:15:42.000,2023-01-30 07:15:47.000,0,0,5.75,0,0,N,2,1,0.5,1,3,0,0,1.25,2,1,132,264
2023-01-30 07:32:29.000,2023-01-30 07:32:59.000,0.08,0,7,0,0,N,3,1,0.5,1,3,0,2.5,0,2,1,48,100
2023-01-30 07:39:21.000,2023-01-30 07:39:35.000,0.01,0,7,0,0,N,4,1,0.5,1,3,0,2.5,0,2,1,140,262
2023-01-30 07:55:29.000,2023-01-30 07:56:56.000,0.4,1,10.05,0,1.65,N,1,1,0.5,1,4.4,2.5,2.5,0,1,1,237,162
2023-01-30 07:45:29.000,2023-01-30 07:45:37.000,0.02,0,96.05,0,12,N,1,1,0,1,81.8,0,0,1.25,2,5,132,230
2023-01-30 07:55:14.000,2023-01-30 07:56:49.000,0.55,1,10.5,0,2.1,N,1,1,0.5,1,4.4,0,2.5,0,2,1,237,161
2023-01-30 07:18:45.000,2023-01-30 07:19:49.000,0.33,1,8.86,0,1.16,N,1,1,0.5,1,3.7,0,2.5,0,2,1,229,233
2023-01-30 07:30:25.000,2023-01-30 07:31:51.000,0.36,1,9.4,0,1,N,1,1,0.5,1,4.4,0,2.5,0,2,1,238,239
2023-01-30 08:22:52.000,2023-01-30 08:22:58.000,0,0,4.55,0,0.05,N,1,2,0.5,1,3,0,0,0,2,1,7,193
2023-01-30 08:15:34.000,2023-01-30 08:15:37.000,0,0,4.51,0,0.01,N,1,1,0.5,1,3,0,0,0,2,1,193,264
2023-01-30 08:46:14.000,2023-01-30 08:47:11.000,0.26,1,9.24,0,1.54,N,1,1,0.5,1,3.7,0,2.5,0,2,1,246,50
2023-01-30 08:27:12.000,2023-01-30 08:28:44.000,0.51,1,10.4,0,2,N,1,1,0.5,1,4.4,0,2.5,0,2,1,236,75
2023-01-30 08:50:20.000,2023-01-30 08:51:44.000,0.41,1,10.08,0,1.68,N,1,1,0.5,1,4.4,0,2.5,0,2,1,186,90
2023-01-30 08:33:18.000,2023-01-30 08:34:15.000,0,1,7,0,0,N,3,0,0.5,1,3,2.5,2.5,0,1,1,100,48
2023-01-30 08:51:11.000,2023-01-30 08:52:38.000,0.56,1,10.08,0,1.68,N,1,1,0.5,1,4.4,0,2.5,0,2,1,125,249
2023-01-30 08:25:06.000,2023-01-30 08:26:21.000,0.39,1,12.4,0,4,N,1,1,0.5,1,4.4,0,2.5,0,2,1,239,142
2023-01-30 08:06:36.000,2023-01-30 08:07:52.000,0.22,1,9.7,0,2,Y,1,1,0.5,1,3.7,0,2.5,0,2,1,263,236
2023-01-30 08:22:04.000,2023-01-30 08:23:51.000,0.23,1,10.9,0,5,N,1,1,0.5,1,4.4,0,0,0,2,1,82,129
2023-01-30 09:06:16.000,2023-01-30 09:07:27.000,0.25,1,8.7,0,1,N,1,1,0.5,1,3.7,0,2.5,0,2,1,90,234
2023-01-30 09:25:03.000,2023-01-30 09:26:53.000,0.41,1,10.08,0,1.68,N,1,2,0.5,1,4.4,0,2.5,0,2,1,164,170
2023-01-30 09:05:24.000,2023-01-30 09:06:24.000,0.3,1,9.2,0,1.5,N,1,1,0.5,1,3.7,2.5,2.5,0,1,1,237,229
2023-01-30 09:28:16.000,2023-01-30 09:29:40.000,0.26,1,5.98,0,0.78,N,1,1,0.5,1,3.7,0,0,0,2,1,151,166
2023-01-30 09:32:02.000,2023-01-30 09:33:38.000,0.5,1,10.05,0,1.65,N,1,0,0.5,1,4.4,2.5,2.5,0,1,1,79,107
2023-01-30 09:51:24.000,2023-01-30 09:52:48.000,0.39,1,10.08,0,1.68,N,1,1,0.5,1,4.4,0,2.5,0,2,1,140,141
2023-01-30 09:17:35.000,2023-01-30 09:17:41.000,0,0,78.6,0,13.1,N,1,2,0.5,0,65,0,0,0,2,5,125,264
2023-01-30 09:40:24.000,2023-01-30 09:41:45.000,0.45,1,8.4,0,0,N,2,1,0.5,1,4.4,0,2.5,0,2,1,263,236
2023-01-30 10:37:11.000,2023-01-30 10:38:39.000,0.41,1,10.08,0,1.68,N,1,1,0.5,1,4.4,0,2.5,0,2,1,43,237
2023-01-30 10:56:05.000,2023-01-30 10:57:38.000,0.49,1,10.08,0,1.68,N,1,1,0.5,1,4.4,0,2.5,0,2,1,141,229
2023-01-30 10:24:05.000,2023-01-30 10:24:08.000,0.15,0,99,0,16.5,N,1,1,0.5,1,81,0,0,0,2,5,90,264
2023-01-30 10:03:23.000,2023-01-30 10:04:48.000,0.28,1,82,0,0,N,1,3,0,1,81,0,0,0,2,5,264,74
2023-01-30 10:55:41.000,2023-01-30 10:56:43.000,0.38,1,9.63,0,1.93,N,1,1,0.5,1,3.7,0,2.5,0,2,1,237,162
2023-01-30 10:57:13.000,2023-01-30 10:57:21.000,0,0,58.01,0,0.01,N,1,1,0,1,57,0,0,0,2,5,7,223
2023-01-30 10:33:37.000,2023-01-30 10:34:01.000,0,1,9.5,0,0,N,3,1,0.5,1,3,5,0,0,2,1,264,138
2023-01-30 10:27:07.000,2023-01-30 10:28:35.000,0.4,1,8.4,0,0,N,2,1,0.5,1,4.4,2.5,2.5,0,1,1,141,140
2023-01-30 10:01:24.000,2023-01-30 10:01:39.000,10.26,0,42.85,0,0,N,2,1,0.5,1,40.1,0,0,1.25,2,1,132,82
2023-01-30 11:56:01.000,2023-01-30 11:57:20.000,0.14,1,9.63,0,1.93,N,1,1,0.5,1,3.7,0,2.5,0,2,1,137,229
2023-01-30 11:08:04.000,2023-01-30 11:09:43.000,0.16,1,7.7,0,0,N,2,4,0.5,1,3.7,0,2.5,0,2,1,50,143
2023-01-30 11:18:38.000,2023-01-30 11:19:42.000,0.44,1,5.9,0,0,N,1,1,0.5,1,4.4,0,0,0,2,1,74,75
2023-01-30 11:05:07.000,2023-01-30 11:05:52.000,0.07,0,7,0,0,N,4,1,0.5,1,3,0,2.5,0,2,1,264,100
2023-01-30 11:35:22.000,2023-01-30 11:36:49.000,0.39,1,8.4,0,0,N,2,1,0.5,1,4.4,0,2.5,0,2,1,113,114
2023-01-30 11:21:42.000,2023-01-30 11:22:28.000,0,1,7,0,0,Y,2,0,0.5,1,3,2.5,2.5,0,1,1,12,88
2023-01-30 11:28:14.000,2023-01-30 11:29:24.000,0.31,1,9.24,0,1.54,N,1,1,0.5,1,3.7,0,2.5,0,2,1,236,43
2023-01-30 11:54:44.000,2023-01-30 11:54:54.000,0.17,0,89.38,0,17.88,N,1,1,0.5,1,70,0,0,0,2,2,197,216
2023-01-30 12:43:02.000,2023-01-30 12:44:58.000,0.46,1,9.6,0,1.2,N,1,1,0.5,1,4.4,0,2.5,0,2,1,262,226
2023-01-30 12:10:45.000,2023-01-30 12:11:27.000,0.44,1,12.7,0,0,N,2,1,0.5,1,3.7,5,2.5,0,2,1,264,138
2023-01-30 12:38:04.000,2023-01-30 12:39:46.000,0.4,1,11.4,0,3,N,1,1,0.5,1,4.4,2.5,2.5,0,1,1,229,233
2023-01-30 12:01:27.000,2023-01-30 12:02:33.000,0.3,1,9.2,0,1.5,N,1,1,0.5,1,3.7,2.5,2.5,0,1,1,238,239
2023-01-30 12:14:02.000,2023-01-30 12:14:35.000,0,0,17,0,10,N,1,1,0.5,1,3,0,2.5,0,2,1,234,186
2023-01-30 12:59:30.000,2023-01-30 13:00:57.000,0.4,1,8.4,0,0,N,1,1,0.5,1,4.4,2.5,2.5,0,1,1,263,236
2023-01-30 12:05:08.000,2023-01-30 12:06:59.000,0.62,1,7.92,0,1.32,N,1,1,0.5,1,5.1,0,0,0,2,1,151,166
2023-01-30 12:03:21.000,2023-01-30 12:04:43.000,0.3,1,15.2,0,7.5,N,1,2,0.5,1,3.7,2.5,2.5,0,1,1,141,263
2023-01-30 12:47:27.000,2023-01-30 12:48:49.000,0.3,1,8.4,0,0.7,N,1,0,0.5,1,3.7,2.5,2.5,0,1,1,262,263
2023-01-30 12:09:52.000,2023-01-30 12:10:19.000,0,1,7,0,0,N,4,2,0.5,1,3,0,2.5,0,2,1,237,162
2023-01-30 12:27:03.000,2023-01-30 12:28:55.000,0.18,1,9.4,0,1,N,1,1,0.5,1,4.4,0,2.5,0,2,1,143,142
2023-01-30 12:16:09.000,2023-01-30 12:17:34.000,0.64,1,9.1,0,2.5,N,1,1,0.5,1,5.1,0,0,0,2,1,75,263
2023-01-30 13:47:02.000,2023-01-30 13:47:47.000,0,0,4.5,0,0,N,2,1,0.5,1,3,0,0,0,2,1,193,7
2023-01-30 13:13:32.000,2023-01-30 13:13:39.000,0.01,0,7,0,0,N,4,1,0.5,1,3,0,2.5,0,2,1,161,162
2023-01-30 13:56:29.000,2023-01-30 13:57:40.000,0.34,1,7.7,0,0,N,2,1,0.5,1,3.7,0,2.5,0,2,1,162,170
2023-01-30 13:28:19.000,2023-01-30 13:29:14.000,0.35,1,9.62,0,1.92,N,1,1,0.5,1,3.7,0,2.5,0,2,1,143,239
2023-01-30 13:11:20.000,2023-01-30 13:12:58.000,0.56,1,8.4,0,0,N,2,1,0.5,1,4.4,0,2.5,0,2,1,114,113
2023-01-30 13:00:07.000,2023-01-30 13:01:31.000,0.3,1,9.2,0,1.5,N,1,1,0.5,1,3.7,2.5,2.5,0,1,1,239,238
2023-01-30 13:56:20.000,2023-01-30 13:56:54.000,0.08,0,15,0,8,N,1,1,0.5,1,3,0,2.5,0,2,1,158,68
2023-01-30 14:17:14.000,2023-01-30 14:18:51.000,0.3,1,9.6,0,1.9,N,1,1,0.5,1,3.7,2.5,2.5,0,1,1,113,249
2023-01-30 14:48:02.000,2023-01-30 14:49:40.000,0.23,1,12.7,0,5,N,1,3,0.5,1,3.7,0,2.5,0,2,1,237,229
2023-01-30 14:20:33.000,2023-01-30 14:21:34.000,0.18,1,7.7,0,0,N,2,1,0.5,1,3.7,0,2.5,0,2,1,100,186
2023-01-30 14:55:08.000,2023-01-30 14:56:59.000,0.37,1,10.08,0,1.68,N,1,1,0.5,1,4.4,0,2.5,0,2,1,246,68
2023-01-30 14:34:25.000,2023-01-30 14:35:55.000,0.16,1,10.01,0,2.31,N,1,1,0.5,1,3.7,0,2.5,0,2,1,229,233
2023-01-30 14:13:20.000,2023-01-30 14:14:00.000,0.26,1,5.2,0,0,N,2,2,0.5,1,3.7,0,0,0,2,1,166,152
2023-01-30 14:34:54.000,2023-01-30 14:34:57.000,0,0,71.5,0,0,N,2,1,0.5,1,70,0,0,0,2,2,75,264
2023-01-30 14:29:58.000,2023-01-30 14:30:41.000,0,1,7,0,0,N,4,1,0.5,1,3,2.5,2.5,0,1,1,238,239
2023-01-30 14:18:05.000,2023-01-30 14:19:50.000,0.59,1,10.1,0,1,N,1,1,0.5,1,5.1,0,2.5,0,2,1,249,234
2023-01-30 14:45:45.000,2023-01-30 14:45:50.000,0,0,4.5,0,0,N,3,1,0.5,1,3,0,0,0,2,1,7,193
2023-01-30 14:33:10.000,2023-01-30 14:33:29.000,0,0,7,0,0,N,2,1,0.5,1,3,0,2.5,0,2,1,236,237
2023-01-30 14:56:49.000,2023-01-30 14:57:55.000,0.41,1,8.4,0,0,N,1,1,0.5,1,4.4,0,2.5,0,2,1,236,75
2023-01-30 14:14:53.000,2023-01-30 14:14:58.000,0,0,5.4,0,0.9,N,1,1,0.5,1,3,0,0,0,2,1,7,193
2023-01-30 15:20:56.000,2023-01-30 15:21:50.000,0,1,7,0,0,N,4,1,0.5,1,3,0,2.5,0,2,1,142,230
2023-01-30 15:42:22.000,2023-01-30 15:43:27.000,0.3,1,7.7,0,0,N,2,2,0.5,1,3.7,2.5,2.5,0,1,1,238,151
2023-01-30 15:22:09.000,2023-01-30 15:23:41.000,0.43,1,9.4,0,1,N,1,2,0.5,1,4.4,0,2.5,0,2,1,263,236
2023-01-30 15:28:05.000,2023-01-30 15:29:57.000,0.42,1,8.4,0,0,N,2,1,0.5,1,4.4,0,2.5,0,2,1,141,236
2023-01-30 15:30:10.000,2023-01-30 15:31:50.000,0.42,1,8.4,0,0,N,1,1,0.5,1,4.4,0,2.5,0,2,1,140,262
2023-01-30 15:07:08.000,2023-01-30 15:07:53.000,0.4,0,96.66,6.55,16.11,N,1,2,0.5,1,70,0,2.5,0,2,2,216,132
2023-01-30 15:57:25.000,2023-01-30 15:58:42.000,0.38,1,8.47,0,0.77,N,1,1,0.5,1,3.7,0,2.5,0,2,1,162,229
2023-01-15 22:22:48.000,2023-01-15 22:23:06.000,0.05,1,8,0,0,N,2,1,0.5,1,3,1,2.5,0,2,1,186,100
2023-01-15 23:16:53.000,2023-01-15 23:17:04.000,0.06,1,5.5,0,0,N,2,1,0.5,1,3,1,0,0,2,1,166,24
2023-01-15 23:24:32.000,2023-01-15 23:25:39.000,0.36,1,11.75,0,2.35,N,1,1,0.5,1,4.4,1,2.5,0,2,1,239,238
2023-01-15 23:50:10.000,2023-01-15 23:50:12.000,0,0,51,0,0,N,1,1,0,1,50,0,0,0,2,5,137,264
2023-01-15 23:05:06.000,2023-01-15 23:06:59.000,0.43,1,9.4,0,0,N,2,1,0.5,1,4.4,1,2.5,0,2,1,68,186
2023-01-15 23:38:05.000,2023-01-15 23:39:39.000,0.5,1,11.28,0,1.88,N,1,1,0.5,1,4.4,3.5,2.5,0,1,1,170,162
2023-01-15 23:10:28.000,2023-01-15 23:11:49.000,0.5,1,11.28,0,1.88,N,1,1,0.5,1,4.4,1,2.5,0,2,1,161,163
2023-01-15 23:47:16.000,2023-01-15 23:48:59.000,0.7,1,12.1,0,2,N,1,0,0.5,1,5.1,3.5,2.5,0,1,1,229,233
2023-01-15 23:32:54.000,2023-01-15 23:33:05.000,0,1,87.8,6.55,6,N,1,1,0.5,1,70,0,2.5,1.25,2,2,170,137
2023-01-15 23:41:42.000,2023-01-15 23:41:46.000,0,0,6.75,0,0,N,4,1,0.5,1,3,1,0,1.25,2,1,264,132
2023-01-15 23:29:06.000,2023-01-15 23:29:37.000,0.03,0,8,0,0,N,2,2,0.5,1,3,1,2.5,0,2,1,186,100
2023-01-16 00:11:26.000,2023-01-16 00:12:34.000,0.49,1,11.28,0,1.88,N,1,1,0.5,1,4.4,1,2.5,0,2,1,263,262
2023-01-16 00:48:32.000,2023-01-16 00:49:53.000,0.31,1,8.7,0,0,N,2,1,0.5,1,3.7,1,2.5,0,2,1,263,141
2023-01-16 00:12:55.000,2023-01-16 00:12:56.000,0,0,5.5,0,0,N,2,1,0.5,1,3,1,0,0,2,1,24,264
2023-01-16 00:07:35.000,2023-01-16 00:07:46.000,0,0,15,0,7,N,1,1,0.5,1,3,1,2.5,0,2,1,68,90
2023-01-16 00:38:24.000,2023-01-16 00:38:29.000,0,0,10.4,0,2.4,N,1,1,0.5,1,3,1,2.5,0,2,1,237,141
2023-01-16 00:52:34.000,2023-01-16 00:53:59.000,0.73,1,10.1,0,0,N,2,1,0.5,1,5.1,1,2.5,0,2,1,141,229
2023-01-16 00:53:02.000,2023-01-16 00:54:26.000,0.34,1,11.28,0,1.88,N,1,4,0.5,1,4.4,1,2.5,0,2,1,107,237
2023-01-16 00:29:02.000,2023-01-16 00:30:20.000,0.2,1,8.7,0,0,N,2,1,0.5,1,3.7,1,2.5,0,2,1,48,246
2023-01-16 00:52:19.000,2023-01-16 00:53:51.000,0.57,1,11.28,0,1.88,N,1,1,0.5,1,4.4,1,2.5,0,2,1,48,68
2023-01-16 00:10:22.000,2023-01-16 00:11:23.000,0.33,1,6.2,0,0,N,2,1,0.5,1,3.7,1,0,0,2,1,74,75
2023-01-16 00:43:20.000,2023-01-16 00:44:46.000,0.38,1,11.28,0,1.88,N,1,1,0.5,1,4.4,1,2.5,0,2,1,90,68
2023-01-16 00:15:48.000,2023-01-16 00:16:59.000,0.07,1,8.7,0,0,N,4,2,0.5,1,3.7,1,2.5,0,2,1,142,48
2023-01-16 00:20:56.000,2023-01-16 00:21:31.000,0.43,1,301.2,0,50.2,N,1,1,0,1,250,0,0,0,2,5,208,51
2023-01-16 00:29:36.000,2023-01-16 00:30:49.000,0.49,1,11.28,0,1.88,N,1,2,0.5,1,4.4,1,2.5,0,2,1,107,170
2023-01-16 00:02:06.000,2023-01-16 00:02:53.000,0.34,0,7.45,0,0,N,2,1,0.5,1,3.7,1,0,1.25,2,1,264,132
2023-01-16 01:19:18.000,2023-01-16 01:20:37.000,0.38,1,11.4,0,2,N,1,1,0.5,1,4.4,1,2.5,0,2,1,48,246
2023-01-16 01:06:02.000,2023-01-16 01:07:47.000,0.8,1,12.96,0,2.16,N,1,1,0.5,1,5.8,1,2.5,0,2,1,141,263
2023-01-16 01:38:02.000,2023-01-16 01:39:28.000,0.51,1,10.9,0,1.5,N,1,2,0.5,1,4.4,1,2.5,0,2,1,68,90
2023-01-16 01:56:54.000,2023-01-16 01:57:55.000,0.35,1,8.7,0,0,N,2,1,0.5,1,3.7,1,2.5,0,2,1,68,249
2023-01-16 01:05:38.000,2023-01-16 01:06:52.000,0.41,1,11.28,0,1.88,N,1,1,0.5,1,4.4,1,2.5,0,2,1,263,141
2023-01-16 01:46:29.000,2023-01-16 01:46:32.000,0,0,15.3,0,1.8,N,1,1,0,1,12.5,0,0,0,2,5,90,264
2023-01-16 01:21:41.000,2023-01-16 01:21:44.000,0,0,26.25,0,5.25,N,1,1,0,1,20,0,0,0,2,5,36,264
2023-01-16 01:48:31.000,2023-01-16 01:49:33.000,0.28,1,8.7,0,0,N,2,2,0.5,1,3.7,1,2.5,0,2,1,68,48
2023-01-16 01:48:28.000,2023-01-16 01:49:09.000,0.16,1,9.6,0,1.6,N,1,1,0.5,1,3,1,2.5,0,2,1,48,230
2023-01-16 01:04:23.000,2023-01-16 01:05:45.000,0.55,1,10.4,0,1,N,1,1,0.5,1,4.4,1,2.5,0,2,1,140,141
2023-01-16 01:01:00.000,2023-01-16 01:02:48.000,0.73,1,12.12,0,2.02,N,1,1,0.5,1,5.1,1,2.5,0,2,1,48,68
2023-01-16 01:00:04.000,2023-01-16 01:01:53.000,0.6,1,11.1,0,1,N,1,1,0.5,1,5.1,3.5,2.5,0,1,1,43,239
2023-01-16 01:11:24.000,2023-01-16 01:11:46.000,0,0,36,0,0,N,1,1,0,1,35,0,0,0,2,5,242,82
2023-01-16 02:34:02.000,2023-01-16 02:35:59.000,0.64,1,10.1,0,0,N,1,1,0.5,1,5.1,1,2.5,0,2,1,234,164
2023-01-16 02:18:22.000,2023-01-16 02:18:47.000,0.03,0,17.5,0,0,N,2,1,0,1,14,0,2.5,0,2,5,161,249
2023-01-16 03:26:08.000,2023-01-16 03:27:53.000,0.7,1,12.6,0,2.5,N,1,1,0.5,1,5.1,3.5,2.5,0,1,1,162,170
2023-01-16 03:04:02.000,2023-01-16 03:05:51.000,0.7,1,11.6,0,1.5,N,1,2,0.5,1,5.1,3.5,2.5,0,1,1,186,234
2023-01-16 03:28:44.000,2023-01-16 03:28:47.000,0,0,33.5,0,0,N,1,1,0,1,30,0,2.5,0,2,5,148,79
2023-01-16 04:43:16.000,2023-01-16 04:43:50.000,0.88,0,91.8,0,15.3,N,1,1,0.5,1,75,0,0,0,2,5,93,28
2023-01-16 04:28:50.000,2023-01-16 04:28:56.000,0,0,200,0,46.5,N,1,1,0,1,150,0,2.5,0,2,5,186,162
2023-01-16 05:46:24.000,2023-01-16 05:47:32.000,0.41,1,9.4,0,0,N,1,1,0.5,1,4.4,1,2.5,0,2,1,48,230
2023-01-16 05:20:15.000,2023-01-16 05:21:07.000,0.34,1,11.31,0,2.61,N,1,1,0.5,1,3.7,1,2.5,0,2,1,186,90
2023-01-16 05:04:08.000,2023-01-16 05:05:10.000,0.02,1,6.75,0,0,N,4,1,0.5,1,3,1,0,1.25,2,1,264,138
2023-01-16 06:28:07.000,2023-01-16 06:28:10.000,0,0,4.5,0,0,N,2,1,0.5,1,3,0,0,0,2,1,129,264
2023-01-16 06:03:20.000,2023-01-16 06:03:27.000,0.12,0,76,0,20,N,1,1,0,1,55,0,0,0,2,5,223,129
2023-01-16 06:32:43.000,2023-01-16 06:32:47.000,0.01,0,86,0,0,N,1,1,0,1,85,0,0,0,2,5,132,264
2023-01-16 06:44:36.000,2023-01-16 06:44:39.000,0,0,64.45,0,0,N,1,1,0,1,63.45,0,0,0,2,5,165,264
2023-01-16 06:04:16.000,2023-01-16 06:04:26.000,0,0,10.75,0,0,N,4,1,0.5,1,3,5,0,1.25,2,1,264,138
2023-01-16 06:22:11.000,2023-01-16 06:22:14.000,0.04,0,97.2,0,16.2,N,1,2,0,1,80,0,0,0,2,5,132,264
2023-01-16 07:30:33.000,2023-01-16 07:31:43.000,0.4,1,9.4,0,1,N,1,1,0.5,1,4.4,2.5,2.5,0,1,1,141,229
2023-01-16 07:20:35.000,2023-01-16 07:21:43.000,0.36,1,7.7,0,0,N,2,5,0.5,1,3.7,0,2.5,0,2,1,236,237
2023-01-16 07:58:07.000,2023-01-16 07:59:23.000,0.41,1,9.66,0,1.26,N,1,1,0.5,1,4.4,0,2.5,0,2,1,229,233
2023-01-16 07:16:24.000,2023-01-16 07:17:36.000,0.4,1,10.9,0,2.5,N,1,1,0.5,1,4.4,2.5,2.5,0,1,1,237,140
2023-01-16 07:22:41.000,2023-01-16 07:22:45.000,0.03,0,73.2,0,12.2,N,1,1,0,1,60,0,0,0,2,5,70,138
2023-01-16 07:43:50.000,2023-01-16 07:44:30.000,0.02,1,7,0,0,N,4,1,0.5,1,3,0,2.5,0,2,1,161,162
2023-01-16 08:50:00.000,2023-01-16 08:51:57.000,0.66,1,11.83,0,2.73,N,1,1,0.5,1,5.1,0,2.5,0,2,1,143,50
2023-01-16 08:33:04.000,2023-01-16 08:34:17.000,0.48,1,8.4,0,0,N,2,1,0.5,1,4.4,0,2.5,0,2,1,236,237
2023-01-16 08:18:03.000,2023-01-16 08:19:39.000,0.67,1,9.1,0,0,N,2,1,0.5,1,5.1,0,2.5,0,2,1,90,230
2023-01-16 08:16:35.000,2023-01-16 08:17:07.000,0.01,1,7,0,0,N,2,1,0.5,1,3,0,2.5,0,2,1,246,68
2023-01-16 08:36:03.000,2023-01-16 08:37:52.000,0.45,1,10.08,0,1.68,N,1,1,0.5,1,4.4,0,2.5,0,2,1,229,140
2023-01-16 08:42:01.000,2023-01-16 08:43:38.000,0.53,1,10.08,0,1.68,N,1,1,0.5,1,4.4,0,2.5,0,2,1,239,142
2023-01-16 08:43:17.000,2023-01-16 08:44:53.000,0.6,1,8.4,0,0,N,2,1,0.5,1,4.4,0,2.5,0,2,1,234,164
2023-01-16 08:29:40.000,2023-01-16 08:30:39.000,0.18,1,7.7,0,0,N,4,1,0.5,1,3.7,0,2.5,0,2,1,264,230
2023-01-16 08:20:07.000,2023-01-16 08:21:34.000,0.36,1,8.7,0,1,N,1,1,0.5,1,3.7,0,2.5,0,2,1,263,236
2023-01-16 08:29:49.000,2023-01-16 08:30:37.000,0.35,1,8.7,0,1,N,1,2,0.5,1,3.7,0,2.5,0,2,1,249,90
2023-01-16 08:36:04.000,2023-01-16 08:37:58.000,0.46,1,8.4,0,0,N,2,1,0.5,1,4.4,0,2.5,0,2,1,211,158
2023-01-16 08:20:34.000,2023-01-16 08:21:45.000,0.4,1,9.4,0,1,N,1,1,0.5,1,4.4,2.5,2.5,0,1,1,141,263
2023-01-16 08:20:08.000,2023-01-16 08:21:56.000,0.6,1,11.37,0,2.27,N,1,1,0.5,1,5.1,0,2.5,0,2,1,79,107
2023-01-16 07:59:28.000,2023-01-16 08:00:26.000,0.3,1,7.7,0,0,N,2,1,0.5,1,3.7,0,2.5,0,2,1,137,170
2023-01-16 08:17:35.000,2023-01-16 08:17:37.000,0,0,9,0,0,N,1,1,0,1,8,0,0,0,2,5,140,264
2023-01-16 08:16:44.000,2023-01-16 08:17:12.000,0.2,1,71.5,0,0,N,2,1,0.5,1,70,0,0,0,2,2,43,238
2023-01-16 09:41:24.000,2023-01-16 09:41:35.000,0,0,5.4,0,0.9,N,1,1,0.5,1,3,0,0,0,2,1,193,7
2023-01-16 09:52:28.000,2023-01-16 09:53:52.000,0.4,1,11.4,0,3,N,1,1,0.5,1,4.4,2.5,2.5,0,1,1,236,237
2023-01-16 09:48:35.000,2023-01-16 09:48:59.000,0.17,0,7,0,0,N,3,1,0.5,1,3,0,2.5,0,2,1,162,233
2023-01-16 09:42:23.000,2023-01-16 09:43:52.000,0.54,1,8.4,0,0,N,2,3,0.5,1,4.4,0,2.5,0,2,1,142,48
2023-01-16 09:11:34.000,2023-01-16 09:12:26.000,0.26,1,9.63,0,1.93,N,1,1,0.5,1,3.7,0,2.5,0,2,1,79,107
2023-01-16 09:46:08.000,2023-01-16 09:47:22.000,0.43,1,10.08,0,1.68,N,1,1,0.5,1,4.4,0,2.5,0,2,1,239,238
2023-01-16 09:42:05.000,2023-01-16 09:43:49.000,0.61,1,9.1,0,0,N,2,1,0.5,1,5.1,0,2.5,0,2,1,229,141
2023-01-16 09:50:10.000,2023-01-16 09:50:44.000,0.09,0,7,0,0,N,2,1,0.5,1,3,0,2.5,0,2,1,143,142
2023-01-16 09:16:21.000,2023-01-16 09:17:43.000,0.46,1,10.4,0,2,N,1,1,0.5,1,4.4,0,2.5,0,2,1,263,237
2023-01-16 09:25:18.000,2023-01-16 09:26:56.000,0.5,1,9.4,0,1,N,1,1,0.5,1,4.4,2.5,2.5,0,1,1,237,236
2023-01-16 09:33:05.000,2023-01-16 09:34:59.000,0.72,1,10.1,0,1,N,1,1,0.5,1,5.1,0,2.5,0,2,1,238,24
2023-01-16 09:58:13.000,2023-01-16 09:58:18.000,0.05,0,92.5,0,18.5,N,1,2,0.5,1,70,0,2.5,0,2,2,264,70
2023-01-16 09:44:20.000,2023-01-16 09:45:56.000,0.26,1,9.24,0,1.54,N,1,1,0.5,1,3.7,0,2.5,0,2,1,249,90
2023-01-16 09:17:05.000,2023-01-16 09:17:34.000,0.19,0,8.4,0,1.4,N,1,1,0.5,1,3,0,2.5,0,2,1,140,141
2023-01-16 09:11:08.000,2023-01-16 09:12:45.000,0.64,1,10.92,0,1.82,N,1,2,0.5,1,5.1,0,2.5,0,2,1,234,164
2023-01-16 09:15:16.000,2023-01-16 09:16:54.000,0.59,1,10.92,0,2.52,N,1,1,0.5,1,4.4,0,2.5,0,2,1,140,262
2023-01-16 09:13:05.000,2023-01-16 09:14:42.000,0.63,1,11.1,0,2,N,1,1,0.5,1,5.1,0,2.5,0,2,1,264,141
2023-01-16 09:16:47.000,2023-01-16 09:17:04.000,11.4,1,98,0,16,N,1,2,0,1,81,0,0,0,1,5,239,238
2023-01-16 09:57:12.000,2023-01-16 09:57:18.000,0.01,0,74,0,0,N,4,1,0.5,1,70,0,2.5,0,2,2,186,90
2023-01-16 10:11:21.000,2023-01-16 10:12:51.000,0.44,1,10.08,0,1.68,N,1,2,0.5,1,4.4,0,2.5,0,2,1,229,233
2023-01-16 10:05:08.000,2023-01-16 10:06:50.000,0.5,1,8.4,0,0,N,2,1,0.5,1,4.4,2.5,2.5,0,1,1,229,233
2023-01-16 10:06:33.000,2023-01-16 10:07:56.000,0.52,1,10.08,0,1.68,N,1,1,0.5,1,4.4,0,2.5,0,2,1,237,161
2023-01-16 10:10:29.000,2023-01-16 10:10:34.000,0.01,0,7,0,0,N,2,2,0.5,1,3,0,2.5,0,2,1,230,48
2023-01-23 14:22:10.000,2023-01-23 14:22:14.000,0,0,16,0,0,N,1,1,0,1,15,0,0,0,2,5,87,264
2023-01-23 14:45:03.000,2023-01-23 14:45:13.000,0.03,0,9.5,0,0,N,2,1,0.5,1,3,5,0,0,2,1,70,138
2023-01-23 14:22:38.000,2023-01-23 14:23:24.000,0.14,1,7,0,0,N,2,1,0.5,1,3,0,2.5,0,2,1,143,142
2023-01-23 14:36:45.000,2023-01-23 14:37:52.000,0.12,1,5.2,0,0,N,2,2,0.5,1,3.7,0,0,0,2,1,225,17
2023-01-23 14:15:31.000,2023-01-23 14:15:38.000,0,0,19.5,0,0,Y,1,1,0,1,16,0,2.5,0,2,5,4,232
2023-01-23 14:30:06.000,2023-01-23 14:31:06.000,0.11,1,102,11,17,N,1,1,0.5,1,70,0,2.5,0,2,2,237,163
2023-01-23 14:37:34.000,2023-01-23 14:38:00.000,0,1,26,0,4.1,N,1,1,0,1,18.4,0,2.5,0,2,5,50,48
2023-01-23 15:28:37.000,2023-01-23 15:28:48.000,0,0,5.4,0,0.9,N,3,1,0.5,1,3,0,0,0,2,1,193,7
2023-01-23 15:00:33.000,2023-01-23 15:01:49.000,0.23,1,9.24,0,1.54,N,1,1,0.5,1,3.7,0,2.5,0,2,1,263,262
2023-01-23 15:52:18.000,2023-01-23 15:53:23.000,0.38,1,6.5,0,1.3,N,1,1,0.5,1,3.7,0,0,0,2,1,151,238
2023-01-23 15:48:08.000,2023-01-23 15:49:34.000,0.31,1,8.08,0,0.38,N,1,1,0.5,1,3.7,0,2.5,0,2,1,170,137
2023-01-23 15:14:04.000,2023-01-23 15:14:18.000,0.04,0,99.06,0,16.51,N,1,4,0,1,81.55,0,0,0,2,5,264,87
2023-01-23 15:49:09.000,2023-01-23 15:50:39.000,0.36,1,7.7,0,0,N,2,1,0.5,1,3.7,0,2.5,0,2,1,236,75
2023-01-23 15:33:08.000,2023-01-23 15:33:23.000,0,0,21.7,0,0,N,1,1,0,1,18.2,0,2.5,0,2,5,230,161
2023-01-23 15:44:29.000,2023-01-23 15:44:39.000,0.05,0,96.66,6.55,16.11,N,1,1,0,1,73,0,0,0,2,5,197,130
2023-01-23 15:33:27.000,2023-01-23 15:34:39.000,0,1,7,0,0,N,2,2,0.5,1,3,0,2.5,0,2,1,264,152
2023-01-23 15:16:59.000,2023-01-23 15:17:20.000,0,1,103.8,0,17.3,N,1,1,0.5,1,85,0,0,0,2,5,236,264
2023-01-23 15:47:04.000,2023-01-23 15:48:11.000,0.3,1,7.7,0,0,N,2,1,0.5,1,3.7,2.5,2.5,0,1,1,100,186
2023-01-23 15:31:56.000,2023-01-23 15:31:58.000,0.01,0,103.75,0,20.75,N,1,1,0,1,82,0,0,0,2,5,163,264
2023-01-23 16:07:36.000,2023-01-23 16:08:40.000,0.3,1,12.2,0,2,N,1,2,0.5,1,3.7,5,2.5,0,1,1,43,238
2023-01-23 16:11:59.000,2023-01-23 16:12:04.000,0.02,1,79,0,0,N,2,1,0.5,1,70,5,2.5,0,2,2,161,162
2023-01-23 16:22:04.000,2023-01-23 16:22:32.000,0.01,0,9.5,0,0,N,2,1,0.5,1,3,2.5,2.5,0,2,1,230,163
2023-01-23 16:55:05.000,2023-01-23 16:56:38.000,0.3,1,10.9,0,0,N,2,1,0.5,1,4.4,5,2.5,0,1,1,151,238
2023-01-23 16:16:38.000,2023-01-23 16:17:58.000,0.3,1,12.2,0,2,N,1,1,0.5,1,3.7,5,2.5,0,1,1,237,141
2023-01-23 16:45:15.000,2023-01-23 16:46:42.000,0.39,1,13.08,0,2.18,N,1,1,0.5,1,4.4,2.5,2.5,0,2,1,249,148
2023-01-23 16:25:06.000,2023-01-23 16:26:41.000,0.28,1,12.24,0,2.04,N,1,6,0.5,1,3.7,2.5,2.5,0,2,1,142,48
2023-01-23 16:40:32.000,2023-01-23 16:40:45.000,0,0,9.5,0,0,N,3,0,0.5,1,3,5,2.5,0,1,1,170,107
2023-01-23 16:58:48.000,2023-01-23 16:59:15.000,0.25,1,61.2,0,10.2,N,1,1,0,1,50,0,0,0,2,5,265,1
2023-01-23 16:13:08.000,2023-01-23 16:13:31.000,0.01,0,7,0,0,N,2,1,0.5,1,3,0,2.5,0,2,1,161,264
2023-01-23 16:38:27.000,2023-01-23 16:38:40.000,0.01,0,111.6,0,18.6,N,1,2,0,1,92,0,0,0,2,5,264,161
2023-01-23 16:58:20.000,2023-01-23 16:59:35.000,0.37,1,13.08,0,2.18,N,1,1,0.5,1,4.4,2.5,2.5,0,2,1,263,141
2023-01-23 16:28:21.000,2023-01-23 16:29:18.000,0.38,1,9.7,0,2,N,1,1,0.5,1,3.7,0,2.5,0,2,1,263,264
2023-01-23 16:32:00.000,2023-01-23 16:33:15.000,0.01,1,10.2,0,0,N,4,1,0.5,1,3.7,2.5,2.5,0,2,1,264,50
2023-01-23 16:52:41.000,2023-01-23 16:52:50.000,0,0,9.5,0,0,N,3,1,0.5,1,3,2.5,2.5,0,2,1,163,230
2023-01-23 17:49:32.000,2023-01-23 17:50:55.000,0.3,1,10.2,0,0,N,1,1,0.5,1,3.7,5,2.5,0,1,1,237,162
2023-01-23 17:14:13.000,2023-01-23 17:15:39.000,0.6,1,11.6,0,0,N,4,1,0.5,1,5.1,5,2.5,0,1,1,237,236
2023-01-23 17:02:25.000,2023-01-23 17:03:51.000,0.1,1,12.24,0,2.04,N,1,1,0.5,1,3.7,5,2.5,0,1,1,263,236
2023-01-23 17:12:40.000,2023-01-23 17:13:53.000,0.4,1,12.24,0,2.04,N,1,1,0.5,1,3.7,2.5,2.5,0,2,1,114,113
2023-01-23 17:21:18.000,2023-01-23 17:21:28.000,0.07,0,101.94,0,20.39,N,1,1,0,1,80.55,0,0,0,2,5,197,215
2023-01-23 17:34:38.000,2023-01-23 17:35:46.000,0.09,1,79,0,0,N,2,1,0.5,1,70,5,2.5,0,2,2,144,148
2023-01-23 17:22:29.000,2023-01-23 17:22:31.000,0,0,7,0,0,N,2,1,0.5,1,3,0,2.5,0,2,1,107,264
2023-01-23 17:28:21.000,2023-01-23 17:29:38.000,0.41,1,13.08,0,2.18,N,1,1,0.5,1,4.4,2.5,2.5,0,2,1,142,48
2023-01-23 17:39:19.000,2023-01-23 17:40:06.000,0.04,1,9.5,0,0,N,4,1,0.5,1,3,2.5,2.5,0,2,1,237,140
2023-01-23 17:10:44.000,2023-01-23 17:10:49.000,0.07,0,115.2,0,19.2,N,1,1,0,1,95,0,0,0,2,5,197,216
2023-01-23 17:00:18.000,2023-01-23 17:01:45.000,0.23,1,12.75,0,2.55,N,1,1,0.5,1,3.7,2.5,2.5,0,2,1,162,237
2023-01-23 17:09:09.000,2023-01-23 17:09:12.000,0,0,114.38,0,22.88,N,1,4,0.5,1,90,0,0,0,2,5,132,264
2023-01-23 18:50:23.000,2023-01-23 18:51:57.000,0.2,1,12,0,1.8,N,1,1,0.5,1,3.7,5,2.5,0,1,1,239,143
2023-01-23 18:27:08.000,2023-01-23 18:28:59.000,0.6,1,13.9,0,2.3,N,1,1,0.5,1,5.1,5,2.5,0,1,1,141,237
2023-01-23 18:50:40.000,2023-01-23 18:51:55.000,0.34,1,8.7,0,1,N,1,1,0.5,1,3.7,2.5,0,0,2,1,264,75
2023-01-23 18:49:21.000,2023-01-23 18:50:26.000,0.32,1,12.75,0,2.55,N,1,1,0.5,1,3.7,2.5,2.5,0,2,1,234,107
2023-01-23 18:09:08.000,2023-01-23 18:10:33.000,0.42,1,13.08,0,2.18,N,1,2,0.5,1,4.4,2.5,2.5,0,2,1,234,90
2023-01-23 18:33:16.000,2023-01-23 18:34:42.000,0.43,1,13.08,0,2.18,N,1,1,0.5,1,4.4,2.5,2.5,0,2,1,163,43
2023-01-23 18:38:03.000,2023-01-23 18:39:20.000,0.39,1,13.08,0,2.18,N,1,1,0.5,1,4.4,2.5,2.5,0,2,1,141,262
2023-01-23 18:21:11.000,2023-01-23 18:22:32.000,0.2,1,12.24,0,2.04,N,1,2,0.5,1,3.7,5,2.5,0,1,1,263,262
2023-01-23 18:42:47.000,2023-01-23 18:43:41.000,0.22,1,12.75,0,2.55,N,1,1,0.5,1,3.7,2.5,2.5,0,2,1,162,141
2023-01-23 18:41:42.000,2023-01-23 18:42:10.000,0.02,1,9.5,0,0,N,2,1,0.5,1,3,2.5,2.5,0,2,1,170,137
2023-01-23 18:20:26.000,2023-01-23 18:21:16.000,0.2,1,12.2,0,2,N,1,2,0.5,1,3.7,5,2.5,0,1,1,246,68
2023-01-23 18:06:10.000,2023-01-23 18:07:43.000,0.14,1,12.24,0,2.04,N,1,1,0.5,1,3.7,2.5,2.5,0,2,1,237,163
2023-01-23 18:33:12.000,2023-01-23 18:34:38.000,0.41,1,13.08,0,2.18,N,1,1,0.5,1,4.4,2.5,2.5,0,2,1,114,249
2023-01-23 18:10:37.000,2023-01-23 18:11:41.000,0.38,1,10.2,0,0,N,2,4,0.5,1,3.7,2.5,2.5,0,2,1,186,90
2023-01-23 18:04:43.000,2023-01-23 18:05:36.000,0.2,1,11.2,0,1,N,1,1,0.5,1,3.7,5,2.5,0,1,1,239,238
2023-01-23 18:28:54.000,2023-01-23 18:29:14.000,0.22,1,26,0,0,N,1,1,0,1,25,0,0,0,2,5,265,1
2023-01-23 18:10:22.000,2023-01-23 18:11:37.000,0.52,1,10.9,0,0,N,2,3,0.5,1,4.4,2.5,2.5,0,2,1,140,262
2023-01-23 18:02:01.000,2023-01-23 18:02:34.000,0.22,0,10.2,0,0,N,2,4,0.5,1,3.7,2.5,2.5,0,2,1,141,237
2023-01-23 18:07:15.000,2023-01-23 18:08:35.000,0.47,1,13.08,0,2.18,N,1,1,0.5,1,4.4,2.5,2.5,0,2,1,68,186
2023-01-23 18:53:54.000,2023-01-23 18:53:56.000,0,0,109.8,0,18.3,N,1,3,0.5,1,90,0,0,0,2,5,161,264
2023-01-23 18:13:55.000,2023-01-23 18:14:02.000,0,1,28.2,0,4.7,N,1,1,0,1,20,0,2.5,0,2,5,186,90
2023-01-23 18:37:21.000,2023-01-23 18:38:54.000,0.34,1,11.73,0,1.53,N,1,1,0.5,1,3.7,2.5,2.5,0,2,1,263,262
2023-01-23 18:52:10.000,2023-01-23 18:53:48.000,0.48,1,13.63,0,2.73,N,1,1,0.5,1,4.4,2.5,2.5,0,2,1,263,236
2023-01-23 19:20:23.000,2023-01-23 19:21:49.000,0.18,1,12.24,0,2.04,N,1,1,0.5,1,3.7,2.5,2.5,0,2,1,234,164
2023-01-23 19:18:43.000,2023-01-23 19:19:04.000,0,1,79,0,0,N,2,1,0.5,1,70,5,2.5,0,2,2,162,161
2023-01-23 19:54:59.000,2023-01-23 19:55:22.000,0,1,9.5,0,0,N,3,0,0.5,1,3,5,2.5,0,1,1,100,186
2023-01-23 19:43:08.000,2023-01-23 19:44:47.000,0.4,1,10.9,0,0,N,2,1,0.5,1,4.4,5,2.5,0,1,1,237,162
2023-01-23 19:52:17.000,2023-01-23 19:53:29.000,0.44,1,13.08,0,2.18,N,1,1,0.5,1,4.4,2.5,2.5,0,2,1,263,262
2023-01-23 19:33:29.000,2023-01-23 19:33:50.000,0.1,0,10.5,0,1,N,1,1,0.5,1,3,5,2.5,0,1,1,125,211
2023-01-23 19:46:14.000,2023-01-23 19:47:35.000,0.33,1,12.75,0,2.55,N,1,1,0.5,1,3.7,2.5,2.5,0,2,1,161,163
2023-01-23 19:38:26.000,2023-01-23 19:38:47.000,0,0,7,0,0,N,3,1,0.5,1,3,2.5,0,0,1,1,264,215
2023-01-23 19:32:09.000,2023-01-23 19:33:55.000,0.3,1,13.05,0,2.15,N,1,1,0.5,1,4.4,5,2.5,0,1,1,239,143
2023-01-23 19:42:15.000,2023-01-23 19:43:55.000,0.37,1,13.08,0,2.18,N,1,1,0.5,1,4.4,2.5,2.5,0,2,1,229,233
2023-01-23 19:54:06.000,2023-01-23 19:55:38.000,0.55,1,13.08,0,2.18,N,1,2,0.5,1,4.4,2.5,2.5,0,2,1,263,75
2023-01-23 19:53:36.000,2023-01-23 19:54:16.000,0.2,1,10.2,0,0,N,2,1,0.5,1,3.7,5,2.5,0,1,1,246,68
2023-01-23 19:19:19.000,2023-01-23 19:20:50.000,0.3,1,10.9,0,0,N,2,1,0.5,1,4.4,5,2.5,0,1,1,161,230
2023-01-23 19:27:25.000,2023-01-23 19:28:06.000,0.04,1,9.5,0,0,N,2,1,0.5,1,3,2.5,2.5,0,2,1,48,230
2023-01-23 19:22:08.000,2023-01-23 19:23:26.000,0.59,1,10.9,0,0,N,1,1,0.5,1,4.4,2.5,2.5,0,2,1,137,170
2023-01-23 19:03:17.000,2023-01-23 19:03:34.000,1.56,0,15.8,0,0,N,2,1,0.5,1,9.3,2.5,2.5,0,2,1,162,237
2023-01-23 19:07:13.000,2023-01-23 19:08:25.000,1.27,1,103.91,6.55,17.11,N,1,1,0.5,1,70,5,2.5,1.25,2,2,264,170
2023-01-23 20:19:19.000,2023-01-23 20:20:49.000,0.33,1,11.75,0,2.35,N,1,1,0.5,1,4.4,1,2.5,0,2,1,162,100
2023-01-23 20:55:19.000,2023-01-23 20:56:48.000,0.47,1,11.28,0,1.88,N,1,1,0.5,1,4.4,1,2.5,0,2,1,237,162
2023-01-23 20:38:47.000,2023-01-23 20:39:53.000,0.35,1,10.2,0,1.5,N,1,1,0.5,1,3.7,1,2.5,0,2,1,125,249
2023-01-23 20:50:13.000,2023-01-23 20:51:41.000,0.55,1,10.4,0,1,N,1,1,0.5,1,4.4,1,2.5,0,2,1,233,162
2023-01-23 20:54:30.000,2023-01-23 20:55:03.000,0.05,1,8,0,0,N,1,1,0.5,1,3,1,2.5,0,2,1,229,162
2023-01-23 20:57:12.000,2023-01-23 20:58:57.000,0.62,1,10.1,0,0,N,2,1,0.5,1,5.1,1,2.5,0,2,1,239,75
2023-01-23 20:36:08.000,2023-01-23 20:36:11.000,0.06,0,47.1,0,7.85,N,1,1,0,1,38.25,0,0,0,2,5,198,264
2023-01-23 20:07:05.000,2023-01-23 20:08:05.000,0.22,1,10.44,0,1.74,N,1,1,0.5,1,3.7,1,2.5,0,2,1,48,230
2023-01-23 20:48:37.000,2023-01-23 20:48:55.000,0,0,10.5,0,0,N,4,1,0.5,1,3,6,0,0,2,1,264,138
2023-01-23 20:36:44.000,2023-01-23 20:37:59.000,0.1,1,8.7,0,0,N,4,1,0.5,1,3.7,3.5,2.5,0,1,1,90,249
2023-01-23 20:43:16.000,2023-01-23 20:44:37.000,0.27,1,10.44,0,1.74,N,1,2,0.5,1,3.7,1,2.5,0,2,1,229,162
2023-01-23 20:28:15.000,2023-01-23 20:29:40.000,0.51,1,10.4,0,1,N,1,1,0.5,1,4.4,1,2.5,0,2,1,170,233
2023-01-23 20:14:00.000,2023-01-23 20:15:53.000,0.7,1,11,0,0.9,N,1,3,0.5,1,5.1,3.5,2.5,0,1,1,90,164
2023-01-23 20:01:42.000,2023-01-23 20:02:26.000,0.16,1,8.7,0,0,N,1,1,0.5,1,3.7,1,2.5,0,2,1,234,107
2023-01-08 08:11:44.000,2023-01-08 08:11:51.000,0,0,4.5,0,0,N,2,1,0.5,1,3,0,0,0,2,1,29,150
2023-01-08 08:29:24.000,2023-01-08 08:30:41.000,0.67,1,9.1,0,0,N,2,3,0.5,1,5.1,0,2.5,0,2,1,236,75
2023-01-08 08:22:35.000,2023-01-08 08:22:49.000,0.06,0,8.4,0,1.4,N,1,1,0.5,1,3,0,2.5,0,2,1,263,262
2023-01-08 08:35:33.000,2023-01-08 08:35:47.000,0,0,90.6,0,15.1,N,1,2,0,1,72,0,2.5,0,2,5,148,79
2023-01-08 08:51:31.000,2023-01-08 08:52:34.000,0.38,1,9.24,0,1.54,N,1,1,0.5,1,3.7,0,2.5,0,2,1,163,161
2023-01-08 08:05:05.000,2023-01-08 08:06:55.000,0.61,1,10.92,0,1.82,N,1,1,0.5,1,5.1,0,2.5,0,2,1,237,229
2023-01-08 08:36:12.000,2023-01-08 08:37:27.000,0.13,1,5.2,0,0,N,4,3,0.5,1,3.7,0,0,0,2,1,75,262
2023-01-08 08:46:12.000,2023-01-08 08:47:47.000,0.56,1,9.9,0,1.5,N,1,1,0.5,1,4.4,0,2.5,0,2,1,90,234
2023-01-08 08:21:48.000,2023-01-08 08:22:45.000,0.43,1,10.08,0,1.68,N,1,2,0.5,1,4.4,0,2.5,0,2,1,90,186
2023-01-08 08:41:15.000,2023-01-08 08:42:55.000,0.65,1,9.1,0,0,N,2,2,0.5,1,5.1,0,2.5,0,2,1,140,236
2023-01-08 08:50:15.000,2023-01-08 08:51:46.000,0.48,1,10.08,0,1.68,N,1,1,0.5,1,4.4,0,2.5,0,2,1,170,162
2023-01-08 08:06:04.000,2023-01-08 08:07:37.000,0.57,1,11.4,0,3,Y,1,1,0.5,1,4.4,0,2.5,0,2,1,249,234
2023-01-08 08:12:07.000,2023-01-08 08:13:47.000,0.63,1,9.1,0,0,N,2,1,0.5,1,5.1,0,2.5,0,2,1,107,137
2023-01-08 08:12:38.000,2023-01-08 08:12:41.000,0.12,0,121.5,0,5,N,1,1,0.5,1,115,0,0,0,2,5,163,264
2023-01-08 08:17:08.000,2023-01-08 08:18:18.000,0.45,1,10.08,0,1.68,N,1,2,0.5,1,4.4,0,2.5,0,2,1,231,125
2023-01-08 08:28:02.000,2023-01-08 08:29:48.000,0.53,1,9.4,0,1,N,1,1,0.5,1,4.4,0,2.5,0,2,1,234,170
2023-01-08 08:29:15.000,2023-01-08 08:30:15.000,0.27,1,9.24,0,1.54,N,1,1,0.5,1,3.7,0,2.5,0,2,1,43,163
2023-01-08 08:32:11.000,2023-01-08 08:33:29.000,0.48,1,10.08,0,1.68,N,1,1,0.5,1,4.4,0,2.5,0,2,1,141,262
2023-01-08 09:44:52.000,2023-01-08 09:45:55.000,0.24,1,7.7,0,0,N,2,1,0.5,1,3.7,0,2.5,0,2,1,236,141
2023-01-08 09:05:05.000,2023-01-08 09:06:26.000,0.49,1,8.4,0,0,N,2,1,0.5,1,4.4,0,2.5,0,2,1,230,142
2023-01-08 09:30:09.000,2023-01-08 09:31:40.000,0.6,1,10.9,0,1.8,N,1,1,0.5,1,5.1,2.5,2.5,0,1,1,237,162
2023-01-08 09:44:47.000,2023-01-08 09:45:09.000,16.76,1,5.75,0,0,N,4,1,0.5,1,3,0,0,1.25,2,1,264,132
2023-01-08 09:21:03.000,2023-01-08 09:22:29.000,0.55,1,10.92,0,2.52,N,1,1,0.5,1,4.4,0,2.5,0,2,1,238,239
2023-01-08 09:41:05.000,2023-01-08 09:42:46.000,0.6,1,10.1,0,1,N,1,1,0.5,1,5.1,2.5,2.5,0,1,1,141,140
2023-01-08 09:14:50.000,2023-01-08 09:14:53.000,0,0,73.5,0,10,N,1,2,0.5,1,62,0,0,0,2,5,138,264
2023-01-08 09:13:14.000,2023-01-08 09:14:31.000,0.37,1,7.7,0,0,N,2,1,0.5,1,3.7,0,2.5,0,2,1,163,161
2023-01-08 09:32:46.000,2023-01-08 09:32:52.000,0.06,0,103.75,0,20.75,N,1,1,0,1,82,0,0,0,2,5,264,28
2023-01-08 09:41:06.000,2023-01-08 09:42:40.000,0.62,1,10.6,0,1.5,N,1,1,0.5,1,5.1,0,2.5,0,2,1,237,141
2023-01-08 09:11:05.000,2023-01-08 09:12:18.000,0.48,1,10.08,0,1.68,N,1,1,0.5,1,4.4,0,2.5,0,2,1,264,48
2023-01-08 09:35:31.000,2023-01-08 09:35:33.000,0,0,99,0,16.5,N,1,1,0.5,1,81,0,0,0,2,5,43,264
2023-01-08 09:38:02.000,2023-01-08 09:39:32.000,0.5,1,10,0,1.6,N,1,0,0.5,1,4.4,2.5,2.5,0,1,1,141,263
2023-01-08 09:56:46.000,2023-01-08 09:57:56.000,0.32,1,9.63,0,1.93,N,1,1,0.5,1,3.7,0,2.5,0,2,1,236,75
2023-01-08 09:52:13.000,2023-01-08 09:52:52.000,0.3,0,9.24,0,1.54,N,1,1,0.5,1,3.7,0,2.5,0,2,1,236,237
2023-01-08 10:50:32.000,2023-01-08 10:51:55.000,0.47,1,9.66,0,1.26,N,1,2,0.5,1,4.4,0,2.5,0,2,1,263,262
2023-01-08 10:15:53.000,2023-01-08 10:16:53.000,0.26,1,7.7,0,0,N,2,1,0.5,1,3.7,0,2.5,0,2,1,236,141
2023-01-08 10:39:12.000,2023-01-08 10:40:45.000,0.44,1,10.08,0,1.68,N,1,5,0.5,1,4.4,0,2.5,0,2,1,143,239
2023-01-08 10:18:01.000,2023-01-08 10:19:11.000,0.21,1,9.7,0,2,N,4,1,0.5,1,3.7,0,2.5,0,2,1,161,162
2023-01-08 10:59:25.000,2023-01-08 10:59:43.000,0,0,74.2,0,0,N,1,2,0,1,73.2,0,0,0,2,5,250,182
2023-01-08 10:44:24.000,2023-01-08 10:45:53.000,0.9,1,12.7,0,2.9,N,1,0,0.5,1,5.8,2.5,2.5,0,1,1,163,161
2023-01-08 10:23:06.000,2023-01-08 10:24:58.000,0.6,1,10.9,0,1.8,N,1,1,0.5,1,5.1,2.5,2.5,0,1,1,186,90
2023-01-08 10:48:12.000,2023-01-08 10:49:40.000,0.56,1,10.08,0,1.68,N,1,1,0.5,1,4.4,0,2.5,0,2,1,143,239
2023-01-08 10:20:15.000,2023-01-08 10:21:52.000,0.51,1,10.08,0,1.68,N,1,1,0.5,1,4.4,0,2.5,0,2,1,239,142
2023-01-08 10:57:24.000,2023-01-08 10:58:56.000,0.63,1,10.1,0,1,N,1,1,0.5,1,5.1,0,2.5,0,2,1,238,239
2023-01-08 10:00:33.000,2023-01-08 10:01:56.000,0.55,1,5.9,0,0,N,2,1,0.5,1,4.4,0,0,0,2,1,43,238
2023-01-08 10:19:56.000,2023-01-08 10:20:23.000,0.06,1,7,0,0,N,1,1,0.5,1,3,0,2.5,0,2,1,162,170
2023-01-08 10:53:25.000,2023-01-08 10:54:49.000,0.48,1,10.5,0,2.1,N,1,1,0.5,1,4.4,0,2.5,0,2,1,170,164
2023-01-08 10:04:34.000,2023-01-08 10:05:26.000,0.29,1,9.24,0,1.54,N,1,1,0.5,1,3.7,0,2.5,0,2,1,162,237
2023-01-08 10:25:05.000,2023-01-08 10:26:26.000,0.33,1,8.9,0,3,N,1,1,0.5,1,4.4,0,0,0,2,1,244,116
2023-01-08 10:31:09.000,2023-01-08 10:32:43.000,0.44,1,9.4,0,1,N,1,1,0.5,1,4.4,0,2.5,0,2,1,142,230
2023-01-08 10:24:44.000,2023-01-08 10:24:51.000,0.08,0,61,0,0,N,1,4,0,1,60,0,0,0,2,5,132,10
2023-01-08 10:55:07.000,2023-01-08 10:56:53.000,0.32,1,7.67,0,1.77,N,1,1,0.5,1,4.4,0,0,0,2,1,166,151
2023-01-08 10:38:40.000,2023-01-08 10:38:45.000,0,0,4.5,0,0,N,2,1,0.5,1,3,0,0,0,2,1,140,141
2023-01-08 10:53:09.000,2023-01-08 10:54:41.000,0.57,1,10.08,0,1.68,N,1,1,0.5,1,4.4,0,2.5,0,2,1,239,238
2023-01-08 10:51:54.000,2023-01-08 10:52:34.000,0.01,1,7,0,0,N,4,1,0.5,1,3,0,2.5,0,2,1,263,262
2023-01-08 10:22:07.000,2023-01-08 10:23:59.000,0.51,1,10.92,0,2.52,N,1,3,0.5,1,4.4,0,2.5,0,2,1,237,236
2023-01-08 10:38:09.000,2023-01-08 10:39:52.000,0.41,1,9.24,0,0.84,N,1,4,0.5,1,4.4,0,2.5,0,2,1,263,236
2023-01-08 10:46:22.000,2023-01-08 10:46:34.000,0.02,0,5.75,0,0,N,2,2,0.5,1,3,0,0,1.25,2,1,264,132
2023-01-08 10:35:57.000,2023-01-08 10:35:59.000,0,0,109.8,0,18.3,N,1,1,0.5,1,90,0,0,0,2,5,132,264
2023-01-08 10:06:01.000,2023-01-08 10:07:45.000,0.4,1,8.4,0,0,N,2,1,0.5,1,4.4,2.5,2.5,0,1,1,186,100
2023-01-08 11:45:21.000,2023-01-08 11:46:59.000,0.6,1,10.5,0,2.1,N,1,1,0.5,1,4.4,2.5,2.5,0,1,1,107,137
2023-01-08 11:54:19.000,2023-01-08 11:55:59.000,0.6,1,10.1,0,1,N,1,1,0.5,1,5.1,2.5,2.5,0,1,1,236,43
2023-01-08 11:16:03.000,2023-01-08 11:17:52.000,0.5,1,9.24,0,0.84,N,1,1,0.5,1,4.4,2.5,2.5,0,1,1,229,233
2023-01-08 11:06:04.000,2023-01-08 11:07:34.000,0.4,1,8.4,0,0,N,2,1,0.5,1,4.4,2.5,2.5,0,1,1,141,237
2023-01-08 11:58:21.000,2023-01-08 11:58:55.000,0.1,0,8.4,0,1.4,N,1,1,0.5,1,3,0,2.5,0,2,1,107,224
2023-01-08 11:25:13.000,2023-01-08 11:26:45.000,0.6,1,10.1,0,1,N,1,1,0.5,1,5.1,2.5,2.5,0,1,1,263,141
2023-01-08 11:23:12.000,2023-01-08 11:24:37.000,0.46,1,9.66,0,1.26,N,1,1,0.5,1,4.4,0,2.5,0,2,1,164,234
2023-01-08 11:20:05.000,2023-01-08 11:20:08.000,0,0,99.6,0,16.6,N,1,4,0,1,82,0,0,0,2,5,132,264
2023-01-08 11:27:28.000,2023-01-08 11:28:52.000,0.4,1,8.4,0,0,N,2,2,0.5,1,4.4,2.5,2.5,0,1,1,140,141
2023-01-08 11:21:24.000,2023-01-08 11:22:31.000,0.28,1,9.62,0,1.92,N,1,1,0.5,1,3.7,0,2.5,0,2,1,161,43
2023-01-08 11:44:20.000,2023-01-08 11:45:50.000,0.44,1,10.08,0,1.68,N,1,6,0.5,1,4.4,0,2.5,0,2,1,79,107
2023-01-08 11:03:27.000,2023-01-08 11:04:51.000,0.16,1,8.2,0,0.5,N,1,1,0.5,1,3.7,0,2.5,0,2,1,161,230
2023-01-08 11:01:11.000,2023-01-08 11:02:58.000,0.63,1,10.1,0,1,N,1,1,0.5,1,5.1,0,2.5,0,2,1,234,113
2023-01-08 11:28:13.000,2023-01-08 11:29:52.000,0.26,1,9.24,0,1.54,N,1,1,0.5,1,3.7,0,2.5,0,2,1,236,237
2023-01-08 11:06:06.000,2023-01-08 11:07:38.000,0.37,1,9.4,0,1,N,1,3,0.5,1,4.4,0,2.5,0,2,1,236,237
2023-01-08 11:05:44.000,2023-01-08 11:06:38.000,0.2,1,7.7,0,0,N,4,1,0.5,1,3.7,2.5,2.5,0,1,1,140,141
2023-01-08 11:48:05.000,2023-01-08 11:49:40.000,0.2,1,9.24,0,1.54,N,1,1,0.5,1,3.7,0,2.5,0,2,1,141,263
2023-01-08 11:01:01.000,2023-01-08 11:02:57.000,0.68,1,9.6,0,0.5,N,1,2,0.5,1,5.1,0,2.5,0,2,1,140,263
2023-01-08 11:02:39.000,2023-01-08 11:03:44.000,0.46,1,9.4,0,1,N,1,1,0.5,1,4.4,0,2.5,0,2,1,239,142
2023-01-08 11:14:19.000,2023-01-08 11:15:33.000,0.3,1,7.7,0,0,N,1,1,0.5,1,3.7,2.5,2.5,0,1,1,263,141
2023-01-08 11:05:56.000,2023-01-08 11:05:59.000,0,0,99,0,16.5,N,1,1,0.5,1,81,0,0,0,2,5,132,264
2023-01-08 11:41:46.000,2023-01-08 11:42:12.000,0,1,9.5,0,0,N,2,2,0.5,1,3,5,0,0,2,1,70,138
2023-01-08 11:22:22.000,2023-01-08 11:23:57.000,0.6,1,11.35,0,1,N,1,1,0.5,1,5.1,0,2.5,1.25,2,1,140,141
2023-01-08 11:08:10.000,2023-01-08 11:08:13.000,0.72,0,91.61,0,5.11,N,1,1,0.5,1,85,0,0,0,2,5,93,264
2023-01-08 11:29:38.000,2023-01-08 11:30:34.000,0.11,1,7,0,0,N,2,1,0.5,1,3,0,2.5,0,2,1,237,43
2023-01-08 11:14:02.000,2023-01-08 11:15:57.000,0.55,1,10.92,0,1.82,N,1,1,0.5,1,5.1,0,2.5,0,2,1,141,236
2023-01-08 12:15:05.000,2023-01-08 12:16:59.000,0.49,1,10.08,0,1.68,N,1,2,0.5,1,4.4,0,2.5,0,2,1,263,236
2023-01-08 12:00:38.000,2023-01-08 12:01:44.000,0.37,1,7.7,0,0,N,1,1,0.5,1,3.7,0,2.5,0,2,1,90,186
2023-01-08 12:13:08.000,2023-01-08 12:14:34.000,0.4,1,9.2,0,1.5,Y,1,0,0.5,1,3.7,2.5,2.5,0,1,1,142,163
2023-01-08 12:28:17.000,2023-01-08 12:29:48.000,0.36,1,10.5,0,2.1,N,1,1,0.5,1,4.4,0,2.5,0,2,1,186,90
2023-01-08 12:40:02.000,2023-01-08 12:41:54.000,0.69,1,10.92,0,1.82,N,1,1,0.5,1,5.1,0,2.5,0,2,1,249,68
2023-01-08 12:07:57.000,2023-01-08 12:08:18.000,0.01,1,7,0,0,N,2,1,0.5,1,3,0,2.5,0,2,1,263,141
2023-01-08 12:52:51.000,2023-01-08 12:52:53.000,0.03,0,103.75,0,20.75,N,1,1,0,1,82,0,0,0,2,5,164,264
2023-01-08 12:52:40.000,2023-01-08 12:52:42.000,0.04,0,109.8,0,18.3,N,1,1,0.5,1,90,0,0,0,2,5,89,264
2023-01-08 12:36:05.000,2023-01-08 12:37:54.000,0.56,1,10.92,0,1.82,N,1,1,0.5,1,5.1,0,2.5,0,2,1,249,68
2023-01-08 12:29:39.000,2023-01-08 12:30:04.000,0.01,1,4.5,0,0,N,3,2,0.5,1,3,0,0,0,2,1,70,138
2023-01-08 12:51:27.000,2023-01-08 12:52:55.000,0.5,1,10.08,0,1.68,N,1,5,0.5,1,4.4,0,2.5,0,2,1,163,230
2023-01-08 13:01:24.000,2023-01-08 13:02:08.000,0,1,24,0,0,N,2,1,0,1,23,0,0,0,2,3,237,161
2023-01-08 13:23:04.000,2023-01-08 13:24:32.000,0.4,1,10.05,0,1.65,N,1,2,0.5,1,4.4,2.5,2.5,0,1,1,68,246
2023-01-08 13:29:11.000,2023-01-08 13:30:00.000,0.25,1,10.01,0,2.31,N,1,1,0.5,1,3.7,0,2.5,0,2,1,143,142
2023-01-08 13:16:06.000,2023-01-08 13:17:30.000,0.29,1,7.7,0,0,N,2,1,0.5,1,3.7,0,2.5,0,2,1,142,48
2023-01-30 15:24:38.000,2023-01-30 15:24:47.000,0.12,0,102.25,0,20.45,N,1,2,0,1,80.8,0,0,0,2,5,264,132
2023-01-30 15:13:27.000,2023-01-30 15:14:18.000,0.02,1,7,0,0,N,4,1,0.5,1,3,0,2.5,0,2,1,141,237
2023-01-30 15:36:43.000,2023-01-30 15:37:35.000,0.08,1,4.5,0,0,N,2,1,0.5,1,3,0,0,0,2,1,70,138
2023-01-30 15:05:16.000,2023-01-30 15:06:59.000,0.3,1,9.63,0,1.93,N,1,1,0.5,1,3.7,0,2.5,0,2,1,164,170
2023-01-30 15:11:28.000,2023-01-30 15:12:18.000,0.25,1,10.01,0,2.31,N,1,1,0.5,1,3.7,0,2.5,0,2,1,170,137
2023-01-30 15:30:35.000,2023-01-30 15:30:46.000,0,0,90.55,6.55,10,N,1,1,0.5,1,70,0,2.5,0,2,2,163,161
2023-01-30 15:04:51.000,2023-01-30 15:04:55.000,0,0,43.8,0,7.3,N,1,4,0,1,33,0,2.5,0,2,5,230,100
2023-01-30 16:56:23.000,2023-01-30 16:57:12.000,0.21,1,13.2,0,3,N,1,2,0.5,1,3.7,2.5,2.5,0,2,1,107,137
2023-01-30 16:45:08.000,2023-01-30 16:46:36.000,0.3,1,11.2,0,1,N,1,1,0.5,1,3.7,5,2.5,0,1,1,186,90
2023-01-30 16:55:02.000,2023-01-30 16:55:18.000,0.01,0,79,0,0,N,2,1,0.5,1,70,5,2.5,0,2,2,236,263
2023-01-30 16:28:00.000,2023-01-30 16:28:21.000,0.06,0,12,0,0,N,2,1,0.5,1,3,7.5,0,0,2,1,70,138
2023-01-30 16:30:09.000,2023-01-30 16:31:41.000,0.6,1,13.1,0,1.5,N,1,1,0.5,1,5.1,5,2.5,0,1,1,229,233
2023-01-30 16:27:57.000,2023-01-30 16:28:04.000,0,1,9.5,0,0,N,4,3,0.5,1,3,2.5,2.5,0,2,1,230,48
2023-01-30 16:56:09.000,2023-01-30 16:57:34.000,0.51,1,13.08,0,2.18,N,1,1,0.5,1,4.4,2.5,2.5,0,2,1,236,263
2023-01-30 16:57:35.000,2023-01-30 16:57:47.000,0.03,0,11.88,0,2.38,N,1,2,0.5,1,3,2.5,2.5,0,2,1,125,231
2023-01-30 16:39:21.000,2023-01-30 16:40:59.000,0.4,1,13.05,0,2.15,N,1,1,0.5,1,4.4,5,2.5,0,1,1,233,170
2023-01-30 16:28:33.000,2023-01-30 16:28:41.000,0,0,22.2,0,3.7,N,1,1,0,1,15,0,2.5,0,2,5,230,100
2023-01-30 16:30:30.000,2023-01-30 16:31:22.000,0.27,1,13.26,0,3.06,N,1,2,0.5,1,3.7,2.5,2.5,0,2,1,48,50
2023-01-30 16:13:24.000,2023-01-30 16:14:08.000,0.22,1,11.45,0,0,N,2,1,0.5,1,3.7,5,0,1.25,2,1,264,138
2023-01-30 16:34:05.000,2023-01-30 16:34:20.000,0,0,101,0,0,N,4,3,0,1,100,0,0,0,2,5,1,265
2023-01-30 17:48:30.000,2023-01-30 17:49:58.000,0.15,1,20.2,0,10,N,1,1,0.5,1,3.7,2.5,2.5,0,2,1,186,164
2023-01-30 17:59:37.000,2023-01-30 18:00:32.000,0.3,1,14.2,0,4,N,1,1,0.5,1,3.7,5,2.5,0,1,1,163,230
2023-01-30 17:21:32.000,2023-01-30 17:21:40.000,0,0,7,0,0,N,2,1,0.5,1,3,2.5,0,0,2,1,193,7
2023-01-30 17:22:25.000,2023-01-30 17:23:58.000,0.1,1,12.2,0,2,N,1,1,0.5,1,3.7,5,2.5,0,1,1,163,142
2023-01-30 17:52:20.000,2023-01-30 17:53:49.000,0.1,1,10.2,0,0,N,2,1,0.5,1,3.7,2.5,2.5,0,2,1,161,163
2023-01-30 17:20:12.000,2023-01-30 17:20:50.000,0,0,103.6,0,0.1,N,1,1,0,1,100,0,2.5,0,2,5,162,229
2023-01-30 17:24:54.000,2023-01-30 17:24:56.000,0,0,103.8,0,17.3,N,1,2,0.5,1,85,0,0,0,2,5,132,264
2023-01-30 17:40:18.000,2023-01-30 17:41:50.000,0.38,1,13.08,0,2.18,N,1,1,0.5,1,4.4,2.5,2.5,0,2,1,140,263
2023-01-30 17:58:55.000,2023-01-30 17:59:01.000,0,1,26.5,0,0,N,4,1,0,1,23,2.5,0,0,2,3,264,87
2023-01-30 17:04:06.000,2023-01-30 17:05:12.000,0.08,1,12.24,0,2.04,N,1,1,0.5,1,3.7,2.5,2.5,0,2,1,230,161
2023-01-30 17:39:03.000,2023-01-30 17:40:48.000,0.25,1,10.2,0,0,N,2,1,0.5,1,3.7,2.5,2.5,0,2,1,100,186
2023-01-30 17:57:04.000,2023-01-30 17:58:58.000,0.48,1,13.62,0,2.72,N,1,1,0.5,1,4.4,2.5,2.5,0,2,1,140,263
2023-01-30 17:01:51.000,2023-01-30 17:02:01.000,0,1,79,0,0,N,3,1,0.5,1,70,5,2.5,0,2,2,186,68
2023-01-30 18:29:58.000,2023-01-30 18:30:36.000,0,1,7,0,0,N,2,1,0.5,1,3,2.5,0,0,2,1,193,7
2023-01-30 18:35:08.000,2023-01-30 18:35:27.000,0,0,7,0,0,N,2,1,0.5,1,3,2.5,0,0,2,1,193,264
2023-01-30 18:04:09.000,2023-01-30 18:05:28.000,0.4,1,14.15,0,3.25,N,1,1,0.5,1,4.4,5,2.5,0,1,1,233,170
2023-01-30 18:02:42.000,2023-01-30 18:03:52.000,0.31,1,12.24,0,2.04,N,1,1,0.5,1,3.7,2.5,2.5,0,2,1,234,164
2023-01-30 18:07:15.000,2023-01-30 18:07:59.000,0,0,7,0,0,N,4,1,0.5,1,3,2.5,0,0,2,1,264,163
2023-01-30 18:19:47.000,2023-01-30 18:20:48.000,0.17,1,12.24,0,2.04,N,1,1,0.5,1,3.7,2.5,2.5,0,2,1,48,163
2023-01-30 18:32:03.000,2023-01-30 18:33:45.000,0.4,1,12.4,0,1.5,N,1,2,0.5,1,4.4,5,2.5,0,1,1,236,263
2023-01-30 18:05:44.000,2023-01-30 18:06:45.000,0,1,10.2,0,0,N,1,1,0.5,1,3.7,5,2.5,0,1,1,107,137
2023-01-30 18:23:33.000,2023-01-30 18:24:59.000,0.36,1,12.24,0,2.04,N,1,1,0.5,1,3.7,2.5,2.5,0,2,1,100,161
2023-01-30 18:34:01.000,2023-01-30 18:34:04.000,0,0,7,0,0,N,2,5,0.5,1,3,2.5,0,0,2,1,132,264
2023-01-30 18:00:23.000,2023-01-30 18:01:44.000,0.28,1,12.75,0,2.55,N,1,2,0.5,1,3.7,2.5,2.5,0,2,1,162,233
2023-01-30 18:13:52.000,2023-01-30 18:14:17.000,0.02,1,103.91,6.55,17.11,N,1,2,0.5,1,70,5,2.5,1.25,2,2,68,48
2023-01-30 18:19:12.000,2023-01-30 18:20:46.000,0.09,1,10.2,0,0,N,3,1,0.5,1,3.7,2.5,2.5,0,2,1,249,158
2023-01-30 19:20:15.000,2023-01-30 19:20:32.000,0,0,24.5,0,15,N,1,1,0.5,1,3,2.5,2.5,0,2,1,161,162
2023-01-30 19:05:26.000,2023-01-30 19:06:16.000,0.14,1,29,0,2.5,N,1,1,0,1,23,2.5,0,0,2,3,161,170
2023-01-30 19:58:14.000,2023-01-30 19:59:56.000,0.4,1,13.05,0,2.15,N,1,1,0.5,1,4.4,5,2.5,0,1,1,233,229
2023-01-30 19:32:39.000,2023-01-30 19:33:47.000,0.3,1,12.2,0,2,N,1,1,0.5,1,3.7,5,2.5,0,1,1,238,239
2023-01-30 19:41:32.000,2023-01-30 19:42:37.000,0.25,1,10.2,0,0,N,2,1,0.5,1,3.7,2.5,2.5,0,2,1,161,163
2023-01-30 19:29:48.000,2023-01-30 19:29:50.000,0,0,71.4,0,11.9,N,1,1,0,1,58.5,0,0,0,2,5,255,264
2023-01-30 19:21:14.000,2023-01-30 19:21:16.000,0,0,18.2,0,0,N,1,1,0,1,17.2,0,0,0,2,5,229,264
2023-01-30 19:50:12.000,2023-01-30 19:51:55.000,0.34,1,11.9,0,1,N,1,1,0.5,1,4.4,2.5,2.5,0,2,1,238,239
2023-01-30 19:57:05.000,2023-01-30 19:58:40.000,0.2,1,12,0,1.8,N,1,1,0.5,1,3.7,5,2.5,0,1,1,186,68
2023-01-30 19:34:54.000,2023-01-30 19:35:57.000,0.4,1,13.08,0,2.18,N,1,1,0.5,1,4.4,2.5,2.5,0,2,1,236,75
2023-01-30 19:57:00.000,2023-01-30 19:57:24.000,0,0,9.5,0,0,N,2,1,0.5,1,3,5,2.5,0,1,1,234,90
2023-01-30 19:26:08.000,2023-01-30 19:27:11.000,0.36,1,12.24,0,2.04,N,1,1,0.5,1,3.7,2.5,2.5,0,2,1,143,239
2023-01-30 19:15:57.000,2023-01-30 19:16:20.000,0,1,12,0,0,N,3,2,0.5,1,3,7.5,0,0,2,1,264,70
2023-01-30 20:57:11.000,2023-01-30 20:57:15.000,0.03,0,74,0,0,N,3,1,0.5,1,70,0,2.5,0,2,2,236,263
2023-01-30 20:51:04.000,2023-01-30 20:52:49.000,0.45,1,86.55,6.55,6,N,1,1,0.5,1,70,0,2.5,0,2,2,233,162
2023-01-30 20:15:10.000,2023-01-30 20:16:52.000,0.22,1,6.2,0,0,N,2,1,0.5,1,3.7,1,0,0,2,1,197,258
2023-01-30 20:46:29.000,2023-01-30 20:46:44.000,0,0,23.55,6.55,2,N,1,4,0,1,14,0,0,0,2,5,40,80
2023-01-30 20:25:21.000,2023-01-30 20:25:50.000,0,0,5.5,0,0,N,3,1,0.5,1,3,1,0,0,1,1,146,226
2023-01-30 20:29:31.000,2023-01-30 20:29:33.000,0,0,7.5,0,2,N,1,6,0.5,1,3,1,0,0,2,1,24,264
2023-01-30 20:04:05.000,2023-01-30 20:05:52.000,0.42,1,12.4,0,3,N,1,1,0.5,1,4.4,1,2.5,0,2,1,141,237
2023-01-30 20:45:13.000,2023-01-30 20:46:54.000,0.2,1,10.44,0,1.74,N,1,2,0.5,1,3.7,3.5,2.5,0,1,1,239,238
2023-01-30 20:23:22.000,2023-01-30 20:24:55.000,0.62,1,12.12,0,2.02,N,1,1,0.5,1,5.1,1,2.5,0,2,1,237,236
2023-01-30 20:09:00.000,2023-01-30 20:10:44.000,0.19,1,8.7,0,0,N,2,3,0.5,1,3.7,1,2.5,0,2,1,141,262
2023-01-30 20:13:35.000,2023-01-30 20:13:38.000,0,0,109.8,0,18.3,N,1,1,0.5,1,90,0,0,0,2,5,163,264
2023-01-30 21:09:41.000,2023-01-30 21:09:54.000,0,0,8,0,0,N,2,1,0.5,1,3,1,2.5,0,2,1,233,162
2023-01-30 21:27:05.000,2023-01-30 21:28:38.000,0.57,1,9.4,0,0,N,2,1,0.5,1,4.4,1,2.5,0,2,1,229,233
2023-01-30 21:41:32.000,2023-01-30 21:41:36.000,0,0,16,0,1,N,1,1,0,1,14,0,0,0,2,5,48,264
2023-01-30 21:53:34.000,2023-01-30 21:54:58.000,0.53,1,9.4,0,0,N,2,2,0.5,1,4.4,1,2.5,0,2,1,140,263
2023-01-30 21:20:40.000,2023-01-30 21:21:43.000,0.31,1,11.31,0,2.61,N,1,1,0.5,1,3.7,1,2.5,0,2,1,142,163
2023-01-30 21:59:23.000,2023-01-30 22:00:50.000,0.56,1,10.4,0,1,N,1,1,0.5,1,4.4,1,2.5,0,2,1,238,24
2023-01-30 21:48:46.000,2023-01-30 21:49:15.000,0.1,1,15,0,2.5,N,1,2,0.5,1,11,0,0,0,1,5,48,246
2023-01-30 21:19:06.000,2023-01-30 21:20:47.000,0.35,1,10.51,0,1.11,N,1,1,0.5,1,4.4,1,2.5,0,2,1,186,90
2023-01-30 21:09:15.000,2023-01-30 21:10:45.000,0.35,1,12.22,0,2.82,N,1,1,0.5,1,4.4,1,2.5,0,2,1,142,163
2023-01-30 21:42:38.000,2023-01-30 21:42:44.000,2.73,0,22,0,0,N,4,1,0.5,1,17,1,2.5,0,2,1,114,66
2023-01-30 21:05:13.000,2023-01-30 21:06:53.000,0.53,1,11.28,0,1.88,N,1,1,0.5,1,4.4,1,2.5,0,2,1,246,50
2023-01-30 22:41:10.000,2023-01-30 22:42:13.000,0.33,1,10.44,0,1.74,N,1,1,0.5,1,3.7,1,2.5,0,2,1,164,234
2023-01-30 22:57:12.000,2023-01-30 22:58:53.000,0.7,1,12.1,0,2,N,1,1,0.5,1,5.1,3.5,2.5,0,1,1,237,236
2023-01-30 22:29:22.000,2023-01-30 22:29:33.000,0.01,0,5.5,0,0,N,3,4,0.5,1,3,1,0,0,2,1,132,264
2023-01-30 22:08:42.000,2023-01-30 22:09:26.000,0.07,1,8,0,0,N,2,1,0.5,1,3,1,2.5,0,2,1,230,163
2023-01-30 22:42:40.000,2023-01-30 22:43:48.000,0.37,1,10.44,0,1.74,N,1,1,0.5,1,3.7,1,2.5,0,2,1,107,170
2023-01-30 22:34:04.000,2023-01-30 22:35:26.000,0.27,1,10.44,0,1.74,N,1,1,0.5,1,3.7,1,2.5,0,2,1,143,239
2023-01-30 22:51:44.000,2023-01-30 22:51:49.000,0,0,65.62,0,13.12,N,1,1,0,1,49,0,2.5,0,2,5,246,68
2023-01-30 22:16:54.000,2023-01-30 22:17:09.000,0,1,5.5,0,0,N,3,1,0.5,1,3,1,0,0,2,1,7,193
2023-01-30 22:21:33.000,2023-01-30 22:22:59.000,0.5,1,11.28,0,1.88,N,1,1,0.5,1,4.4,1,2.5,0,2,1,162,141
2023-01-30 23:04:12.000,2023-01-30 23:04:25.000,0,0,96.66,6.55,16.11,N,1,1,0.5,1,70,0,2.5,0,2,2,233,170
2023-01-30 23:53:06.000,2023-01-30 23:54:59.000,0.5,1,11.75,0,2.35,N,1,2,0.5,1,4.4,3.5,2.5,0,1,1,107,170
2023-01-30 23:22:48.000,2023-01-30 23:22:56.000,0,0,8,0,0,N,4,1,0.5,1,3,1,2.5,0,2,1,144,211
2023-01-30 23:06:11.000,2023-01-30 23:07:38.000,0.26,1,10.44,0,1.74,N,1,2,0.5,1,3.7,1,2.5,0,2,1,234,107
2023-01-30 23:14:09.000,2023-01-30 23:15:35.000,0.52,1,12.22,0,2.82,N,1,1,0.5,1,4.4,1,2.5,0,2,1,142,143
2023-01-30 23:29:18.000,2023-01-30 23:30:32.000,0.41,1,11.28,0,1.88,N,1,1,0.5,1,4.4,1,2.5,0,2,1,68,186
2023-01-30 23:34:05.000,2023-01-30 23:35:48.000,0.35,1,11.28,0,1.88,N,1,2,0.5,1,4.4,1,2.5,0,2,1,68,100
2023-01-31 00:32:26.000,2023-01-31 00:32:32.000,0,0,100.69,6.55,20.14,N,1,2,0.5,1,70,0,2.5,0,2,2,161,162
2023-01-31 00:12:41.000,2023-01-31 00:12:44.000,0,0,93.5,0,10,N,1,1,0.5,1,82,0,0,0,2,5,162,264
2023-01-31 00:26:59.000,2023-01-31 00:27:08.000,0,1,71.5,0,0,N,2,1,0.5,1,70,0,0,0,2,2,264,186
2023-01-16 10:15:21.000,2023-01-16 10:16:55.000,0.52,1,8.4,0,0,N,1,1,0.5,1,4.4,0,2.5,0,2,1,263,236
2023-01-16 10:11:07.000,2023-01-16 10:12:45.000,0,1,6.24,0,1.04,N,1,1,0.5,1,3.7,0,0,0,2,1,238,151
2023-01-16 10:31:00.000,2023-01-16 10:32:31.000,0.4,1,10.5,0,2.1,N,1,1,0.5,1,4.4,2.5,2.5,0,1,1,75,263
2023-01-16 10:52:01.000,2023-01-16 10:52:09.000,0,0,74,0,0,N,2,1,0.5,1,70,0,2.5,0,2,2,43,236
2023-01-16 10:50:09.000,2023-01-16 10:50:45.000,0.5,0,7,0,0,N,3,0,0.5,1,3,2.5,2.5,0,1,1,140,141
2023-01-16 10:11:54.000,2023-01-16 10:12:26.000,0,1,136.25,12.75,20,N,1,4,0,1,100,0,2.5,0,2,5,68,48
2023-01-16 10:41:52.000,2023-01-16 10:42:45.000,0.32,1,9.24,0,1.54,N,1,1,0.5,1,3.7,0,2.5,0,2,1,236,263
2023-01-16 10:02:24.000,2023-01-16 10:02:55.000,0.01,0,4.5,0,0,N,2,2,0.5,1,3,0,0,0,2,1,264,48
2023-01-16 10:07:23.000,2023-01-16 10:08:36.000,0.36,1,7.7,0,0,N,2,1,0.5,1,3.7,0,2.5,0,2,1,263,141
2023-01-16 11:15:14.000,2023-01-16 11:16:41.000,0.3,1,10,0,2.3,N,1,1,0.5,1,3.7,2.5,2.5,0,1,1,163,161
2023-01-16 11:56:13.000,2023-01-16 11:56:17.000,0,0,111,0,18.5,N,1,1,0,1,89,0,2.5,0,2,5,170,164
2023-01-16 11:00:20.000,2023-01-16 11:00:29.000,0,0,4.5,0,0,N,2,1,0.5,1,3,0,0,0,2,1,193,7
2023-01-16 11:40:04.000,2023-01-16 11:41:53.000,0.4,1,9.24,0,0.84,N,1,2,0.5,1,4.4,2.5,2.5,0,1,1,262,263
2023-01-16 11:38:17.000,2023-01-16 11:39:56.000,0.4,1,8.4,0,0,N,2,1,0.5,1,4.4,2.5,2.5,0,1,1,262,236
2023-01-16 11:24:39.000,2023-01-16 11:25:44.000,0.42,1,8.4,0,0,N,2,5,0.5,1,4.4,0,2.5,0,2,1,237,236
2023-01-16 11:26:09.000,2023-01-16 11:27:41.000,0,1,96.65,6.55,16.1,N,1,1,0.5,1,70,2.5,2.5,0,1,2,144,148
2023-01-16 11:13:11.000,2023-01-16 11:13:53.000,0.02,0,7,0,0,N,2,1,0.5,1,3,0,2.5,0,2,1,163,43
2023-01-16 11:18:28.000,2023-01-16 11:18:42.000,0,0,7,0,0,N,2,1,0.5,1,3,0,2.5,0,2,1,230,48
2023-01-16 12:23:01.000,2023-01-16 12:24:25.000,0.57,1,6.6,0,0,N,2,1,0.5,1,5.1,0,0,0,2,1,75,151
2023-01-16 12:54:24.000,2023-01-16 12:55:34.000,0.35,1,9.63,0,1.93,N,1,1,0.5,1,3.7,0,2.5,0,2,1,237,236
2023-01-16 12:29:10.000,2023-01-16 12:29:39.000,0,0,7,0,0,N,1,1,0.5,1,3,0,2.5,0,2,1,264,193
2023-01-16 12:47:08.000,2023-01-16 12:47:32.000,1.2,0,7,0,0,N,3,0,0.5,1,3,2.5,2.5,0,1,1,162,170
2023-01-16 12:29:20.000,2023-01-16 12:30:55.000,0.48,1,10.08,0,1.68,N,1,1,0.5,1,4.4,0,2.5,0,2,1,229,162
2023-01-16 12:21:57.000,2023-01-16 12:22:08.000,0,1,72.25,0,0,N,1,1,0,1,68.75,0,2.5,0,2,5,230,48
2023-01-16 12:13:52.000,2023-01-16 12:14:53.000,0.48,1,5.9,0,0,N,4,1,0.5,1,4.4,0,0,0,2,1,145,140
2023-01-16 12:51:44.000,2023-01-16 12:52:10.000,0,1,8.4,0,1.4,N,1,4,0.5,1,3,0,2.5,0,2,1,186,164
2023-01-16 12:45:42.000,2023-01-16 12:46:47.000,0.3,1,9.24,0,1.54,N,1,1,0.5,1,3.7,0,2.5,0,2,1,237,236
2023-01-16 12:53:16.000,2023-01-16 12:54:59.000,0.44,1,9.4,0,1,N,1,1,0.5,1,4.4,0,2.5,0,2,1,107,79
2023-01-16 12:20:35.000,2023-01-16 12:21:42.000,0,1,7,0,0,N,4,1,0.5,1,3,2.5,2.5,0,1,1,68,246
2023-01-16 12:28:17.000,2023-01-16 12:28:22.000,0.03,0,103.44,0,20.69,N,1,1,0,1,81.75,0,0,0,2,5,216,132
2023-01-16 12:44:19.000,2023-01-16 12:45:41.000,0.55,1,10.08,0,1.68,N,1,6,0.5,1,4.4,0,2.5,0,2,1,79,107
2023-01-16 12:35:29.000,2023-01-16 12:35:32.000,0.19,0,76.88,0,15.38,N,1,1,0.5,1,60,0,0,0,2,5,138,264
2023-01-16 12:38:06.000,2023-01-16 12:39:56.000,0.44,1,10.08,0,1.68,N,1,1,0.5,1,4.4,0,2.5,0,2,1,170,233
2023-01-16 13:54:49.000,2023-01-16 13:54:57.000,9.16,0,71.5,0,0,N,2,1,0.5,1,70,0,0,0,2,2,70,264
2023-01-16 13:53:19.000,2023-01-16 13:54:43.000,0.48,1,10.08,0,1.68,N,1,1,0.5,1,4.4,0,2.5,0,2,1,234,186
2023-01-16 13:10:18.000,2023-01-16 13:11:58.000,0.2,1,9.2,0,1.5,N,1,4,0.5,1,3.7,2.5,2.5,0,1,1,162,237
2023-01-16 13:57:22.000,2023-01-16 13:58:43.000,0.1,1,8.4,0,1.4,N,1,1,0.5,1,3,2.5,2.5,0,1,1,68,246
2023-01-16 13:37:19.000,2023-01-16 13:38:57.000,1.23,1,100.56,0,16.76,N,1,2,0,1,82.8,0,0,0,2,5,93,134
2023-01-16 13:18:44.000,2023-01-16 13:19:12.000,0.08,1,9.5,0,0,N,4,1,0.5,1,3,5,0,0,2,1,70,138
2023-01-16 13:01:43.000,2023-01-16 13:02:35.000,0.25,1,10.01,0,2.31,N,1,1,0.5,1,3.7,0,2.5,0,2,1,140,141
2023-01-16 13:29:03.000,2023-01-16 13:30:38.000,0.3,1,8.4,0,0,Y,2,4,0.5,1,4.4,2.5,2.5,0,1,1,161,43
2023-01-16 13:26:08.000,2023-01-16 13:27:23.000,0.41,1,10.08,0,1.68,N,1,2,0.5,1,4.4,0,2.5,0,2,1,229,141
2023-01-16 13:36:39.000,2023-01-16 13:37:52.000,0.39,1,7.7,0,0,N,2,1,0.5,1,3.7,0,2.5,0,2,1,141,262
2023-01-16 13:00:18.000,2023-01-16 13:01:47.000,0.54,1,9.4,0,1,N,1,1,0.5,1,4.4,0,2.5,0,2,1,238,239
2023-01-16 13:29:55.000,2023-01-16 13:30:10.000,0,1,16.2,0,2.7,N,1,1,0,1,10,0,2.5,0,2,5,161,162
2023-01-16 13:06:13.000,2023-01-16 13:07:27.000,0.22,1,7.7,0,0,N,2,2,0.5,1,3.7,0,2.5,0,2,1,141,237
2023-01-16 14:21:06.000,2023-01-16 14:21:17.000,0,0,7,0,0,N,1,1,0.5,1,3,0,2.5,0,2,1,264,193
2023-01-16 14:41:03.000,2023-01-16 14:41:20.000,0,0,4.5,0,0,N,3,1,0.5,1,3,0,0,0,2,1,264,193
2023-01-16 14:33:33.000,2023-01-16 14:33:37.000,0.01,0,100.65,0,12.6,N,1,1,0,1,84.55,0,2.5,0,2,5,170,234
2023-01-16 14:14:12.000,2023-01-16 14:15:46.000,0.2,1,9.7,0,2,N,1,2,0.5,1,3.7,2.5,2.5,0,1,1,113,79
2023-01-16 14:58:26.000,2023-01-16 14:59:53.000,0.2,1,5.2,0,0,N,2,1,0.5,1,3.7,0,0,0,1,1,151,24
2023-01-16 14:30:21.000,2023-01-16 14:31:47.000,0.2,1,7.7,0,0,N,2,1,0.5,1,3.7,2.5,2.5,0,1,1,141,237
2023-01-16 14:28:53.000,2023-01-16 14:29:03.000,0,1,7,0,0,N,2,1,0.5,1,3,0,2.5,0,2,1,246,68
2023-01-16 14:33:27.000,2023-01-16 14:33:52.000,0,0,9.5,0,0,N,3,1,0.5,1,3,5,0,0,1,1,70,138
2023-01-16 14:00:01.000,2023-01-16 14:01:49.000,0.47,1,10.08,0,1.68,N,1,1,0.5,1,4.4,0,2.5,0,2,1,161,237
2023-01-16 14:34:07.000,2023-01-16 14:35:44.000,0.4,1,8.4,0,0,N,2,2,0.5,1,4.4,2.5,2.5,0,1,1,237,162
2023-01-16 14:34:18.000,2023-01-16 14:34:31.000,0,0,71.5,0,0,N,3,1,0.5,1,70,0,0,0,2,2,50,264
2023-01-16 14:40:24.000,2023-01-16 14:41:42.000,0.25,1,6.24,0,1.04,N,1,1,0.5,1,3.7,0,0,0,2,1,24,151
2023-01-16 14:21:32.000,2023-01-16 14:21:35.000,0,0,213.76,0,72.26,N,1,4,0.5,1,140,0,0,0,2,5,1,264
2023-01-16 14:44:27.000,2023-01-16 14:45:46.000,0.39,1,10.08,0,1.68,N,1,1,0.5,1,4.4,0,2.5,0,2,1,238,239
2023-01-16 14:48:19.000,2023-01-16 14:49:44.000,0.4,1,8.4,0,0,N,2,1,0.5,1,4.4,2.5,2.5,0,1,1,237,236
2023-01-16 14:47:17.000,2023-01-16 14:48:56.000,0.68,1,9.1,0,0,N,2,1,0.5,1,5.1,0,2.5,0,2,1,236,263
2023-01-16 14:58:50.000,2023-01-16 14:59:55.000,0.7,1,73.3,0,10,N,1,2,0,1,62.3,0,0,0,2,5,129,70
2023-01-16 15:52:13.000,2023-01-16 15:53:24.000,0.2,1,9.2,0,1.5,N,1,1,0.5,1,3.7,2.5,2.5,0,1,1,246,50
2023-01-16 16:00:38.000,2023-01-16 16:01:09.000,0.22,1,5.2,0,0,N,2,2,0.5,1,3.7,0,0,0,2,1,24,151
2023-01-16 15:57:20.000,2023-01-16 15:58:38.000,0.42,1,10.08,0,1.68,N,1,1,0.5,1,4.4,0,2.5,0,2,1,141,263
2023-01-16 15:15:14.000,2023-01-16 15:16:37.000,0.39,1,8.7,0,1,N,1,1,0.5,1,3.7,0,2.5,0,2,1,141,236
2023-01-16 15:51:42.000,2023-01-16 15:51:52.000,0.03,0,7,0,0,N,2,1,0.5,1,3,0,2.5,0,2,1,239,143
2023-01-16 15:28:12.000,2023-01-16 15:29:43.000,0.54,1,8.4,0,0,N,2,1,0.5,1,4.4,0,2.5,0,2,1,140,237
2023-01-16 15:21:34.000,2023-01-16 15:22:38.000,0.42,1,10.08,0,1.68,N,1,1,0.5,1,4.4,0,2.5,0,2,1,170,233
2023-01-16 15:35:10.000,2023-01-16 15:36:57.000,0.49,1,9.4,0,1,N,1,1,0.5,1,4.4,0,2.5,0,2,1,90,249
2023-01-16 15:59:54.000,2023-01-16 16:00:55.000,0.4,1,8.4,0,0,N,2,2,0.5,1,4.4,2.5,2.5,0,1,1,237,236
2023-01-16 15:54:41.000,2023-01-16 15:55:11.000,0.03,1,7,0,0,N,2,1,0.5,1,3,0,2.5,0,2,1,239,143
2023-01-16 15:54:40.000,2023-01-16 15:55:25.000,0.2,1,8.47,0,0.77,N,1,1,0.5,1,3.7,2.5,2.5,0,1,1,234,90
2023-01-16 15:24:22.000,2023-01-16 15:25:40.000,0.4,1,9.4,0,1,N,1,1,0.5,1,4.4,2.5,2.5,0,1,1,141,263
2023-01-16 15:40:30.000,2023-01-16 15:40:43.000,0.01,0,93.5,0,0,N,1,1,0,1,90,0,2.5,0,2,5,162,161
2023-01-16 15:36:49.000,2023-01-16 15:36:52.000,0,0,73.2,0,12.2,N,1,2,0,1,60,0,0,0,2,5,138,264
2023-01-16 15:10:22.000,2023-01-16 15:10:32.000,0,0,4.5,0,0,N,3,1,0.5,1,3,0,0,0,2,1,264,152
2023-01-16 15:39:30.000,2023-01-16 15:39:34.000,0.04,0,113.75,0,22.75,N,1,2,0,1,90,0,0,0,2,5,215,216
2023-01-16 15:56:56.000,2023-01-16 15:57:32.000,0.1,1,9.5,0,0,N,2,3,0.5,1,3,5,0,0,2,1,70,138
2023-01-16 15:55:32.000,2023-01-16 15:56:35.000,0.17,1,9.24,0,1.54,N,1,1,0.5,1,3.7,0,2.5,0,2,1,107,137
2023-01-16 16:30:07.000,2023-01-16 16:31:19.000,0.3,1,9.2,0,1.5,N,1,0,0.5,1,3.7,2.5,2.5,0,1,1,141,236
2023-01-16 16:56:04.000,2023-01-16 16:57:33.000,0.3,1,8.4,0,0,N,2,1,0.5,1,4.4,0,2.5,0,2,1,161,264
2023-01-16 16:51:03.000,2023-01-16 16:52:56.000,0.3,1,10.4,0,2,N,1,2,0.5,1,4.4,2.5,2.5,0,1,1,236,263
2023-01-16 16:01:48.000,2023-01-16 16:01:58.000,0,0,102.25,0,20.45,N,1,1,0,1,78.3,0,2.5,0,2,5,170,164
2023-01-16 16:15:00.000,2023-01-16 16:16:21.000,0.3,1,7.7,0,0,N,2,3,0.5,1,3.7,0,2.5,0,2,1,141,237
2023-01-16 16:20:14.000,2023-01-16 16:21:51.000,0.19,1,7.7,0,0,N,1,1,0.5,1,3.7,0,2.5,0,2,1,163,230
2023-01-16 16:46:20.000,2023-01-16 16:47:36.000,0.42,1,8.45,0,0.05,N,1,1,0.5,1,4.4,0,2.5,0,2,1,236,263
2023-01-16 16:07:01.000,2023-01-16 16:08:50.000,0.2,1,7.7,0,0,N,2,1,0.5,1,3.7,0,2.5,0,2,1,239,142
2023-01-16 16:39:59.000,2023-01-16 16:40:52.000,0.2,1,7.7,0,0,N,2,1,0.5,1,3.7,0,2.5,0,2,1,234,164
2023-01-16 16:26:01.000,2023-01-16 16:26:17.000,0,0,7,0,0,N,3,1,0.5,1,3,0,2.5,0,2,1,211,144
2023-01-16 16:19:45.000,2023-01-16 16:19:48.000,0,0,99.6,0,16.6,N,1,3,0,1,82,0,0,0,2,5,262,264
2023-01-16 16:35:09.000,2023-01-16 16:35:37.000,0,0,7,0,0,N,2,1,0.5,1,3,0,2.5,0,2,1,140,141
2023-01-16 16:23:47.000,2023-01-16 16:24:39.000,0,1,94.5,0,8,N,1,1,0.5,1,85,0,0,0,2,5,166,264
2023-01-16 16:31:09.000,2023-01-16 16:32:46.000,0.4,1,10.5,0,2.1,N,1,2,0.5,1,4.4,0,2.5,0,2,1,224,137
2023-01-16 17:13:11.000,2023-01-16 17:14:15.000,0.26,1,24.7,0,0,N,4,4,0,1,23.7,0,0,0,2,3,90,186
2023-01-16 17:53:39.000,2023-01-16 17:54:55.000,0.31,1,7.7,0,0,N,2,1,0.5,1,3.7,0,2.5,0,2,1,246,48
2023-01-16 17:19:17.000,2023-01-16 17:20:14.000,0.31,1,10.01,0,2.31,N,1,1,0.5,1,3.7,0,2.5,0,2,1,229,140
2023-01-16 17:06:02.000,2023-01-16 17:06:58.000,0.13,0,8.4,0,1.4,N,1,1,0.5,1,3,0,2.5,0,2,1,141,236
2023-01-16 17:18:35.000,2023-01-16 17:19:56.000,0.42,1,9.4,0,1,N,1,1,0.5,1,4.4,0,2.5,0,2,1,249,90
2023-01-16 17:45:53.000,2023-01-16 17:46:40.000,0.12,1,74,0,0,N,2,2,0.5,1,70,0,2.5,0,2,2,230,161
2023-01-16 17:50:20.000,2023-01-16 17:51:02.000,0.2,1,9.24,0,1.54,N,1,1,0.5,1,3.7,0,2.5,0,2,1,262,263
2023-01-23 20:57:14.000,2023-01-23 20:58:57.000,0.57,1,10.1,0,0,N,2,2,0.5,1,5.1,1,2.5,0,2,1,163,142
2023-01-23 20:35:14.000,2023-01-23 20:36:28.000,0.1,1,8,0,0,N,3,1,0.5,1,3,3.5,2.5,0,1,1,148,232
2023-01-23 20:51:03.000,2023-01-23 20:52:50.000,0.5,1,10.4,0,1,N,1,0,0.5,1,4.4,3.5,2.5,0,1,1,211,113
2023-01-23 20:00:00.000,2023-01-23 20:00:25.000,0,0,12,0,0,N,2,1,0.5,1,3,7.5,0,0,2,1,70,138
2023-01-23 20:30:02.000,2023-01-23 20:31:32.000,0.31,1,10.4,0,1,N,1,1,0.5,1,4.4,1,2.5,0,2,1,43,142
2023-01-23 20:12:45.000,2023-01-23 20:12:48.000,0,0,91.5,0,10,N,1,1,0.5,1,80,0,0,0,2,5,224,264
2023-01-23 20:26:22.000,2023-01-23 20:26:24.000,0,0,86.5,0,0,N,2,1,0.5,1,85,0,0,0,2,5,163,264
2023-01-23 20:51:04.000,2023-01-23 20:52:57.000,0.49,1,12.22,0,2.82,N,1,1,0.5,1,4.4,1,2.5,0,2,1,263,236
2023-01-23 21:29:21.000,2023-01-23 21:30:32.000,0.3,1,10.01,0,1.31,N,1,1,0.5,1,3.7,3.5,2.5,0,1,1,238,151
2023-01-23 21:55:02.000,2023-01-23 21:56:49.000,0.6,1,11.75,0,2.35,N,1,1,0.5,0.3,5.1,1,2.5,0,2,1,239,142
2023-01-23 21:04:11.000,2023-01-23 21:04:13.000,0,0,8,0,0,N,1,1,0,1,7,0,0,0,2,5,79,264
2023-01-23 21:20:15.000,2023-01-23 21:21:51.000,0.52,1,11.75,0,2.35,N,1,1,0.5,1,4.4,1,2.5,0,2,1,141,263
2023-01-23 21:17:00.000,2023-01-23 21:17:03.000,0,0,5.5,0,0,N,2,1,0.5,1,3,1,0,0,2,1,132,264
2023-01-23 21:23:08.000,2023-01-23 21:24:02.000,0.26,1,10.44,0,1.74,N,1,1,0.5,1,3.7,1,2.5,0,2,1,114,100
2023-01-23 21:42:59.000,2023-01-23 21:43:41.000,0.04,1,8,0,0,N,4,1,0.5,1,3,1,2.5,0,2,1,144,114
2023-01-23 21:09:13.000,2023-01-23 21:10:37.000,0.46,1,11.28,0,1.88,N,1,1,0.5,1,4.4,1,2.5,0,2,1,263,141
2023-01-23 21:57:15.000,2023-01-23 21:58:57.000,0.4,1,11.09,0,1.69,N,1,1,0.5,1,4.4,1,2.5,0,2,1,186,234
2023-01-23 21:40:33.000,2023-01-23 21:41:49.000,0.29,1,10.7,0,2,N,1,1,0.5,1,3.7,1,2.5,0,2,1,234,186
2023-01-23 21:39:09.000,2023-01-23 21:40:30.000,0.51,1,11.28,0,1.88,N,1,1,0.5,1,4.4,1,2.5,0,2,1,163,237
2023-01-23 21:46:23.000,2023-01-23 21:47:40.000,0.48,1,9.4,0,0,N,2,1,0.5,1,4.4,1,2.5,0,2,1,234,170
2023-01-23 22:08:15.000,2023-01-23 22:09:27.000,0.3,1,8.7,0,0,N,2,1,0.5,1,3.7,3.5,2.5,0,1,1,249,90
2023-01-23 22:39:07.000,2023-01-23 22:40:52.000,0.77,1,10.1,0,0,N,2,1,0.5,1,5.1,1,2.5,0,2,1,238,142
2023-01-23 22:45:25.000,2023-01-23 22:46:45.000,0.3,1,10,0,1.3,N,1,1,0.5,1,3.7,3.5,2.5,0,1,1,234,107
2023-01-23 22:48:34.000,2023-01-23 22:49:56.000,0.56,1,11.28,0,1.88,N,1,1,0.5,1,4.4,1,2.5,0,2,1,238,239
2023-01-23 22:39:01.000,2023-01-23 22:40:48.000,0.4,1,9.4,0,0,N,2,4,0.5,1,4.4,3.5,2.5,0,1,1,100,186
2023-01-23 22:57:01.000,2023-01-23 22:58:46.000,0.51,1,11.28,0,1.88,N,1,2,0.5,1,4.4,1,2.5,0,2,1,230,100
2023-01-23 22:18:30.000,2023-01-23 22:19:42.000,0.41,1,9.4,0,0,N,1,1,0.5,1,4.4,1,2.5,0,2,1,140,262
2023-01-23 22:45:13.000,2023-01-23 22:46:35.000,0.3,1,9.4,0,0,N,2,1,0.5,1,4.4,3.5,2.5,0,1,1,263,262
2023-01-23 21:55:24.000,2023-01-23 21:56:32.000,0.48,1,11.28,0,1.88,N,1,1,0.5,1,4.4,1,2.5,0,2,1,239,142
2023-01-23 22:58:42.000,2023-01-23 22:59:46.000,0,1,8.7,0,0,N,4,1,0.5,1,3.7,1,2.5,0,2,1,114,234
2023-01-23 22:12:31.000,2023-01-23 22:13:20.000,0.23,1,11.31,0,2.61,N,1,1,0.5,1,3.7,1,2.5,0,2,1,141,237
2023-01-23 22:01:03.000,2023-01-23 22:02:55.000,0.58,1,9.4,0,0,N,1,2,0.5,1,4.4,1,2.5,0,2,1,164,162
2023-01-23 23:03:42.000,2023-01-23 23:03:51.000,0,0,74,0,0,N,2,1,0.5,1,70,0,2.5,0,2,2,224,79
2023-01-23 23:32:43.000,2023-01-23 23:32:47.000,0,0,95.5,0,10,N,1,1,0,1,82,0,2.5,0,2,5,88,87
2023-01-23 23:29:08.000,2023-01-23 23:29:55.000,0,0,8,0,0,N,2,1,0.5,1,3,1,2.5,0,2,1,233,162
2023-01-23 23:16:11.000,2023-01-23 23:17:24.000,0.3,1,8.7,0,0,N,2,1,0.5,1,3.7,1,2.5,0,2,1,142,163
2023-01-23 23:25:57.000,2023-01-23 23:26:48.000,0,1,8,0,0,N,3,1,0.5,1,3,3.5,2.5,0,1,1,237,43
2023-01-23 23:09:33.000,2023-01-23 23:10:54.000,0.36,1,10.44,0,1.74,N,1,1,0.5,1,3.7,1,2.5,0,2,1,48,50
2023-01-24 00:58:07.000,2023-01-24 00:58:13.000,10,0,10.5,0,0,N,3,0,0.5,1,3,6,0,0,1,1,70,138
2023-01-24 00:58:22.000,2023-01-24 00:58:25.000,0,0,21.5,0,10,N,1,1,0.5,1,10,0,0,0,2,5,132,264
2023-01-24 00:15:14.000,2023-01-24 00:15:25.000,0,0,23,0,15,N,1,1,0.5,1,3,1,2.5,0,2,1,230,163
2023-01-24 00:02:26.000,2023-01-24 00:03:48.000,0.5,1,11.28,0,1.88,N,1,1,0.5,1,4.4,1,2.5,0,2,1,90,186
2023-01-24 00:10:11.000,2023-01-24 00:10:44.000,0.03,0,8,0,0,N,4,1,0.5,1,3,1,2.5,0,2,1,186,163
2023-01-24 01:13:14.000,2023-01-24 01:13:47.000,0.08,0,8,0,0,N,4,2,0.5,1,3,1,2.5,0,2,1,229,233
2023-01-24 01:13:22.000,2023-01-24 01:14:56.000,0.5,1,11.25,0,1.85,N,1,1,0.5,1,4.4,3.5,2.5,0,1,1,90,68
2023-01-24 01:30:28.000,2023-01-24 01:30:50.000,0.09,0,8,0,0,N,2,1,0.5,1,3,1,2.5,0,2,1,48,163
2023-01-24 02:58:19.000,2023-01-24 02:59:16.000,0.5,1,10.44,0,1.74,N,1,1,0.5,0.3,4.4,1,2.5,0,2,1,100,230
2023-01-24 02:52:45.000,2023-01-24 02:53:46.000,0.15,1,8.7,0,0,N,2,3,0.5,1,3.7,1,2.5,0,2,1,249,90
2023-01-24 02:17:56.000,2023-01-24 02:18:17.000,0.22,1,19.3,13.1,0,N,2,1,0.5,1,3.7,1,0,0,2,1,14,6
2023-01-24 02:37:50.000,2023-01-24 02:38:12.000,0,1,8,0,0,N,4,1,0.5,1,3,1,2.5,0,2,1,170,107
2023-01-24 02:04:27.000,2023-01-24 02:05:43.000,0.4,1,11.25,0,1.85,N,1,1,0.5,1,4.4,3.5,2.5,0,1,1,79,107
2023-01-24 03:08:12.000,2023-01-24 03:08:29.000,0.04,0,8,0,0,N,2,1,0.5,1,3,1,2.5,0,2,1,249,114
2023-01-24 05:44:32.000,2023-01-24 05:44:52.000,0,0,8,0,0,N,4,2,0.5,1,3,3.5,2.5,0,1,1,249,114
2023-01-24 05:05:29.000,2023-01-24 05:05:45.000,0,0,8,0,0,N,4,1,0.5,1,3,1,2.5,0,2,1,50,48
2023-01-24 05:11:26.000,2023-01-24 05:12:30.000,0.38,1,11.31,0,2.61,N,1,1,0.5,1,3.7,1,2.5,0,2,1,164,100
2023-01-24 05:29:34.000,2023-01-24 05:30:56.000,0.4,1,11.25,0,1.85,N,1,1,0.5,1,4.4,3.5,2.5,0,1,1,100,186
2023-01-24 05:29:32.000,2023-01-24 05:29:38.000,0,0,73.5,0,0,N,1,1,0,1,70,0,2.5,0,2,5,141,140
2023-01-24 05:36:23.000,2023-01-24 05:36:29.000,0,0,8,0,0,N,3,1,0.5,1,3,1,2.5,0,2,1,170,164
2023-01-24 05:32:43.000,2023-01-24 05:33:33.000,0.36,1,99.6,0,16.6,N,1,2,0,1,82,0,0,0,2,5,219,264
2023-01-24 06:37:06.000,2023-01-24 06:38:36.000,0.46,1,7.7,0,1.8,N,1,1,0.5,1,4.4,0,0,0,2,1,151,238
2023-01-24 06:24:33.000,2023-01-24 06:25:53.000,0.19,1,7.7,0,0,N,2,1,0.5,1,3.7,0,2.5,0,2,1,48,230
2023-01-24 06:34:06.000,2023-01-24 06:35:56.000,0.48,1,8.4,0,0,N,2,1,0.5,1,4.4,0,2.5,0,2,1,100,230
2023-01-24 06:23:34.000,2023-01-24 06:24:08.000,0,1,7,0,0,N,3,0,0.5,1,3,2.5,2.5,0,1,1,246,68
2023-01-24 06:21:03.000,2023-01-24 06:22:51.000,0.56,1,9.1,0,0,N,2,1,0.5,1,5.1,0,2.5,0,2,1,233,162
2023-01-24 06:19:29.000,2023-01-24 06:20:43.000,0.2,1,7.7,0,0,N,2,1,0.5,1,3.7,2.5,2.5,0,1,1,100,230
2023-01-24 07:54:02.000,2023-01-24 07:55:53.000,0.54,1,10.92,0,1.82,N,1,1,0.5,1,5.1,0,2.5,0,2,1,239,142
2023-01-24 07:35:01.000,2023-01-24 07:36:22.000,0.17,1,7.7,0,0,N,2,1,0.5,1,3.7,0,2.5,0,2,1,263,237
2023-01-24 07:23:35.000,2023-01-24 07:24:57.000,0.31,1,7.7,0,0,N,3,1,0.5,1,3.7,0,2.5,0,2,1,229,233
2023-01-24 07:32:09.000,2023-01-24 07:33:37.000,0.1,1,7.7,0,0,N,4,1,0.5,1,3.7,0,2.5,0,2,1,100,230
2023-01-24 07:57:10.000,2023-01-24 07:58:37.000,0.4,1,9.4,0,1,N,1,1,0.5,1,4.4,2.5,2.5,0,1,1,170,164
2023-01-24 07:05:20.000,2023-01-24 07:06:55.000,0.4,1,8.4,0,0,N,1,1,0.5,1,4.4,2.5,2.5,0,1,1,262,263
2023-01-24 07:00:19.000,2023-01-24 07:01:55.000,0.57,1,10.4,0,2,N,1,1,0.5,1,4.4,0,2.5,0,2,1,238,239
2023-01-24 07:18:11.000,2023-01-24 07:19:57.000,0.59,1,10.5,0,2.1,N,1,1,0.5,1,4.4,0,2.5,0,2,1,262,263
2023-01-24 07:04:23.000,2023-01-24 07:05:34.000,0.19,1,7.7,0,0,N,2,1,0.5,1,3.7,0,2.5,0,2,1,186,164
2023-01-24 07:56:18.000,2023-01-24 07:57:55.000,0.6,1,10.9,0,1.8,Y,1,1,0.5,1,5.1,2.5,2.5,0,1,1,249,68
2023-01-24 07:44:26.000,2023-01-24 07:45:20.000,0.07,1,9,0,2,N,1,1,0.5,1,3,0,2.5,0,2,1,140,141
2023-01-24 07:35:00.000,2023-01-24 07:36:40.000,0.36,1,10.08,0,1.68,N,1,1,0.5,1,4.4,0,2.5,0,2,1,237,161
2023-01-24 08:51:05.000,2023-01-24 08:52:44.000,0.59,1,9.1,0,0,N,2,1,0.5,1,5.1,0,2.5,0,2,1,43,236
2023-01-24 08:10:09.000,2023-01-24 08:11:32.000,0.41,1,10.08,0,1.68,N,1,1,0.5,1,4.4,0,2.5,0,2,1,236,263
2023-01-24 08:55:09.000,2023-01-24 08:55:55.000,0.08,0,20,0,13,N,1,1,0.5,1,3,0,2.5,0,2,1,162,161
2023-01-24 08:39:56.000,2023-01-24 08:40:55.000,0.27,1,9.62,0,1.92,N,1,1,0.5,1,3.7,0,2.5,0,2,1,170,164
2023-01-24 08:37:16.000,2023-01-24 08:38:58.000,0.3,1,7.7,0,0,N,1,1,0.5,1,3.7,0,2.5,0,2,1,161,163
2023-01-24 08:58:06.000,2023-01-24 08:59:28.000,0,1,5.2,0,0,N,2,1,0.5,1,3.7,0,0,0,2,1,75,263
2023-01-24 08:31:12.000,2023-01-24 08:31:33.000,0,0,5.4,0,0.9,N,1,1,0.5,1,3,0,0,0,2,1,193,7
2023-01-24 08:30:47.000,2023-01-24 08:31:57.000,0.4,1,10.05,0,1.65,N,1,1,0.5,1,4.4,2.5,2.5,0,1,1,125,158
2023-01-24 08:10:02.000,2023-01-24 08:11:53.000,0.52,1,9.24,0,0.84,N,1,1,0.5,1,4.4,0,2.5,0,2,1,48,142
2023-01-24 08:52:22.000,2023-01-24 08:53:50.000,0.48,1,9.4,0,1,N,1,1,0.5,1,4.4,0,2.5,0,2,1,237,162
2023-01-24 08:40:05.000,2023-01-24 08:40:20.000,0.04,0,7,0,0,N,4,1,0.5,1,3,0,2.5,0,2,1,144,114
2023-01-24 08:13:36.000,2023-01-24 08:13:39.000,0,0,103.8,0,17.3,N,1,1,0.5,1,85,0,0,0,2,5,132,264
2023-01-24 08:23:05.000,2023-01-24 08:24:49.000,0.49,1,10.08,0,1.68,N,1,1,0.5,1,4.4,0,2.5,0,2,1,236,237
2023-01-24 08:12:03.000,2023-01-24 08:13:44.000,0.24,1,9.24,0,1.54,N,1,1,0.5,1,3.7,0,2.5,0,2,1,239,142
2023-01-24 08:57:19.000,2023-01-24 08:57:26.000,0,0,7,0,0,N,3,1,0.5,1,3,2.5,2.5,0,1,1,238,43
2023-01-24 09:23:41.000,2023-01-24 09:23:46.000,0,0,74,0,0,N,4,2,0.5,1,70,0,2.5,0,2,2,186,68
2023-01-24 09:09:10.000,2023-01-24 09:10:19.000,0.3,1,9.6,0,1.9,N,1,1,0.5,1,3.7,2.5,2.5,0,1,1,170,161
2023-01-24 09:03:04.000,2023-01-24 09:04:15.000,0.44,1,10.5,0,2.1,N,1,1,0.5,1,4.4,0,2.5,0,2,1,236,75
2023-01-24 09:50:12.000,2023-01-24 09:51:20.000,0.24,1,5.2,0,0,N,2,2,0.5,1,3.7,0,0,0,2,1,166,152
2023-01-24 09:38:49.000,2023-01-24 09:39:33.000,0.2,1,9.2,0,1.5,N,1,1,0.5,1,3.7,2.5,2.5,0,1,1,141,236
2023-01-24 09:15:24.000,2023-01-24 09:16:36.000,0.39,1,9.24,0,1.54,N,1,3,0.5,1,3.7,0,2.5,0,2,1,48,50
2023-01-24 09:28:47.000,2023-01-24 09:29:39.000,0.27,1,9.24,0,1.54,N,1,1,0.5,1,3.7,0,2.5,0,2,1,161,162
2023-01-24 09:46:58.000,2023-01-24 09:47:03.000,0,1,71.5,0,0,N,4,2,0.5,1,70,0,0,0,2,2,24,151
2023-01-08 13:07:21.000,2023-01-08 13:07:29.000,0,0,4.5,0,0,N,2,1,0.5,1,3,0,0,0,2,1,132,264
2023-01-08 13:07:14.000,2023-01-08 13:08:51.000,0.36,1,10.08,0,1.68,N,1,1,0.5,1,4.4,0,2.5,0,2,1,158,246
2023-01-08 13:18:02.000,2023-01-08 13:19:42.000,0.42,1,10.08,0,1.68,N,1,4,0.5,1,4.4,0,2.5,0,2,1,229,162
2023-01-08 13:42:44.000,2023-01-08 13:42:47.000,0,0,11.8,0,1,N,1,2,0,1,9.8,0,0,0,2,5,263,264
2023-01-08 13:09:05.000,2023-01-08 13:09:22.000,0,0,7,0,0,N,2,1,0.5,1,3,0,2.5,0,2,1,162,232
2023-01-08 13:41:27.000,2023-01-08 13:42:51.000,0.46,1,10.08,0,1.68,N,1,1,0.5,1,4.4,0,2.5,0,2,1,107,170
2023-01-08 13:39:40.000,2023-01-08 13:40:45.000,0.43,1,10.5,0,2.1,N,1,2,0.5,1,4.4,0,2.5,0,2,1,141,140
2023-01-08 13:49:09.000,2023-01-08 13:49:17.000,0,0,93.66,6.55,15.61,N,1,1,0.5,1,70,0,0,0,2,2,231,211
2023-01-08 13:47:03.000,2023-01-08 13:48:46.000,0.38,1,8.4,0,0,N,2,1,0.5,1,4.4,0,2.5,0,2,1,262,140
2023-01-08 13:25:10.000,2023-01-08 13:26:30.000,0.22,1,8.7,0,1,N,1,1,0.5,1,3.7,0,2.5,0,2,1,87,88
2023-01-08 13:26:17.000,2023-01-08 13:26:20.000,0,0,102.6,0,17.1,N,1,1,0.5,1,84,0,0,0,2,5,234,264
2023-01-08 13:59:08.000,2023-01-08 14:00:52.000,0.5,1,10.4,0,2,N,1,1,0.5,1,4.4,2.5,2.5,0,1,1,141,237
2023-01-08 13:52:08.000,2023-01-08 13:53:24.000,0.3,1,5.2,0,0,N,2,1,0.5,1,3.7,0,0,0,2,1,24,166
2023-01-08 14:44:35.000,2023-01-08 14:45:41.000,0.3,1,7.7,0,0,N,2,2,0.5,1,3.7,2.5,2.5,0,1,1,137,107
2023-01-08 14:50:02.000,2023-01-08 14:51:41.000,0.42,1,10,0,1.6,N,1,1,0.5,1,4.4,0,2.5,0,2,1,236,75
2023-01-08 14:10:35.000,2023-01-08 14:11:57.000,0.3,1,7.7,0,0,N,2,1,0.5,1,3.7,0,2.5,0,2,1,90,186
2023-01-08 14:39:14.000,2023-01-08 14:40:38.000,0.43,1,10.5,0,2.1,N,1,4,0.5,1,4.4,0,2.5,0,2,1,229,233
2023-01-08 14:24:15.000,2023-01-08 14:25:55.000,0.6,1,10.9,0,1.8,N,1,2,0.5,1,5.1,2.5,2.5,0,1,1,229,141
2023-01-08 14:22:45.000,2023-01-08 14:23:07.000,0,1,106.25,0,17.5,N,1,1,0,1,84,0,2.5,1.25,2,5,264,132
2023-01-08 14:51:31.000,2023-01-08 14:52:47.000,0.4,1,10.08,0,1.68,N,1,1,0.5,1,4.4,0,2.5,0,2,1,68,186
2023-01-08 14:13:14.000,2023-01-08 14:14:24.000,0.7,1,11.8,0,2.7,N,1,1,0.5,1,5.1,2.5,2.5,0,1,1,114,249
2023-01-08 14:34:04.000,2023-01-08 14:35:46.000,0.3,1,9.63,0,1.93,N,1,1,0.5,1,3.7,0,2.5,0,2,1,162,229
2023-01-08 14:36:00.000,2023-01-08 14:37:27.000,0.24,1,7.7,0,0,N,2,4,0.5,1,3.7,0,2.5,0,2,1,161,164
2023-01-08 14:13:09.000,2023-01-08 14:14:55.000,0.62,1,10.46,0,1.36,N,1,1,0.5,1,5.1,0,2.5,0,2,1,239,238
2023-01-08 14:39:33.000,2023-01-08 14:39:55.000,0,0,7,0,0,N,3,1,0.5,1,3,2.5,2.5,0,1,1,238,239
2023-01-08 14:58:33.000,2023-01-08 14:59:50.000,0.2,1,8.7,0,1,N,1,2,0.5,1,3.7,2.5,2.5,0,1,1,48,230
2023-01-08 14:53:07.000,2023-01-08 14:54:28.000,0.35,1,9.24,0,1.54,N,1,1,0.5,1,3.7,0,2.5,0,2,1,90,48
2023-01-08 14:24:23.000,2023-01-08 14:25:57.000,0.5,1,10.05,0,1.65,N,1,1,0.5,1,4.4,2.5,2.5,0,1,1,107,137
2023-01-08 14:05:48.000,2023-01-08 14:06:06.000,0,1,78.5,0,0,N,4,1,0,1,75,0,2.5,0,2,5,161,230
2023-01-08 14:21:16.000,2023-01-08 14:21:22.000,0,0,7,0,0,N,4,1,0.5,1,3,0,2.5,0,2,1,164,170
2023-01-08 14:47:04.000,2023-01-08 14:47:58.000,0.3,0,9.6,0,1.9,N,1,0,0.5,1,3.7,2.5,2.5,0,1,1,229,140
2023-01-08 14:27:14.000,2023-01-08 14:28:50.000,0.91,1,9.8,0,0,N,2,1,0.5,1,5.8,0,2.5,0,2,1,236,74
2023-01-08 14:28:48.000,2023-01-08 14:29:14.000,0.05,1,90.55,6.55,10,N,1,2,0.5,1,70,0,2.5,0,2,2,68,48
2023-01-08 15:21:09.000,2023-01-08 15:22:55.000,0.4,1,9.4,0,1,N,1,1,0.5,1,4.4,2.5,2.5,0,1,1,229,141
2023-01-08 15:39:04.000,2023-01-08 15:39:40.000,0.1,0,74,0,0,N,3,1,0.5,1,70,0,2.5,0,2,2,43,163
2023-01-08 15:30:12.000,2023-01-08 15:30:28.000,0.08,0,72.75,0,0,N,2,1,0.5,1,70,0,0,1.25,2,2,138,70
2023-01-08 15:25:21.000,2023-01-08 15:26:15.000,0.4,1,9.2,0,1.5,N,1,1,0.5,1,3.7,2.5,2.5,0,1,1,236,237
2023-01-08 15:41:53.000,2023-01-08 15:42:03.000,0.07,1,5.75,0,0,N,4,1,0.5,1,3,0,0,1.25,2,1,264,132
2023-01-08 15:16:33.000,2023-01-08 15:17:38.000,0.28,1,9.24,0,1.54,N,1,1,0.5,1,3.7,0,2.5,0,2,1,186,90
2023-01-08 15:42:12.000,2023-01-08 15:43:52.000,0.3,1,7.7,0,0,N,2,1,0.5,1,3.7,2.5,2.5,0,1,1,161,163
2023-01-08 15:52:03.000,2023-01-08 15:53:56.000,0.42,1,10.08,0,1.68,N,1,2,0.5,1,4.4,0,2.5,0,2,1,113,249
2023-01-08 15:36:03.000,2023-01-08 15:36:58.000,0.2,0,7.7,0,0,N,2,3,0.5,1,3.7,2.5,2.5,0,1,1,263,236
2023-01-08 15:05:07.000,2023-01-08 15:05:16.000,0,0,91,0,0,N,1,3,0.5,1,87,0,2.5,0,2,5,230,264
2023-01-08 15:07:40.000,2023-01-08 15:08:38.000,0.3,1,8.7,0,1,N,1,1,0.5,1,3.7,2.5,2.5,0,1,1,162,229
2023-01-08 15:44:49.000,2023-01-08 15:45:56.000,0.23,1,7.7,0,0,N,2,1,0.5,1,3.7,0,2.5,0,2,1,48,163
2023-01-08 15:23:58.000,2023-01-08 15:24:01.000,0,1,114.38,0,22.88,N,1,1,0.5,1,90,0,0,0,2,5,230,264
2023-01-08 15:32:30.000,2023-01-08 15:32:35.000,0,0,103.26,0,17.21,N,1,1,0,1,82.55,0,2.5,0,2,5,164,100
2023-01-08 15:17:51.000,2023-01-08 15:17:53.000,0.01,0,85.2,0,14.2,N,1,1,0,1,70,0,0,0,2,5,138,264
2023-01-08 16:11:23.000,2023-01-08 16:12:41.000,0.28,1,9.24,0,1.54,N,1,1,0.5,1,3.7,0,2.5,0,2,1,161,162
2023-01-08 16:29:09.000,2023-01-08 16:30:16.000,0.42,1,10.08,0,1.68,N,1,1,0.5,1,4.4,0,2.5,0,2,1,237,236
2023-01-08 16:11:01.000,2023-01-08 16:12:39.000,0.4,1,7.08,0,1.18,N,1,1,0.5,1,4.4,0,0,0,1,1,151,24
2023-01-08 16:44:13.000,2023-01-08 16:45:04.000,0,1,7,0,0,N,1,0,0.5,1,3,2.5,2.5,0,1,1,164,186
2023-01-08 16:20:06.000,2023-01-08 16:21:49.000,0.4,1,10.92,0,2.52,N,1,5,0.5,1,4.4,0,2.5,0,2,1,263,262
2023-01-08 16:20:11.000,2023-01-08 16:21:39.000,0.5,1,10.92,0,2.52,N,1,1,0.5,1,4.4,0,2.5,0,2,1,236,43
2023-01-08 16:50:04.000,2023-01-08 16:51:34.000,0.4,1,8.4,0,0,Y,2,1,0.5,1,4.4,2.5,2.5,0,1,1,239,142
2023-01-08 16:02:06.000,2023-01-08 16:02:56.000,0.06,0,4.5,0,0,N,2,1,0.5,1,3,0,0,0,2,1,24,74
2023-01-08 16:19:00.000,2023-01-08 16:20:27.000,0.26,1,9.24,0,1.54,N,1,1,0.5,1,3.7,0,2.5,0,2,1,263,236
2023-01-08 16:44:11.000,2023-01-08 16:45:33.000,0.47,1,9.9,0,1.5,N,1,1,0.5,1,4.4,0,2.5,0,2,1,234,170
2023-01-08 16:24:04.000,2023-01-08 16:25:08.000,0.05,1,7.7,0,0,N,2,1,0.5,1,3.7,0,2.5,0,2,1,43,163
2023-01-08 16:50:27.000,2023-01-08 16:51:46.000,0.12,1,9.24,0,1.54,N,1,1,0.5,1,3.7,0,2.5,0,2,1,48,50
2023-01-08 16:11:11.000,2023-01-08 16:12:46.000,0.15,1,7.7,0,0,N,2,1,0.5,1,3.7,0,2.5,0,2,1,114,249
2023-01-08 16:53:19.000,2023-01-08 16:53:21.000,0.01,0,88,0,10,N,1,2,0,1,77,0,0,0,2,5,132,264
2023-01-08 16:23:33.000,2023-01-08 16:24:02.000,0.04,1,9.5,0,0,N,2,1,0.5,1,3,5,0,0,2,1,70,138
2023-01-08 17:44:05.000,2023-01-08 17:44:07.000,0,0,251,0,0,N,1,1,0,1,250,0,0,0,2,5,265,264
2023-01-08 17:28:30.000,2023-01-08 17:29:55.000,0.16,1,7.7,0,0,N,2,1,0.5,1,3.7,0,2.5,0,2,1,140,263
2023-01-08 17:16:18.000,2023-01-08 17:17:14.000,0.2,1,7.7,0,0,N,2,1,0.5,1,3.7,2.5,2.5,0,1,1,88,87
2023-01-08 17:24:33.000,2023-01-08 17:25:48.000,0.5,1,10.08,0,1.68,N,1,1,0.5,1,4.4,0,2.5,0,2,1,125,249
2023-01-08 17:59:10.000,2023-01-08 18:00:51.000,0.45,1,10.4,0,2,N,1,2,0.5,1,4.4,0,2.5,0,2,1,263,141
2023-01-08 17:57:16.000,2023-01-08 17:58:24.000,0.44,1,10.92,0,2.52,N,1,1,0.5,1,4.4,0,2.5,0,2,1,142,239
2023-01-08 17:26:59.000,2023-01-08 17:27:51.000,0.3,1,9.24,0,1.54,N,1,1,0.5,1,3.7,0,2.5,0,2,1,90,68
2023-01-08 17:57:21.000,2023-01-08 17:58:38.000,0.56,1,9.4,0,1,N,1,3,0.5,1,4.4,0,2.5,0,2,1,142,48
2023-01-08 17:06:00.000,2023-01-08 17:07:48.000,0.4,1,9.4,0,1,N,1,1,0.5,1,4.4,2.5,2.5,0,1,1,142,239
2023-01-08 17:30:51.000,2023-01-08 17:30:58.000,0.02,0,7,0,0,N,2,1,0.5,1,3,0,2.5,0,2,1,79,264
2023-01-08 18:01:28.000,2023-01-08 18:02:52.000,0.34,1,9.58,0,1.88,N,1,5,0.5,1,3.7,0,2.5,0,2,1,141,229
2023-01-08 17:09:17.000,2023-01-08 17:09:58.000,0.11,0,8.4,0,1.4,N,1,1,0.5,1,3,0,2.5,0,2,1,162,237
2023-01-08 17:51:06.000,2023-01-08 17:51:08.000,0,0,103.2,0,17.2,N,1,1,0,1,85,0,0,0,2,5,209,264
2023-01-08 17:43:52.000,2023-01-08 17:44:17.000,0.1,1,8,0,1,N,1,1,0.5,1,3,0,2.5,0,2,1,262,263
2023-01-08 17:25:36.000,2023-01-08 17:25:39.000,0.1,0,58.5,0,2,N,1,1,0.5,1,55,0,0,0,2,5,134,264
2023-01-08 17:21:31.000,2023-01-08 17:21:55.000,0.02,0,9.5,0,0,N,3,1,0.5,1,3,5,0,0,2,1,264,138
2023-01-08 17:11:50.000,2023-01-08 17:11:52.000,0,0,108.12,0,21.62,N,1,1,0.5,1,85,0,0,0,2,5,186,264
2023-01-08 17:31:31.000,2023-01-08 17:32:42.000,0.4,1,71.5,0,0,N,2,2,0.5,1,70,0,0,0,2,2,70,138
2023-01-08 17:42:04.000,2023-01-08 17:43:58.000,0.55,1,10.08,0,1.68,N,1,3,0.5,1,4.4,0,2.5,0,2,1,164,170
2023-01-08 17:19:50.000,2023-01-08 17:20:45.000,0.1,1,8.4,0,1.4,N,1,1,0.5,1,3,0,2.5,0,2,1,114,113
2023-01-08 17:24:56.000,2023-01-08 17:25:06.000,0,1,56,0,0,N,4,1,0,1,55,0,0,0,2,5,72,71
2023-01-08 17:24:23.000,2023-01-08 17:24:26.000,0,0,82.5,0,0,N,1,1,0.5,1,81,0,0,0,2,5,246,264
2023-01-08 17:33:25.000,2023-01-08 17:34:53.000,0.4,1,10.05,0,1.65,N,1,1,0.5,1,4.4,2.5,2.5,0,1,1,263,141
2023-01-08 17:02:27.000,2023-01-08 17:02:30.000,0,0,61,0,0,N,1,3,0,1,60,0,0,0,2,5,138,264
2023-01-08 17:05:13.000,2023-01-08 17:06:19.000,0.28,1,9.24,0,1.54,N,1,1,0.5,1,3.7,0,2.5,0,2,1,50,48
2023-01-08 18:14:50.000,2023-01-08 18:15:07.000,0.1,1,7,0,0,N,3,0,0.5,1,3,2.5,2.5,0,1,1,236,237
2023-01-08 18:10:32.000,2023-01-08 18:11:40.000,0.08,1,7.7,0,0,N,2,1,0.5,1,3.7,0,2.5,0,2,1,238,239
2023-01-08 17:55:24.000,2023-01-08 17:55:27.000,0,0,105,0,21,N,1,1,0,1,83,0,0,0,2,5,170,264
2023-01-08 18:06:02.000,2023-01-08 18:07:18.000,0.55,1,10.08,0,1.68,N,1,1,0.5,1,4.4,0,2.5,0,2,1,237,141
2023-01-08 18:36:14.000,2023-01-08 18:37:20.000,0.37,1,10.5,0,2.1,N,1,1,0.5,1,4.4,0,2.5,0,2,1,161,162
2023-01-08 18:37:57.000,2023-01-08 18:38:03.000,0,1,24,0,0,N,4,1,0,1,23,0,0,0,2,3,264,202
2023-01-08 18:07:34.000,2023-01-08 18:07:37.000,0.04,0,157.2,0,26.2,N,1,1,0,1,130,0,0,0,2,5,265,264
2023-01-08 18:23:24.000,2023-01-08 18:24:55.000,0.25,1,8.7,0,1,N,1,1,0.5,1,3.7,0,2.5,0,2,1,163,161
2023-01-08 18:21:06.000,2023-01-08 18:22:54.000,0.46,1,10.08,0,1.68,N,1,2,0.5,1,4.4,0,2.5,0,2,1,238,151
2023-01-08 18:35:22.000,2023-01-08 18:36:58.000,0.43,1,10.5,0,2.1,N,1,1,0.5,1,4.4,0,2.5,0,2,1,236,263
2023-01-08 18:15:20.000,2023-01-08 18:15:50.000,0,0,4.5,0,0,N,4,1,0.5,1,3,0,0,0,2,1,264,70
2023-01-08 18:56:33.000,2023-01-08 18:56:35.000,0,0,99,0,16.5,N,1,1,0.5,1,81,0,0,0,2,5,132,264
2023-01-31 01:00:14.000,2023-01-31 01:01:18.000,0.38,1,9.7,0,1,N,1,1,0.5,1,3.7,1,2.5,0,2,1,249,125
2023-01-31 00:50:10.000,2023-01-31 00:50:13.000,0,0,55.8,0,9.3,N,1,4,0.5,1,45,0,0,0,2,5,25,264
2023-01-31 01:00:47.000,2023-01-31 01:00:51.000,0,0,27,0,0,N,1,1,0,1,26,0,0,0,2,5,74,75
2023-01-31 03:11:09.000,2023-01-31 03:12:14.000,0.2,1,8.25,0.25,0,N,3,1,0.5,0.3,3.7,1,2.5,0,2,1,114,113
2023-01-31 03:33:41.000,2023-01-31 03:34:58.000,0.5,1,11.25,0,1.85,N,1,1,0.5,1,4.4,3.5,2.5,0,1,1,90,186
2023-01-31 04:29:16.000,2023-01-31 04:29:58.000,0.33,0,8.7,0,0,N,2,1,0.5,1,3.7,1,2.5,0,2,1,238,152
2023-01-31 04:23:27.000,2023-01-31 04:24:58.000,0.58,1,10.1,0,0,N,4,1,0.5,1,5.1,1,2.5,0,2,1,48,142
2023-01-31 04:58:14.000,2023-01-31 04:59:41.000,0.58,1,9.4,0,0,N,2,1,0.5,1,4.4,1,2.5,0,2,1,230,186
2023-01-31 05:59:13.000,2023-01-31 06:00:28.000,0.49,1,11.4,0,2,N,1,1,0.5,1,4.4,1,2.5,0,2,1,236,263
2023-01-31 05:41:16.000,2023-01-31 05:41:44.000,0.05,0,8,0,0,N,4,2,0.5,1,3,1,2.5,0,2,1,100,230
2023-01-31 05:42:54.000,2023-01-31 05:42:56.000,0,0,26.5,0,0,N,1,1,0.5,1,25,0,0,0,2,5,41,264
2023-01-31 05:33:37.000,2023-01-31 05:33:42.000,0.04,0,25,0,0,N,2,1,0,1,23,1,0,0,2,3,145,226
2023-01-31 07:00:26.000,2023-01-31 07:01:38.000,0.43,1,8.4,0,0,N,2,1,0.5,1,4.4,0,2.5,0,2,1,229,141
2023-01-31 06:51:12.000,2023-01-31 06:52:58.000,0.37,1,9.24,0,0.84,N,1,1,0.5,1,4.4,0,2.5,0,2,1,142,239
2023-01-31 06:59:11.000,2023-01-31 07:00:47.000,0.2,1,7.7,0,0,N,2,1,0.5,1,3.7,2.5,2.5,0,1,1,237,141
2023-01-31 06:47:05.000,2023-01-31 06:48:52.000,0.36,1,8.4,0,0,N,2,1,0.5,1,4.4,0,2.5,0,2,1,162,230
2023-01-31 06:44:17.000,2023-01-31 06:45:57.000,0.45,1,8.4,0,0,N,2,1,0.5,1,4.4,0,2.5,0,2,1,143,50
2023-01-31 06:44:34.000,2023-01-31 06:45:40.000,0.1,1,7.7,0,0,N,3,1,0.5,1,3.7,2.5,2.5,0,1,1,161,162
2023-01-31 06:52:20.000,2023-01-31 06:53:15.000,0.27,1,9.24,0,1.54,N,1,6,0.5,1,3.7,0,2.5,0,2,1,170,162
2023-01-31 06:54:07.000,2023-01-31 06:55:35.000,0.49,1,8.4,0,0,N,2,1,0.5,1,4.4,0,2.5,0,2,1,237,264
2023-01-31 06:20:04.000,2023-01-31 06:21:46.000,0.36,1,9.4,0,1,N,1,6,0.5,1,4.4,0,2.5,0,2,1,262,263
2023-01-31 06:14:25.000,2023-01-31 06:15:07.000,0.04,1,7,0,0,N,3,5,0.5,1,3,0,2.5,0,2,1,48,100
2023-01-31 06:50:01.000,2023-01-31 06:51:42.000,0.56,1,8.4,0,0,N,1,1,0.5,1,4.4,0,2.5,0,2,1,170,162
2023-01-31 06:03:03.000,2023-01-31 06:04:45.000,0.42,1,11.28,0,1.88,N,1,1,0.5,1,4.4,1,2.5,0,2,1,186,100
2023-01-31 06:55:16.000,2023-01-31 06:56:56.000,0.49,1,10.5,0,2.1,N,1,1,0.5,1,4.4,0,2.5,0,2,1,236,263
2023-01-31 07:26:53.000,2023-01-31 07:27:48.000,0.3,1,8.7,0,1,N,1,1,0.5,1,3.7,2.5,2.5,0,1,1,238,239
2023-01-31 07:32:50.000,2023-01-31 07:33:37.000,0.11,1,7,0,0,N,4,1,0.5,1,3,0,2.5,0,2,1,263,236
2023-01-31 07:17:37.000,2023-01-31 07:18:37.000,0.12,1,6.24,0,1.04,N,1,1,0.5,1,3.7,0,0,0,2,1,151,238
2023-01-31 07:35:11.000,2023-01-31 07:36:22.000,0.33,1,9.62,0,1.92,N,1,3,0.5,1,3.7,0,2.5,0,2,1,238,239
2023-01-31 07:43:02.000,2023-01-31 07:43:21.000,0.08,0,7,0,0,N,2,1,0.5,1,3,0,2.5,0,2,1,114,113
2023-01-31 07:10:58.000,2023-01-31 07:11:01.000,0,1,4.5,0,0,N,3,1,0.5,1,3,0,0,0,2,1,141,264
2023-01-31 07:01:00.000,2023-01-31 07:02:43.000,0.7,1,10.9,0,1.8,N,1,1,0.5,1,5.1,2.5,2.5,0,1,1,239,142
2023-01-31 07:25:07.000,2023-01-31 07:26:49.000,0.52,1,8.4,0,0,N,2,1,0.5,1,4.4,0,2.5,0,2,1,48,142
2023-01-31 07:25:49.000,2023-01-31 07:26:09.000,0,1,7,0,0,N,2,1,0.5,1,3,0,2.5,0,2,1,140,141
2023-01-31 07:50:28.000,2023-01-31 07:51:48.000,0.45,1,9.4,0,1,N,1,1,0.5,1,4.4,0,2.5,0,2,1,234,186
2023-01-31 07:30:18.000,2023-01-31 07:31:11.000,0.21,1,9.24,0,1.54,N,1,1,0.5,1,3.7,0,2.5,0,2,1,142,239
2023-01-31 07:53:23.000,2023-01-31 07:53:48.000,0,0,7,0,0,N,4,1,0.5,1,3,0,2.5,0,2,1,170,161
2023-01-31 07:04:31.000,2023-01-31 07:05:59.000,0.46,1,9.24,0,0.84,N,1,1,0.5,1,4.4,0,2.5,0,2,1,48,68
2023-01-31 08:25:29.000,2023-01-31 08:26:53.000,0.3,1,8.6,0,0.2,N,1,1,0.5,1,4.4,2.5,2.5,0,1,1,162,161
2023-01-31 08:23:07.000,2023-01-31 08:24:24.000,0.33,1,8.47,0,0.77,N,1,1,0.5,1,3.7,0,2.5,0,2,1,237,162
2023-01-31 08:14:05.000,2023-01-31 08:15:35.000,0.5,1,10.5,0,2.1,N,1,1,0.5,1,4.4,0,2.5,0,2,1,125,114
2023-01-31 08:55:08.000,2023-01-31 08:56:56.000,0.58,1,10.08,0,1.68,N,1,1,0.5,1,4.4,0,2.5,0,2,1,137,107
2023-01-31 08:14:04.000,2023-01-31 08:15:36.000,0.2,1,9.2,0,1.5,N,1,1,0.5,1,3.7,2.5,2.5,0,1,1,239,142
2023-01-31 08:26:39.000,2023-01-31 08:27:50.000,0.35,1,10.01,0,2.31,N,1,1,0.5,1,3.7,0,2.5,0,2,1,237,161
2023-01-31 08:24:54.000,2023-01-31 08:25:40.000,0.2,1,9.24,0,1.54,N,1,1,0.5,1,3.7,2.5,2.5,0,1,1,263,236
2023-01-31 08:57:14.000,2023-01-31 08:58:32.000,0.46,1,9.66,0,1.26,N,1,1,0.5,1,4.4,0,2.5,0,2,1,68,246
2023-01-31 08:21:25.000,2023-01-31 08:22:58.000,0.06,1,7.7,0,0,N,1,1,0.5,1,3.7,0,2.5,0,2,1,68,90
2023-01-31 08:59:36.000,2023-01-31 09:00:23.000,0.02,1,24.5,0,1,N,1,1,0,1,20,0,2.5,0,2,5,87,261
2023-01-31 08:00:07.000,2023-01-31 08:00:51.000,1.61,0,14,0,0,N,2,1,0.5,1,10,0,2.5,0,2,1,140,237
2023-01-31 09:42:09.000,2023-01-31 09:43:56.000,0.4,1,10.08,0,1.68,N,1,1,0.5,1,4.4,0,2.5,0,2,1,238,239
2023-01-31 09:30:40.000,2023-01-31 09:31:14.000,0.1,1,4.5,0,0,N,2,1,0.5,1,3,0,0,0,2,1,70,264
2023-01-31 09:28:09.000,2023-01-31 09:29:31.000,0.46,1,9.4,0,1,N,1,1,0.5,1,4.4,0,2.5,0,2,1,239,238
2023-01-31 09:55:19.000,2023-01-31 09:55:33.000,0.05,0,4.5,0,0,N,2,1,0.5,1,3,0,0,0,2,1,70,264
2023-01-31 09:05:02.000,2023-01-31 09:06:45.000,0.49,1,8.4,0,0,N,2,1,0.5,1,4.4,0,2.5,0,2,1,229,141
2023-01-31 09:43:32.000,2023-01-31 09:44:28.000,0,1,28,0,0,N,4,1,0,1,24.5,0,2.5,0,2,5,68,246
2023-01-31 09:31:03.000,2023-01-31 09:32:45.000,0.46,1,8.4,0,0,N,2,6,0.5,1,4.4,0,2.5,0,2,1,234,90
2023-01-31 09:54:01.000,2023-01-31 09:54:12.000,0,0,24,0,0,N,2,1,0,1,23,0,0,0,1,3,162,170
2023-01-31 09:56:07.000,2023-01-31 09:57:09.000,0.05,1,7.7,0,0,N,2,1,0.5,1,3.7,0,2.5,0,2,1,170,233
2023-01-31 09:42:12.000,2023-01-31 09:43:23.000,0.27,1,8.95,0,1.25,N,1,1,0.5,1,3.7,0,2.5,0,2,1,141,237
2023-01-31 09:53:25.000,2023-01-31 09:54:44.000,0.39,1,10.08,0,1.68,N,1,1,0.5,1,4.4,0,2.5,0,2,1,264,236
2023-01-31 10:29:48.000,2023-01-31 10:30:41.000,0.1,1,8.4,0,1.4,N,1,1,0.5,1,3,2.5,2.5,0,1,1,234,164
2023-01-31 10:52:19.000,2023-01-31 10:53:45.000,0.25,1,7.7,0,0,N,2,1,0.5,1,3.7,0,2.5,0,2,1,141,262
2023-01-31 10:55:01.000,2023-01-31 10:56:35.000,0.45,1,8.4,0,0,N,2,1,0.5,1,4.4,0,2.5,0,2,1,246,68
2023-01-31 10:46:26.000,2023-01-31 10:47:26.000,0,1,156,0,0,N,1,1,0,1,155,0,0,0,2,5,265,264
2023-01-31 10:31:15.000,2023-01-31 10:32:48.000,0.3,1,7.7,0,0,N,2,0,0.5,1,3.7,2.5,2.5,0,1,1,170,161
2023-01-31 10:33:28.000,2023-01-31 10:33:37.000,0.02,0,4.5,0,0,N,4,1,0.5,1,3,0,0,0,2,1,262,75
2023-01-31 10:59:16.000,2023-01-31 11:00:44.000,0.38,1,5.9,0,0,N,2,1,0.5,1,4.4,0,0,0,2,1,41,166
2023-01-31 10:48:54.000,2023-01-31 10:48:58.000,0,0,15.5,0,0,N,1,1,0,1,12,0,2.5,0,2,5,107,234
2023-01-31 10:58:46.000,2023-01-31 10:59:39.000,0.18,1,7,0,0,N,2,1,0.5,1,3,0,2.5,0,2,1,43,237
2023-01-31 10:02:25.000,2023-01-31 10:02:34.000,0.04,0,61.88,0,12.38,N,1,1,0.5,1,48,0,0,0,2,5,66,65
2023-01-31 10:49:15.000,2023-01-31 10:50:38.000,0.2,1,10.7,0,3,N,1,1,0.5,1,3.7,2.5,2.5,0,1,1,142,143
2023-01-31 10:33:02.000,2023-01-31 10:34:24.000,0.3,1,9.7,0,2,N,1,1,0.5,1,3.7,2.5,2.5,0,1,1,237,162
2023-01-31 11:06:25.000,2023-01-31 11:06:57.000,0.05,0,8.4,0,1.4,N,1,3,0.5,1,3,0,2.5,0,2,1,162,161
2023-01-31 11:11:16.000,2023-01-31 11:12:05.000,0.11,1,7,0,0,N,2,1,0.5,1,3,0,2.5,0,2,1,48,50
2023-01-31 11:17:36.000,2023-01-31 11:18:59.000,0.52,1,7.08,0,1.18,N,1,1,0.5,1,4.4,0,0,0,2,1,166,151
2023-01-31 11:59:00.000,2023-01-31 11:59:55.000,0.28,0,7.7,0,0,N,2,1,0.5,1,3.7,0,2.5,0,2,1,262,263
2023-01-31 11:40:06.000,2023-01-31 11:41:09.000,0.29,1,10.01,0,2.31,N,1,2,0.5,1,3.7,0,2.5,0,2,1,48,142
2023-01-31 11:50:31.000,2023-01-31 11:50:43.000,0,0,7,0,0,N,2,0,0.5,1,3,2.5,2.5,0,1,1,140,141
2023-01-31 11:50:39.000,2023-01-31 11:51:29.000,0.01,1,7,0,0,N,2,4,0.5,1,3,0,2.5,0,2,1,264,70
2023-01-31 11:36:09.000,2023-01-31 11:37:56.000,0.4,1,10.05,0,1.65,N,1,1,0.5,1,4.4,2.5,2.5,0,1,1,237,162
2023-01-31 11:28:20.000,2023-01-31 11:29:23.000,0.35,1,7.7,0,0,N,2,1,0.5,1,3.7,0,2.5,0,2,1,232,148
2023-01-31 11:53:57.000,2023-01-31 11:54:40.000,0.23,1,9.63,0,1.93,N,1,2,0.5,1,3.7,0,2.5,0,2,1,137,170
2023-01-31 12:22:25.000,2023-01-31 12:23:11.000,0.13,1,7,0,0,N,2,2,0.5,1,3,0,2.5,0,2,1,262,140
2023-01-31 12:04:55.000,2023-01-31 12:04:59.000,0,0,97.8,0,16.3,N,1,1,0,1,78,0,2.5,0,2,5,209,231
2023-01-31 12:12:29.000,2023-01-31 12:13:33.000,0.3,1,5.2,0,0,N,2,6,0.5,1,3.7,0,0,0,1,1,75,74
2023-01-31 12:44:19.000,2023-01-31 12:44:21.000,0,0,56.5,0,0,N,1,1,0.5,1,55,0,0,0,2,5,132,264
2023-01-31 12:02:26.000,2023-01-31 12:03:36.000,0.4,1,7.7,0,0,N,2,1,0.5,1,3.7,2.5,2.5,0,1,1,233,229
2023-01-31 12:11:31.000,2023-01-31 12:12:42.000,0,1,9.2,0,1.5,N,1,1,0.5,1,3.7,2.5,2.5,0,1,1,230,161
2023-01-31 12:39:35.000,2023-01-31 12:39:38.000,0.19,0,61.5,0,5,N,1,1,0.5,1,55,0,0,0,2,5,138,264
2023-01-31 13:12:18.000,2023-01-31 13:13:47.000,0.5,1,10.08,0,1.68,N,1,1,0.5,1,4.4,0,2.5,0,2,1,143,239
2023-01-31 13:54:37.000,2023-01-31 13:55:58.000,0.37,1,7.7,0,0,N,2,1,0.5,1,3.7,0,2.5,0,2,1,246,48
2023-01-31 13:38:02.000,2023-01-31 13:39:57.000,0.35,1,9.4,0,1,N,1,1,0.5,1,4.4,0,2.5,0,2,1,113,79
2023-01-31 13:57:46.000,2023-01-31 13:58:57.000,0.14,1,9.63,0,1.93,N,1,1,0.5,1,3.7,0,2.5,0,2,1,162,163
2023-01-31 13:59:10.000,2023-01-31 13:59:29.000,0.03,0,7,0,0,N,2,1,0.5,1,3,0,2.5,0,2,1,100,164
2023-01-31 13:18:39.000,2023-01-31 13:19:58.000,0.34,1,8.7,0,1,N,1,1,0.5,1,3.7,0,2.5,0,2,1,249,90
2023-01-31 13:40:32.000,2023-01-31 13:41:46.000,0.36,1,9.24,0,1.54,N,1,1,0.5,1,3.7,0,2.5,0,2,1,230,48
2023-01-31 13:38:08.000,2023-01-31 13:39:56.000,0.4,1,9.4,0,1,N,1,1,0.5,1,4.4,0,2.5,0,2,1,43,161
2023-01-31 13:15:20.000,2023-01-31 13:15:31.000,0,0,7,0,0,N,2,1,0.5,1,3,0,2.5,0,2,1,264,52
2023-01-31 14:00:41.000,2023-01-31 14:01:35.000,0.2,1,8.7,0,1,N,1,0,0.5,1,3.7,2.5,2.5,0,1,1,186,90
2023-01-31 14:22:15.000,2023-01-31 14:23:10.000,0.14,1,7.7,0,0,N,2,1,0.5,1,3.7,0,2.5,0,2,1,161,230
2023-01-31 14:38:48.000,2023-01-31 14:39:38.000,0,1,4.5,0,0,N,2,1,0.5,1,3,0,0,0,2,1,193,7
2023-01-16 17:40:22.000,2023-01-16 17:41:37.000,0.35,1,7.7,0,0,N,1,2,0.5,1,3.7,0,2.5,0,2,1,234,186
2023-01-16 17:11:07.000,2023-01-16 17:12:09.000,0.3,1,9.2,0,1.5,N,1,1,0.5,1,3.7,2.5,2.5,0,1,1,161,237
2023-01-16 17:35:08.000,2023-01-16 17:35:12.000,0,0,34.2,0,5.7,N,1,2,0,1,25,0,2.5,0,2,5,237,43
2023-01-16 17:03:27.000,2023-01-16 17:04:55.000,0.2,1,7.7,0,0,N,2,1,0.5,1,3.7,0,2.5,0,2,1,236,140
2023-01-16 18:22:09.000,2023-01-16 18:23:57.000,0.5,1,10.05,0,1.65,N,1,0,0.5,1,4.4,2.5,2.5,0,1,1,163,237
2023-01-16 18:58:05.000,2023-01-16 18:59:39.000,0.4,1,10.05,0,1.65,N,1,1,0.5,1,4.4,2.5,2.5,0,1,1,237,263
2023-01-16 18:35:06.000,2023-01-16 18:36:30.000,0.4,1,8.4,0,0,N,2,1,0.5,1,4.4,2.5,2.5,0,1,1,141,237
2023-01-16 18:05:23.000,2023-01-16 18:06:30.000,0.32,1,8.7,0,1,N,1,2,0.5,1,3.7,0,2.5,0,2,1,161,237
2023-01-16 18:19:19.000,2023-01-16 18:20:57.000,0.4,1,10.5,0,2.1,N,1,2,0.5,1,4.4,0,2.5,0,2,1,90,249
2023-01-16 18:22:01.000,2023-01-16 18:22:21.000,0.02,0,74,0,0,N,2,1,0.5,1,70,0,2.5,0,2,2,113,234
2023-01-16 18:00:17.000,2023-01-16 18:00:38.000,0,0,7,0,0,N,2,1,0.5,1,3,0,2.5,0,2,1,48,142
2023-01-16 18:43:39.000,2023-01-16 18:43:59.000,0,0,97.91,6.55,16.11,N,1,2,0.5,1,70,0,2.5,1.25,2,2,87,261
2023-01-16 18:32:01.000,2023-01-16 18:33:14.000,0.31,1,9.24,0,1.54,N,1,1,0.5,1,3.7,0,2.5,0,2,1,90,68
2023-01-16 18:04:20.000,2023-01-16 18:05:43.000,0.28,1,7.7,0,0,N,2,1,0.5,1,3.7,0,2.5,0,2,1,107,137
2023-01-16 18:25:13.000,2023-01-16 18:26:04.000,0.25,1,9.24,0,1.54,N,1,1,0.5,1,3.7,0,2.5,0,2,1,230,161
2023-01-16 18:38:26.000,2023-01-16 18:39:31.000,0.21,1,8.7,0,1,N,1,1,0.5,1,3.7,0,2.5,0,2,1,48,163
2023-01-16 18:33:14.000,2023-01-16 18:34:41.000,0.3,1,10,0,2.3,N,1,1,0.5,1,3.7,2.5,2.5,0,1,1,186,90
2023-01-16 18:50:30.000,2023-01-16 18:51:45.000,0.5,1,10.08,0,1.68,N,1,1,0.5,1,4.4,0,2.5,0,2,1,90,164
2023-01-16 18:09:55.000,2023-01-16 18:09:58.000,0,0,105.96,0,17.66,N,1,1,0.5,1,86.8,0,0,0,2,5,229,264
2023-01-16 18:27:02.000,2023-01-16 18:28:25.000,0.36,1,8.5,0,0.8,N,1,1,0.5,1,3.7,0,2.5,0,2,1,263,141
2023-01-16 18:27:11.000,2023-01-16 18:27:25.000,0.01,0,105,11,20,N,1,1,0.5,1,70,0,2.5,0,2,2,170,164
2023-01-16 18:34:22.000,2023-01-16 18:35:05.000,0.11,1,7,0,0,N,2,1,0.5,1,3,0,2.5,0,2,1,137,233
2023-01-16 18:29:51.000,2023-01-16 18:30:55.000,0.23,1,9.63,0,1.93,N,1,1,0.5,1,3.7,0,2.5,0,2,1,249,113
2023-01-16 18:48:52.000,2023-01-16 18:48:55.000,2.02,0,21.84,0,5.04,N,1,2,0.5,1,12.8,0,2.5,0,2,1,161,264
2023-01-16 18:50:04.000,2023-01-16 18:50:05.000,0,0,106.2,0,17.7,N,1,1,0.5,1,87,0,0,0,2,5,166,264
2023-01-16 19:58:39.000,2023-01-16 19:59:52.000,0.3,1,8,0,0.3,N,1,1,0.5,1,3.7,2.5,2.5,0,1,1,141,140
2023-01-16 19:00:48.000,2023-01-16 19:01:31.000,0.19,1,8.4,0,1.4,N,1,1,0.5,1,3,0,2.5,0,2,1,161,162
2023-01-16 19:10:45.000,2023-01-16 19:11:36.000,0.21,1,7.7,0,0,N,2,1,0.5,1,3.7,0,2.5,0,2,1,162,229
2023-01-16 19:51:03.000,2023-01-16 19:52:57.000,0.39,1,5.9,0,0,N,2,1,0.5,1,4.4,0,0,0,2,1,24,151
2023-01-16 19:32:12.000,2023-01-16 19:32:57.000,0,0,7,0,0,N,3,1,0.5,1,3,2.5,2.5,0,1,1,90,68
2023-01-16 19:33:02.000,2023-01-16 19:34:01.000,0.26,1,10.01,0,2.31,N,1,1,0.5,1,3.7,0,2.5,0,2,1,237,162
2023-01-16 19:30:07.000,2023-01-16 19:31:41.000,0.12,1,8.95,0,0,N,4,1,0.5,1,3.7,0,2.5,1.25,2,1,264,138
2023-01-16 19:10:26.000,2023-01-16 19:10:28.000,0,0,99.6,0,16.6,N,1,1,0.5,1,81.5,0,0,0,2,5,234,264
2023-01-16 19:47:09.000,2023-01-16 19:48:49.000,0.52,1,8.4,0,0,N,1,3,0.5,1,4.4,0,2.5,0,2,1,50,246
2023-01-16 19:15:37.000,2023-01-16 19:16:28.000,0.3,1,8.7,0,1,N,1,1,0.5,1,3.7,2.5,2.5,0,1,1,68,246
2023-01-16 19:35:22.000,2023-01-16 19:36:30.000,0.31,1,9.63,0,1.93,N,1,1,0.5,1,3.7,0,2.5,0,2,1,170,164
2023-01-16 19:09:58.000,2023-01-16 19:10:01.000,0,1,19.5,0,0,N,2,5,0.5,1,18,0,0,0,2,5,211,264
2023-01-16 19:46:09.000,2023-01-16 19:46:59.000,0,0,7,0,0,N,3,3,0.5,1,3,0,2.5,0,2,1,90,234
2023-01-16 19:03:04.000,2023-01-16 19:03:35.000,0.05,0,9.5,0,0,N,2,2,0.5,1,3,5,0,0,2,1,70,138
2023-01-16 19:41:53.000,2023-01-16 19:42:14.000,0.26,1,100,0,9,N,1,1,0,1,90,0,0,0,2,5,216,132
2023-01-16 19:39:15.000,2023-01-16 19:40:58.000,0.36,1,8.4,0,0,N,1,1,0.5,1,4.4,0,2.5,0,2,1,211,249
2023-01-16 19:52:22.000,2023-01-16 19:52:33.000,0.1,0,4.5,0,0,N,2,1,0.5,1,3,0,0,0,2,1,130,93
2023-01-16 20:00:55.000,2023-01-16 20:01:12.000,1.4,1,10.5,0,0,N,3,0,0.5,1,3,6,0,0,1,1,70,138
2023-01-16 20:44:41.000,2023-01-16 20:44:43.000,0,0,5.5,0,0,N,3,1,0.5,1,3,1,0,0,2,1,193,264
2023-01-16 20:37:11.000,2023-01-16 20:37:30.000,17.85,0,91.8,6.55,10,N,1,2,0.5,1,70,0,2.5,1.25,2,2,264,132
2023-01-16 20:12:16.000,2023-01-16 20:13:52.000,0.08,1,8.7,0,0,N,2,1,0.5,1,3.7,1,2.5,0,2,1,162,161
2023-01-16 20:53:33.000,2023-01-16 20:54:35.000,0.33,1,10.44,0,1.74,N,1,1,0.5,1,3.7,1,2.5,0,2,1,162,170
2023-01-16 20:27:13.000,2023-01-16 20:28:48.000,0.52,1,9.4,0,0,N,2,1,0.5,1,4.4,1,2.5,0,2,1,237,236
2023-01-16 20:56:08.000,2023-01-16 20:57:31.000,0.62,1,12.12,0,2.02,N,1,1,0.5,1,5.1,1,2.5,0,2,1,141,237
2023-01-16 19:57:06.000,2023-01-16 19:58:58.000,0.52,1,12.12,0,2.02,N,1,1,0.5,1,5.1,1,2.5,0,2,1,68,50
2023-01-16 20:40:20.000,2023-01-16 20:41:47.000,0.51,1,11.28,0,1.88,N,1,1,0.5,1,4.4,1,2.5,0,2,1,162,237
2023-01-16 20:44:09.000,2023-01-16 20:45:54.000,0.43,1,10.4,0,1,N,1,1,0.5,1,4.4,1,2.5,0,2,1,237,162
2023-01-16 20:26:13.000,2023-01-16 20:27:58.000,0.7,1,12.12,0,2.02,N,1,1,0.5,1,5.1,1,2.5,0,2,1,263,75
2023-01-16 20:53:24.000,2023-01-16 20:54:10.000,0.01,1,6.75,0,0,N,3,1,0.5,1,3,1,0,1.25,2,1,132,180
2023-01-16 20:57:13.000,2023-01-16 20:58:57.000,0.52,1,10.4,0,1,N,1,1,0.5,1,4.4,1,2.5,0,2,1,140,141
2023-01-16 21:32:13.000,2023-01-16 21:33:57.000,0,1,16.7,0,0,N,1,1,0.5,1,15.2,0,0,0,1,1,68,90
2023-01-16 21:42:11.000,2023-01-16 21:43:40.000,0.44,1,11.28,0,1.88,N,1,1,0.5,1,4.4,1,2.5,0,2,1,236,75
2023-01-16 21:01:10.000,2023-01-16 21:02:58.000,0.51,1,11.28,0,1.88,N,1,1,0.5,1,4.4,1,2.5,0,2,1,239,238
2023-01-16 21:32:46.000,2023-01-16 21:33:57.000,0.35,1,10.44,0,1.74,N,1,4,0.5,1,3.7,1,2.5,0,2,1,170,137
2023-01-16 21:02:05.000,2023-01-16 21:03:40.000,0.2,1,9.4,0,0,N,2,1,0.5,1,4.4,3.5,2.5,0,1,1,263,236
2023-01-16 21:17:17.000,2023-01-16 21:17:49.000,0.12,0,14.25,0,0,N,2,2,0.5,1,3,6,2.5,1.25,2,1,264,70
2023-01-16 21:42:21.000,2023-01-16 21:43:52.000,0.55,1,11.4,0,2,N,1,1,0.5,1,4.4,1,2.5,0,2,1,68,246
2023-01-16 21:30:17.000,2023-01-16 21:31:19.000,0.3,1,8.7,0,0,N,2,1,0.5,1,3.7,3.5,2.5,0,1,1,43,163
2023-01-16 21:51:33.000,2023-01-16 21:52:58.000,0.1,1,12.45,0,0,N,3,1,0.5,1,3.7,7.25,0,1.25,1,1,70,138
2023-01-16 21:50:14.000,2023-01-16 21:50:20.000,0,0,101,0,5,N,1,4,0,1,95,0,0,0,2,5,181,106
2023-01-16 22:31:51.000,2023-01-16 22:32:59.000,0.37,1,8.7,0,0,N,2,4,0.5,1,3.7,1,2.5,0,2,1,48,230
2023-01-16 22:53:23.000,2023-01-16 22:54:38.000,0.17,1,10.44,0,1.74,N,1,1,0.5,1,3.7,1,2.5,0,2,1,141,140
2023-01-16 22:41:21.000,2023-01-16 22:42:35.000,0.3,1,11.7,0,3,N,1,1,0.5,1,3.7,3.5,2.5,0,1,1,100,230
2023-01-16 22:05:20.000,2023-01-16 22:05:29.000,10.8,0,10.5,0,0,N,3,1,0.5,1,3,6,0,0,1,1,70,138
2023-01-16 22:34:48.000,2023-01-16 22:34:55.000,0.07,0,5.5,0,0,N,2,1,0.5,1,3,1,0,0,2,1,157,260
2023-01-16 22:55:17.000,2023-01-16 22:55:20.000,0,0,61.8,0,10.3,N,1,1,0.5,1,50,0,0,0,2,5,265,264
2023-01-16 23:27:25.000,2023-01-16 23:27:31.000,0,0,5.5,0,0,N,2,2,0.5,1,3,1,0,0,2,1,132,264
2023-01-16 23:33:28.000,2023-01-16 23:34:36.000,0.37,1,10.4,0,1,N,1,1,0.5,1,4.4,1,2.5,0,2,1,237,162
2023-01-16 23:15:26.000,2023-01-16 23:16:39.000,0.4,1,8.7,0,0,N,2,1,0.5,1,3.7,3.5,2.5,0,1,1,263,141
2023-01-16 23:19:10.000,2023-01-16 23:20:40.000,0.51,1,9.4,0,0,N,2,1,0.5,1,4.4,1,2.5,0,2,1,238,239
2023-01-16 23:54:37.000,2023-01-16 23:55:15.000,0.02,1,11.75,0,0,N,2,3,0.5,1,3,6,0,1.25,2,1,70,138
2023-01-16 23:07:32.000,2023-01-16 23:08:46.000,0.58,1,11.75,0,2.35,N,1,1,0.5,1,4.4,1,2.5,0,2,1,48,68
2023-01-16 23:02:05.000,2023-01-16 23:03:57.000,0.57,1,12.12,0,2.02,N,1,1,0.5,1,5.1,1,2.5,0,2,1,140,141
2023-01-16 23:29:52.000,2023-01-16 23:30:09.000,0,1,93.8,6.55,12,N,1,1,0.5,1,70,0,2.5,1.25,2,2,234,90
2023-01-16 23:19:29.000,2023-01-16 23:19:31.000,0,0,91.5,0,5,N,1,1,0.5,1,85,0,0,0,2,5,50,264
2023-01-16 23:38:44.000,2023-01-16 23:39:52.000,0.1,1,90,0,7,N,1,1,0,1,82,0,0,0,1,5,234,107
2023-01-17 00:21:10.000,2023-01-17 00:21:12.000,2.79,0,51.5,0,0,N,1,1,0.5,1,50,0,0,0,2,5,138,264
2023-01-17 00:41:15.000,2023-01-17 00:42:15.000,0.01,1,8,0,0,N,2,1,0.5,1,3,1,2.5,0,2,1,100,230
2023-01-17 00:14:28.000,2023-01-17 00:15:50.000,0.19,1,10.44,0,1.74,N,1,1,0.5,1,3.7,1,2.5,0,2,1,238,239
2023-01-17 00:19:10.000,2023-01-17 00:19:13.000,0,0,156,0,5,N,1,1,0,1,150,0,0,0,2,5,87,264
2023-01-17 00:41:20.000,2023-01-17 00:42:53.000,0.44,1,11.28,0,1.88,N,1,2,0.5,1,4.4,1,2.5,0,2,1,79,4
2023-01-17 00:24:53.000,2023-01-17 00:25:21.000,0.08,1,97.91,6.55,16.11,N,1,1,0.5,1,70,0,2.5,1.25,2,2,164,234
2023-01-17 00:11:35.000,2023-01-17 00:12:36.000,0.11,1,8,0,0,N,2,1,0.5,1,3,1,2.5,0,2,1,140,141
2023-01-17 01:37:38.000,2023-01-17 01:38:54.000,0.43,1,9.4,0,0,N,2,1,0.5,1,4.4,1,2.5,0,2,1,229,233
2023-01-17 01:28:29.000,2023-01-17 01:29:26.000,0.46,1,34.96,0,4.56,N,1,0,0.5,1,26.4,0,2.5,0,2,5,209,66
2023-01-17 01:53:54.000,2023-01-17 01:54:00.000,0,1,113.5,0,10,N,1,4,0,1,100,0,2.5,0,2,5,170,164
2023-01-17 02:27:11.000,2023-01-17 02:28:41.000,0.63,1,13.13,0,3.03,N,1,1,0.5,1,5.1,1,2.5,0,2,1,230,163
2023-01-17 03:28:02.000,2023-01-17 03:28:12.000,0,0,83.8,0,0.3,N,1,1,0,1,80,0,2.5,0,2,5,100,48
2023-01-17 03:21:10.000,2023-01-17 03:22:44.000,0.2,1,8,0,0,N,2,1,0.5,1,3,1,2.5,0,2,1,230,161
2023-01-17 03:34:08.000,2023-01-17 03:35:52.000,0.4,1,12.2,0,2.8,N,1,1,0.5,1,4.4,3.5,2.5,0,1,1,48,142
2023-01-17 05:33:11.000,2023-01-17 05:34:50.000,0.2,1,11.3,0,2.6,N,1,0,0.5,1,3.7,3.5,2.5,0,1,1,233,170
2023-01-17 05:49:09.000,2023-01-17 05:50:49.000,0.5,1,11.28,0,1.88,N,1,1,0.5,1,4.4,1,2.5,0,2,1,163,142
2023-01-17 06:01:11.000,2023-01-17 06:02:29.000,0.53,1,10.5,0,2.1,N,1,5,0.5,1,4.4,0,2.5,0,2,1,236,75
2023-01-17 06:02:22.000,2023-01-17 06:02:42.000,0.02,0,7,0,0,N,4,1,0.5,1,3,0,2.5,0,2,1,143,50
2023-01-17 06:55:14.000,2023-01-17 06:55:59.000,0.21,0,9.24,0,1.54,N,1,1,0.5,1,3.7,0,2.5,0,2,1,170,162
2023-01-24 09:21:35.000,2023-01-24 09:22:57.000,0.3,1,9.2,0,1.5,N,1,1,0.5,1,3.7,2.5,2.5,0,1,1,90,249
2023-01-24 09:23:01.000,2023-01-24 09:24:44.000,0.07,1,7.7,0,0,N,2,1,0.5,1,3.7,0,2.5,0,2,1,263,141
2023-01-24 09:34:01.000,2023-01-24 09:35:19.000,0.32,1,8.86,0,1.16,N,1,1,0.5,1,3.7,0,2.5,0,2,1,236,263
2023-01-24 09:08:02.000,2023-01-24 09:09:17.000,0.21,1,7.7,0,0,N,3,1,0.5,1,3.7,0,2.5,0,2,1,137,170
2023-01-24 09:20:25.000,2023-01-24 09:21:52.000,0.13,1,7.7,0,0,N,2,2,0.5,1,3.7,0,2.5,0,2,1,143,142
2023-01-24 10:04:30.000,2023-01-24 10:05:42.000,0.4,1,10.08,0,1.68,N,1,1,0.5,1,4.4,0,2.5,0,2,1,239,142
2023-01-24 10:33:08.000,2023-01-24 10:33:21.000,0.02,0,7,0,0,N,4,1,0.5,1,3,0,2.5,0,2,1,100,164
2023-01-24 10:54:23.000,2023-01-24 10:54:53.000,0,0,133,0,0,N,1,3,0,1,132,0,0,0,2,5,264,265
2023-01-24 09:59:01.000,2023-01-24 09:59:40.000,0.25,0,10.2,0,0,N,2,2,0.5,1,3.7,5,0,0,2,1,70,138
2023-01-24 10:26:03.000,2023-01-24 10:26:08.000,0,0,22.68,0,3.78,N,1,4,0,1,15.4,0,2.5,0,2,5,170,162
2023-01-24 10:58:40.000,2023-01-24 10:58:48.000,0,0,13,0,0,N,1,1,0,1,12,0,0,0,2,5,24,264
2023-01-24 10:48:41.000,2023-01-24 10:49:46.000,0.32,1,7.7,0,0,N,2,1,0.5,1,3.7,0,2.5,0,2,1,164,234
2023-01-24 10:01:27.000,2023-01-24 10:02:50.000,0.28,1,7.7,0,0,N,2,1,0.5,1,3.7,0,2.5,0,2,1,162,161
2023-01-24 10:26:57.000,2023-01-24 10:27:51.000,0,1,3.3,0,0,N,2,1,0.5,0.3,2.5,0,0,0,2,1,264,207
2023-01-24 10:47:22.000,2023-01-24 10:48:50.000,0.39,1,10.5,0,2.1,N,1,1,0.5,1,4.4,0,2.5,0,2,1,249,90
2023-01-24 11:24:20.000,2023-01-24 11:24:22.000,0.06,0,4.5,0,0,N,2,1,0.5,1,3,0,0,0,2,1,132,264
2023-01-24 11:01:50.000,2023-01-24 11:02:48.000,0.3,1,9.24,0,1.54,N,1,1,0.5,1,3.7,0,2.5,0,2,1,143,239
2023-01-24 11:36:12.000,2023-01-24 11:36:19.000,0,0,29.4,0,4.9,N,1,1,0,1,21,0,2.5,0,2,5,162,233
2023-01-24 11:53:11.000,2023-01-24 11:54:36.000,0.26,1,9.24,0,1.54,N,1,1,0.5,1,3.7,0,2.5,0,2,1,170,107
2023-01-24 11:54:01.000,2023-01-24 11:55:46.000,0.26,1,9.4,0,1,N,1,3,0.5,1,4.4,0,2.5,0,2,1,170,107
2023-01-24 11:30:23.000,2023-01-24 11:30:46.000,0,0,92.5,0,18.5,N,1,2,0.5,1,70,0,2.5,0,2,2,79,148
2023-01-24 11:51:14.000,2023-01-24 11:52:46.000,0.36,1,10.08,0,1.68,N,1,1,0.5,1,4.4,0,2.5,0,2,1,90,234
2023-01-24 11:58:08.000,2023-01-24 11:59:26.000,0.21,1,7.7,0,0,N,2,1,0.5,1,3.7,0,2.5,0,2,1,234,90
2023-01-24 12:10:21.000,2023-01-24 12:11:34.000,0.25,1,10.01,0,2.31,N,1,1,0.5,1,3.7,0,2.5,0,2,1,163,161
2023-01-24 12:37:23.000,2023-01-24 12:38:52.000,0.19,1,9.24,0,1.54,N,1,1,0.5,1,3.7,0,2.5,0,2,1,236,263
2023-01-24 12:46:31.000,2023-01-24 12:47:56.000,0.37,1,8.4,0,0,N,2,5,0.5,1,4.4,0,2.5,0,2,1,164,234
2023-01-24 12:01:15.000,2023-01-24 12:02:50.000,0.61,1,10.92,0,1.82,N,1,3,0.5,1,5.1,0,2.5,0,2,1,68,246
2023-01-24 12:17:09.000,2023-01-24 12:18:32.000,0.5,1,8.4,0,0,N,2,2,0.5,1,4.4,0,2.5,0,2,1,236,263
2023-01-24 12:10:28.000,2023-01-24 12:10:40.000,0,0,7,0,0,N,4,1,0.5,1,3,0,2.5,0,2,1,90,234
2023-01-24 12:02:03.000,2023-01-24 12:03:50.000,0.6,1,8.4,0,0,N,2,0,0.5,1,4.4,2.5,2.5,0,1,1,237,263
2023-01-24 12:39:36.000,2023-01-24 12:39:48.000,0.18,0,102.5,0,20.5,N,1,1,0,1,81,0,0,0,2,5,216,132
2023-01-24 13:07:07.000,2023-01-24 13:08:54.000,0.29,1,8.4,0,0,N,2,1,0.5,1,4.4,0,2.5,0,2,1,229,140
2023-01-24 13:01:27.000,2023-01-24 13:02:49.000,0.4,1,8.4,0,0,N,2,1,0.5,1,4.4,0,2.5,0,2,1,79,148
2023-01-24 13:46:21.000,2023-01-24 13:47:34.000,0.35,1,5.9,0,0,N,2,1,0.5,1,4.4,0,0,0,2,1,24,151
2023-01-24 13:53:29.000,2023-01-24 13:54:37.000,0.35,1,10.01,0,2.31,N,1,1,0.5,1,3.7,0,2.5,0,2,1,48,68
2023-01-24 13:40:47.000,2023-01-24 13:41:56.000,0.26,1,9.24,0,1.54,N,1,1,0.5,1,3.7,0,2.5,0,2,1,161,237
2023-01-24 13:37:23.000,2023-01-24 13:37:55.000,0,0,7,0,0,N,1,1,0.5,1,3,0,2.5,0,2,1,238,239
2023-01-24 13:50:26.000,2023-01-24 13:50:28.000,0,0,131,0,0,N,1,1,0,1,130,0,0,0,2,5,144,264
2023-01-24 13:24:26.000,2023-01-24 13:25:56.000,0.4,1,5.9,0,0,N,2,1,0.5,1,4.4,0,0,0,2,1,74,75
2023-01-24 13:34:17.000,2023-01-24 13:35:50.000,0.22,1,9.24,0,1.54,N,1,1,0.5,1,3.7,0,2.5,0,2,1,237,263
2023-01-24 13:32:58.000,2023-01-24 13:33:46.000,0.07,1,7,0,0,N,2,1,0.5,1,3,0,2.5,0,2,1,236,237
2023-01-24 13:33:55.000,2023-01-24 13:34:59.000,0.18,1,9.24,0,1.54,N,1,1,0.5,1,3.7,0,2.5,0,2,1,162,237
2023-01-24 13:43:12.000,2023-01-24 13:44:59.000,0.3,1,9.4,0,1,N,1,1,0.5,1,4.4,2.5,2.5,0,1,1,162,237
2023-01-24 13:18:26.000,2023-01-24 13:19:16.000,8.77,1,9.5,0,0,N,3,1,0.5,1,3,5,0,0,2,1,264,70
2023-01-24 13:20:48.000,2023-01-24 13:21:49.000,0.1,1,7.7,0,0,N,2,1,0.5,1,3.7,2.5,2.5,0,1,1,230,161
2023-01-24 13:58:45.000,2023-01-24 13:59:55.000,0,1,7,0,0,N,3,1,0.5,1,3,2.5,2.5,0,1,1,186,100
2023-01-24 13:25:11.000,2023-01-24 13:26:54.000,0.55,1,10.08,0,1.68,N,1,2,0.5,1,4.4,0,2.5,0,2,1,234,100
2023-01-24 14:48:37.000,2023-01-24 14:49:56.000,0.2,1,7.7,0,0,N,2,2,0.5,1,3.7,2.5,2.5,0,1,1,90,186
2023-01-24 14:31:50.000,2023-01-24 14:32:05.000,0,1,7,0,0,N,4,1,0.5,1,3,0,2.5,0,2,1,229,162
2023-01-24 14:33:02.000,2023-01-24 14:33:56.000,0.06,0,7,0,0,N,2,1,0.5,1,3,0,2.5,0,2,1,236,43
2023-01-24 14:45:02.000,2023-01-24 14:45:09.000,0,0,82,0,0,N,3,2,0,1,81,0,0,0,2,5,264,232
2023-01-24 14:20:14.000,2023-01-24 14:20:56.000,0,0,108.75,0,21.75,N,1,1,0,1,86,0,0,0,2,5,100,264
2023-01-24 14:55:11.000,2023-01-24 14:56:57.000,0.33,1,8.4,0,0,N,2,1,0.5,1,4.4,0,2.5,0,2,1,164,170
2023-01-24 14:44:08.000,2023-01-24 14:44:10.000,0,0,103.8,0,17.3,N,1,2,0.5,1,85,0,0,0,2,5,161,264
2023-01-24 14:56:17.000,2023-01-24 14:56:20.000,0,0,103.2,0,17.2,N,1,1,0,1,85,0,0,0,2,5,132,264
2023-01-24 14:43:32.000,2023-01-24 14:43:35.000,0.04,0,71.5,0,0,N,3,1,0.5,1,70,0,0,0,2,2,138,264
2023-01-24 14:24:36.000,2023-01-24 14:24:43.000,0,0,98.5,0,10,N,1,1,0,1,85,0,2.5,0,2,5,233,162
2023-01-24 15:04:10.000,2023-01-24 15:04:25.000,1.5,0,4.5,0,0,N,3,0,0.5,1,3,0,0,0,1,1,89,188
2023-01-24 15:56:02.000,2023-01-24 15:56:18.000,0.06,0,7,0,0,N,2,2,0.5,1,3,0,2.5,0,2,1,68,100
2023-01-24 15:37:04.000,2023-01-24 15:38:30.000,0.3,1,9,0,1.3,N,1,1,0.5,1,3.7,2.5,2.5,0,1,1,236,75
2023-01-24 15:18:08.000,2023-01-24 15:19:50.000,0.4,1,10.08,0,1.68,N,1,3,0.5,1,4.4,0,2.5,0,2,1,230,48
2023-01-24 15:36:50.000,2023-01-24 15:36:54.000,0,0,7,0,0,N,2,1,0.5,1,3,0,2.5,0,2,1,158,249
2023-01-24 15:35:08.000,2023-01-24 15:36:21.000,0.28,1,9.24,0,1.54,N,1,1,0.5,1,3.7,0,2.5,0,2,1,262,263
2023-01-24 15:51:16.000,2023-01-24 15:52:00.000,0.22,1,6.24,0,1.04,N,1,1,0.5,1,3.7,0,0,0,2,1,151,238
2023-01-24 15:42:05.000,2023-01-24 15:43:43.000,0.21,1,9.24,0,1.54,N,1,1,0.5,1,3.7,0,2.5,0,2,1,231,261
2023-01-24 15:37:42.000,2023-01-24 15:38:53.000,0.31,1,7.7,0,0,N,1,1,0.5,1,3.7,0,2.5,0,2,1,186,90
2023-01-24 15:47:34.000,2023-01-24 15:48:57.000,0.1,1,9.2,0,1.5,N,1,1,0.5,1,3.7,2.5,2.5,0,1,1,162,170
2023-01-24 15:05:03.000,2023-01-24 15:06:31.000,0.42,1,10.08,0,1.68,N,1,1,0.5,1,4.4,0,2.5,0,2,1,100,186
2023-01-24 15:20:03.000,2023-01-24 15:21:14.000,0.31,1,9.24,0,1.54,N,1,1,0.5,1,3.7,0,2.5,0,2,1,142,143
2023-01-24 15:03:37.000,2023-01-24 15:04:31.000,0.28,1,9.24,0,1.54,N,1,1,0.5,1,3.7,0,2.5,0,2,1,170,233
2023-01-24 15:51:26.000,2023-01-24 15:52:47.000,0.09,1,97.5,0,10,N,1,1,0,1,84,0,2.5,0,2,5,170,164
2023-01-24 15:58:13.000,2023-01-24 15:59:34.000,0.19,1,71.5,0,0,N,2,1,0.5,1,70,0,0,0,2,2,264,132
2023-01-24 15:54:08.000,2023-01-24 15:55:46.000,0.55,1,5.9,0,0,N,2,2,0.5,1,4.4,0,0,0,2,1,74,75
2023-01-24 16:33:10.000,2023-01-24 16:33:19.000,0.02,0,79,0,0,N,4,1,0.5,1,70,5,2.5,0,2,2,262,263
2023-01-24 16:02:34.000,2023-01-24 16:03:11.000,0.07,1,9.5,0,0,N,2,1,0.5,1,3,2.5,2.5,0,2,1,164,100
2023-01-24 16:49:50.000,2023-01-24 16:50:32.000,0.51,1,21.5,13.1,0,N,2,2,0.5,1,4.4,2.5,0,0,2,1,6,14
2023-01-24 16:31:00.000,2023-01-24 16:31:47.000,0.23,0,10.2,0,0,N,2,1,0.5,1,3.7,2.5,2.5,0,2,1,249,90
2023-01-24 16:38:08.000,2023-01-24 16:38:23.000,0,0,151,0,0,N,1,1,0,1,150,0,0,0,2,5,264,191
2023-01-24 16:01:29.000,2023-01-24 16:02:16.000,0.13,1,9.5,0,0,N,2,1,0.5,1,3,2.5,2.5,0,2,1,142,43
2023-01-24 16:01:02.000,2023-01-24 16:02:58.000,0.37,1,10.08,0,1.68,N,1,1,0.5,1,4.4,0,2.5,0,2,1,162,229
2023-01-24 16:18:14.000,2023-01-24 16:18:20.000,0.01,0,9.5,0,0,N,4,1,0.5,1,3,2.5,2.5,0,2,1,231,211
2023-01-24 16:46:04.000,2023-01-24 16:47:58.000,0.22,1,10.2,0,0,N,2,1,0.5,1,3.7,2.5,2.5,0,2,1,211,144
2023-01-24 16:56:30.000,2023-01-24 16:56:45.000,0,0,9.5,0,0,N,2,1,0.5,1,3,2.5,2.5,0,2,1,142,143
2023-01-24 16:32:24.000,2023-01-24 16:33:52.000,0.4,1,13.05,0,2.15,N,1,1,0.5,1,4.4,5,2.5,0,1,1,239,142
2023-01-24 16:40:00.000,2023-01-24 16:41:57.000,0.59,1,11.6,0,0,N,2,1,0.5,1,5.1,2.5,2.5,0,2,1,43,239
2023-01-24 15:56:23.000,2023-01-24 15:57:50.000,0.31,1,12.75,0,2.55,N,1,1,0.5,1,3.7,2.5,2.5,0,2,1,262,263
2023-01-24 16:28:39.000,2023-01-24 16:28:42.000,0,0,121.5,0,45,N,1,2,0.5,1,70,5,0,0,2,2,265,264
2023-01-24 16:25:44.000,2023-01-24 16:25:57.000,0.13,0,12,0,0,N,3,2,0.5,1,3,7.5,0,0,2,1,70,138
2023-01-24 17:35:06.000,2023-01-24 17:35:11.000,0,0,7,0,0,N,3,1,0.5,1,3,2.5,0,0,2,1,7,193
2023-01-24 17:44:20.000,2023-01-24 17:45:34.000,0.16,1,79,0,0,N,2,2,0.5,1,70,5,2.5,0,2,2,107,234
2023-01-24 17:03:18.000,2023-01-24 17:04:54.000,0.23,1,13.2,0,3,N,1,1,0.5,1,3.7,2.5,2.5,0,2,1,107,137
2023-01-24 17:54:36.000,2023-01-24 17:55:33.000,0.22,1,12.24,0,2.04,N,1,2,0.5,1,3.7,2.5,2.5,0,2,1,141,237
2023-01-24 17:15:13.000,2023-01-24 17:16:09.000,0.19,1,10.2,0,0,N,4,1,0.5,1,3.7,2.5,2.5,0,2,1,143,239
2023-01-24 17:23:07.000,2023-01-24 17:24:46.000,0.48,1,13.08,0,2.18,N,1,1,0.5,1,4.4,2.5,2.5,0,2,1,234,90
2023-01-24 17:12:24.000,2023-01-24 17:13:54.000,0.32,1,11.42,0,1.22,N,1,1,0.5,1,3.7,2.5,2.5,0,2,1,237,236
2023-01-24 17:53:36.000,2023-01-24 17:54:52.000,0.43,1,11.9,0,1,N,1,1,0.5,1,4.4,2.5,2.5,0,2,1,68,246
2023-01-24 17:43:52.000,2023-01-24 17:44:58.000,1.3,1,102.96,0,17.16,N,1,1,0,1,82.3,0,2.5,0,2,5,264,170
2023-01-24 17:31:42.000,2023-01-24 17:31:49.000,0,0,17.5,0,2,N,1,1,0,1,12,0,2.5,0,2,5,230,161
2023-01-24 17:40:06.000,2023-01-24 17:41:42.000,0.53,1,13.08,0,2.18,N,1,1,0.5,1,4.4,2.5,2.5,0,2,1,239,238
2023-01-24 17:57:12.000,2023-01-24 17:58:48.000,0.2,1,88,7,2,N,1,0,0.5,1,70,7.5,2.5,0,1,2,88,261
2023-01-24 17:03:30.000,2023-01-24 17:03:32.000,0,0,28,0,3,N,1,1,0,1,24,0,0,0,2,5,238,264
2023-01-08 18:39:21.000,2023-01-08 18:39:23.000,0.44,0,101.25,0,20.25,N,1,1,0,1,80,0,0,0,2,5,79,264
2023-01-08 18:19:06.000,2023-01-08 18:20:34.000,0.5,1,10.05,0,1.65,N,1,2,0.5,1,4.4,2.5,2.5,0,1,1,236,237
2023-01-08 19:11:30.000,2023-01-08 19:12:51.000,0.49,1,10.08,0,1.68,N,1,1,0.5,1,4.4,0,2.5,0,2,1,107,170
2023-01-08 19:02:05.000,2023-01-08 19:03:16.000,0.24,1,8.86,0,1.16,N,1,1,0.5,1,3.7,0,2.5,0,2,1,141,237
2023-01-08 19:09:43.000,2023-01-08 19:10:42.000,0.32,1,7.7,0,0,N,2,1,0.5,1,3.7,0,2.5,0,2,1,164,170
2023-01-08 19:16:32.000,2023-01-08 19:17:38.000,0.41,1,10.08,0,1.68,N,1,1,0.5,1,4.4,0,2.5,0,2,1,263,141
2023-01-08 19:53:35.000,2023-01-08 19:54:31.000,0,1,7,0,0,N,3,1,0.5,1,3,2.5,2.5,0,1,1,186,68
2023-01-08 19:30:45.000,2023-01-08 19:31:09.000,0.18,1,100.69,6.55,20.14,N,1,2,0.5,1,70,0,2.5,0,2,2,264,170
2023-01-08 19:26:04.000,2023-01-08 19:26:18.000,0.02,0,76,0,2,N,1,1,0.5,1,70,0,2.5,0,2,2,232,148
2023-01-08 19:13:13.000,2023-01-08 19:14:55.000,1.83,1,61.8,0,10.3,N,1,1,0.5,1,50,0,0,0,2,5,223,129
2023-01-08 19:45:00.000,2023-01-08 19:46:55.000,0.39,1,10.08,0,1.68,N,1,3,0.5,1,4.4,0,2.5,0,2,1,161,237
2023-01-08 19:49:46.000,2023-01-08 19:49:56.000,0,0,41,0,0,N,2,1,0,1,40,0,0,0,2,5,74,42
2023-01-08 19:59:49.000,2023-01-08 19:59:53.000,0,0,90,0,0,N,1,1,0.5,1,86,0,2.5,0,2,5,239,264
2023-01-08 19:20:01.000,2023-01-08 19:21:59.000,0.6,1,10.92,0,1.82,N,1,1,0.5,1,5.1,0,2.5,0,2,1,170,162
2023-01-08 19:48:14.000,2023-01-08 19:48:16.000,0,0,85.5,0,3,N,1,2,0.5,1,81,0,0,0,2,5,230,264
2023-01-08 19:19:27.000,2023-01-08 19:20:46.000,0.52,1,9.15,0,0.75,N,1,1,0.5,1,4.4,0,2.5,0,2,1,141,263
2023-01-08 19:03:30.000,2023-01-08 19:04:37.000,0.12,1,7.7,0,0,N,2,1,0.5,1,3.7,0,2.5,0,2,1,137,170
2023-01-08 20:13:25.000,2023-01-08 20:14:08.000,0.11,1,8,0,0,N,4,1,0.5,1,3,1,2.5,0,2,1,264,138
2023-01-08 20:10:02.000,2023-01-08 20:10:05.000,0,0,93,0,10,N,1,1,0.5,1,81.5,0,0,0,2,5,107,264
2023-01-08 20:02:22.000,2023-01-08 20:03:40.000,0.4,1,9.4,0,0,N,2,1,0.5,1,4.4,3.5,2.5,0,1,1,68,186
2023-01-08 20:17:38.000,2023-01-08 20:18:58.000,0.22,1,9.7,0,1,N,1,1,0.5,1,3.7,1,2.5,0,2,1,261,231
2023-01-08 20:59:41.000,2023-01-08 21:00:06.000,0,1,76,0,0,N,4,1,0,1,70,5,0,0,1,5,70,138
2023-01-08 20:22:06.000,2023-01-08 20:23:28.000,0.23,1,93.5,0,5,N,1,1,0,1,85,0,2.5,0,2,5,237,162
2023-01-08 20:44:12.000,2023-01-08 20:45:58.000,0.49,1,10.4,0,1,N,1,1,0.5,1,4.4,1,2.5,0,2,1,263,236
2023-01-08 20:22:05.000,2023-01-08 20:22:41.000,0.2,0,10.44,0,1.74,N,1,1,0.5,1,3.7,1,2.5,0,2,1,68,90
2023-01-08 20:27:29.000,2023-01-08 20:28:16.000,0.17,1,10,0,2,N,1,1,0.5,1,3,1,2.5,0,2,1,141,229
2023-01-08 20:15:10.000,2023-01-08 20:15:13.000,0.11,0,102.6,0,17.1,N,1,1,0.5,1,84,0,0,0,2,5,142,264
2023-01-08 21:36:22.000,2023-01-08 21:36:48.000,0,0,80.55,6.55,0,N,2,1,0.5,1,70,0,2.5,0,2,2,68,100
2023-01-08 21:15:07.000,2023-01-08 21:16:53.000,0.49,1,9.4,0,0,N,2,2,0.5,1,4.4,1,2.5,0,2,1,229,141
2023-01-08 21:28:07.000,2023-01-08 21:28:42.000,0.06,0,8,0,0,N,4,2,0.5,1,3,1,2.5,0,2,1,261,13
2023-01-08 21:49:17.000,2023-01-08 21:50:28.000,0.23,1,86.8,6.55,5,N,1,5,0.5,1,70,0,2.5,1.25,2,2,229,141
2023-01-08 21:46:33.000,2023-01-08 21:46:58.000,0.1,0,88.8,0,14.8,N,1,1,0.5,1,70,2.5,2.5,0,1,2,141,140
2023-01-08 21:08:11.000,2023-01-08 21:09:19.000,0,1,70.25,0,0,N,1,1,0,1,63,5,0,1.25,2,5,138,70
2023-01-08 21:08:11.000,2023-01-08 21:08:22.000,0.01,0,25.5,0,20,N,1,1,0.5,1,3,1,0,0,2,1,264,25
2023-01-08 21:20:03.000,2023-01-08 21:20:16.000,0,0,8,0,0,N,4,1,0.5,1,3,3.5,2.5,0,1,1,68,186
2023-01-08 21:42:29.000,2023-01-08 21:43:43.000,0.4,1,10.4,0,1,N,1,1,0.5,1,4.4,3.5,2.5,0,1,1,239,142
2023-01-08 22:54:12.000,2023-01-08 22:54:32.000,0.03,0,75.25,0,0,N,4,4,0.5,1,70,0,2.5,1.25,2,2,264,132
2023-01-08 22:01:14.000,2023-01-08 22:01:40.000,0,0,18,0,10,N,1,1,0.5,1,3,1,2.5,0,2,1,163,48
2023-01-08 22:37:11.000,2023-01-08 22:38:56.000,0.58,1,11.1,0,1,N,1,2,0.5,1,5.1,1,2.5,0,2,1,158,68
2023-01-08 22:37:09.000,2023-01-08 22:38:54.000,0.68,1,12.12,0,2.02,N,1,5,0.5,1,5.1,1,2.5,0,2,1,230,186
2023-01-08 22:20:35.000,2023-01-08 22:21:24.000,0.04,1,8,0,0,N,2,1,0.5,1,3,1,2.5,0,2,1,140,262
2023-01-08 22:16:56.000,2023-01-08 22:17:38.000,0.22,1,96.66,6.55,16.11,N,1,5,0.5,1,70,0,2.5,0,2,2,90,68
2023-01-08 22:22:15.000,2023-01-08 22:23:59.000,0.23,1,8.7,0,0,N,4,2,0.5,1,3.7,1,2.5,0,2,1,230,100
2023-01-08 22:17:11.000,2023-01-08 22:18:55.000,0.59,1,12.12,0,2.02,N,1,1,0.5,1,5.1,1,2.5,0,2,1,229,233
2023-01-08 22:50:10.000,2023-01-08 22:50:14.000,0,0,109.8,0,18.3,N,1,1,0.5,1,90,0,0,0,2,5,164,264
2023-01-08 22:56:57.000,2023-01-08 22:57:49.000,0.36,1,8.7,0,0,N,2,1,0.5,1,3.7,1,2.5,0,2,1,140,262
2023-01-08 22:12:00.000,2023-01-08 22:12:02.000,0.08,0,5.5,0,0,N,2,1,0.5,1,3,1,0,0,2,1,43,264
2023-01-08 23:56:32.000,2023-01-08 23:57:59.000,0.46,1,10.65,0,1.25,N,1,2,0.5,1,4.4,1,2.5,0,2,1,140,263
2023-01-08 23:59:33.000,2023-01-09 00:00:55.000,0.4,1,9.4,0,0,N,2,0,0.5,1,4.4,3.5,2.5,0,1,1,249,90
2023-01-08 23:21:08.000,2023-01-08 23:22:38.000,0.48,1,10.4,0,1,N,1,1,0.5,1,4.4,1,2.5,0,2,1,263,141
2023-01-08 23:08:42.000,2023-01-08 23:09:33.000,0,1,8,0,0,N,4,1,0.5,1,3,1,2.5,0,2,1,48,100
2023-01-08 23:39:11.000,2023-01-08 23:40:25.000,0.2,1,8.7,0,0,N,3,1,0.5,1,3.7,3.5,2.5,0,1,1,161,170
2023-01-08 23:42:35.000,2023-01-08 23:42:41.000,0,0,10.5,0,0,N,1,2,0,1,7,0,2.5,0,2,5,137,168
2023-01-08 23:41:04.000,2023-01-08 23:41:10.000,0.03,0,70.8,0,11.8,N,1,2,0,1,58,0,0,0,2,5,61,189
2023-01-09 00:10:03.000,2023-01-09 00:11:53.000,1.51,1,16.95,6.55,0,N,2,2,0.5,1,7.9,1,0,0,2,1,213,252
2023-01-09 00:02:34.000,2023-01-09 00:03:49.000,0.3,1,6.2,0,0,N,2,0,0.5,1,3.7,1,0,0,1,1,65,25
2023-01-09 00:47:48.000,2023-01-09 00:48:31.000,0.28,1,6.2,0,0,N,2,1,0.5,1,3.7,1,0,0,2,1,238,43
2023-01-09 00:11:03.000,2023-01-09 00:12:48.000,0.64,1,10.1,0,0,N,1,1,0.5,1,5.1,1,2.5,0,2,1,233,141
2023-01-09 00:12:25.000,2023-01-09 00:13:30.000,0,1,8,0,0,N,4,3,0.5,1,3,3.5,2.5,0,1,1,230,48
2023-01-09 00:55:49.000,2023-01-09 00:56:48.000,0.33,1,8.7,0,0,N,2,1,0.5,1,3.7,1,2.5,0,2,1,230,48
2023-01-09 00:57:49.000,2023-01-09 00:58:57.000,0.09,1,80.55,6.55,0,N,2,1,0.5,1,70,0,2.5,0,2,2,68,246
2023-01-09 00:27:54.000,2023-01-09 00:27:57.000,0.01,0,103.8,0,17.3,N,1,1,0.5,1,85,0,0,0,2,5,261,264
2023-01-09 01:19:42.000,2023-01-09 01:20:44.000,0.44,1,11.28,0,1.88,N,1,1,0.5,1,4.4,1,2.5,0,2,1,79,107
2023-01-09 02:47:12.000,2023-01-09 02:48:53.000,0.47,1,11.28,0,1.88,N,1,1,0.5,1,4.4,1,2.5,0,2,1,142,143
2023-01-09 02:05:47.000,2023-01-09 02:06:30.000,0.2,1,11.7,0,3,N,1,1,0.5,1,3.7,3.5,2.5,0,1,1,107,79
2023-01-09 03:53:41.000,2023-01-09 03:54:43.000,0.4,1,10,0,2,N,1,1,0.5,1,3.5,3,2.5,0,1,1,125,249
2023-01-09 03:17:04.000,2023-01-09 03:18:54.000,0.4,1,10.4,0,2,N,1,1,0.5,1,4.4,2.5,2.5,0,1,1,141,229
2023-01-09 03:06:43.000,2023-01-09 03:07:31.000,0.2,1,10.4,0,1.7,N,1,2,0.5,1,3.7,3.5,2.5,0,1,1,229,233
2023-01-09 03:32:28.000,2023-01-09 03:33:31.000,0.2,1,6.2,0,0,N,2,1,0.5,1,3.7,1,0,0,2,1,82,129
2023-01-09 04:06:46.000,2023-01-09 04:07:30.000,0.09,1,8,0,0,N,4,2,0.5,1,3,1,2.5,0,2,1,148,79
2023-01-09 04:57:11.000,2023-01-09 04:57:52.000,0.29,0,10.44,0,1.74,N,1,1,0.5,1,3.7,1,2.5,0,2,1,234,90
2023-01-09 04:25:15.000,2023-01-09 04:26:24.000,0.5,1,9.4,0,0,N,1,1,0.5,1,4.4,1,2.5,0,2,1,90,68
2023-01-09 04:28:26.000,2023-01-09 04:28:29.000,0,0,91.8,0,15.3,N,1,3,0.5,1,75,0,0,0,2,5,138,264
2023-01-09 05:20:21.000,2023-01-09 05:21:54.000,0.74,1,10.11,0,0.01,N,1,1,0.5,1,5.1,1,2.5,0,2,1,107,137
2023-01-09 05:24:24.000,2023-01-09 05:24:25.000,0,0,50.8,0,0.8,N,1,1,0,1,49,0,0,0,2,5,230,264
2023-01-09 05:13:07.000,2023-01-09 05:14:07.000,0.24,1,8.7,0,0,N,2,1,0.5,1,3.7,1,2.5,0,2,1,236,48
2023-01-09 05:02:44.000,2023-01-09 05:03:37.000,0.03,1,8,0,0,N,4,5,0.5,1,3,1,2.5,0,2,1,100,48
2023-01-09 05:44:05.000,2023-01-09 05:44:08.000,0.37,0,151.25,0,30.25,N,1,5,0,1,120,0,0,0,2,5,216,264
2023-01-09 06:14:14.000,2023-01-09 06:15:47.000,0.6,1,8.4,0,0,N,2,2,0.5,1,4.4,0,2.5,0,2,1,170,162
2023-01-09 06:06:39.000,2023-01-09 06:07:59.000,0.3,1,5.2,0,0,N,2,1,0.5,1,3.7,0,0,0,1,1,151,238
2023-01-09 06:55:02.000,2023-01-09 06:56:55.000,0.61,1,10.92,0,1.82,N,1,1,0.5,1,5.1,0,2.5,0,2,1,68,186
2023-01-09 06:55:50.000,2023-01-09 06:56:48.000,0.27,1,7.2,0,2,N,1,1,0.5,1,3.7,0,0,0,2,1,151,24
2023-01-09 06:55:37.000,2023-01-09 06:56:43.000,0.47,1,10.08,0,1.68,N,1,1,0.5,1,4.4,0,2.5,0,2,1,141,263
2023-01-09 07:36:33.000,2023-01-09 07:37:13.000,0,1,7,0,0,N,3,1,0.5,1,3,0,2.5,0,2,1,48,230
2023-01-09 07:25:37.000,2023-01-09 07:26:41.000,0.31,1,88.8,6.55,7,N,1,2,0.5,1,70,0,2.5,1.25,2,2,239,142
2023-01-09 07:17:23.000,2023-01-09 07:18:36.000,0.29,1,5.2,0,0,N,1,1,0.5,1,3.7,0,0,0,2,1,166,152
2023-01-09 07:52:12.000,2023-01-09 07:53:58.000,0.3,1,8.4,0,0,N,2,1,0.5,1,4.4,0,2.5,0,2,1,211,231
2023-01-09 07:19:00.000,2023-01-09 07:20:32.000,0.41,1,9.4,0,1,N,1,1,0.5,1,4.4,0,2.5,0,2,1,100,48
2023-01-09 07:46:51.000,2023-01-09 07:47:28.000,0.19,1,4.5,0,0,N,2,1,0.5,1,3,0,0,0,2,1,74,75
2023-01-09 07:35:26.000,2023-01-09 07:35:32.000,0,0,11,0,4,N,1,1,0.5,1,3,0,2.5,0,2,1,161,162
2023-01-09 07:56:00.000,2023-01-09 07:57:26.000,0.37,1,10.08,0,1.68,N,1,1,0.5,1,4.4,0,2.5,0,2,1,161,164
2023-01-09 07:13:09.000,2023-01-09 07:14:31.000,0.54,1,10.92,0,2.52,N,1,1,0.5,1,4.4,0,2.5,0,2,1,162,170
2023-01-09 07:40:52.000,2023-01-09 07:41:11.000,0,1,7,0,0,N,3,1,0.5,1,3,2.5,2.5,0,1,1,239,43
2023-01-09 07:34:15.000,2023-01-09 07:34:20.000,0,0,4.5,0,0,N,2,1,0.5,1,3,0,0,0,2,1,264,152
2023-01-09 07:15:47.000,2023-01-09 07:15:49.000,0.08,0,88.5,0,5.5,N,1,1,0,1,82,0,0,0,2,5,170,264
2023-01-09 07:34:25.000,2023-01-09 07:34:28.000,0,0,146.5,0,0,N,1,2,0.5,1,145,0,0,0,2,5,1,264
2023-01-09 07:47:00.000,2023-01-09 07:48:11.000,0.44,1,10.92,0,2.52,N,1,1,0.5,1,4.4,0,2.5,0,2,1,79,107
2023-01-09 08:23:17.000,2023-01-09 08:24:31.000,0.39,1,9.4,0,1,N,1,1,0.5,1,4.4,0,2.5,0,2,1,107,137
2023-01-09 08:13:46.000,2023-01-09 08:14:53.000,0.3,1,7.7,0,0,N,1,1,0.5,1,3.7,2.5,2.5,0,1,1,237,162
2023-01-09 08:36:17.000,2023-01-09 08:37:39.000,0.3,1,7.7,0,0,N,2,0,0.5,1,3.7,2.5,2.5,0,1,1,239,238
2023-01-09 08:01:03.000,2023-01-09 08:01:11.000,0,0,28,0,1.5,N,1,1,0,1,23,0,2.5,0,2,3,161,163
2023-01-31 14:49:59.000,2023-01-31 14:50:09.000,0,1,7,0,0,N,4,1,0.5,1,3,0,2.5,0,2,1,114,264
2023-01-31 14:22:20.000,2023-01-31 14:23:16.000,0.27,1,9.62,0,1.92,N,1,5,0.5,1,3.7,0,2.5,0,2,1,143,239
2023-01-31 14:17:37.000,2023-01-31 14:17:43.000,0,0,17.5,0,2,N,1,1,0,1,12,0,2.5,0,2,5,48,246
2023-01-31 14:34:02.000,2023-01-31 14:35:07.000,0.27,1,7.7,0,0,N,2,1,0.5,1,3.7,0,2.5,0,2,1,107,113
2023-01-31 14:51:26.000,2023-01-31 14:51:34.000,0,0,7,0,0,N,4,1,0.5,1,3,0,2.5,0,2,1,137,170
2023-01-31 14:19:10.000,2023-01-31 14:20:33.000,0.28,1,7.7,0,0,N,2,1,0.5,1,3.7,0,2.5,0,2,1,143,142
2023-01-31 14:12:26.000,2023-01-31 14:12:29.000,0.08,0,103.75,0,20.75,N,1,1,0,1,82,0,0,0,2,5,161,264
2023-01-31 14:42:32.000,2023-01-31 14:43:30.000,0.37,1,8.7,0,1,N,1,1,0.5,1,3.7,0,2.5,0,2,1,238,239
2023-01-31 15:54:08.000,2023-01-31 15:55:03.000,0.3,1,7.7,0,0,N,2,1,0.5,1,3.7,2.5,2.5,0,1,1,246,68
2023-01-31 15:34:01.000,2023-01-31 15:35:47.000,0.1,1,7.7,0,0,N,2,1,0.5,1,3.7,2.5,2.5,0,1,1,186,234
2023-01-31 15:50:50.000,2023-01-31 15:51:46.000,0.36,1,9.24,0,1.54,N,1,1,0.5,1,3.7,0,2.5,0,2,1,163,161
2023-01-31 15:22:49.000,2023-01-31 15:22:56.000,0,0,7,0,0,N,2,1,0.5,1,3,0,2.5,0,2,1,239,238
2023-01-31 15:42:13.000,2023-01-31 15:43:52.000,0.39,1,10.08,0,1.68,N,1,1,0.5,1,4.4,0,2.5,0,2,1,142,48
2023-01-31 15:56:27.000,2023-01-31 15:57:40.000,0.42,1,8.4,0,0,N,2,1,0.5,1,4.4,0,2.5,0,2,1,13,231
2023-01-31 15:24:44.000,2023-01-31 15:24:53.000,0,0,7,0,0,N,2,1,0.5,1,3,0,2.5,0,2,1,43,236
2023-01-31 15:43:02.000,2023-01-31 15:43:13.000,0,0,7,0,0,N,4,2,0.5,1,3,0,2.5,0,2,1,79,114
2023-01-31 15:54:34.000,2023-01-31 15:54:45.000,0.02,0,5.75,0,0,N,2,2,0.5,1,3,0,0,1.25,2,1,132,264
2023-01-31 15:27:10.000,2023-01-31 15:28:56.000,0.2,1,9.6,0,1.9,N,1,1,0.5,1,3.7,2.5,2.5,0,1,1,140,141
2023-01-31 15:25:28.000,2023-01-31 15:26:51.000,0.29,1,9.24,0,1.54,N,1,1,0.5,1,3.7,0,2.5,0,2,1,68,90
2023-01-31 15:59:10.000,2023-01-31 16:00:00.000,0.24,1,9.24,0,1.54,N,1,2,0.5,1,3.7,0,2.5,0,2,1,249,90
2023-01-31 15:41:13.000,2023-01-31 15:42:03.000,0.12,1,7,0,0,N,4,1,0.5,1,3,0,2.5,0,2,1,262,263
2023-01-31 15:04:08.000,2023-01-31 15:04:47.000,0.02,0,7,0,0,N,2,1,0.5,1,3,0,2.5,0,2,1,234,107
2023-01-31 15:48:27.000,2023-01-31 15:49:32.000,0.14,1,8.7,0,1,N,1,1,0.5,1,3.7,0,2.5,0,2,1,239,142
2023-01-31 15:28:18.000,2023-01-31 15:29:48.000,0.35,1,8.4,0,0,N,2,2,0.5,1,4.4,0,2.5,0,2,1,100,186
2023-01-31 16:41:01.000,2023-01-31 16:42:43.000,0.55,1,13.08,0,2.18,N,1,1,0.5,1,4.4,2.5,2.5,0,2,1,238,239
2023-01-31 16:36:10.000,2023-01-31 16:37:53.000,0.4,1,12.15,0,1.25,N,1,1,0.5,1,4.4,5,2.5,0,1,1,186,90
2023-01-31 16:19:52.000,2023-01-31 16:20:34.000,0.11,1,12,0,0,N,4,1,0.5,1,3,7.5,0,0,2,1,70,138
2023-01-31 16:56:42.000,2023-01-31 16:57:38.000,0.27,1,13.2,0,3,N,1,1,0.5,1,3.7,2.5,2.5,0,2,1,234,164
2023-01-31 16:34:46.000,2023-01-31 16:35:19.000,0.2,1,12.2,0,2,N,1,1,0.5,1,3.7,5,2.5,0,1,1,163,161
2023-01-31 16:55:00.000,2023-01-31 16:56:40.000,0.2,1,12.24,0,2.04,N,1,1,0.5,1,3.7,2.5,2.5,0,2,1,164,170
2023-01-31 16:49:04.000,2023-01-31 16:50:00.000,0.39,1,12.24,0,2.04,N,1,1,0.5,1,3.7,2.5,2.5,0,2,1,79,107
2023-01-31 16:26:31.000,2023-01-31 16:27:45.000,0.44,1,10.9,0,0,N,2,1,0.5,1,4.4,2.5,2.5,0,2,1,163,161
2023-01-31 16:20:23.000,2023-01-31 16:21:00.000,0.49,1,99.6,0,16.6,N,1,4,0,1,82,0,0,0,2,5,216,132
2023-01-31 16:44:03.000,2023-01-31 16:45:53.000,0.17,1,12.24,0,2.04,N,1,1,0.5,1,3.7,2.5,2.5,0,2,1,107,234
2023-01-31 16:07:24.000,2023-01-31 16:08:22.000,0.08,1,103.91,6.55,17.11,N,1,1,0.5,1,70,5,2.5,1.25,2,2,164,100
2023-01-31 16:26:05.000,2023-01-31 16:26:40.000,0.03,0,9.5,0,0,N,4,1,0.5,1,3,2.5,2.5,0,2,1,141,237
2023-01-31 16:44:33.000,2023-01-31 16:45:54.000,0.73,1,96.8,6.55,10,N,1,1,0.5,1,70,5,2.5,1.25,2,2,93,82
2023-01-31 16:39:05.000,2023-01-31 16:40:58.000,0.33,1,10.9,0,0,N,2,1,0.5,1,4.4,2.5,2.5,0,2,1,239,238
2023-01-31 17:40:09.000,2023-01-31 17:41:59.000,0.47,1,13.9,0,3,N,1,1,0.5,1,4.4,2.5,2.5,0,2,1,233,170
2023-01-31 17:07:00.000,2023-01-31 17:07:06.000,0,0,79,0,0,N,2,1,0.5,1,70,5,2.5,0,2,2,43,142
2023-01-31 17:41:03.000,2023-01-31 17:42:37.000,0.6,1,12.6,0,1,N,1,1,0.5,1,5.1,5,2.5,0,1,1,229,233
2023-01-31 17:05:19.000,2023-01-31 17:06:48.000,0.15,1,10.2,0,0,N,2,1,0.5,1,3.7,2.5,2.5,0,2,1,143,142
2023-01-31 17:58:02.000,2023-01-31 17:59:54.000,0.44,1,13.08,0,2.18,N,1,1,0.5,1,4.4,2.5,2.5,0,2,1,262,263
2023-01-31 17:18:36.000,2023-01-31 17:19:17.000,0.2,1,10.5,0,1,N,1,1,0.5,1,3,5,2.5,0,1,1,234,107
2023-01-31 17:50:19.000,2023-01-31 17:51:41.000,0.03,1,10.2,0,0,N,2,1,0.5,1,3.7,2.5,2.5,0,2,1,234,107
2023-01-31 17:37:00.000,2023-01-31 17:38:47.000,0.57,1,13.08,0,2.18,N,1,1,0.5,1,4.4,2.5,2.5,0,2,1,140,262
2023-01-31 17:02:42.000,2023-01-31 17:03:40.000,0.04,1,9.5,0,0,N,2,1,0.5,1,3,2.5,2.5,0,2,1,236,237
2023-01-31 17:35:34.000,2023-01-31 17:35:49.000,0,0,20.4,0,3.4,N,1,1,0,1,13.5,0,2.5,0,2,5,107,170
2023-01-31 17:21:11.000,2023-01-31 17:22:59.000,0.43,1,12.9,0,2,N,1,1,0.5,1,4.4,2.5,2.5,0,2,1,238,239
2023-01-31 18:56:31.000,2023-01-31 18:57:48.000,0.38,1,12.24,0,2.04,N,1,1,0.5,1,3.7,2.5,2.5,0,2,1,246,68
2023-01-31 18:17:02.000,2023-01-31 18:18:21.000,0.3,1,11.9,0,1,N,1,1,0.5,1,4.4,5,2.5,0,1,1,158,249
2023-01-31 18:16:16.000,2023-01-31 18:17:04.000,0.11,1,9.5,0,0,N,2,1,0.5,1,3,2.5,2.5,0,2,1,142,239
2023-01-31 18:32:12.000,2023-01-31 18:33:49.000,0.27,1,10.08,0,1.68,N,1,1,0.5,1,4.4,2.5,0,0,2,1,166,151
2023-01-31 18:09:25.000,2023-01-31 18:09:37.000,0.01,0,79,0,0,N,2,1,0.5,1,70,5,2.5,0,2,2,140,262
2023-01-31 18:03:43.000,2023-01-31 18:04:43.000,0.36,1,12.24,0,2.04,N,1,1,0.5,1,3.7,2.5,2.5,0,2,1,249,90
2023-01-31 18:07:03.000,2023-01-31 18:08:54.000,0.4,1,10.9,0,0,N,2,1,0.5,1,4.4,5,2.5,0,1,1,142,230
2023-01-31 18:32:35.000,2023-01-31 18:33:03.000,0.11,1,10,0,0.5,N,1,3,0.5,1,3,2.5,2.5,0,2,1,263,262
2023-01-31 18:48:12.000,2023-01-31 18:49:12.000,0.04,1,79,0,0,N,2,2,0.5,1,70,5,2.5,0,2,2,230,100
2023-01-31 18:39:02.000,2023-01-31 18:40:45.000,0.37,1,13.08,0,2.18,N,1,1,0.5,1,4.4,2.5,2.5,0,2,1,239,142
2023-01-31 18:30:17.000,2023-01-31 18:31:08.000,0.34,1,7.7,0,0,N,3,1,0.5,1,3.7,2.5,0,0,2,1,42,168
2023-01-31 18:26:27.000,2023-01-31 18:26:45.000,0.04,0,9.5,0,0,N,4,1,0.5,1,3,2.5,2.5,0,2,1,237,43
2023-01-31 18:08:01.000,2023-01-31 18:09:40.000,0.34,1,13.08,0,2.18,N,1,2,0.5,1,4.4,2.5,2.5,0,2,1,141,263
2023-01-31 19:30:01.000,2023-01-31 19:31:37.000,0.55,1,11.9,0,1,N,1,1,0.5,1,4.4,2.5,2.5,0,2,1,142,239
2023-01-31 19:17:38.000,2023-01-31 19:18:47.000,0.5,1,13.63,0,2.73,N,1,1,0.5,1,4.4,5,2.5,0,1,1,238,239
2023-01-31 19:48:46.000,2023-01-31 19:49:59.000,0.31,1,10.2,0,0,N,1,1,0.5,1,3.7,2.5,2.5,0,2,1,263,236
2023-01-31 19:45:08.000,2023-01-31 19:45:58.000,0.1,0,13.25,0,3.05,N,1,1,0.5,1,3.7,5,2.5,0,1,1,262,263
2023-01-31 19:38:19.000,2023-01-31 19:39:50.000,0,1,9.5,0,0,N,3,1,0.5,1,3,5,2.5,0,1,1,164,100
2023-01-31 19:38:40.000,2023-01-31 19:39:42.000,0.35,1,12.24,0,2.04,N,1,1,0.5,1,3.7,2.5,2.5,0,2,1,230,163
2023-01-31 20:00:04.000,2023-01-31 20:01:14.000,0.42,1,12.9,0,2,N,1,1,0.5,1,4.4,2.5,2.5,0,2,1,68,246
2023-01-31 19:02:02.000,2023-01-31 19:03:38.000,0.4,1,10.9,0,0,N,2,1,0.5,1,4.4,2.5,2.5,0,2,1,164,162
2023-01-31 19:34:48.000,2023-01-31 19:35:27.000,0,1,1.01,0,0,N,3,1,0,1,0.01,0,0,0,1,5,33,25
2023-01-31 19:13:02.000,2023-01-31 19:13:05.000,0.02,0,7,0,0,N,2,1,0.5,1,3,0,2.5,0,2,1,50,264
2023-01-31 19:16:41.000,2023-01-31 19:17:34.000,0.3,1,10.7,0,0.5,N,1,1,0.5,1,3.7,5,2.5,0,1,1,142,239
2023-01-31 19:06:00.000,2023-01-31 19:07:44.000,0.56,1,13.08,0,2.18,N,1,6,0.5,1,4.4,2.5,2.5,0,2,1,237,141
2023-01-31 19:41:15.000,2023-01-31 19:42:50.000,0.55,1,13.08,0,2.18,N,1,1,0.5,1,4.4,2.5,2.5,0,2,1,238,239
2023-01-31 19:13:54.000,2023-01-31 19:14:25.000,0.15,1,9.5,0,0,N,4,1,0.5,1,3,2.5,2.5,0,2,1,262,140
2023-01-31 19:20:21.000,2023-01-31 19:21:31.000,0.35,1,12.24,0,2.04,N,1,1,0.5,1,3.7,2.5,2.5,0,2,1,186,90
2023-01-31 19:47:09.000,2023-01-31 19:47:41.000,0.01,0,9.5,0,0,N,2,1,0.5,1,3,2.5,2.5,0,2,1,239,238
2023-01-31 19:52:02.000,2023-01-31 19:53:57.000,0.38,1,13.08,0,2.18,N,1,1,0.5,1,4.4,2.5,2.5,0,2,1,50,48
2023-01-31 19:50:50.000,2023-01-31 19:51:39.000,0.3,1,13.26,0,3.06,N,1,1,0.5,1,3.7,2.5,2.5,0,2,1,263,236
2023-01-31 19:52:11.000,2023-01-31 19:53:28.000,0.38,1,10.2,0,0,N,1,1,0.5,1,3.7,2.5,2.5,0,2,1,90,164
2023-01-31 19:17:39.000,2023-01-31 19:17:42.000,0,0,17,0,10,N,1,3,0.5,1,3,0,2.5,0,2,1,224,264
2023-01-31 19:12:46.000,2023-01-31 19:13:22.000,0.02,1,13.25,0,0,N,2,1,0.5,1,3,7.5,0,1.25,2,1,264,70
2023-01-31 19:14:26.000,2023-01-31 19:14:41.000,0.01,0,12,0,0,N,2,1,0.5,1,3,7.5,0,0,2,1,264,138
2023-01-31 20:46:17.000,2023-01-31 20:46:33.000,0.03,0,8,0,0,N,2,2,0.5,1,3,1,2.5,0,2,1,237,236
2023-01-31 20:47:44.000,2023-01-31 20:48:00.000,0.1,1,10.5,0,0,N,3,0,0.5,1,3,6,0,0,1,1,70,138
2023-01-31 20:25:14.000,2023-01-31 20:26:22.000,0.43,1,12.4,0,3,N,1,1,0.5,1,4.4,1,2.5,0,2,1,233,229
2023-01-31 20:31:26.000,2023-01-31 20:31:34.000,0,0,25,0,0,N,2,4,0,1,23,1,0,0,2,3,237,43
2023-01-31 20:55:14.000,2023-01-31 20:56:49.000,0.52,1,10.4,0,1,N,1,1,0.5,1,4.4,1,2.5,0,2,1,238,142
2023-01-31 20:35:06.000,2023-01-31 20:36:34.000,0.3,1,10.53,0,1.13,N,1,2,0.5,1,4.4,3.5,2.5,0,1,1,237,236
2023-01-31 20:38:50.000,2023-01-31 20:39:52.000,0.07,1,8,0,0,N,2,1,0.5,1,3,1,2.5,0,2,1,107,234
2023-01-31 20:45:18.000,2023-01-31 20:46:30.000,0.29,1,8.7,0,0,N,2,1,0.5,1,3.7,1,2.5,0,2,1,229,233
2023-01-31 20:17:07.000,2023-01-31 20:18:57.000,0.53,1,11.4,0,2,N,1,1,0.5,1,4.4,1,2.5,0,2,1,238,239
2023-01-31 21:28:20.000,2023-01-31 21:28:27.000,0,0,202.2,0,33.7,N,1,1,0,1,167.5,0,0,0,2,5,265,264
2023-01-31 21:06:16.000,2023-01-31 21:06:59.000,0.2,0,8.7,0,0,N,3,1,0.5,1,3.7,3.5,2.5,0,1,1,87,209
2023-01-31 21:14:17.000,2023-01-31 21:15:53.000,0.12,1,8.7,0,0,N,2,1,0.5,1,3.7,1,2.5,0,2,1,263,262
2023-01-31 21:16:29.000,2023-01-31 21:16:37.000,0.01,0,71.5,0,0,N,4,1,0.5,1,70,0,0,0,2,2,264,161
2023-01-31 21:05:33.000,2023-01-31 21:06:43.000,0.35,1,8.7,0,0,N,2,1,0.5,1,3.7,1,2.5,0,2,1,237,141
2023-01-31 21:47:07.000,2023-01-31 21:48:41.000,0.2,1,8.7,0,0,N,2,2,0.5,1,3.7,3.5,2.5,0,1,1,233,162
2023-01-31 21:39:03.000,2023-01-31 21:39:14.000,0.07,0,93.5,0,5,N,1,1,0,1,85,0,2.5,0,2,5,264,141
2023-01-17 06:27:04.000,2023-01-17 06:28:25.000,0.41,1,11.75,0,2.35,N,1,1,0.5,1,4.4,1,2.5,0,2,1,141,140
2023-01-17 06:51:56.000,2023-01-17 06:51:58.000,0,0,106,0,19,N,1,1,0,1,86,0,0,0,2,5,132,264
2023-01-17 06:37:05.000,2023-01-17 06:38:27.000,0.52,1,8.4,0,0,N,2,1,0.5,1,4.4,0,2.5,0,2,1,151,238
2023-01-17 06:35:07.000,2023-01-17 06:36:25.000,0.58,1,5.9,0,0,N,2,2,0.5,1,4.4,0,0,0,2,1,75,238
2023-01-17 06:54:00.000,2023-01-17 06:55:55.000,0.5,1,8.4,0,0,N,2,1,0.5,1,4.4,2.5,2.5,0,1,1,237,141
2023-01-17 06:11:19.000,2023-01-17 06:12:34.000,0.58,1,10.4,0,2,N,1,1,0.5,1,4.4,0,2.5,0,2,1,236,263
2023-01-17 06:25:14.000,2023-01-17 06:26:39.000,0.46,1,10.08,0,1.68,N,1,1,0.5,1,4.4,0,2.5,0,2,1,48,230
2023-01-17 06:13:07.000,2023-01-17 06:14:43.000,0.8,1,9.8,0,0,N,2,1,0.5,1,5.8,2.5,2.5,0,1,1,143,50
2023-01-17 07:38:23.000,2023-01-17 07:39:40.000,0.4,1,5.9,0,0,N,2,1,0.5,1,4.4,0,0,0,1,1,24,151
2023-01-17 07:53:02.000,2023-01-17 07:54:55.000,0.64,1,10.92,0,1.82,N,1,1,0.5,1,5.1,0,2.5,0,2,1,239,142
2023-01-17 07:13:09.000,2023-01-17 07:14:40.000,0.3,1,9.2,0,1.5,N,1,1,0.5,1,3.7,2.5,2.5,0,1,1,234,113
2023-01-17 07:14:58.000,2023-01-17 07:15:03.000,0.06,1,81.5,0,10,N,1,2,0.5,1,70,0,0,0,2,2,264,138
2023-01-17 07:05:01.000,2023-01-17 07:06:54.000,0.5,1,9.66,0,1.26,N,1,1,0.5,1,4.4,2.5,2.5,0,1,1,229,162
2023-01-17 07:17:01.000,2023-01-17 07:18:33.000,0.54,1,6.9,0,1,N,1,1,0.5,1,4.4,0,0,0,2,1,43,238
2023-01-17 07:22:46.000,2023-01-17 07:23:26.000,0.01,1,7,0,0,N,2,2,0.5,1,3,0,2.5,0,2,1,100,48
2023-01-17 07:05:20.000,2023-01-17 07:06:56.000,0.63,1,11.38,0,2.28,N,1,1,0.5,1,5.1,0,2.5,0,2,1,107,137
2023-01-17 07:20:06.000,2023-01-17 07:21:38.000,0.4,1,10.5,0,2.1,N,1,0,0.5,1,4.4,2.5,2.5,0,1,1,186,90
2023-01-17 07:19:01.000,2023-01-17 07:19:08.000,0.02,0,24,0,0,N,4,2,0,1,23,0,0,0,2,3,161,170
2023-01-17 07:56:27.000,2023-01-17 07:57:18.000,0.6,1,85.2,0,14.2,N,1,1,0,1,65,5,0,0,1,5,70,138
2023-01-17 07:06:15.000,2023-01-17 07:06:35.000,0,0,4.5,0,0,N,2,1,0.5,1,3,0,0,0,2,1,264,152
2023-01-17 08:36:03.000,2023-01-17 08:37:58.000,0.46,1,8.9,0,0.5,N,1,1,0.5,1,4.4,0,2.5,0,2,1,238,239
2023-01-17 08:39:02.000,2023-01-17 08:40:27.000,0.46,1,8.4,0,0,N,2,1,0.5,1,4.4,0,2.5,0,2,1,186,90
2023-01-17 08:31:13.000,2023-01-17 08:32:39.000,0.42,1,9.4,0,1,N,1,1,0.5,1,4.4,0,2.5,0,2,1,231,125
2023-01-17 08:16:16.000,2023-01-17 08:17:50.000,0.25,1,7.7,0,0,N,1,1,0.5,1,3.7,0,2.5,0,2,1,100,170
2023-01-17 08:09:29.000,2023-01-17 08:10:50.000,0.49,1,10.08,0,1.68,N,1,1,0.5,1,4.4,0,2.5,0,2,1,161,237
2023-01-17 08:03:06.000,2023-01-17 08:04:28.000,0.44,1,10.92,0,2.52,N,1,1,0.5,1,4.4,0,2.5,0,2,1,162,141
2023-01-17 08:30:03.000,2023-01-17 08:31:47.000,0.38,1,8.4,0,0,N,2,2,0.5,1,4.4,0,2.5,0,2,1,141,140
2023-01-17 08:29:37.000,2023-01-17 08:30:00.000,0,1,7,0,0,N,2,1,0.5,1,3,0,2.5,0,2,1,164,170
2023-01-17 09:10:10.000,2023-01-17 09:10:12.000,2.23,0,19.6,0,0,N,2,1,0.5,1,15.6,0,2.5,0,2,1,141,264
2023-01-17 08:15:08.000,2023-01-17 08:16:17.000,0.1,1,9,0,2,N,1,1,0.5,1,3,2.5,2.5,0,1,1,142,239
2023-01-17 09:42:00.000,2023-01-17 09:43:31.000,0.5,1,10.5,0,2.1,N,1,2,0.5,1,4.4,2.5,2.5,0,1,1,137,107
2023-01-17 09:33:10.000,2023-01-17 09:34:36.000,0.4,1,8.4,0,0,N,2,1,0.5,1,4.4,2.5,2.5,0,1,1,230,163
2023-01-17 09:05:03.000,2023-01-17 09:06:52.000,0.3,1,7,0,1.1,N,1,1,0.5,1,4.4,0,0,0,2,1,238,151
2023-01-17 09:33:05.000,2023-01-17 09:33:10.000,0.01,0,24,0,0,N,2,1,0,1,23,0,0,0,2,3,142,43
2023-01-17 09:42:31.000,2023-01-17 09:42:41.000,0.04,0,95.16,0,15.86,N,1,1,0,1,78.3,0,0,0,2,5,75,263
2023-01-17 09:30:32.000,2023-01-17 09:31:00.000,0.04,1,7,0,0,N,2,1,0.5,1,3,0,2.5,0,2,1,107,234
2023-01-17 09:15:07.000,2023-01-17 09:16:31.000,0.46,1,10.08,0,1.68,N,1,1,0.5,1,4.4,0,2.5,0,2,1,125,211
2023-01-17 09:06:01.000,2023-01-17 09:07:23.000,0.5,1,10.05,0,1.65,N,1,1,0.5,1,4.4,2.5,2.5,0,1,1,237,162
2023-01-17 09:48:24.000,2023-01-17 09:48:59.000,0.15,0,74,0,0,N,2,2,0.5,1,70,0,2.5,0,2,2,230,100
2023-01-17 09:00:29.000,2023-01-17 09:01:53.000,0.56,1,9.4,0,1,N,1,1,0.5,1,4.4,0,2.5,0,2,1,236,263
2023-01-17 09:17:13.000,2023-01-17 09:17:16.000,0.11,0,106.8,0,17.8,N,1,1,0.5,1,85,0,2.5,0,2,5,161,264
2023-01-17 09:16:41.000,2023-01-17 09:17:31.000,0.1,1,7.88,0,0.88,N,1,1,0.5,1,3,2.5,2.5,0,1,1,90,234
2023-01-17 09:08:28.000,2023-01-17 09:08:45.000,0.15,0,9.5,0,0,N,2,2,0.5,1,3,5,0,0,2,1,70,138
2023-01-17 10:19:02.000,2023-01-17 10:20:41.000,0.4,1,10.05,0,1.65,N,1,0,0.5,1,4.4,2.5,2.5,0,1,1,263,236
2023-01-17 10:13:23.000,2023-01-17 10:14:35.000,0.32,1,7.7,0,0,N,3,1,0.5,1,3.7,0,2.5,0,2,1,239,238
2023-01-17 10:04:34.000,2023-01-17 10:05:00.000,0.06,1,603.5,0,0,N,4,1,0,1,600,0,2.5,0,2,5,141,74
2023-01-17 10:50:17.000,2023-01-17 10:51:39.000,0.44,1,5.9,0,0,N,2,1,0.5,1,4.4,0,0,0,2,1,74,75
2023-01-17 10:28:45.000,2023-01-17 10:28:59.000,0,0,22.2,0,3.7,N,1,1,0,1,15,0,2.5,0,2,5,163,162
2023-01-17 10:43:28.000,2023-01-17 10:44:32.000,0,1,7,0,0,N,1,1,0.5,1,3,2.5,2.5,0,1,1,186,68
2023-01-17 10:05:03.000,2023-01-17 10:06:41.000,0.5,1,10.05,0,1.65,N,1,0,0.5,1,4.4,2.5,2.5,0,1,1,100,186
2023-01-17 10:11:46.000,2023-01-17 10:12:34.000,0,1,7,0,0,N,4,1,0.5,1,3,2.5,2.5,0,1,1,186,68
2023-01-17 10:50:43.000,2023-01-17 10:50:55.000,6.52,0,88.55,6.55,8,N,1,1,0.5,1,70,0,2.5,0,2,2,264,230
2023-01-17 10:38:03.000,2023-01-17 10:38:09.000,0.06,0,61,0,5,N,1,4,0,1,55,0,0,0,2,5,264,70
2023-01-17 10:32:27.000,2023-01-17 10:32:30.000,0.66,0,66,0,0,N,1,1,0,1,65,0,0,0,2,5,223,264
2023-01-17 10:48:07.000,2023-01-17 10:49:44.000,0.45,1,10,0,1.6,N,1,1,0.5,1,4.4,0,2.5,0,2,1,249,234
2023-01-17 10:31:13.000,2023-01-17 10:31:50.000,0,0,102.64,0,5,N,1,2,0,1,96.64,0,0,0,2,5,250,264
2023-01-17 11:59:39.000,2023-01-17 12:00:49.000,0.3,1,7.7,0,0,N,2,1,0.5,1,3.7,2.5,2.5,0,1,1,238,239
2023-01-17 11:14:37.000,2023-01-17 11:15:44.000,0.1,1,8.7,0,1,N,1,1,0.5,1,3.7,2.5,2.5,0,1,1,263,236
2023-01-17 11:51:07.000,2023-01-17 11:51:36.000,0.01,0,7,0,0,N,2,1,0.5,1,3,0,2.5,0,2,1,164,100
2023-01-17 11:17:24.000,2023-01-17 11:17:48.000,1.18,0,7.7,0,0,N,4,1,0.5,1,3.7,0,2.5,0,2,1,264,70
2023-01-17 11:39:01.000,2023-01-17 11:40:12.000,0.14,1,7.7,0,0,N,2,1,0.5,1,3.7,0,2.5,0,2,1,230,100
2023-01-17 11:09:26.000,2023-01-17 11:10:40.000,0,1,7.7,0,0,N,2,1,0.5,1,3.7,0,2.5,0,2,1,236,43
2023-01-17 11:58:13.000,2023-01-17 11:59:42.000,0.43,1,10.08,0,1.68,N,1,1,0.5,1,4.4,0,2.5,0,2,1,233,229
2023-01-17 11:26:26.000,2023-01-17 11:27:09.000,0.1,1,7.5,0,0.5,N,1,1,0.5,1,3,2.5,2.5,0,1,1,161,230
2023-01-17 11:21:35.000,2023-01-17 11:21:41.000,0,0,7,0,0,N,2,1,0.5,1,3,2.5,2.5,0,1,1,162,229
2023-01-17 12:39:31.000,2023-01-17 12:39:42.000,0,0,5.2,0,0,N,3,1,0,1,4.2,0,0,0,2,5,7,193
2023-01-17 12:34:03.000,2023-01-17 12:34:23.000,0.09,0,74,0,0,N,3,1,0.5,1,70,0,2.5,0,2,2,114,79
2023-01-17 12:37:41.000,2023-01-17 12:38:51.000,0.06,1,80,0,6,N,1,1,0.5,1,70,0,2.5,0,2,2,140,141
2023-01-17 12:29:07.000,2023-01-17 12:30:25.000,0.17,1,9.24,0,1.54,N,1,1,0.5,1,3.7,0,2.5,0,2,1,114,144
2023-01-17 11:40:23.000,2023-01-17 11:41:38.000,0.17,1,7.7,0,0,N,1,5,0.5,1,3.7,0,2.5,0,2,1,263,236
2023-01-17 12:54:44.000,2023-01-17 12:54:59.000,0.04,0,74,0,0,N,4,2,0.5,1,70,0,2.5,0,2,2,234,90
2023-01-17 12:35:27.000,2023-01-17 12:36:43.000,0.35,1,9.63,0,1.93,N,1,1,0.5,1,3.7,0,2.5,0,2,1,90,158
2023-01-17 12:47:10.000,2023-01-17 12:47:25.000,0,0,7,0,0,N,2,0,0.5,1,3,2.5,2.5,0,1,1,237,141
2023-01-17 12:22:05.000,2023-01-17 12:22:18.000,4,0,7,0,0,N,3,1,0.5,1,3,2.5,2.5,0,1,1,234,107
2023-01-17 12:08:31.000,2023-01-17 12:08:52.000,0.04,0,93,0,10,N,1,1,0,1,82,0,0,0,2,5,161,264
2023-01-17 12:00:46.000,2023-01-17 12:01:37.000,0,1,13.7,0,0,N,1,1,0.5,1,12.2,0,0,0,1,1,63,76
2023-01-17 12:04:02.000,2023-01-17 12:05:01.000,0.2,1,9.24,0,1.54,N,1,1,0.5,1,3.7,0,2.5,0,2,1,143,142
2023-01-17 13:52:25.000,2023-01-17 13:53:53.000,0.25,1,9.24,0,1.54,N,1,1,0.5,1,3.7,0,2.5,0,2,1,151,238
2023-01-17 13:02:21.000,2023-01-17 13:02:38.000,0.01,0,4.5,0,0,N,3,1,0.5,1,3,0,0,0,2,1,151,238
2023-01-17 13:25:13.000,2023-01-17 13:26:53.000,0.4,1,10.05,0,1.65,N,1,1,0.5,1,4.4,2.5,2.5,0,1,1,68,246
2023-01-17 13:20:30.000,2023-01-17 13:21:51.000,0.1,1,7,0,0,N,2,1,0.5,1,3,0,2.5,0,2,1,144,148
2023-01-17 13:43:21.000,2023-01-17 13:44:59.000,0.33,1,8.4,0,0,N,2,6,0.5,1,4.4,0,2.5,0,2,1,48,68
2023-01-17 13:48:34.000,2023-01-17 13:49:55.000,0.32,1,9.7,0,2,N,1,1,0.5,1,3.7,0,2.5,0,2,1,246,68
2023-01-17 13:01:17.000,2023-01-17 13:02:53.000,0.58,1,8.4,0,0,N,2,1,0.5,1,4.4,0,2.5,0,2,1,68,246
2023-01-17 13:57:48.000,2023-01-17 13:58:52.000,0.4,1,8.4,0,0,N,2,1,0.5,1,4.4,0,2.5,0,2,1,249,113
2023-01-17 13:23:15.000,2023-01-17 13:24:55.000,0.62,1,10.92,0,1.82,N,1,1,0.5,1,5.1,0,2.5,0,2,1,79,107
2023-01-17 13:21:18.000,2023-01-17 13:22:06.000,0.19,1,8.7,0,1,N,1,1,0.5,1,3.7,0,2.5,0,2,1,186,164
2023-01-17 13:52:25.000,2023-01-17 13:53:14.000,0.12,1,12,0,0,N,2,1,0.5,1,3,5,2.5,0,2,1,264,138
2023-01-17 13:49:20.000,2023-01-17 13:50:36.000,0.43,1,7.7,0,0,N,2,1,0.5,1,3.7,0,2.5,0,2,1,264,141
2023-01-17 13:44:30.000,2023-01-17 13:45:40.000,0.06,1,5.2,0,0,N,2,1,0.5,1,3.7,0,0,0,2,1,70,264
2023-01-17 13:08:59.000,2023-01-17 13:09:02.000,0,1,109.8,0,18.3,N,1,1,0.5,1,90,0,0,0,2,5,162,264
2023-01-17 13:16:10.000,2023-01-17 13:16:12.000,0,0,22.2,0,3.7,N,1,1,0.5,1,17,0,0,0,2,5,161,264
2023-01-17 13:18:01.000,2023-01-17 13:19:51.000,0.42,1,10.5,0,2.1,N,1,1,0.5,1,4.4,0,2.5,0,2,1,237,163
2023-01-17 14:36:39.000,2023-01-17 14:36:47.000,11.2,0,9.5,0,0,N,3,1,0.5,1,3,5,0,0,1,1,70,138
2023-01-17 14:11:35.000,2023-01-17 14:11:54.000,0,0,9.5,0,0,N,2,1,0.5,1,3,5,0,0,1,1,70,138
2023-01-17 14:47:39.000,2023-01-17 14:48:47.000,0.37,1,9.24,0,1.54,N,1,1,0.5,1,3.7,0,2.5,0,2,1,170,233
2023-01-17 14:27:17.000,2023-01-17 14:28:48.000,0.4,1,10.05,0,1.65,N,1,1,0.5,1,4.4,2.5,2.5,0,1,1,114,113
2023-01-17 14:18:25.000,2023-01-17 14:19:36.000,0.3,1,9.24,0,1.54,N,1,1,0.5,1,3.7,0,2.5,0,2,1,211,231
2023-01-17 14:47:33.000,2023-01-17 14:48:05.000,0,1,97.91,6.55,16.11,N,1,1,0.5,1,70,0,2.5,1.25,2,2,264,170
2023-01-17 14:09:38.000,2023-01-17 14:10:22.000,0.23,1,5.75,0,0,N,2,1,0.5,1,3,0,0,1.25,2,1,264,132
2023-01-17 14:22:15.000,2023-01-17 14:23:56.000,0.11,1,7.7,0,0,N,4,1,0.5,1,3.7,0,2.5,0,2,1,113,79
2023-01-24 17:54:50.000,2023-01-24 17:55:43.000,0.23,1,15.2,0,5,N,1,1,0.5,1,3.7,2.5,2.5,0,2,1,163,230
2023-01-24 17:09:45.000,2023-01-24 17:10:51.000,0.34,1,10.2,0,0,N,2,1,0.5,1,3.7,2.5,2.5,0,2,1,234,90
2023-01-24 17:15:01.000,2023-01-24 17:15:32.000,0.03,0,9.5,0,0,N,2,1,0.5,1,3,2.5,2.5,0,2,1,107,137
2023-01-24 17:54:15.000,2023-01-24 17:55:40.000,0,1,11.5,0,2,N,1,1,0.5,1,3,5,2.5,0,1,1,142,143
2023-01-24 18:37:12.000,2023-01-24 18:37:17.000,0,0,7,0,0,N,3,1,0.5,1,3,2.5,0,0,2,1,193,7
2023-01-24 18:06:40.000,2023-01-24 18:06:43.000,0,0,7,0,0,N,3,1,0.5,1,3,2.5,0,0,2,1,193,264
2023-01-24 18:40:26.000,2023-01-24 18:41:33.000,0.29,1,12.24,0,2.04,N,1,1,0.5,1,3.7,2.5,2.5,0,2,1,163,237
2023-01-24 18:28:53.000,2023-01-24 18:29:18.000,0.04,1,11.88,0,2.38,N,1,1,0.5,1,3,2.5,2.5,0,2,1,230,161
2023-01-24 18:43:54.000,2023-01-24 18:44:09.000,0,1,15.75,0,0,N,3,1,0.5,1,3,7.5,2.5,1.25,2,1,264,70
2023-01-24 18:07:14.000,2023-01-24 18:08:59.000,0.2,1,13.9,0,3,N,1,1,0.5,1,4.4,5,2.5,0,1,1,142,239
2023-01-24 18:28:09.000,2023-01-24 18:29:44.000,0.57,1,10.9,0,0,N,2,1,0.5,1,4.4,2.5,2.5,0,2,1,186,90
2023-01-24 18:22:09.000,2023-01-24 18:23:50.000,0.26,1,13.08,0,2.18,N,1,1,0.5,1,4.4,2.5,2.5,0,2,1,164,234
2023-01-24 18:20:06.000,2023-01-24 18:21:29.000,0.2,1,13.25,0,3.05,N,1,1,0.5,1,3.7,5,2.5,0,1,1,163,142
2023-01-24 18:05:11.000,2023-01-24 18:06:08.000,0.26,1,10.2,0,0,N,2,1,0.5,1,3.7,2.5,2.5,0,2,1,162,170
2023-01-24 18:12:03.000,2023-01-24 18:13:49.000,0.5,1,15.9,0,5,N,1,2,0.5,1,4.4,5,2.5,0,1,1,237,263
2023-01-24 18:45:54.000,2023-01-24 18:46:28.000,0.05,1,90.55,6.55,5,N,1,1,0.5,1,70,5,2.5,0,2,2,148,45
2023-01-24 18:17:34.000,2023-01-24 18:18:42.000,0.36,1,12.24,0,2.04,N,1,1,0.5,1,3.7,2.5,2.5,0,2,1,114,113
2023-01-24 18:52:43.000,2023-01-24 18:52:57.000,0.01,0,114,0,19,N,1,1,0,1,94,0,0,0,2,5,264,197
2023-01-24 18:42:10.000,2023-01-24 18:43:50.000,0,1,10.2,0,0,N,3,1,0.5,1,3.7,5,2.5,0,1,1,234,90
2023-01-24 19:24:08.000,2023-01-24 19:24:22.000,0,0,39.5,0,30,N,1,1,0.5,1,3,2.5,2.5,0,2,1,113,114
2023-01-24 19:59:21.000,2023-01-24 20:00:02.000,0.04,1,9.5,0,0,N,2,4,0.5,1,3,2.5,2.5,0,2,1,88,87
2023-01-24 19:26:40.000,2023-01-24 19:27:58.000,0.31,1,12.24,0,2.04,N,1,1,0.5,1,3.7,2.5,2.5,0,2,1,237,236
2023-01-24 19:14:35.000,2023-01-24 19:15:47.000,0.3,1,7.7,0,0,N,1,3,0.5,1,3.7,2.5,0,0,1,1,238,151
2023-01-24 19:37:31.000,2023-01-24 19:38:37.000,0,1,12.5,0,3,N,1,2,0.5,1,3,5,2.5,0,1,1,239,43
2023-01-24 19:48:04.000,2023-01-24 19:49:33.000,0.2,1,12.25,0,2.05,N,1,1,0.5,1,3.7,5,2.5,0,1,1,262,141
2023-01-24 19:38:12.000,2023-01-24 19:38:30.000,0.01,0,11.4,0,1.9,N,1,1,0.5,1,3,2.5,2.5,0,2,1,163,161
2023-01-24 19:02:49.000,2023-01-24 19:03:09.000,0.06,1,7,0,0,N,2,1,0.5,1,3,2.5,0,0,2,1,152,43
2023-01-24 19:32:18.000,2023-01-24 19:33:59.000,0.29,1,10.9,0,0,N,2,1,0.5,1,4.4,2.5,2.5,0,2,1,230,100
2023-01-24 19:05:48.000,2023-01-24 19:06:16.000,0,1,73.2,0,12.2,N,1,2,0,1,60,0,0,0,1,5,48,230
2023-01-24 19:59:30.000,2023-01-24 20:00:44.000,0.3,1,10.85,0,2.15,N,1,1,0.5,1,3.7,3.5,2.5,0,1,1,237,236
2023-01-24 19:42:56.000,2023-01-24 19:43:54.000,0.39,1,12.24,0,2.04,N,1,1,0.5,1,3.7,2.5,2.5,0,2,1,238,239
2023-01-24 19:37:21.000,2023-01-24 19:37:32.000,0.02,0,9.5,0,0,N,2,1,0.5,1,3,2.5,2.5,0,2,1,211,125
2023-01-24 19:03:07.000,2023-01-24 19:03:25.000,0,0,9.5,0,0,N,2,1,0.5,1,3,2.5,2.5,0,2,1,143,142
2023-01-24 20:42:55.000,2023-01-24 20:43:04.000,0,1,5.51,0,0.01,N,3,1,0.5,1,3,1,0,0,2,1,193,7
2023-01-24 20:12:15.000,2023-01-24 20:13:51.000,0.44,1,10.4,0,1,N,1,1,0.5,1,4.4,1,2.5,0,2,1,237,236
2023-01-24 20:16:30.000,2023-01-24 20:17:00.000,0.03,1,8,0,0,N,2,4,0.5,1,3,1,2.5,0,2,1,230,163
2023-01-24 20:29:25.000,2023-01-24 20:29:52.000,27.96,0,124.26,8.21,11.3,N,1,1,0.5,1,101,1,0,1.25,2,1,132,265
2023-01-24 20:20:05.000,2023-01-24 20:21:24.000,0.47,1,11.28,0,1.88,N,1,1,0.5,1,4.4,1,2.5,0,2,1,237,236
2023-01-24 20:10:07.000,2023-01-24 20:11:58.000,0.21,1,8.7,0,0,N,4,1,0.5,1,3.7,1,2.5,0,2,1,236,237
2023-01-24 20:13:00.000,2023-01-24 20:14:08.000,0.1,1,10.44,0,1.74,N,1,3,0.5,1,3.7,1,2.5,0,2,1,186,68
2023-01-24 20:20:00.000,2023-01-24 20:21:41.000,0.5,1,11.25,0,1.85,N,1,1,0.5,1,4.4,3.5,2.5,0,1,1,229,233
2023-01-24 20:04:02.000,2023-01-24 20:05:59.000,0.31,1,10.9,0,0,N,2,1,0.5,1,4.4,2.5,2.5,0,2,1,263,236
2023-01-24 20:19:42.000,2023-01-24 20:20:41.000,0.26,1,10.44,0,1.74,N,1,1,0.5,1,3.7,1,2.5,0,2,1,234,164
2023-01-24 20:48:17.000,2023-01-24 20:49:45.000,0.62,1,10.1,0,0,N,2,1,0.5,1,5.1,1,2.5,0,2,1,239,238
2023-01-24 20:16:05.000,2023-01-24 20:17:52.000,0.48,1,11.4,0,2,N,1,1,0.5,1,4.4,1,2.5,0,2,1,141,229
2023-01-24 20:43:28.000,2023-01-24 20:43:50.000,0.12,0,8,0,0,N,4,1,0.5,1,3,1,2.5,0,2,1,88,209
2023-01-24 20:05:09.000,2023-01-24 20:05:25.000,0.02,0,8,0,0,N,2,1,0.5,1,3,1,2.5,0,2,1,142,48
2023-01-24 20:23:32.000,2023-01-24 20:24:52.000,0.46,1,10.4,0,1,N,1,1,0.5,1,4.4,1,2.5,0,2,1,246,48
2023-01-24 20:10:01.000,2023-01-24 20:11:35.000,0.5,1,11.28,0,1.88,N,1,1,0.5,1,4.4,1,2.5,0,2,1,237,236
2023-01-24 21:13:29.000,2023-01-24 21:14:39.000,0.3,1,10.85,0,2.15,N,1,2,0.5,1,3.7,3.5,2.5,0,1,1,162,161
2023-01-24 21:02:17.000,2023-01-24 21:03:37.000,0.4,1,11.25,0,1.85,N,1,1,0.5,1,4.4,3.5,2.5,0,1,1,142,239
2023-01-24 21:16:00.000,2023-01-24 21:16:37.000,0.05,0,8,0,0,N,2,1,0.5,1,3,1,2.5,0,2,1,158,249
2023-01-24 21:25:08.000,2023-01-24 21:26:59.000,0.64,1,11.62,0,1.52,N,1,1,0.5,1,5.1,1,2.5,0,2,1,239,238
2023-01-24 21:35:48.000,2023-01-24 21:36:40.000,0.29,1,10.44,0,1.74,N,1,1,0.5,1,3.7,1,2.5,0,2,1,162,170
2023-01-24 21:50:42.000,2023-01-24 21:51:56.000,0.45,1,11.28,0,1.88,N,1,1,0.5,1,4.4,1,2.5,0,2,1,239,142
2023-01-24 21:30:07.000,2023-01-24 21:30:20.000,0.04,0,74,0,0,N,4,2,0.5,1,70,0,2.5,0,2,2,48,230
2023-01-24 21:52:04.000,2023-01-24 21:53:50.000,0.54,1,11.75,0,2.35,N,1,1,0.5,1,4.4,1,2.5,0,2,1,237,236
2023-01-24 21:54:28.000,2023-01-24 21:55:55.000,0.55,1,11.4,0,2,N,1,2,0.5,1,4.4,1,2.5,0,2,1,50,246
2023-01-24 21:57:16.000,2023-01-24 21:58:37.000,0.72,1,12.12,0,2.02,N,1,1,0.5,1,5.1,1,2.5,0,2,1,229,141
2023-01-24 21:52:01.000,2023-01-24 21:53:39.000,0.48,1,9.4,0,0,N,2,1,0.5,1,4.4,1,2.5,0,2,1,50,48
2023-01-24 21:31:30.000,2023-01-24 21:32:34.000,0.46,1,12.22,0,2.82,N,1,1,0.5,1,4.4,1,2.5,0,2,1,233,229
2023-01-24 21:36:18.000,2023-01-24 21:37:34.000,0.21,1,8.7,0,0,N,2,1,0.5,1,3.7,1,2.5,0,2,1,142,48
2023-01-24 21:59:48.000,2023-01-24 22:00:08.000,0.02,1,10.5,0,0,N,2,1,0.5,1,3,6,0,0,2,1,70,138
2023-01-24 21:48:05.000,2023-01-24 21:49:47.000,0.55,1,11.28,0,1.88,N,1,1,0.5,1,4.4,1,2.5,0,2,1,239,238
2023-01-24 21:06:39.000,2023-01-24 21:06:56.000,0,0,23.5,0,2,N,1,1,0,1,18,0,2.5,0,2,5,100,264
2023-01-24 21:06:00.000,2023-01-24 21:06:20.000,0.12,0,8,0,0,N,3,1,0.5,1,3,1,2.5,0,2,1,229,233
2023-01-24 21:18:02.000,2023-01-24 21:19:36.000,0.3,1,10.44,0,1.74,N,1,1,0.5,1,3.7,1,2.5,0,2,1,143,239
2023-01-24 21:13:34.000,2023-01-24 21:13:38.000,0,0,74,0,0,N,4,2,0.5,1,70,0,2.5,0,2,2,170,164
2023-01-24 22:07:13.000,2023-01-24 22:08:47.000,0.6,1,10.1,0,0,N,1,0,0.5,1,5.1,3.5,2.5,0,1,1,79,107
2023-01-24 22:43:43.000,2023-01-24 22:44:35.000,0.05,1,71.5,0,0,N,2,1,0.5,1,70,0,0,0,2,2,166,24
2023-01-24 22:07:21.000,2023-01-24 22:08:12.000,0.14,1,8,0,0,N,1,1,0.5,1,3,1,2.5,0,2,1,233,229
2023-01-24 22:43:50.000,2023-01-24 22:44:58.000,0.4,1,6.9,0,0,N,2,2,0.5,1,4.4,1,0,0,1,1,74,75
2023-01-24 22:52:26.000,2023-01-24 22:53:41.000,0.27,1,7.44,0,1.24,N,1,1,0.5,1,3.7,1,0,0,2,1,75,236
2023-01-24 22:52:40.000,2023-01-24 22:52:45.000,0.01,0,88.8,0,14.8,N,1,1,0.5,1,70,0,2.5,0,2,2,144,148
2023-01-24 22:09:02.000,2023-01-24 22:10:52.000,0.5,1,9.4,0,0,N,2,1,0.5,1,4.4,3.5,2.5,0,1,1,237,162
2023-01-24 22:05:55.000,2023-01-24 22:06:37.000,0.11,1,9.6,0,1.6,N,1,1,0.5,1,3,1,2.5,0,2,1,238,239
2023-01-24 22:58:33.000,2023-01-24 22:59:24.000,0.1,1,8,0,0,N,3,1,0.5,1,3,3.5,2.5,0,1,1,107,79
2023-01-24 22:33:47.000,2023-01-24 22:34:54.000,0.49,1,9.4,0,0,N,1,2,0.5,1,4.4,1,2.5,0,2,1,140,141
2023-01-24 22:46:23.000,2023-01-24 22:47:28.000,0.36,1,10.44,0,1.74,N,1,1,0.5,1,3.7,1,2.5,0,2,1,90,186
2023-01-24 22:25:51.000,2023-01-24 22:26:19.000,0.05,1,10.4,0,2.4,N,1,2,0.5,1,3,1,2.5,0,2,1,68,158
2023-01-24 22:21:18.000,2023-01-24 22:22:57.000,0.32,1,10.4,0,1,N,1,1,0.5,1,4.4,1,2.5,0,2,1,68,186
2023-01-24 22:32:46.000,2023-01-24 22:32:48.000,0,0,73.2,0,12.2,N,1,1,0,1,60,0,0,0,2,5,80,264
2023-01-24 22:57:31.000,2023-01-24 22:58:38.000,0.21,1,8.7,0,0,N,4,1,0.5,1,3.7,1,2.5,0,2,1,79,107
2023-01-24 22:23:10.000,2023-01-24 22:24:10.000,0.32,1,10,0,1.3,N,1,1,0.5,1,3.7,1,2.5,0,2,1,114,249
2023-01-24 23:39:27.000,2023-01-24 23:39:35.000,0,0,13.51,0,0.01,N,1,2,0,1,10,0,2.5,0,2,5,163,230
2023-01-24 23:11:39.000,2023-01-24 23:12:26.000,0.2,1,8.7,0,0,N,1,3,0.5,1,3.7,3.5,2.5,0,1,1,48,50
2023-01-24 23:21:16.000,2023-01-24 23:22:29.000,0.43,1,11.28,0,1.88,N,1,3,0.5,1,4.4,1,2.5,0,2,1,48,68
2023-01-24 23:34:26.000,2023-01-24 23:35:34.000,0.24,1,8.7,0,0,N,4,1,0.5,1,3.7,1,2.5,0,2,1,48,50
2023-01-24 22:59:24.000,2023-01-24 22:59:27.000,0,0,6.88,0,1.38,N,1,1,0.5,1,3,1,0,0,2,1,239,264
2023-01-24 23:18:59.000,2023-01-24 23:19:01.000,0,1,64.73,0,5,N,1,3,0.5,1,58.23,0,0,0,2,5,123,264
2023-01-24 23:40:36.000,2023-01-24 23:41:30.000,0.31,1,8.7,0,0,N,2,2,0.5,1,3.7,1,2.5,0,2,1,236,263
2023-01-24 23:29:33.000,2023-01-24 23:30:54.000,0.3,1,10.44,0,1.74,N,1,1,0.5,1,3.7,1,2.5,0,2,1,90,234
2023-01-25 00:55:49.000,2023-01-25 00:56:03.000,0,1,8,0,0,N,4,1,0.5,1,3,1,2.5,0,2,1,163,48
2023-01-25 00:37:07.000,2023-01-25 00:38:43.000,0.5,1,11.28,0,1.88,N,1,1,0.5,1,4.4,1,2.5,0,2,1,162,229
2023-01-25 00:18:10.000,2023-01-25 00:19:09.000,0.44,1,11.28,0,1.88,N,1,2,0.5,1,4.4,1,2.5,0,2,1,234,164
2023-01-25 00:33:24.000,2023-01-25 00:34:58.000,0.5,1,9.4,0,0,N,1,1,0.5,1,4.4,3.5,2.5,0,1,1,263,141
2023-01-25 00:46:19.000,2023-01-25 00:46:22.000,0,0,49.8,0,8.3,N,1,1,0.5,1,40,0,0,0,2,5,265,264
2023-01-25 00:56:53.000,2023-01-25 00:57:50.000,0.21,1,10.44,0,1.74,N,1,1,0.5,1,3.7,1,2.5,0,2,1,107,79
2023-01-25 00:05:23.000,2023-01-25 00:06:39.000,0.7,1,10.1,0,0,N,1,1,0.5,1,5.1,3.5,2.5,0,1,1,141,229
2023-01-25 00:33:52.000,2023-01-25 00:34:42.000,0.2,1,12.7,0,4,N,1,1,0.5,1,3.7,1,2.5,0,2,1,48,230
2023-01-25 01:02:03.000,2023-01-25 01:03:55.000,0.59,1,10.1,0,0,N,4,1,0.5,1,5.1,1,2.5,0,2,1,114,113
2023-01-09 08:27:36.000,2023-01-09 08:28:58.000,0.13,1,9.1,0,2.1,N,1,1,0.5,1,3,0,2.5,0,2,1,237,236
2023-01-09 08:17:00.000,2023-01-09 08:18:41.000,0.45,1,10.08,0,1.68,N,1,1,0.5,1,4.4,0,2.5,0,2,1,162,170
2023-01-09 08:26:26.000,2023-01-09 08:27:49.000,0.29,1,7.7,0,0,N,2,1,0.5,1,3.7,0,2.5,0,2,1,48,142
2023-01-09 08:48:02.000,2023-01-09 08:49:16.000,0.32,1,9.24,0,1.54,N,1,2,0.5,1,3.7,0,2.5,0,2,1,164,234
2023-01-09 08:25:22.000,2023-01-09 08:26:28.000,0.3,1,7.7,0,0,N,2,1,0.5,1,3.7,2.5,2.5,0,1,1,186,90
2023-01-09 08:32:36.000,2023-01-09 08:33:22.000,0.2,1,7.7,0,0,N,2,1,0.5,1,3.7,0,2.5,0,2,1,264,161
2023-01-09 08:06:05.000,2023-01-09 08:07:26.000,0,1,18,0,2,N,1,1,0,1,15,0,0,0,1,5,143,50
2023-01-09 08:20:55.000,2023-01-09 08:20:58.000,0.11,0,100.2,0,16.7,N,1,1,0.5,1,82,0,0,0,2,5,132,264
2023-01-09 08:58:45.000,2023-01-09 08:58:48.000,0,0,57.65,0,3,N,1,3,0,1,53.65,0,0,0,2,5,95,264
2023-01-09 09:05:13.000,2023-01-09 09:06:55.000,0.2,1,8.7,0,1,N,1,1,0.5,1,3.7,2.5,2.5,0,1,1,79,107
2023-01-09 09:05:08.000,2023-01-09 09:06:44.000,0.3,1,9.24,0,1.54,N,1,1,0.5,1,3.7,0,2.5,0,2,1,43,163
2023-01-09 09:03:00.000,2023-01-09 09:04:50.000,0.42,1,9.24,0,0.84,N,1,1,0.5,1,4.4,0,2.5,0,2,1,161,164
2023-01-09 09:50:00.000,2023-01-09 09:51:21.000,0.32,1,6.24,0,1.04,N,1,1,0.5,1,3.7,0,0,0,2,1,238,151
2023-01-09 09:03:46.000,2023-01-09 09:04:55.000,0.27,1,7.7,0,0,N,1,1,0.5,1,3.7,0,2.5,0,2,1,113,114
2023-01-09 09:53:06.000,2023-01-09 09:54:50.000,0.25,1,7.7,0,0,N,4,3,0.5,1,3.7,0,2.5,0,2,1,230,48
2023-01-09 09:18:27.000,2023-01-09 09:18:48.000,0.05,0,7,0,0,N,2,6,0.5,1,3,0,2.5,0,2,1,263,236
2023-01-09 09:24:10.000,2023-01-09 09:24:19.000,0,0,7,0,0,N,2,1,0.5,1,3,0,2.5,0,2,1,164,100
2023-01-09 09:42:07.000,2023-01-09 09:42:57.000,0.2,0,9.2,0,1.5,N,1,2,0.5,1,3.7,2.5,2.5,0,1,1,236,263
2023-01-09 09:39:24.000,2023-01-09 09:40:39.000,0.35,1,9.24,0,1.54,N,1,1,0.5,1,3.7,0,2.5,0,2,1,186,90
2023-01-09 09:04:02.000,2023-01-09 09:04:31.000,0.12,0,7,0,0,N,2,1,0.5,1,3,0,2.5,0,2,1,137,170
2023-01-09 09:38:25.000,2023-01-09 09:39:08.000,0.03,1,7,0,0,N,2,1,0.5,1,3,0,2.5,0,2,1,142,43
2023-01-09 10:17:20.000,2023-01-09 10:18:31.000,0.02,1,7,0,0,N,2,1,0.5,1,3,0,2.5,0,2,1,100,68
2023-01-09 10:03:10.000,2023-01-09 10:04:17.000,0,1,7,0,0,N,4,1,0.5,1,3,2.5,2.5,0,1,1,48,230
2023-01-09 10:34:13.000,2023-01-09 10:35:13.000,0.3,1,9.2,0,1.5,N,1,1,0.5,1,3.7,2.5,2.5,0,1,1,68,48
2023-01-09 10:13:02.000,2023-01-09 10:14:53.000,0.4,1,8.4,0,0,N,2,1,0.5,1,4.4,2.5,2.5,0,1,1,263,236
2023-01-09 10:00:11.000,2023-01-09 10:01:10.000,0.17,1,98.16,7.8,16.36,N,1,1,0.5,1,70,0,2.5,0,2,2,170,233
2023-01-09 10:46:07.000,2023-01-09 10:46:13.000,0,0,98.4,0,16.4,N,1,1,0,1,81,0,0,0,2,5,264,65
2023-01-09 10:05:30.000,2023-01-09 10:06:51.000,0.07,1,7.7,0,0,N,2,1,0.5,1,3.7,0,2.5,0,2,1,239,143
2023-01-09 10:20:09.000,2023-01-09 10:20:34.000,0.04,0,4.5,0,0,N,2,1,0.5,1,3,0,0,0,2,1,151,238
2023-01-09 10:46:03.000,2023-01-09 10:46:53.000,0.02,0,7,0,0,N,2,1,0.5,1,3,0,2.5,0,2,1,140,262
2023-01-09 10:02:00.000,2023-01-09 10:03:35.000,0.56,1,8.4,0,0,N,1,1,0.5,1,4.4,0,2.5,0,2,1,238,239
2023-01-09 10:09:26.000,2023-01-09 10:10:22.000,0.05,1,7,0,0,N,4,2,0.5,1,3,0,2.5,0,2,1,162,170
2023-01-09 11:04:22.000,2023-01-09 11:05:43.000,0.27,1,7.7,0,0,N,2,1,0.5,1,3.7,0,2.5,0,2,1,239,238
2023-01-09 11:10:05.000,2023-01-09 11:11:15.000,0.36,1,9.24,0,1.54,N,1,1,0.5,1,3.7,0,2.5,0,2,1,113,114
2023-01-09 11:58:18.000,2023-01-09 11:59:48.000,0.19,1,10.7,0,3,N,1,1,0.5,1,3.7,0,2.5,0,2,1,142,48
2023-01-09 11:03:26.000,2023-01-09 11:03:32.000,0,0,18.48,0,3.08,N,1,1,0,1,11.9,0,2.5,0,2,5,79,148
2023-01-09 11:31:18.000,2023-01-09 11:31:28.000,17.6,0,73.5,0,0,N,4,1,0,1,70,2.5,2.5,0,1,2,162,170
2023-01-09 11:12:50.000,2023-01-09 11:13:29.000,0.08,1,7,0,0,N,2,1,0.5,1,3,0,2.5,0,2,1,162,170
2023-01-09 11:39:24.000,2023-01-09 11:40:31.000,0.06,1,7.7,0,0,N,2,1,0.5,1,3.7,0,2.5,0,2,1,229,162
2023-01-09 11:51:50.000,2023-01-09 11:52:34.000,0,1,74,0,0,N,2,1,0.5,1,70,0,2.5,0,2,2,162,161
2023-01-09 11:50:39.000,2023-01-09 11:50:40.000,0,0,55.2,0,9.2,N,1,1,0,1,45,0,0,0,2,5,37,264
2023-01-09 12:59:29.000,2023-01-09 13:00:49.000,0.3,1,8.4,0,0.7,N,1,2,0.5,1,3.7,2.5,2.5,0,1,1,140,141
2023-01-09 12:59:35.000,2023-01-09 13:00:10.000,0,1,5.4,0,0.9,N,3,1,0.5,1,3,0,0,0,2,1,7,193
2023-01-09 12:41:02.000,2023-01-09 12:42:20.000,0.14,1,7.7,0,0,N,3,1,0.5,1,3.7,0,2.5,0,2,1,141,237
2023-01-09 12:33:06.000,2023-01-09 12:34:57.000,0.3,1,9.4,0,1,N,1,1,0.5,1,4.4,2.5,2.5,0,1,1,43,163
2023-01-09 12:33:02.000,2023-01-09 12:34:32.000,0.27,1,8,0,0.3,N,1,1,0.5,1,3.7,0,2.5,0,2,1,170,164
2023-01-09 12:01:06.000,2023-01-09 12:02:17.000,0.24,1,10.01,0,2.31,N,1,1,0.5,1,3.7,0,2.5,0,2,1,263,141
2023-01-09 12:42:27.000,2023-01-09 12:43:43.000,0.58,1,10.92,0,2.52,N,1,6,0.5,1,4.4,0,2.5,0,2,1,170,107
2023-01-09 12:58:43.000,2023-01-09 12:59:34.000,0.1,1,9.24,0,1.54,Y,1,1,0.5,1,3.7,2.5,2.5,0,1,1,170,161
2023-01-09 12:52:42.000,2023-01-09 12:53:59.000,0.22,1,74,0,0,N,4,1,0.5,1,70,0,2.5,0,2,2,264,238
2023-01-09 12:58:36.000,2023-01-09 12:58:47.000,0,0,16,0,2,N,1,1,0,1,13,0,0,0,2,5,264,239
2023-01-09 12:38:21.000,2023-01-09 12:39:53.000,0.48,1,10.4,0,2,N,1,1,0.5,1,4.4,0,2.5,0,2,1,107,79
2023-01-09 13:15:08.000,2023-01-09 13:16:33.000,0.49,1,7.08,0,1.18,N,1,1,0.5,1,4.4,0,0,0,2,1,238,24
2023-01-09 13:52:54.000,2023-01-09 13:53:48.000,0.31,1,7.7,0,0,N,1,1,0.5,1,3.7,0,2.5,0,2,1,75,263
2023-01-09 13:48:20.000,2023-01-09 13:49:49.000,0.37,1,8.7,0,0.3,N,1,2,0.5,1,4.4,0,2.5,0,2,1,170,107
2023-01-09 13:15:14.000,2023-01-09 13:15:17.000,0,0,108.75,0,21.75,N,1,1,0,1,86,0,0,0,2,5,48,264
2023-01-09 13:03:12.000,2023-01-09 13:04:48.000,0.33,1,9.4,0,1,N,1,1,0.5,1,4.4,0,2.5,0,2,1,239,238
2023-01-09 13:27:12.000,2023-01-09 13:27:15.000,0,0,56.5,0,5,N,1,1,0.5,1,50,0,0,0,2,5,138,264
2023-01-09 13:30:50.000,2023-01-09 13:30:59.000,0,0,16.88,0,3.38,N,1,1,0,1,10,0,2.5,0,2,5,234,68
2023-01-09 14:21:06.000,2023-01-09 14:21:10.000,0,0,16.91,0,2.82,N,1,2,0,1,13.09,0,0,0,2,5,230,264
2023-01-09 14:21:44.000,2023-01-09 14:21:56.000,0.01,0,4.5,0,0,N,3,1,0.5,1,3,0,0,0,2,1,75,263
2023-01-09 14:02:04.000,2023-01-09 14:03:51.000,0.45,1,10.08,0,1.68,N,1,1,0.5,1,4.4,0,2.5,0,2,1,162,141
2023-01-09 14:08:24.000,2023-01-09 14:09:10.000,0.2,1,10.2,0,0,N,3,1,0.5,1,3.7,5,0,0,2,1,264,138
2023-01-09 14:33:02.000,2023-01-09 14:34:07.000,0.32,1,5.2,0,0,N,2,1,0.5,1,3.7,0,0,0,2,1,264,138
2023-01-09 14:02:04.000,2023-01-09 14:02:37.000,0.03,0,100.69,6.55,20.14,N,1,1,0.5,1,70,0,2.5,0,2,2,233,170
2023-01-09 14:46:50.000,2023-01-09 14:47:12.000,0,1,7,0,0,N,2,1,0.5,1,3,0,2.5,0,2,1,264,141
2023-01-09 14:36:03.000,2023-01-09 14:37:33.000,0.26,1,8.4,0,0,N,2,1,0.5,1,4.4,0,2.5,0,2,1,264,236
2023-01-09 14:58:01.000,2023-01-09 14:59:25.000,0.38,1,8.4,0,0,N,2,1,0.5,1,4.4,0,2.5,0,2,1,141,237
2023-01-09 15:47:19.000,2023-01-09 15:48:43.000,0.37,1,9.4,0,1,N,1,2,0.5,1,4.4,0,2.5,0,2,1,141,263
2023-01-09 15:08:03.000,2023-01-09 15:08:44.000,0.13,0,80.55,6.55,0,N,2,1,0.5,1,70,0,2.5,0,2,2,43,163
2023-01-09 15:06:22.000,2023-01-09 15:07:01.000,0.06,1,4.5,0,0,N,2,1,0.5,1,3,0,0,0,2,1,238,151
2023-01-09 15:53:34.000,2023-01-09 15:54:47.000,0.31,1,9.62,0,1.92,N,1,1,0.5,1,3.7,0,2.5,0,2,1,107,79
2023-01-09 15:05:26.000,2023-01-09 15:06:56.000,0.2,1,9.6,0,1.9,N,1,1,0.5,1,3.7,2.5,2.5,0,1,1,79,107
2023-01-09 15:45:12.000,2023-01-09 15:46:43.000,0.3,1,9.4,0,1,N,1,1,0.5,1,4.4,2.5,2.5,0,1,1,238,43
2023-01-09 15:35:10.000,2023-01-09 15:36:44.000,0.2,1,7.7,0,0,N,2,2,0.5,1,3.7,2.5,2.5,0,1,1,263,236
2023-01-09 15:17:14.000,2023-01-09 15:17:35.000,0.03,0,74,0,0,N,2,1,0.5,1,70,0,2.5,0,2,2,170,162
2023-01-09 15:31:01.000,2023-01-09 15:32:44.000,0.2,1,9.2,0,1.5,N,1,1,0.5,1,3.7,2.5,2.5,0,1,1,79,113
2023-01-09 15:55:03.000,2023-01-09 15:55:33.000,0.19,0,7,0,0,N,4,1,0.5,1,3,0,2.5,0,2,1,233,229
2023-01-09 15:36:15.000,2023-01-09 15:37:18.000,0.15,1,15,0,0,N,2,1,0.5,1,11,0,2.5,0,2,5,107,234
2023-01-09 15:34:54.000,2023-01-09 15:35:01.000,0,1,18.5,0,0,N,1,1,0,1,15,0,2.5,0,2,5,142,143
2023-01-09 16:34:52.000,2023-01-09 16:35:02.000,0.02,1,9.5,0,0,N,2,1,0.5,1,3,2.5,2.5,0,2,1,43,142
2023-01-09 16:33:04.000,2023-01-09 16:34:57.000,0.58,1,13.92,0,2.32,N,1,1,0.5,1,5.1,2.5,2.5,0,2,1,237,236
2023-01-09 16:02:16.000,2023-01-09 16:02:57.000,0,0,86.8,6.55,0,N,2,2,0.5,1,70,5,2.5,1.25,2,2,264,132
2023-01-09 16:36:43.000,2023-01-09 16:36:48.000,0.02,0,12.35,0,2.85,N,1,3,0.5,1,3,2.5,2.5,0,2,1,141,236
2023-01-09 16:57:04.000,2023-01-09 16:58:29.000,0.39,1,13.08,0,2.18,N,1,2,0.5,1,4.4,2.5,2.5,0,2,1,170,233
2023-01-09 16:35:32.000,2023-01-09 16:36:55.000,2.1,1,10.2,0,0,N,3,1,0.5,1,3.7,5,2.5,0,1,1,140,141
2023-01-09 16:03:36.000,2023-01-09 16:04:56.000,0.41,1,9.66,0,1.26,N,1,1,0.5,1,4.4,0,2.5,0,2,1,141,229
2023-01-09 16:00:19.000,2023-01-09 16:01:38.000,0.2,1,7.7,0,0,N,2,1,0.5,1,3.7,0,2.5,0,2,1,163,237
2023-01-09 16:24:17.000,2023-01-09 16:25:51.000,0.21,1,12.24,0,2.04,N,1,1,0.5,1,3.7,2.5,2.5,0,2,1,125,249
2023-01-09 16:08:15.000,2023-01-09 16:09:42.000,0.4,1,11.9,0,1,N,1,1,0.5,1,4.4,5,2.5,0,1,1,141,237
2023-01-09 16:25:33.000,2023-01-09 16:26:52.000,0.36,1,43.34,0,8.67,N,1,1,0.5,1,30.67,0,2.5,0,2,5,239,238
2023-01-09 16:30:33.000,2023-01-09 16:30:47.000,0,0,7,0,0,N,1,1,0.5,1,3,2.5,0,0,2,1,193,7
2023-01-09 16:32:42.000,2023-01-09 16:32:50.000,0,0,15.5,0,0,N,4,1,0,1,12,0,2.5,0,2,5,236,263
2023-01-09 16:03:43.000,2023-01-09 16:04:32.000,0.2,1,10.2,0,0,N,3,1,0.5,1,3.7,5,2.5,0,1,1,234,186
2023-01-09 16:32:13.000,2023-01-09 16:33:42.000,0.33,1,9.9,0,1.5,N,1,2,0.5,1,4.4,2.5,0,0,2,1,151,24
2023-01-09 16:18:07.000,2023-01-09 16:18:10.000,0,0,91.5,0,0,N,1,1,0.5,1,90,0,0,0,2,5,1,264
2023-01-09 16:33:41.000,2023-01-09 16:34:24.000,0.06,1,7,0,0,N,4,1,0.5,1,3,2.5,0,0,2,1,264,70
2023-01-09 16:14:21.000,2023-01-09 16:14:56.000,0,0,88.5,0,5,N,1,1,0,1,80,0,2.5,0,2,5,162,161
2023-01-09 17:38:35.000,2023-01-09 17:38:44.000,0,0,76.5,0,0,N,2,3,0.5,1,70,5,0,0,2,2,113,79
2023-01-09 17:41:07.000,2023-01-09 17:41:13.000,0,0,71.75,0,5,N,1,2,0,1,57,5,2.5,1.25,2,5,264,138
2023-01-09 17:04:56.000,2023-01-09 17:05:55.000,0.13,1,85.55,6.55,0,N,1,1,0.5,1,70,5,2.5,0,2,2,13,261
2023-01-31 21:04:23.000,2023-01-31 21:05:49.000,0.59,1,10.6,0,1.2,N,1,1,0.5,1,4.4,1,2.5,0,2,1,238,239
2023-01-31 21:14:02.000,2023-01-31 21:15:47.000,0.6,1,12.6,0,2.5,N,1,2,0.5,1,5.1,3.5,2.5,0,1,1,164,234
2023-01-31 21:36:29.000,2023-01-31 21:37:41.000,0.17,1,10.44,0,1.74,N,1,1,0.5,1,3.7,1,2.5,0,2,1,141,236
2023-01-31 21:09:25.000,2023-01-31 21:09:28.000,0,0,80.3,0,0,N,2,1,0,1,79.3,0,0,0,2,5,41,264
2023-01-31 20:59:25.000,2023-01-31 20:59:34.000,0,0,25,0,2,N,1,1,0,1,22,0,0,0,2,5,113,264
2023-01-31 21:10:10.000,2023-01-31 21:11:30.000,0.4,1,11.25,0,1.85,N,1,1,0.5,1,4.4,3.5,2.5,0,1,1,262,140
2023-01-31 21:08:04.000,2023-01-31 21:09:18.000,0.41,1,11.28,0,1.88,N,1,1,0.5,1,4.4,1,2.5,0,2,1,234,113
2023-01-31 21:05:09.000,2023-01-31 21:06:10.000,0.4,1,10.34,0,0.94,N,1,1,0.5,1,4.4,3.5,2.5,0,1,1,239,238
2023-01-31 21:06:52.000,2023-01-31 21:07:28.000,0,1,8,0,0,N,2,1,0.5,1,3,1,2.5,0,2,1,238,239
2023-01-31 21:44:03.000,2023-01-31 21:45:34.000,0.36,1,11.28,0,1.88,N,1,1,0.5,1,4.4,1,2.5,0,2,1,249,68
2023-01-31 21:39:34.000,2023-01-31 21:40:49.000,0.29,1,9.7,0,1,N,1,1,0.5,1,3.7,1,2.5,0,2,1,164,170
2023-01-31 21:50:09.000,2023-01-31 21:51:42.000,0.47,1,9.4,0,0,N,2,1,0.5,1,4.4,1,2.5,0,2,1,263,141
2023-01-31 21:18:40.000,2023-01-31 21:19:37.000,0.19,1,8.7,0,0,N,2,1,0.5,1,3.7,1,2.5,0,2,1,237,162
2023-01-31 21:17:34.000,2023-01-31 21:18:07.000,0.05,1,8,0,0,N,2,1,0.5,1,3,1,2.5,0,2,1,79,114
2023-01-31 21:45:01.000,2023-01-31 21:45:04.000,0,0,25,0,0,N,4,1,0,1,23,1,0,0,2,3,164,170
2023-01-31 22:40:06.000,2023-01-31 22:41:52.000,0.69,1,10.1,0,0,N,2,1,0.5,1,5.1,1,2.5,0,2,1,163,237
2023-01-31 22:25:42.000,2023-01-31 22:25:45.000,0,0,99.6,0,16.6,N,1,1,0,1,82,0,0,0,2,5,161,264
2023-01-31 22:26:46.000,2023-01-31 22:26:47.000,0,0,64.38,0,12.88,N,1,1,0.5,1,50,0,0,0,2,5,265,264
2023-01-31 22:19:28.000,2023-01-31 22:20:56.000,0.38,1,9.4,0,0,N,2,1,0.5,1,4.4,1,2.5,0,2,1,234,170
2023-01-31 22:53:39.000,2023-01-31 22:53:52.000,0,0,73.2,0,12.2,N,1,1,0,1,60,0,0,0,2,5,265,264
2023-01-31 22:28:15.000,2023-01-31 22:29:30.000,0.58,1,11.28,0,1.88,N,1,6,0.5,1,4.4,1,2.5,0,2,1,238,151
2023-01-31 22:52:01.000,2023-01-31 22:52:04.000,0,0,20,0,0,N,2,1,0,1,19,0,0,0,2,5,219,264
2023-01-31 22:16:21.000,2023-01-31 22:17:52.000,0.39,1,9.9,0,0.5,N,1,1,0.5,1,4.4,1,2.5,0,2,1,164,234
2023-01-31 22:45:02.000,2023-01-31 22:46:19.000,0.3,1,10.01,0,1.31,N,1,1,0.5,1,3.7,3.5,2.5,0,1,1,237,236
2023-01-31 22:35:16.000,2023-01-31 22:36:58.000,0.4,1,11.28,0,1.88,N,1,0,0.5,1,4.4,3.5,2.5,0,1,1,163,142
2023-01-31 22:47:07.000,2023-01-31 22:48:43.000,0.3,1,10.4,0,1.7,N,1,1,0.5,1,3.7,3.5,2.5,0,1,1,107,79
2023-01-31 22:09:00.000,2023-01-31 22:10:25.000,0.38,1,9.4,0,0,N,4,1,0.5,1,4.4,1,2.5,0,2,1,236,263
2023-01-31 22:25:04.000,2023-01-31 22:26:30.000,0.33,1,11.28,0,1.88,N,1,1,0.5,1,4.4,1,2.5,0,2,1,107,79
2023-01-31 22:16:12.000,2023-01-31 22:17:57.000,0.54,1,9.4,0,0,N,2,5,0.5,1,4.4,1,2.5,0,2,1,230,100
2023-01-31 23:54:01.000,2023-01-31 23:54:40.000,0.16,0,16,0,8,N,1,1,0.5,1,3,1,2.5,0,2,1,239,142
2023-01-31 23:14:23.000,2023-01-31 23:15:34.000,0.3,1,10.4,0,1.7,N,1,1,0.5,1,3.7,3.5,2.5,0,1,1,48,50
2023-01-31 23:31:13.000,2023-01-31 23:32:09.000,0.35,1,8.7,0,0,N,3,1,0.5,1,3.7,1,2.5,0,2,1,229,233
2023-01-31 23:53:19.000,2023-01-31 23:54:42.000,0.4,1,11.25,0,1.85,N,1,0,0.5,1,4.4,3.5,2.5,0,1,1,141,264
2023-01-31 23:22:20.000,2023-01-31 23:23:30.000,0.45,1,11.28,0,1.88,N,1,1,0.5,1,4.4,1,2.5,0,2,1,48,68
2023-01-31 23:06:45.000,2023-01-31 23:07:52.000,0.33,1,10.87,0,2.17,N,1,1,0.5,1,3.7,1,2.5,0,2,1,263,236
2023-01-31 23:49:49.000,2023-01-31 23:50:47.000,0.31,1,9.7,0,1,N,1,1,0.5,1,3.7,1,2.5,0,2,1,137,107
2023-01-31 23:31:22.000,2023-01-31 23:32:34.000,0.2,1,10.4,0,1.7,N,1,1,0.5,1,3.7,3.5,2.5,0,1,1,263,236
2023-01-31 23:20:04.000,2023-01-31 23:21:22.000,0.3,1,8.7,0,0,N,3,1,0.5,1,3.7,3.5,2.5,0,1,1,163,230
2023-01-31 23:05:58.000,2023-01-31 23:06:41.000,0.01,1,8,0,0,N,4,1,0.5,1,3,1,2.5,0,2,1,114,249
2023-01-31 23:36:20.000,2023-01-31 23:36:37.000,0.07,0,97.91,6.55,16.11,N,1,2,0.5,1,70,0,2.5,1.25,2,2,161,230
2023-01-17 14:18:11.000,2023-01-17 14:18:18.000,0,0,24.38,0,4.88,N,1,1,0,1,16,0,2.5,0,2,5,90,186
2023-01-17 14:20:17.000,2023-01-17 14:21:50.000,0.36,1,7.7,0,0,N,2,1,0.5,1,3.7,0,2.5,0,2,1,113,234
2023-01-17 14:25:48.000,2023-01-17 14:26:44.000,0.12,1,7,0,0,N,4,1,0.5,1,3,0,2.5,0,2,1,236,237
2023-01-17 14:19:03.000,2023-01-17 14:20:29.000,0.27,1,9.24,0,1.54,N,1,1,0.5,1,3.7,0,2.5,0,2,1,140,263
2023-01-17 14:46:09.000,2023-01-17 14:47:48.000,0.31,1,8.4,0,0,N,2,1,0.5,1,4.4,0,2.5,0,2,1,229,141
2023-01-17 14:40:07.000,2023-01-17 14:40:10.000,0.03,0,106.2,0,17.7,N,1,3,0.5,1,87,0,0,0,2,5,230,264
2023-01-17 14:39:11.000,2023-01-17 14:39:15.000,0.03,0,103.8,0,17.3,N,1,1,0.5,1,85,0,0,0,2,5,229,264
2023-01-17 14:28:55.000,2023-01-17 14:29:08.000,0.05,1,101.4,0,16.9,N,1,1,0,1,81,0,2.5,0,2,5,233,162
2023-01-17 14:48:07.000,2023-01-17 14:49:48.000,0.6,1,11.1,0,2,N,1,1,0.5,1,5.1,2.5,2.5,0,1,1,234,100
2023-01-17 15:18:51.000,2023-01-17 15:18:56.000,0,0,72.75,0,0,N,4,2,0.5,1,70,0,0,1.25,2,2,70,138
2023-01-17 15:26:06.000,2023-01-17 15:27:23.000,0.5,1,10.6,0,2.2,N,1,1,0.5,1,4.4,2.5,2.5,0,1,1,125,249
2023-01-17 15:56:09.000,2023-01-17 15:56:19.000,0,0,27,0,20,N,1,1,0.5,1,3,0,2.5,0,2,1,45,148
2023-01-17 15:55:04.000,2023-01-17 15:56:29.000,0.3,1,10.05,0,1.65,N,1,2,0.5,1,4.4,2.5,2.5,0,1,1,141,237
2023-01-17 15:51:30.000,2023-01-17 15:52:25.000,0.29,1,9.24,0,1.54,N,1,1,0.5,1,3.7,0,2.5,0,2,1,164,100
2023-01-17 15:07:56.000,2023-01-17 15:08:09.000,0.04,1,102.25,0,20.45,N,1,2,0,1,78.3,0,2.5,0,2,5,158,125
2023-01-17 15:26:10.000,2023-01-17 15:27:07.000,0.1,1,7,0,0,N,2,1,0.5,1,3,2.5,2.5,0,1,1,262,140
2023-01-17 15:40:04.000,2023-01-17 15:41:54.000,0.33,1,10.5,0,2.1,N,1,1,0.5,1,4.4,0,2.5,0,2,1,234,113
2023-01-17 15:19:04.000,2023-01-17 15:19:24.000,0.04,0,7,0,0,N,4,1,0.5,1,3,0,2.5,0,2,1,142,43
2023-01-17 15:36:33.000,2023-01-17 15:37:57.000,0.23,1,9.24,0,1.54,N,1,1,0.5,1,3.7,0,2.5,0,2,1,79,113
2023-01-17 15:30:22.000,2023-01-17 15:31:48.000,0.27,1,9.24,0,1.54,N,1,1,0.5,1,3.7,0,2.5,0,2,1,238,239
2023-01-17 15:47:41.000,2023-01-17 15:48:25.000,0.43,1,171,0,0,N,1,4,0,1,170,0,0,0,2,5,219,10
2023-01-17 15:39:13.000,2023-01-17 15:40:49.000,0.32,1,10.08,0,1.68,N,1,2,0.5,1,4.4,0,2.5,0,2,1,137,170
2023-01-17 15:28:09.000,2023-01-17 15:29:26.000,0.26,1,7.7,0,0,N,2,1,0.5,1,3.7,0,2.5,0,2,1,113,114
2023-01-17 15:06:04.000,2023-01-17 15:06:12.000,0.01,0,102.36,6.55,17.06,N,1,1,0,1,77.75,0,0,0,2,5,170,164
2023-01-17 15:47:08.000,2023-01-17 15:47:11.000,0,0,126.6,0,21.1,N,1,1,0.5,1,104,0,0,0,2,5,1,264
2023-01-17 15:43:44.000,2023-01-17 15:43:48.000,0,0,9,0,1.5,N,1,1,0,1,6.5,0,0,0,2,5,164,170
2023-01-17 15:06:51.000,2023-01-17 15:07:23.000,0,1,101.5,0,15,N,1,1,0.5,1,85,0,0,0,2,5,141,264
2023-01-17 15:51:53.000,2023-01-17 15:52:45.000,0.01,1,7,0,0,N,2,1,0.5,1,3,0,2.5,0,2,1,100,48
2023-01-17 16:51:35.000,2023-01-17 16:52:16.000,0.11,1,11.4,0,1.9,N,1,1,0.5,1,3,2.5,2.5,0,2,1,261,231
2023-01-25 01:55:02.000,2023-01-25 01:56:53.000,0.28,1,10.34,0,0.94,N,1,1,0.5,1,4.4,1,2.5,0,2,1,236,263
2023-01-25 01:16:06.000,2023-01-25 01:17:52.000,0.62,1,12.12,0,2.02,N,1,2,0.5,1,5.1,1,2.5,0,2,1,141,140
2023-01-25 02:10:26.000,2023-01-25 02:10:33.000,0.06,0,21,0,0,N,1,1,0,1,20,0,0,0,2,5,119,235
2023-01-25 02:56:22.000,2023-01-25 02:57:40.000,0.52,1,12.4,0,3,N,1,1,0.5,1,4.4,1,2.5,0,2,1,263,141
2023-01-25 02:13:20.000,2023-01-25 02:14:46.000,0.44,1,9.4,0,0,N,1,2,0.5,1,4.4,1,2.5,0,2,1,163,43
2023-01-25 03:09:01.000,2023-01-25 03:10:54.000,0,1,16.7,0,0,N,1,1,0.5,1,15.2,0,0,0,1,1,90,246
2023-01-25 03:44:48.000,2023-01-25 03:45:04.000,0,1,83.5,0,0,N,2,1,0,1,80,0,2.5,0,2,5,234,265
2023-01-25 03:08:23.000,2023-01-25 03:08:24.000,0,0,22.17,0,5.12,N,1,1,0.5,1,15.55,0,0,0,2,5,113,264
2023-01-25 03:16:16.000,2023-01-25 03:17:20.000,0.2,1,10.44,0,1.74,N,1,1,0.5,1,3.7,1,2.5,0,2,1,230,161
2023-01-25 04:31:25.000,2023-01-25 04:32:11.000,0.31,1,8.7,0,0,N,3,1,0.5,1,3.7,1,2.5,0,2,1,233,141
2023-01-25 04:15:26.000,2023-01-25 04:16:43.000,0.42,1,11.28,0,1.88,N,1,1,0.5,1,4.4,1,2.5,0,2,1,48,100
2023-01-25 05:19:22.000,2023-01-25 05:20:08.000,0.22,1,8.7,0,0,N,4,1,0.5,1,3.7,1,2.5,0,2,1,48,230
2023-01-25 05:49:05.000,2023-01-25 05:50:59.000,0.77,1,10.1,0,0,N,1,1,0.5,1,5.1,1,2.5,0,2,1,140,229
2023-01-25 05:03:05.000,2023-01-25 05:04:13.000,0.98,1,92.5,0,18.5,N,1,2,0.5,1,70,0,2.5,0,2,2,216,132
2023-01-25 05:57:08.000,2023-01-25 05:57:10.000,0,0,92,0,5,N,1,1,0,1,86,0,0,0,2,5,132,264
2023-01-25 05:47:03.000,2023-01-25 05:48:49.000,0.68,1,8.74,0,1.14,N,1,1,0.5,1,5.1,1,0,0,2,1,24,238
2023-01-25 06:22:39.000,2023-01-25 06:23:49.000,0.1,1,7.7,0,0,N,3,1,0.5,1,3.7,2.5,2.5,0,1,1,170,186
2023-01-25 06:33:29.000,2023-01-25 06:34:17.000,0.03,1,7,0,0,N,4,1,0.5,1,3,0,2.5,0,2,1,79,107
2023-01-25 06:26:09.000,2023-01-25 06:26:34.000,0.1,0,5.4,0,0.9,N,1,1,0.5,1,3,0,0,0,2,1,151,238
2023-01-25 06:08:10.000,2023-01-25 06:09:50.000,0.65,1,12.12,0,2.02,N,1,1,0.5,1,5.1,1,2.5,0,2,1,79,107
2023-01-25 06:23:22.000,2023-01-25 06:23:28.000,0.07,0,88.8,0,14.8,N,1,1,0.5,1,70,0,2.5,0,2,2,264,138
2023-01-25 06:59:06.000,2023-01-25 07:00:45.000,0.44,1,9.4,0,1,N,1,1,0.5,1,4.4,0,2.5,0,2,1,141,140
2023-01-25 06:34:30.000,2023-01-25 06:35:24.000,0.39,1,9.24,0,1.54,N,1,1,0.5,1,3.7,0,2.5,0,2,1,239,142
2023-01-25 06:01:15.000,2023-01-25 06:01:25.000,0,0,5.5,0,0,N,3,1,0.5,1,3,1,0,0,2,1,238,43
2023-01-25 06:54:07.000,2023-01-25 06:55:45.000,0.5,1,9.66,0,1.26,N,1,1,0.5,1,4.4,0,2.5,0,2,1,239,142
2023-01-25 07:33:52.000,2023-01-25 07:34:49.000,0.2,1,9,0,1.3,N,1,1,0.5,1,3.7,2.5,2.5,0,1,1,75,263
2023-01-25 07:14:07.000,2023-01-25 07:15:39.000,0.44,1,10.08,0,1.68,N,1,1,0.5,1,4.4,0,2.5,0,2,1,140,263
2023-01-25 07:35:02.000,2023-01-25 07:36:18.000,0.3,1,9.2,0,1.5,N,1,3,0.5,1,3.7,2.5,2.5,0,1,1,161,164
2023-01-25 07:53:20.000,2023-01-25 07:54:57.000,0.6,1,10.9,0,1.8,N,1,1,0.5,1,5.1,2.5,2.5,0,1,1,90,234
2023-01-25 07:17:11.000,2023-01-25 07:17:59.000,0.27,0,8.2,0,0.5,N,1,1,0.5,1,3.7,0,2.5,0,2,1,186,100
2023-01-25 07:58:11.000,2023-01-25 07:59:42.000,0.52,1,10.08,0,1.68,N,1,1,0.5,1,4.4,0,2.5,0,2,1,262,140
2023-01-25 07:08:26.000,2023-01-25 07:09:51.000,0.2,1,7.7,0,0,N,2,1,0.5,1,3.7,2.5,2.5,0,1,1,100,264
2023-01-25 07:58:08.000,2023-01-25 07:58:22.000,0.06,0,4.5,0,0,N,4,1,0.5,1,3,0,0,0,2,1,75,236
2023-01-25 07:57:11.000,2023-01-25 07:58:18.000,0.28,1,9.24,0,1.54,N,1,1,0.5,1,3.7,0,2.5,0,2,1,48,68
2023-01-25 08:12:07.000,2023-01-25 08:13:59.000,0.3,1,8.4,0,0,N,2,1,0.5,1,4.4,2.5,2.5,0,1,1,263,236
2023-01-25 08:40:03.000,2023-01-25 08:41:48.000,0.4,1,10.05,0,1.65,N,1,1,0.5,1,4.4,2.5,2.5,0,1,1,107,79
2023-01-25 08:51:45.000,2023-01-25 08:52:45.000,0.4,1,9.4,0,1,N,1,1,0.5,1,4.4,2.5,2.5,0,1,1,141,236
2023-01-25 08:48:30.000,2023-01-25 08:49:47.000,0,1,5.85,0,1.35,N,3,1,0.5,1,3,0,0,0,2,1,193,7
2023-01-25 08:30:20.000,2023-01-25 08:31:44.000,0.61,1,10.92,0,1.82,N,1,2,0.5,1,5.1,0,2.5,0,2,1,107,79
2023-01-25 08:33:04.000,2023-01-25 08:34:09.000,0.24,1,7.7,0,0,N,2,6,0.5,1,3.7,0,2.5,0,2,1,125,249
2023-01-25 08:10:21.000,2023-01-25 08:11:16.000,0,1,7,0,0,N,2,1,0.5,1,3,0,2.5,0,2,1,100,164
2023-01-25 09:35:15.000,2023-01-25 09:36:49.000,0.36,1,6.9,0,1,N,1,1,0.5,1,4.4,0,0,0,2,1,166,24
2023-01-25 09:17:00.000,2023-01-25 09:18:19.000,0.3,1,9.4,0,1,N,1,1,0.5,1,4.4,2.5,2.5,0,1,1,237,162
2023-01-25 09:53:41.000,2023-01-25 09:54:43.000,0.2,1,8.7,0,1,N,1,1,0.5,1,3.7,2.5,2.5,0,1,1,170,164
2023-01-25 09:05:51.000,2023-01-25 09:06:52.000,0.24,1,7.7,0,0,N,2,1,0.5,1,3.7,0,2.5,0,2,1,163,43
2023-01-25 09:30:49.000,2023-01-25 09:30:52.000,3.12,0,98.4,0,16.4,N,1,2,0,1,78.5,0,2.5,0,2,5,264,140
2023-01-25 09:33:16.000,2023-01-25 09:34:58.000,0.47,1,8.4,0,0,N,2,1,0.5,1,4.4,0,2.5,0,2,1,263,75
2023-01-25 09:02:10.000,2023-01-25 09:03:39.000,0.35,1,10.4,0,2,N,1,1,0.5,1,4.4,0,2.5,0,2,1,236,75
2023-01-25 09:28:36.000,2023-01-25 09:29:47.000,0.4,1,9.4,0,1,N,1,1,0.5,1,4.4,2.5,2.5,0,1,1,239,142
2023-01-09 17:05:17.000,2023-01-09 17:06:51.000,0.41,1,13.08,0,2.18,N,1,2,0.5,1,4.4,2.5,2.5,0,2,1,237,263
2023-01-09 17:57:23.000,2023-01-09 17:58:54.000,0.4,1,11.9,0,1,N,1,2,0.5,1,4.4,5,2.5,0,1,1,141,236
2023-01-09 17:39:54.000,2023-01-09 17:40:44.000,0.28,1,8.95,0,0,N,4,2,0.5,1,3.7,2.5,0,1.25,2,1,264,132
2023-01-09 17:41:08.000,2023-01-09 17:42:58.000,0.3,1,13.05,0,2.15,N,1,1,0.5,1,4.4,5,2.5,0,1,1,163,230
2023-01-09 17:32:13.000,2023-01-09 17:32:21.000,0.02,0,26.5,0,0,N,3,3,0,1,23,2.5,0,0,2,3,264,132
2023-01-09 17:57:39.000,2023-01-09 17:58:59.000,0.19,1,102.66,6.55,17.11,N,1,1,0.5,1,70,5,2.5,0,2,2,170,162
2023-01-09 17:25:24.000,2023-01-09 17:25:27.000,0,0,110,0,22,N,1,1,0,1,87,0,0,0,2,5,113,264
2023-01-09 17:16:28.000,2023-01-09 17:17:12.000,0,1,12,0,0,Y,3,1,0.5,1,3,7.5,0,0,1,1,70,138
2023-01-09 17:39:35.000,2023-01-09 17:40:48.000,0.52,1,10.9,0,0,N,2,1,0.5,1,4.4,2.5,2.5,0,2,1,231,158
2023-01-09 17:54:03.000,2023-01-09 17:55:47.000,0.3,1,13.08,0,2.18,N,1,1,0.5,1,4.4,2.5,2.5,0,2,1,234,107
2023-01-09 17:00:43.000,2023-01-09 17:01:59.000,0.37,1,11.2,0,1,N,1,1,0.5,1,3.7,2.5,2.5,0,2,1,229,140
2023-01-09 18:33:44.000,2023-01-09 18:33:57.000,0.01,0,7,0,0,N,4,1,0.5,1,3,2.5,0,0,2,1,166,24
2023-01-09 18:30:50.000,2023-01-09 18:30:57.000,0,0,76.5,0,0,N,4,2,0.5,1,70,5,0,0,2,2,151,238
2023-01-09 18:55:37.000,2023-01-09 18:56:23.000,0.03,1,9.5,0,0,N,4,1,0.5,1,3,2.5,2.5,0,2,1,229,162
2023-01-09 18:41:00.000,2023-01-09 18:41:38.000,0.2,0,79,0,0,N,3,0,0.5,1,70,7.5,2.5,0,1,2,170,233
2023-01-09 18:38:19.000,2023-01-09 18:39:38.000,0.44,1,13.08,0,2.18,N,1,1,0.5,1,4.4,2.5,2.5,0,2,1,50,143
2023-01-09 18:47:25.000,2023-01-09 18:47:40.000,0.05,0,79,0,0,N,2,1,0.5,1,70,5,2.5,0,2,2,107,137
2023-01-09 18:47:41.000,2023-01-09 18:48:55.000,0.3,1,12.2,0,2,N,1,1,0.5,1,3.7,5,2.5,0,1,1,234,90
2023-01-09 18:32:51.000,2023-01-09 18:33:27.000,0.04,1,7,0,0,N,2,1,0.5,1,3,0,2.5,0,2,1,234,164
2023-01-09 18:31:36.000,2023-01-09 18:31:58.000,0.09,0,41,0,0,N,1,1,0,1,40,0,0,0,2,5,179,202
2023-01-09 18:02:02.000,2023-01-09 18:03:58.000,0.35,1,10.9,0,0,N,2,1,0.5,1,4.4,2.5,2.5,0,2,1,113,211
2023-01-09 18:48:04.000,2023-01-09 18:49:09.000,0.1,1,9.5,0,0,N,3,1,0.5,1,3,5,2.5,0,1,1,144,45
2023-01-09 18:36:14.000,2023-01-09 18:37:51.000,0.4,1,10.9,0,0,N,1,1,0.5,1,4.4,5,2.5,0,1,1,239,238
2023-01-09 18:40:12.000,2023-01-09 18:41:16.000,0.4,1,10.9,0,0,N,2,3,0.5,1,4.4,2.5,2.5,0,2,1,249,234
2023-01-09 18:57:17.000,2023-01-09 18:58:26.000,0.32,1,12.24,0,2.04,N,1,1,0.5,1,3.7,2.5,2.5,0,2,1,230,48
2023-01-09 18:12:25.000,2023-01-09 18:13:47.000,0.56,1,14.9,0,4,N,1,1,0.5,1,4.4,2.5,2.5,0,2,1,141,229
2023-01-09 19:59:09.000,2023-01-09 20:00:34.000,0.54,1,10.9,0,0,N,2,2,0.5,1,4.4,2.5,2.5,0,2,1,263,75
2023-01-09 19:29:19.000,2023-01-09 19:30:29.000,0.41,1,10.9,0,0,N,2,1,0.5,1,4.4,2.5,2.5,0,2,1,48,68
2023-01-09 19:38:05.000,2023-01-09 19:39:39.000,0.57,1,10.9,0,0,N,2,1,0.5,1,4.4,2.5,2.5,0,2,1,246,48
2023-01-09 19:22:01.000,2023-01-09 19:23:35.000,0.6,1,13.08,0,2.18,N,1,1,0.5,1,4.4,2.5,2.5,0,2,1,233,170
2023-01-09 19:11:00.000,2023-01-09 19:12:30.000,0.43,1,13.08,0,2.18,N,1,1,0.5,1,4.4,2.5,2.5,0,2,1,79,107
2023-01-09 19:45:56.000,2023-01-09 19:46:00.000,0.02,1,8.25,0,0,N,2,1,0.5,1,3,2.5,0,1.25,2,1,132,264
2023-01-09 19:31:19.000,2023-01-09 19:32:57.000,0.29,1,12.24,0,2.04,N,1,1,0.5,1,3.7,2.5,2.5,0,2,1,170,164
2023-01-09 19:55:29.000,2023-01-09 19:56:39.000,0.09,1,10.2,0,0,N,4,2,0.5,1,3.7,2.5,2.5,0,2,1,186,68
2023-01-09 19:58:56.000,2023-01-09 19:59:51.000,0.18,1,13.95,0,0,N,3,1,0.5,1,3.7,7.5,0,1.25,2,1,264,138
2023-01-09 19:42:19.000,2023-01-09 19:43:43.000,0.29,1,11.2,0,1,N,1,1,0.5,1,3.7,2.5,2.5,0,2,1,261,87
2023-01-09 19:19:51.000,2023-01-09 19:19:54.000,0,0,100,0,12,N,1,3,0,1,87,0,0,0,2,5,142,264
2023-01-09 19:33:30.000,2023-01-09 19:33:37.000,0.03,0,79,0,0,N,4,1,0.5,1,70,5,2.5,0,2,2,141,229
2023-01-09 19:36:47.000,2023-01-09 19:36:56.000,0,0,20.5,0,2,N,1,2,0,1,15,0,2.5,0,2,5,230,161
2023-01-09 19:44:09.000,2023-01-09 19:45:54.000,0.38,1,13.63,0,2.73,N,1,1,0.5,1,4.4,2.5,2.5,0,2,1,263,236
