[0m18:41:04.833191 [debug] [MainThread]: Sending event: {'category': 'dbt', 'action': 'invocation', 'label': 'start', 'context': [<snowplow_tracker.self_describing_json.SelfDescribingJson object at 0x104385010>, <snowplow_tracker.self_describing_json.SelfDescribingJson object at 0x1050a5880>, <snowplow_tracker.self_describing_json.SelfDescribingJson object at 0x1050a5610>]}


============================== 18:41:04.835812 | 3f9dcb83-056c-4b41-8eb2-49e68e26e809 ==============================
[0m18:41:04.835812 [info ] [MainThread]: Running with dbt=1.9.2
[0m18:41:04.836127 [debug] [MainThread]: running dbt with arguments {'printer_width': '80', 'indirect_selection': 'eager', 'log_cache_events': 'False', 'write_json': 'True', 'partial_parse': 'True', 'cache_selected_only': 'False', 'warn_error': 'None', 'debug': 'False', 'fail_fast': 'False', 'log_path': '/Users/tushargupta/Documents/Projects/NYC-Taxi-Data-Analytics/logs', 'profiles_dir': '/Users/tushargupta/.dbt', 'version_check': 'True', 'use_colors': 'True', 'use_experimental_parser': 'False', 'no_print': 'None', 'quiet': 'False', 'empty': 'None', 'warn_error_options': 'WarnErrorOptions(include=[], exclude=[])', 'introspect': 'True', 'invocation_command': 'dbt debug', 'static_parser': 'True', 'target_path': 'None', 'log_format': 'default', 'send_anonymous_usage_stats': 'True'}
[0m18:41:04.844677 [info ] [MainThread]: dbt version: 1.9.2
[0m18:41:04.844891 [info ] [MainThread]: python version: 3.12.7
[0m18:41:04.845031 [info ] [MainThread]: python path: /Users/tushargupta/Documents/Projects/NYC-Taxi-Data-Analytics/nyc-taxi-venv/bin/python3.12
[0m18:41:04.845163 [info ] [MainThread]: os info: macOS-15.3.1-arm64-arm-64bit
[0m18:41:05.489469 [info ] [MainThread]: Using profiles dir at /Users/tushargupta/.dbt
[0m18:41:05.489741 [info ] [MainThread]: Using profiles.yml file at /Users/tushargupta/.dbt/profiles.yml
[0m18:41:05.489904 [info ] [MainThread]: Using dbt_project.yml file at /Users/tushargupta/Documents/Projects/NYC-Taxi-Data-Analytics/dbt_project.yml
[0m18:41:05.490207 [info ] [MainThread]: adapter type: snowflake
[0m18:41:05.490355 [info ] [MainThread]: adapter version: 1.9.1
[0m18:41:05.530896 [info ] [MainThread]: Configuration:
[0m18:41:05.531131 [info ] [MainThread]:   profiles.yml file [[32mOK found and valid[0m]
[0m18:41:05.531285 [info ] [MainThread]:   dbt_project.yml file [[32mOK found and valid[0m]
[0m18:41:05.531423 [info ] [MainThread]: Required dependencies:
[0m18:41:05.531598 [debug] [MainThread]: Executing "git --help"
[0m18:41:05.547527 [debug] [MainThread]: STDOUT: "b"usage: git [-v | --version] [-h | --help] [-C <path>] [-c <name>=<value>]\n           [--exec-path[=<path>]] [--html-path] [--man-path] [--info-path]\n           [-p | --paginate | -P | --no-pager] [--no-replace-objects] [--bare]\n           [--git-dir=<path>] [--work-tree=<path>] [--namespace=<name>]\n           [--super-prefix=<path>] [--config-env=<name>=<envvar>]\n           <command> [<args>]\n\nThese are common Git commands used in various situations:\n\nstart a working area (see also: git help tutorial)\n   clone     Clone a repository into a new directory\n   init      Create an empty Git repository or reinitialize an existing one\n\nwork on the current change (see also: git help everyday)\n   add       Add file contents to the index\n   mv        Move or rename a file, a directory, or a symlink\n   restore   Restore working tree files\n   rm        Remove files from the working tree and from the index\n\nexamine the history and state (see also: git help revisions)\n   bisect    Use binary search to find the commit that introduced a bug\n   diff      Show changes between commits, commit and working tree, etc\n   grep      Print lines matching a pattern\n   log       Show commit logs\n   show      Show various types of objects\n   status    Show the working tree status\n\ngrow, mark and tweak your common history\n   branch    List, create, or delete branches\n   commit    Record changes to the repository\n   merge     Join two or more development histories together\n   rebase    Reapply commits on top of another base tip\n   reset     Reset current HEAD to the specified state\n   switch    Switch branches\n   tag       Create, list, delete or verify a tag object signed with GPG\n\ncollaborate (see also: git help workflows)\n   fetch     Download objects and refs from another repository\n   pull      Fetch from and integrate with another repository or a local branch\n   push      Update remote refs along with associated objects\n\n'git help -a' and 'git help -g' list available subcommands and some\nconcept guides. See 'git help <command>' or 'git help <concept>'\nto read about a specific subcommand or concept.\nSee 'git help git' for an overview of the system.\n""
[0m18:41:05.548042 [debug] [MainThread]: STDERR: "b''"
[0m18:41:05.548215 [info ] [MainThread]:  - git [[32mOK found[0m]

[0m18:41:05.548378 [info ] [MainThread]: Connection:
[0m18:41:05.548550 [info ] [MainThread]:   account: ytioqpg-kmb08725
[0m18:41:05.548682 [info ] [MainThread]:   user: SnowflakeDA
[0m18:41:05.548808 [info ] [MainThread]:   database: nyc_taxi_db
[0m18:41:05.548930 [info ] [MainThread]:   warehouse: nyc_taxi_wh
[0m18:41:05.549061 [info ] [MainThread]:   role: SYSADMIN
[0m18:41:05.549184 [info ] [MainThread]:   schema: public
[0m18:41:05.549308 [info ] [MainThread]:   authenticator: None
[0m18:41:05.549420 [info ] [MainThread]:   oauth_client_id: None
[0m18:41:05.549531 [info ] [MainThread]:   query_tag: None
[0m18:41:05.549639 [info ] [MainThread]:   client_session_keep_alive: False
[0m18:41:05.549745 [info ] [MainThread]:   host: None
[0m18:41:05.549852 [info ] [MainThread]:   port: None
[0m18:41:05.549959 [info ] [MainThread]:   proxy_host: None
[0m18:41:05.550065 [info ] [MainThread]:   proxy_port: None
[0m18:41:05.550170 [info ] [MainThread]:   protocol: None
[0m18:41:05.550277 [info ] [MainThread]:   connect_retries: 1
[0m18:41:05.550381 [info ] [MainThread]:   connect_timeout: None
[0m18:41:05.550485 [info ] [MainThread]:   retry_on_database_errors: False
[0m18:41:05.550592 [info ] [MainThread]:   retry_all: False
[0m18:41:05.550698 [info ] [MainThread]:   insecure_mode: False
[0m18:41:05.550802 [info ] [MainThread]:   reuse_connections: True
[0m18:41:05.551127 [info ] [MainThread]: Registered adapter: snowflake=1.9.1
[0m18:41:05.622785 [debug] [MainThread]: Acquiring new snowflake connection 'debug'
[0m18:41:05.646859 [debug] [MainThread]: Using snowflake connection "debug"
[0m18:41:05.647042 [debug] [MainThread]: On debug: select 1 as id
[0m18:41:05.647172 [debug] [MainThread]: Opening a new connection, currently in state init
[0m18:41:07.498179 [debug] [MainThread]: SQL status: SUCCESS 1 in 1.851 seconds
[0m18:41:07.500905 [info ] [MainThread]:   Connection test: [[32mOK connection ok[0m]

[0m18:41:07.501605 [info ] [MainThread]: [32mAll checks passed![0m
[0m18:41:07.505807 [debug] [MainThread]: Resource report: {"command_name": "debug", "command_success": true, "command_wall_clock_time": 2.7065644, "process_in_blocks": "0", "process_kernel_time": 0.356128, "process_mem_max_rss": "183517184", "process_out_blocks": "0", "process_user_time": 2.630863}
[0m18:41:07.506758 [debug] [MainThread]: Command `dbt debug` succeeded at 18:41:07.506477 after 2.71 seconds
[0m18:41:07.507248 [debug] [MainThread]: Connection 'debug' was left open.
[0m18:41:07.507633 [debug] [MainThread]: On debug: Close
[0m18:41:08.160025 [debug] [MainThread]: Sending event: {'category': 'dbt', 'action': 'invocation', 'label': 'end', 'context': [<snowplow_tracker.self_describing_json.SelfDescribingJson object at 0x124a30e30>, <snowplow_tracker.self_describing_json.SelfDescribingJson object at 0x124a304d0>, <snowplow_tracker.self_describing_json.SelfDescribingJson object at 0x124a30cb0>]}
[0m18:41:08.161382 [debug] [MainThread]: Flushing usage events
[0m18:41:09.094344 [debug] [MainThread]: An error was encountered while trying to flush usage events
[0m18:41:13.514496 [debug] [MainThread]: Sending event: {'category': 'dbt', 'action': 'invocation', 'label': 'start', 'context': [<snowplow_tracker.self_describing_json.SelfDescribingJson object at 0x10884fe90>, <snowplow_tracker.self_describing_json.SelfDescribingJson object at 0x108a9f890>, <snowplow_tracker.self_describing_json.SelfDescribingJson object at 0x108d2d8e0>]}


============================== 18:41:13.516929 | 41ff6db7-2f1b-4ca5-9f1a-f0e0c0af514b ==============================
[0m18:41:13.516929 [info ] [MainThread]: Running with dbt=1.9.2
[0m18:41:13.517222 [debug] [MainThread]: running dbt with arguments {'printer_width': '80', 'indirect_selection': 'eager', 'write_json': 'True', 'log_cache_events': 'False', 'partial_parse': 'True', 'cache_selected_only': 'False', 'profiles_dir': '/Users/tushargupta/.dbt', 'fail_fast': 'False', 'warn_error': 'None', 'log_path': '/Users/tushargupta/Documents/Projects/NYC-Taxi-Data-Analytics/logs', 'debug': 'False', 'version_check': 'True', 'use_colors': 'True', 'use_experimental_parser': 'False', 'no_print': 'None', 'quiet': 'False', 'empty': 'False', 'warn_error_options': 'WarnErrorOptions(include=[], exclude=[])', 'static_parser': 'True', 'invocation_command': 'dbt compile', 'log_format': 'default', 'target_path': 'None', 'introspect': 'True', 'send_anonymous_usage_stats': 'True'}
[0m18:41:14.012433 [debug] [MainThread]: Sending event: {'category': 'dbt', 'action': 'project_id', 'label': '41ff6db7-2f1b-4ca5-9f1a-f0e0c0af514b', 'context': [<snowplow_tracker.self_describing_json.SelfDescribingJson object at 0x12fdd6ba0>]}
[0m18:41:14.036524 [debug] [MainThread]: Sending event: {'category': 'dbt', 'action': 'adapter_info', 'label': '41ff6db7-2f1b-4ca5-9f1a-f0e0c0af514b', 'context': [<snowplow_tracker.self_describing_json.SelfDescribingJson object at 0x12ef0c9b0>]}
[0m18:41:14.036976 [info ] [MainThread]: Registered adapter: snowflake=1.9.1
[0m18:41:14.114963 [debug] [MainThread]: checksum: 12b12750b70de726cfd89136b8e24afc3f3e77597a97bff40ab7e5f9b39d5e18, vars: {}, profile: , target: , version: 1.9.2
[0m18:41:14.115401 [info ] [MainThread]: Unable to do partial parsing because saved manifest not found. Starting full parse.
[0m18:41:14.115602 [debug] [MainThread]: Sending event: {'category': 'dbt', 'action': 'partial_parser', 'label': '41ff6db7-2f1b-4ca5-9f1a-f0e0c0af514b', 'context': [<snowplow_tracker.self_describing_json.SelfDescribingJson object at 0x12fdf9a90>]}
[0m18:41:14.833362 [warn ] [MainThread]: [[33mWARNING[0m]: Configuration paths exist in your dbt_project.yml file which do not apply to any resources.
There are 1 unused configuration paths:
- models.nyc_taxi_data_analytics.raw
[0m18:41:14.838409 [debug] [MainThread]: Sending event: {'category': 'dbt', 'action': 'load_project', 'label': '41ff6db7-2f1b-4ca5-9f1a-f0e0c0af514b', 'context': [<snowplow_tracker.self_describing_json.SelfDescribingJson object at 0x13ba97410>]}
[0m18:41:14.890099 [debug] [MainThread]: Wrote artifact WritableManifest to /Users/tushargupta/Documents/Projects/NYC-Taxi-Data-Analytics/target/manifest.json
[0m18:41:14.891019 [debug] [MainThread]: Wrote artifact SemanticManifest to /Users/tushargupta/Documents/Projects/NYC-Taxi-Data-Analytics/target/semantic_manifest.json
[0m18:41:14.902328 [debug] [MainThread]: Sending event: {'category': 'dbt', 'action': 'resource_counts', 'label': '41ff6db7-2f1b-4ca5-9f1a-f0e0c0af514b', 'context': [<snowplow_tracker.self_describing_json.SelfDescribingJson object at 0x13bd306b0>]}
[0m18:41:14.902575 [info ] [MainThread]: Found 20 models, 34 data tests, 4 seeds, 1 source, 474 macros
[0m18:41:14.902749 [debug] [MainThread]: Sending event: {'category': 'dbt', 'action': 'runnable_timing', 'label': '41ff6db7-2f1b-4ca5-9f1a-f0e0c0af514b', 'context': [<snowplow_tracker.self_describing_json.SelfDescribingJson object at 0x13ba35ac0>]}
[0m18:41:14.904261 [info ] [MainThread]: 
[0m18:41:14.904435 [info ] [MainThread]: Concurrency: 2 threads (target='dev')
[0m18:41:14.904561 [info ] [MainThread]: 
[0m18:41:14.904779 [debug] [MainThread]: Acquiring new snowflake connection 'master'
[0m18:41:14.907117 [debug] [ThreadPool]: Acquiring new snowflake connection 'list_nyc_taxi_db_processed'
[0m18:41:14.913648 [debug] [ThreadPool]: Acquiring new snowflake connection 'list_nyc_taxi_db_analytics'
[0m18:41:14.938748 [debug] [ThreadPool]: Using snowflake connection "list_nyc_taxi_db_processed"
[0m18:41:14.939059 [debug] [ThreadPool]: Using snowflake connection "list_nyc_taxi_db_analytics"
[0m18:41:14.939234 [debug] [ThreadPool]: On list_nyc_taxi_db_processed: /* {"app": "dbt", "dbt_version": "1.9.2", "profile_name": "nyc_taxi_data_profile", "target_name": "dev", "connection_name": "list_nyc_taxi_db_processed"} */
show objects in nyc_taxi_db.processed limit 10000;
[0m18:41:14.939394 [debug] [ThreadPool]: On list_nyc_taxi_db_analytics: /* {"app": "dbt", "dbt_version": "1.9.2", "profile_name": "nyc_taxi_data_profile", "target_name": "dev", "connection_name": "list_nyc_taxi_db_analytics"} */
show objects in nyc_taxi_db.analytics limit 10000;
[0m18:41:14.939547 [debug] [ThreadPool]: Opening a new connection, currently in state init
[0m18:41:14.939676 [debug] [ThreadPool]: Opening a new connection, currently in state init
[0m18:41:16.862942 [debug] [ThreadPool]: SQL status: SUCCESS 15 in 1.923 seconds
[0m18:41:16.868649 [debug] [ThreadPool]: Re-using an available connection from the pool (formerly list_nyc_taxi_db_analytics, now list_nyc_taxi_db_conformed)
[0m18:41:16.872692 [debug] [ThreadPool]: SQL status: SUCCESS 1 in 1.933 seconds
[0m18:41:16.875660 [debug] [ThreadPool]: Using snowflake connection "list_nyc_taxi_db_conformed"
[0m18:41:16.877819 [debug] [ThreadPool]: Re-using an available connection from the pool (formerly list_nyc_taxi_db_processed, now list_nyc_taxi_db_seeds)
[0m18:41:16.878472 [debug] [ThreadPool]: On list_nyc_taxi_db_conformed: /* {"app": "dbt", "dbt_version": "1.9.2", "profile_name": "nyc_taxi_data_profile", "target_name": "dev", "connection_name": "list_nyc_taxi_db_conformed"} */
show objects in nyc_taxi_db.conformed limit 10000;
[0m18:41:16.880726 [debug] [ThreadPool]: Using snowflake connection "list_nyc_taxi_db_seeds"
[0m18:41:16.881485 [debug] [ThreadPool]: On list_nyc_taxi_db_seeds: /* {"app": "dbt", "dbt_version": "1.9.2", "profile_name": "nyc_taxi_data_profile", "target_name": "dev", "connection_name": "list_nyc_taxi_db_seeds"} */
show objects in nyc_taxi_db.seeds limit 10000;
[0m18:41:17.292844 [debug] [ThreadPool]: SQL status: SUCCESS 4 in 0.410 seconds
[0m18:41:17.335765 [debug] [ThreadPool]: SQL status: SUCCESS 4 in 0.455 seconds
[0m18:41:17.340643 [debug] [MainThread]: Sending event: {'category': 'dbt', 'action': 'runnable_timing', 'label': '41ff6db7-2f1b-4ca5-9f1a-f0e0c0af514b', 'context': [<snowplow_tracker.self_describing_json.SelfDescribingJson object at 0x13b9461e0>]}
[0m18:41:17.345708 [debug] [Thread-1 (]: Began running node model.nyc_taxi_data_analytics.prc_taxi_trips
[0m18:41:17.346316 [debug] [Thread-2 (]: Began running node seed.nyc_taxi_data_analytics.payments
[0m18:41:17.346904 [debug] [Thread-1 (]: Re-using an available connection from the pool (formerly list_nyc_taxi_db_seeds, now model.nyc_taxi_data_analytics.prc_taxi_trips)
[0m18:41:17.347453 [debug] [Thread-2 (]: Re-using an available connection from the pool (formerly list_nyc_taxi_db_conformed, now seed.nyc_taxi_data_analytics.payments)
[0m18:41:17.347940 [debug] [Thread-1 (]: Began compiling node model.nyc_taxi_data_analytics.prc_taxi_trips
[0m18:41:17.348357 [debug] [Thread-2 (]: Began compiling node seed.nyc_taxi_data_analytics.payments
[0m18:41:17.358806 [debug] [Thread-1 (]: Writing injected SQL for node "model.nyc_taxi_data_analytics.prc_taxi_trips"
[0m18:41:17.360807 [debug] [Thread-2 (]: Began executing node seed.nyc_taxi_data_analytics.payments
[0m18:41:17.361562 [debug] [Thread-2 (]: Finished running node seed.nyc_taxi_data_analytics.payments
[0m18:41:17.361948 [debug] [Thread-2 (]: Began running node seed.nyc_taxi_data_analytics.rate_codes
[0m18:41:17.362353 [debug] [Thread-2 (]: Re-using an available connection from the pool (formerly seed.nyc_taxi_data_analytics.payments, now seed.nyc_taxi_data_analytics.rate_codes)
[0m18:41:17.362665 [debug] [Thread-2 (]: Began compiling node seed.nyc_taxi_data_analytics.rate_codes
[0m18:41:17.364160 [debug] [Thread-2 (]: Began executing node seed.nyc_taxi_data_analytics.rate_codes
[0m18:41:17.364650 [debug] [Thread-2 (]: Finished running node seed.nyc_taxi_data_analytics.rate_codes
[0m18:41:17.364958 [debug] [Thread-2 (]: Began running node seed.nyc_taxi_data_analytics.taxi_zone_lookup
[0m18:41:17.365458 [debug] [Thread-2 (]: Re-using an available connection from the pool (formerly seed.nyc_taxi_data_analytics.rate_codes, now seed.nyc_taxi_data_analytics.taxi_zone_lookup)
[0m18:41:17.365791 [debug] [Thread-2 (]: Began compiling node seed.nyc_taxi_data_analytics.taxi_zone_lookup
[0m18:41:17.367247 [debug] [Thread-2 (]: Began executing node seed.nyc_taxi_data_analytics.taxi_zone_lookup
[0m18:41:17.367767 [debug] [Thread-2 (]: Finished running node seed.nyc_taxi_data_analytics.taxi_zone_lookup
[0m18:41:17.368080 [debug] [Thread-2 (]: Began running node seed.nyc_taxi_data_analytics.vendors
[0m18:41:17.368406 [debug] [Thread-1 (]: Began executing node model.nyc_taxi_data_analytics.prc_taxi_trips
[0m18:41:17.368685 [debug] [Thread-2 (]: Re-using an available connection from the pool (formerly seed.nyc_taxi_data_analytics.taxi_zone_lookup, now seed.nyc_taxi_data_analytics.vendors)
[0m18:41:17.369275 [debug] [Thread-1 (]: Finished running node model.nyc_taxi_data_analytics.prc_taxi_trips
[0m18:41:17.369515 [debug] [Thread-2 (]: Began compiling node seed.nyc_taxi_data_analytics.vendors
[0m18:41:17.369786 [debug] [Thread-1 (]: Began running node model.nyc_taxi_data_analytics.dim_location
[0m18:41:17.371069 [debug] [Thread-2 (]: Began executing node seed.nyc_taxi_data_analytics.vendors
[0m18:41:17.371624 [debug] [Thread-1 (]: Re-using an available connection from the pool (formerly model.nyc_taxi_data_analytics.prc_taxi_trips, now model.nyc_taxi_data_analytics.dim_location)
[0m18:41:17.372077 [debug] [Thread-2 (]: Finished running node seed.nyc_taxi_data_analytics.vendors
[0m18:41:17.372313 [debug] [Thread-1 (]: Began compiling node model.nyc_taxi_data_analytics.dim_location
[0m18:41:17.372572 [debug] [Thread-2 (]: Began running node model.nyc_taxi_data_analytics.dim_taxi_trips
[0m18:41:17.374744 [debug] [Thread-1 (]: Writing injected SQL for node "model.nyc_taxi_data_analytics.dim_location"
[0m18:41:17.375032 [debug] [Thread-2 (]: Re-using an available connection from the pool (formerly seed.nyc_taxi_data_analytics.vendors, now model.nyc_taxi_data_analytics.dim_taxi_trips)
[0m18:41:17.375352 [debug] [Thread-2 (]: Began compiling node model.nyc_taxi_data_analytics.dim_taxi_trips
[0m18:41:17.377516 [debug] [Thread-2 (]: Writing injected SQL for node "model.nyc_taxi_data_analytics.dim_taxi_trips"
[0m18:41:17.378046 [debug] [Thread-1 (]: Began executing node model.nyc_taxi_data_analytics.dim_location
[0m18:41:17.378278 [debug] [Thread-2 (]: Began executing node model.nyc_taxi_data_analytics.dim_taxi_trips
[0m18:41:17.378643 [debug] [Thread-1 (]: Finished running node model.nyc_taxi_data_analytics.dim_location
[0m18:41:17.378996 [debug] [Thread-2 (]: Finished running node model.nyc_taxi_data_analytics.dim_taxi_trips
[0m18:41:17.379218 [debug] [Thread-1 (]: Began running node model.nyc_taxi_data_analytics.dim_time
[0m18:41:17.379490 [debug] [Thread-2 (]: Began running node test.nyc_taxi_data_analytics.accepted_values_prc_taxi_trips_RatecodeID__1__2__3__4__5__6.5686e7b36c
[0m18:41:17.379802 [debug] [Thread-1 (]: Re-using an available connection from the pool (formerly model.nyc_taxi_data_analytics.dim_location, now model.nyc_taxi_data_analytics.dim_time)
[0m18:41:17.380076 [debug] [Thread-2 (]: Re-using an available connection from the pool (formerly model.nyc_taxi_data_analytics.dim_taxi_trips, now test.nyc_taxi_data_analytics.accepted_values_prc_taxi_trips_RatecodeID__1__2__3__4__5__6.5686e7b36c)
[0m18:41:17.380298 [debug] [Thread-1 (]: Began compiling node model.nyc_taxi_data_analytics.dim_time
[0m18:41:17.380507 [debug] [Thread-2 (]: Began compiling node test.nyc_taxi_data_analytics.accepted_values_prc_taxi_trips_RatecodeID__1__2__3__4__5__6.5686e7b36c
[0m18:41:17.383187 [debug] [Thread-1 (]: Writing injected SQL for node "model.nyc_taxi_data_analytics.dim_time"
[0m18:41:17.385525 [debug] [Thread-2 (]: Writing injected SQL for node "test.nyc_taxi_data_analytics.accepted_values_prc_taxi_trips_RatecodeID__1__2__3__4__5__6.5686e7b36c"
[0m18:41:17.385935 [debug] [Thread-1 (]: Began executing node model.nyc_taxi_data_analytics.dim_time
[0m18:41:17.386292 [debug] [Thread-1 (]: Finished running node model.nyc_taxi_data_analytics.dim_time
[0m18:41:17.386514 [debug] [Thread-1 (]: Began running node test.nyc_taxi_data_analytics.accepted_values_prc_taxi_trips_payment_type__0__1__2__3__4__5.3a01381e67
[0m18:41:17.386794 [debug] [Thread-1 (]: Re-using an available connection from the pool (formerly model.nyc_taxi_data_analytics.dim_time, now test.nyc_taxi_data_analytics.accepted_values_prc_taxi_trips_payment_type__0__1__2__3__4__5.3a01381e67)
[0m18:41:17.387011 [debug] [Thread-1 (]: Began compiling node test.nyc_taxi_data_analytics.accepted_values_prc_taxi_trips_payment_type__0__1__2__3__4__5.3a01381e67
[0m18:41:17.387223 [debug] [Thread-2 (]: Began executing node test.nyc_taxi_data_analytics.accepted_values_prc_taxi_trips_RatecodeID__1__2__3__4__5__6.5686e7b36c
[0m18:41:17.389465 [debug] [Thread-1 (]: Writing injected SQL for node "test.nyc_taxi_data_analytics.accepted_values_prc_taxi_trips_payment_type__0__1__2__3__4__5.3a01381e67"
[0m18:41:17.389864 [debug] [Thread-2 (]: Finished running node test.nyc_taxi_data_analytics.accepted_values_prc_taxi_trips_RatecodeID__1__2__3__4__5__6.5686e7b36c
[0m18:41:17.390129 [debug] [Thread-2 (]: Began running node test.nyc_taxi_data_analytics.accepted_values_prc_taxi_trips_store_and_fwd_flag__Y__N.ddf9a2ffed
[0m18:41:17.390375 [debug] [Thread-2 (]: Re-using an available connection from the pool (formerly test.nyc_taxi_data_analytics.accepted_values_prc_taxi_trips_RatecodeID__1__2__3__4__5__6.5686e7b36c, now test.nyc_taxi_data_analytics.accepted_values_prc_taxi_trips_store_and_fwd_flag__Y__N.ddf9a2ffed)
[0m18:41:17.390567 [debug] [Thread-2 (]: Began compiling node test.nyc_taxi_data_analytics.accepted_values_prc_taxi_trips_store_and_fwd_flag__Y__N.ddf9a2ffed
[0m18:41:17.390756 [debug] [Thread-1 (]: Began executing node test.nyc_taxi_data_analytics.accepted_values_prc_taxi_trips_payment_type__0__1__2__3__4__5.3a01381e67
[0m18:41:17.392792 [debug] [Thread-2 (]: Writing injected SQL for node "test.nyc_taxi_data_analytics.accepted_values_prc_taxi_trips_store_and_fwd_flag__Y__N.ddf9a2ffed"
[0m18:41:17.393162 [debug] [Thread-1 (]: Finished running node test.nyc_taxi_data_analytics.accepted_values_prc_taxi_trips_payment_type__0__1__2__3__4__5.3a01381e67
[0m18:41:17.393409 [debug] [Thread-1 (]: Began running node test.nyc_taxi_data_analytics.assert_valid_timestamp
[0m18:41:17.393625 [debug] [Thread-1 (]: Re-using an available connection from the pool (formerly test.nyc_taxi_data_analytics.accepted_values_prc_taxi_trips_payment_type__0__1__2__3__4__5.3a01381e67, now test.nyc_taxi_data_analytics.assert_valid_timestamp)
[0m18:41:17.393838 [debug] [Thread-1 (]: Began compiling node test.nyc_taxi_data_analytics.assert_valid_timestamp
[0m18:41:17.395270 [debug] [Thread-1 (]: Writing injected SQL for node "test.nyc_taxi_data_analytics.assert_valid_timestamp"
[0m18:41:17.395472 [debug] [Thread-2 (]: Began executing node test.nyc_taxi_data_analytics.accepted_values_prc_taxi_trips_store_and_fwd_flag__Y__N.ddf9a2ffed
[0m18:41:17.395816 [debug] [Thread-2 (]: Finished running node test.nyc_taxi_data_analytics.accepted_values_prc_taxi_trips_store_and_fwd_flag__Y__N.ddf9a2ffed
[0m18:41:17.396013 [debug] [Thread-2 (]: Began running node test.nyc_taxi_data_analytics.assert_valid_trip_location
[0m18:41:17.396233 [debug] [Thread-2 (]: Re-using an available connection from the pool (formerly test.nyc_taxi_data_analytics.accepted_values_prc_taxi_trips_store_and_fwd_flag__Y__N.ddf9a2ffed, now test.nyc_taxi_data_analytics.assert_valid_trip_location)
[0m18:41:17.396437 [debug] [Thread-2 (]: Began compiling node test.nyc_taxi_data_analytics.assert_valid_trip_location
[0m18:41:17.397795 [debug] [Thread-2 (]: Writing injected SQL for node "test.nyc_taxi_data_analytics.assert_valid_trip_location"
[0m18:41:17.398001 [debug] [Thread-1 (]: Began executing node test.nyc_taxi_data_analytics.assert_valid_timestamp
[0m18:41:17.398332 [debug] [Thread-1 (]: Finished running node test.nyc_taxi_data_analytics.assert_valid_timestamp
[0m18:41:17.398521 [debug] [Thread-1 (]: Began running node test.nyc_taxi_data_analytics.not_null_prc_taxi_trips_DOLocationID.dcf73d25bf
[0m18:41:17.398731 [debug] [Thread-1 (]: Re-using an available connection from the pool (formerly test.nyc_taxi_data_analytics.assert_valid_timestamp, now test.nyc_taxi_data_analytics.not_null_prc_taxi_trips_DOLocationID.dcf73d25bf)
[0m18:41:17.398922 [debug] [Thread-1 (]: Began compiling node test.nyc_taxi_data_analytics.not_null_prc_taxi_trips_DOLocationID.dcf73d25bf
[0m18:41:17.399091 [debug] [Thread-2 (]: Began executing node test.nyc_taxi_data_analytics.assert_valid_trip_location
[0m18:41:17.403431 [debug] [Thread-1 (]: Writing injected SQL for node "test.nyc_taxi_data_analytics.not_null_prc_taxi_trips_DOLocationID.dcf73d25bf"
[0m18:41:17.403765 [debug] [Thread-2 (]: Finished running node test.nyc_taxi_data_analytics.assert_valid_trip_location
[0m18:41:17.404007 [debug] [Thread-2 (]: Began running node test.nyc_taxi_data_analytics.not_null_prc_taxi_trips_PULocationID.1bbd3f1146
[0m18:41:17.404237 [debug] [Thread-2 (]: Re-using an available connection from the pool (formerly test.nyc_taxi_data_analytics.assert_valid_trip_location, now test.nyc_taxi_data_analytics.not_null_prc_taxi_trips_PULocationID.1bbd3f1146)
[0m18:41:17.404410 [debug] [Thread-2 (]: Began compiling node test.nyc_taxi_data_analytics.not_null_prc_taxi_trips_PULocationID.1bbd3f1146
[0m18:41:17.404570 [debug] [Thread-1 (]: Began executing node test.nyc_taxi_data_analytics.not_null_prc_taxi_trips_DOLocationID.dcf73d25bf
[0m18:41:17.406437 [debug] [Thread-2 (]: Writing injected SQL for node "test.nyc_taxi_data_analytics.not_null_prc_taxi_trips_PULocationID.1bbd3f1146"
[0m18:41:17.406757 [debug] [Thread-1 (]: Finished running node test.nyc_taxi_data_analytics.not_null_prc_taxi_trips_DOLocationID.dcf73d25bf
[0m18:41:17.406974 [debug] [Thread-1 (]: Began running node test.nyc_taxi_data_analytics.not_null_prc_taxi_trips_RatecodeID.fea7928e11
[0m18:41:17.407157 [debug] [Thread-1 (]: Re-using an available connection from the pool (formerly test.nyc_taxi_data_analytics.not_null_prc_taxi_trips_DOLocationID.dcf73d25bf, now test.nyc_taxi_data_analytics.not_null_prc_taxi_trips_RatecodeID.fea7928e11)
[0m18:41:17.407352 [debug] [Thread-1 (]: Began compiling node test.nyc_taxi_data_analytics.not_null_prc_taxi_trips_RatecodeID.fea7928e11
[0m18:41:17.409205 [debug] [Thread-1 (]: Writing injected SQL for node "test.nyc_taxi_data_analytics.not_null_prc_taxi_trips_RatecodeID.fea7928e11"
[0m18:41:17.409407 [debug] [Thread-2 (]: Began executing node test.nyc_taxi_data_analytics.not_null_prc_taxi_trips_PULocationID.1bbd3f1146
[0m18:41:17.409719 [debug] [Thread-2 (]: Finished running node test.nyc_taxi_data_analytics.not_null_prc_taxi_trips_PULocationID.1bbd3f1146
[0m18:41:17.409901 [debug] [Thread-2 (]: Began running node test.nyc_taxi_data_analytics.not_null_prc_taxi_trips_dropoff_datetime.7f59eea3b3
[0m18:41:17.410074 [debug] [Thread-2 (]: Re-using an available connection from the pool (formerly test.nyc_taxi_data_analytics.not_null_prc_taxi_trips_PULocationID.1bbd3f1146, now test.nyc_taxi_data_analytics.not_null_prc_taxi_trips_dropoff_datetime.7f59eea3b3)
[0m18:41:17.410266 [debug] [Thread-2 (]: Began compiling node test.nyc_taxi_data_analytics.not_null_prc_taxi_trips_dropoff_datetime.7f59eea3b3
[0m18:41:17.412081 [debug] [Thread-2 (]: Writing injected SQL for node "test.nyc_taxi_data_analytics.not_null_prc_taxi_trips_dropoff_datetime.7f59eea3b3"
[0m18:41:17.412256 [debug] [Thread-1 (]: Began executing node test.nyc_taxi_data_analytics.not_null_prc_taxi_trips_RatecodeID.fea7928e11
[0m18:41:17.412539 [debug] [Thread-1 (]: Finished running node test.nyc_taxi_data_analytics.not_null_prc_taxi_trips_RatecodeID.fea7928e11
[0m18:41:17.412721 [debug] [Thread-1 (]: Began running node test.nyc_taxi_data_analytics.not_null_prc_taxi_trips_payment_type.fde637a2d7
[0m18:41:17.412904 [debug] [Thread-1 (]: Re-using an available connection from the pool (formerly test.nyc_taxi_data_analytics.not_null_prc_taxi_trips_RatecodeID.fea7928e11, now test.nyc_taxi_data_analytics.not_null_prc_taxi_trips_payment_type.fde637a2d7)
[0m18:41:17.413070 [debug] [Thread-2 (]: Began executing node test.nyc_taxi_data_analytics.not_null_prc_taxi_trips_dropoff_datetime.7f59eea3b3
[0m18:41:17.413220 [debug] [Thread-1 (]: Began compiling node test.nyc_taxi_data_analytics.not_null_prc_taxi_trips_payment_type.fde637a2d7
[0m18:41:17.413480 [debug] [Thread-2 (]: Finished running node test.nyc_taxi_data_analytics.not_null_prc_taxi_trips_dropoff_datetime.7f59eea3b3
[0m18:41:17.415172 [debug] [Thread-1 (]: Writing injected SQL for node "test.nyc_taxi_data_analytics.not_null_prc_taxi_trips_payment_type.fde637a2d7"
[0m18:41:17.415366 [debug] [Thread-2 (]: Began running node test.nyc_taxi_data_analytics.not_null_prc_taxi_trips_pickup_datetime.2e510a5b8f
[0m18:41:17.415581 [debug] [Thread-2 (]: Re-using an available connection from the pool (formerly test.nyc_taxi_data_analytics.not_null_prc_taxi_trips_dropoff_datetime.7f59eea3b3, now test.nyc_taxi_data_analytics.not_null_prc_taxi_trips_pickup_datetime.2e510a5b8f)
[0m18:41:17.415746 [debug] [Thread-2 (]: Began compiling node test.nyc_taxi_data_analytics.not_null_prc_taxi_trips_pickup_datetime.2e510a5b8f
[0m18:41:17.418301 [debug] [Thread-2 (]: Writing injected SQL for node "test.nyc_taxi_data_analytics.not_null_prc_taxi_trips_pickup_datetime.2e510a5b8f"
[0m18:41:17.418489 [debug] [Thread-1 (]: Began executing node test.nyc_taxi_data_analytics.not_null_prc_taxi_trips_payment_type.fde637a2d7
[0m18:41:17.418741 [debug] [Thread-1 (]: Finished running node test.nyc_taxi_data_analytics.not_null_prc_taxi_trips_payment_type.fde637a2d7
[0m18:41:17.418896 [debug] [Thread-1 (]: Began running node test.nyc_taxi_data_analytics.not_null_prc_taxi_trips_store_and_fwd_flag.68c1bb5d40
[0m18:41:17.419077 [debug] [Thread-1 (]: Re-using an available connection from the pool (formerly test.nyc_taxi_data_analytics.not_null_prc_taxi_trips_payment_type.fde637a2d7, now test.nyc_taxi_data_analytics.not_null_prc_taxi_trips_store_and_fwd_flag.68c1bb5d40)
[0m18:41:17.419244 [debug] [Thread-1 (]: Began compiling node test.nyc_taxi_data_analytics.not_null_prc_taxi_trips_store_and_fwd_flag.68c1bb5d40
[0m18:41:17.419390 [debug] [Thread-2 (]: Began executing node test.nyc_taxi_data_analytics.not_null_prc_taxi_trips_pickup_datetime.2e510a5b8f
[0m18:41:17.421028 [debug] [Thread-1 (]: Writing injected SQL for node "test.nyc_taxi_data_analytics.not_null_prc_taxi_trips_store_and_fwd_flag.68c1bb5d40"
[0m18:41:17.421309 [debug] [Thread-2 (]: Finished running node test.nyc_taxi_data_analytics.not_null_prc_taxi_trips_pickup_datetime.2e510a5b8f
[0m18:41:17.421506 [debug] [Thread-2 (]: Began running node test.nyc_taxi_data_analytics.not_null_prc_taxi_trips_total_amount.c5d16f0a53
[0m18:41:17.421688 [debug] [Thread-2 (]: Re-using an available connection from the pool (formerly test.nyc_taxi_data_analytics.not_null_prc_taxi_trips_pickup_datetime.2e510a5b8f, now test.nyc_taxi_data_analytics.not_null_prc_taxi_trips_total_amount.c5d16f0a53)
[0m18:41:17.421841 [debug] [Thread-2 (]: Began compiling node test.nyc_taxi_data_analytics.not_null_prc_taxi_trips_total_amount.c5d16f0a53
[0m18:41:17.423522 [debug] [Thread-2 (]: Writing injected SQL for node "test.nyc_taxi_data_analytics.not_null_prc_taxi_trips_total_amount.c5d16f0a53"
[0m18:41:17.423717 [debug] [Thread-1 (]: Began executing node test.nyc_taxi_data_analytics.not_null_prc_taxi_trips_store_and_fwd_flag.68c1bb5d40
[0m18:41:17.423991 [debug] [Thread-1 (]: Finished running node test.nyc_taxi_data_analytics.not_null_prc_taxi_trips_store_and_fwd_flag.68c1bb5d40
[0m18:41:17.424153 [debug] [Thread-1 (]: Began running node test.nyc_taxi_data_analytics.not_null_prc_taxi_trips_trip_distance.7d0f1fe7bd
[0m18:41:17.424331 [debug] [Thread-1 (]: Re-using an available connection from the pool (formerly test.nyc_taxi_data_analytics.not_null_prc_taxi_trips_store_and_fwd_flag.68c1bb5d40, now test.nyc_taxi_data_analytics.not_null_prc_taxi_trips_trip_distance.7d0f1fe7bd)
[0m18:41:17.424498 [debug] [Thread-1 (]: Began compiling node test.nyc_taxi_data_analytics.not_null_prc_taxi_trips_trip_distance.7d0f1fe7bd
[0m18:41:17.424643 [debug] [Thread-2 (]: Began executing node test.nyc_taxi_data_analytics.not_null_prc_taxi_trips_total_amount.c5d16f0a53
[0m18:41:17.426272 [debug] [Thread-1 (]: Writing injected SQL for node "test.nyc_taxi_data_analytics.not_null_prc_taxi_trips_trip_distance.7d0f1fe7bd"
[0m18:41:17.426547 [debug] [Thread-2 (]: Finished running node test.nyc_taxi_data_analytics.not_null_prc_taxi_trips_total_amount.c5d16f0a53
[0m18:41:17.426745 [debug] [Thread-2 (]: Began running node test.nyc_taxi_data_analytics.assert_positive_value_dim_location_location_id.bfa80221c8
[0m18:41:17.426925 [debug] [Thread-2 (]: Re-using an available connection from the pool (formerly test.nyc_taxi_data_analytics.not_null_prc_taxi_trips_total_amount.c5d16f0a53, now test.nyc_taxi_data_analytics.assert_positive_value_dim_location_location_id.bfa80221c8)
[0m18:41:17.427077 [debug] [Thread-2 (]: Began compiling node test.nyc_taxi_data_analytics.assert_positive_value_dim_location_location_id.bfa80221c8
[0m18:41:17.427221 [debug] [Thread-1 (]: Began executing node test.nyc_taxi_data_analytics.not_null_prc_taxi_trips_trip_distance.7d0f1fe7bd
[0m18:41:17.428792 [debug] [Thread-2 (]: Writing injected SQL for node "test.nyc_taxi_data_analytics.assert_positive_value_dim_location_location_id.bfa80221c8"
[0m18:41:17.429069 [debug] [Thread-1 (]: Finished running node test.nyc_taxi_data_analytics.not_null_prc_taxi_trips_trip_distance.7d0f1fe7bd
[0m18:41:17.429258 [debug] [Thread-1 (]: Began running node test.nyc_taxi_data_analytics.not_null_dim_location_borough.a8e6f2b983
[0m18:41:17.429429 [debug] [Thread-1 (]: Re-using an available connection from the pool (formerly test.nyc_taxi_data_analytics.not_null_prc_taxi_trips_trip_distance.7d0f1fe7bd, now test.nyc_taxi_data_analytics.not_null_dim_location_borough.a8e6f2b983)
[0m18:41:17.429574 [debug] [Thread-1 (]: Began compiling node test.nyc_taxi_data_analytics.not_null_dim_location_borough.a8e6f2b983
[0m18:41:17.431163 [debug] [Thread-1 (]: Writing injected SQL for node "test.nyc_taxi_data_analytics.not_null_dim_location_borough.a8e6f2b983"
[0m18:41:17.431373 [debug] [Thread-2 (]: Began executing node test.nyc_taxi_data_analytics.assert_positive_value_dim_location_location_id.bfa80221c8
[0m18:41:17.431640 [debug] [Thread-2 (]: Finished running node test.nyc_taxi_data_analytics.assert_positive_value_dim_location_location_id.bfa80221c8
[0m18:41:17.431807 [debug] [Thread-2 (]: Began running node test.nyc_taxi_data_analytics.not_null_dim_location_location_id.8635435d86
[0m18:41:17.431980 [debug] [Thread-2 (]: Re-using an available connection from the pool (formerly test.nyc_taxi_data_analytics.assert_positive_value_dim_location_location_id.bfa80221c8, now test.nyc_taxi_data_analytics.not_null_dim_location_location_id.8635435d86)
[0m18:41:17.432142 [debug] [Thread-1 (]: Began executing node test.nyc_taxi_data_analytics.not_null_dim_location_borough.a8e6f2b983
[0m18:41:17.432282 [debug] [Thread-2 (]: Began compiling node test.nyc_taxi_data_analytics.not_null_dim_location_location_id.8635435d86
[0m18:41:17.432518 [debug] [Thread-1 (]: Finished running node test.nyc_taxi_data_analytics.not_null_dim_location_borough.a8e6f2b983
[0m18:41:17.434100 [debug] [Thread-2 (]: Writing injected SQL for node "test.nyc_taxi_data_analytics.not_null_dim_location_location_id.8635435d86"
[0m18:41:17.434281 [debug] [Thread-1 (]: Began running node test.nyc_taxi_data_analytics.not_null_dim_location_zone.f8af2ac241
[0m18:41:17.434476 [debug] [Thread-1 (]: Re-using an available connection from the pool (formerly test.nyc_taxi_data_analytics.not_null_dim_location_borough.a8e6f2b983, now test.nyc_taxi_data_analytics.not_null_dim_location_zone.f8af2ac241)
[0m18:41:17.434631 [debug] [Thread-1 (]: Began compiling node test.nyc_taxi_data_analytics.not_null_dim_location_zone.f8af2ac241
[0m18:41:17.436184 [debug] [Thread-1 (]: Writing injected SQL for node "test.nyc_taxi_data_analytics.not_null_dim_location_zone.f8af2ac241"
[0m18:41:17.436398 [debug] [Thread-2 (]: Began executing node test.nyc_taxi_data_analytics.not_null_dim_location_location_id.8635435d86
[0m18:41:17.436740 [debug] [Thread-2 (]: Finished running node test.nyc_taxi_data_analytics.not_null_dim_location_location_id.8635435d86
[0m18:41:17.436918 [debug] [Thread-2 (]: Began running node test.nyc_taxi_data_analytics.unique_dim_location_location_id.9acbee647a
[0m18:41:17.437076 [debug] [Thread-1 (]: Began executing node test.nyc_taxi_data_analytics.not_null_dim_location_zone.f8af2ac241
[0m18:41:17.437227 [debug] [Thread-2 (]: Re-using an available connection from the pool (formerly test.nyc_taxi_data_analytics.not_null_dim_location_location_id.8635435d86, now test.nyc_taxi_data_analytics.unique_dim_location_location_id.9acbee647a)
[0m18:41:17.437477 [debug] [Thread-1 (]: Finished running node test.nyc_taxi_data_analytics.not_null_dim_location_zone.f8af2ac241
[0m18:41:17.437628 [debug] [Thread-2 (]: Began compiling node test.nyc_taxi_data_analytics.unique_dim_location_location_id.9acbee647a
[0m18:41:17.437792 [debug] [Thread-1 (]: Began running node test.nyc_taxi_data_analytics.assert_positive_value_dim_taxi_trips_fare_amount.ae4b2cab1d
[0m18:41:17.440437 [debug] [Thread-2 (]: Writing injected SQL for node "test.nyc_taxi_data_analytics.unique_dim_location_location_id.9acbee647a"
[0m18:41:17.440621 [debug] [Thread-1 (]: Re-using an available connection from the pool (formerly test.nyc_taxi_data_analytics.not_null_dim_location_zone.f8af2ac241, now test.nyc_taxi_data_analytics.assert_positive_value_dim_taxi_trips_fare_amount.ae4b2cab1d)
[0m18:41:17.440802 [debug] [Thread-1 (]: Began compiling node test.nyc_taxi_data_analytics.assert_positive_value_dim_taxi_trips_fare_amount.ae4b2cab1d
[0m18:41:17.442292 [debug] [Thread-1 (]: Writing injected SQL for node "test.nyc_taxi_data_analytics.assert_positive_value_dim_taxi_trips_fare_amount.ae4b2cab1d"
[0m18:41:17.442501 [debug] [Thread-2 (]: Began executing node test.nyc_taxi_data_analytics.unique_dim_location_location_id.9acbee647a
[0m18:41:17.442767 [debug] [Thread-2 (]: Finished running node test.nyc_taxi_data_analytics.unique_dim_location_location_id.9acbee647a
[0m18:41:17.442931 [debug] [Thread-2 (]: Began running node test.nyc_taxi_data_analytics.assert_positive_value_dim_taxi_trips_passenger_count.0a2123d397
[0m18:41:17.443083 [debug] [Thread-1 (]: Began executing node test.nyc_taxi_data_analytics.assert_positive_value_dim_taxi_trips_fare_amount.ae4b2cab1d
[0m18:41:17.443234 [debug] [Thread-2 (]: Re-using an available connection from the pool (formerly test.nyc_taxi_data_analytics.unique_dim_location_location_id.9acbee647a, now test.nyc_taxi_data_analytics.assert_positive_value_dim_taxi_trips_passenger_count.0a2123d397)
[0m18:41:17.443488 [debug] [Thread-1 (]: Finished running node test.nyc_taxi_data_analytics.assert_positive_value_dim_taxi_trips_fare_amount.ae4b2cab1d
[0m18:41:17.443638 [debug] [Thread-2 (]: Began compiling node test.nyc_taxi_data_analytics.assert_positive_value_dim_taxi_trips_passenger_count.0a2123d397
[0m18:41:17.443797 [debug] [Thread-1 (]: Began running node test.nyc_taxi_data_analytics.assert_positive_value_dim_taxi_trips_total_amount.87eb026bb6
[0m18:41:17.445302 [debug] [Thread-2 (]: Writing injected SQL for node "test.nyc_taxi_data_analytics.assert_positive_value_dim_taxi_trips_passenger_count.0a2123d397"
[0m18:41:17.445479 [debug] [Thread-1 (]: Re-using an available connection from the pool (formerly test.nyc_taxi_data_analytics.assert_positive_value_dim_taxi_trips_fare_amount.ae4b2cab1d, now test.nyc_taxi_data_analytics.assert_positive_value_dim_taxi_trips_total_amount.87eb026bb6)
[0m18:41:17.445660 [debug] [Thread-1 (]: Began compiling node test.nyc_taxi_data_analytics.assert_positive_value_dim_taxi_trips_total_amount.87eb026bb6
[0m18:41:17.447873 [debug] [Thread-1 (]: Writing injected SQL for node "test.nyc_taxi_data_analytics.assert_positive_value_dim_taxi_trips_total_amount.87eb026bb6"
[0m18:41:17.448171 [debug] [Thread-1 (]: Began executing node test.nyc_taxi_data_analytics.assert_positive_value_dim_taxi_trips_total_amount.87eb026bb6
[0m18:41:17.448424 [debug] [Thread-1 (]: Finished running node test.nyc_taxi_data_analytics.assert_positive_value_dim_taxi_trips_total_amount.87eb026bb6
[0m18:41:17.448577 [debug] [Thread-1 (]: Began running node test.nyc_taxi_data_analytics.assert_positive_value_dim_taxi_trips_trip_distance.0af149968a
[0m18:41:17.448746 [debug] [Thread-1 (]: Re-using an available connection from the pool (formerly test.nyc_taxi_data_analytics.assert_positive_value_dim_taxi_trips_total_amount.87eb026bb6, now test.nyc_taxi_data_analytics.assert_positive_value_dim_taxi_trips_trip_distance.0af149968a)
[0m18:41:17.448892 [debug] [Thread-1 (]: Began compiling node test.nyc_taxi_data_analytics.assert_positive_value_dim_taxi_trips_trip_distance.0af149968a
[0m18:41:17.450417 [debug] [Thread-1 (]: Writing injected SQL for node "test.nyc_taxi_data_analytics.assert_positive_value_dim_taxi_trips_trip_distance.0af149968a"
[0m18:41:17.450595 [debug] [Thread-2 (]: Began executing node test.nyc_taxi_data_analytics.assert_positive_value_dim_taxi_trips_passenger_count.0a2123d397
[0m18:41:17.450849 [debug] [Thread-2 (]: Finished running node test.nyc_taxi_data_analytics.assert_positive_value_dim_taxi_trips_passenger_count.0a2123d397
[0m18:41:17.451000 [debug] [Thread-2 (]: Began running node test.nyc_taxi_data_analytics.duplicate_check
[0m18:41:17.451167 [debug] [Thread-2 (]: Re-using an available connection from the pool (formerly test.nyc_taxi_data_analytics.assert_positive_value_dim_taxi_trips_passenger_count.0a2123d397, now test.nyc_taxi_data_analytics.duplicate_check)
[0m18:41:17.451333 [debug] [Thread-2 (]: Began compiling node test.nyc_taxi_data_analytics.duplicate_check
[0m18:41:17.451475 [debug] [Thread-1 (]: Began executing node test.nyc_taxi_data_analytics.assert_positive_value_dim_taxi_trips_trip_distance.0af149968a
[0m18:41:17.452533 [debug] [Thread-2 (]: Writing injected SQL for node "test.nyc_taxi_data_analytics.duplicate_check"
[0m18:41:17.452793 [debug] [Thread-1 (]: Finished running node test.nyc_taxi_data_analytics.assert_positive_value_dim_taxi_trips_trip_distance.0af149968a
[0m18:41:17.452990 [debug] [Thread-1 (]: Began running node model.nyc_taxi_data_analytics.fact_taxi_trips
[0m18:41:17.453171 [debug] [Thread-1 (]: Re-using an available connection from the pool (formerly test.nyc_taxi_data_analytics.assert_positive_value_dim_taxi_trips_trip_distance.0af149968a, now model.nyc_taxi_data_analytics.fact_taxi_trips)
[0m18:41:17.453323 [debug] [Thread-1 (]: Began compiling node model.nyc_taxi_data_analytics.fact_taxi_trips
[0m18:41:17.453456 [debug] [Thread-2 (]: Began executing node test.nyc_taxi_data_analytics.duplicate_check
[0m18:41:17.455215 [debug] [Thread-1 (]: Writing injected SQL for node "model.nyc_taxi_data_analytics.fact_taxi_trips"
[0m18:41:17.455491 [debug] [Thread-2 (]: Finished running node test.nyc_taxi_data_analytics.duplicate_check
[0m18:41:17.455676 [debug] [Thread-2 (]: Began running node test.nyc_taxi_data_analytics.not_null_dim_time_time_id.6bb481dd5c
[0m18:41:17.455829 [debug] [Thread-2 (]: Re-using an available connection from the pool (formerly test.nyc_taxi_data_analytics.duplicate_check, now test.nyc_taxi_data_analytics.not_null_dim_time_time_id.6bb481dd5c)
[0m18:41:17.455973 [debug] [Thread-2 (]: Began compiling node test.nyc_taxi_data_analytics.not_null_dim_time_time_id.6bb481dd5c
[0m18:41:17.457528 [debug] [Thread-2 (]: Writing injected SQL for node "test.nyc_taxi_data_analytics.not_null_dim_time_time_id.6bb481dd5c"
[0m18:41:17.457718 [debug] [Thread-1 (]: Began executing node model.nyc_taxi_data_analytics.fact_taxi_trips
[0m18:41:17.457990 [debug] [Thread-1 (]: Finished running node model.nyc_taxi_data_analytics.fact_taxi_trips
[0m18:41:17.458180 [debug] [Thread-1 (]: Began running node test.nyc_taxi_data_analytics.unique_dim_time_time_id.0752c025e8
[0m18:41:17.458418 [debug] [Thread-1 (]: Re-using an available connection from the pool (formerly model.nyc_taxi_data_analytics.fact_taxi_trips, now test.nyc_taxi_data_analytics.unique_dim_time_time_id.0752c025e8)
[0m18:41:17.458636 [debug] [Thread-1 (]: Began compiling node test.nyc_taxi_data_analytics.unique_dim_time_time_id.0752c025e8
[0m18:41:17.458816 [debug] [Thread-2 (]: Began executing node test.nyc_taxi_data_analytics.not_null_dim_time_time_id.6bb481dd5c
[0m18:41:17.460731 [debug] [Thread-1 (]: Writing injected SQL for node "test.nyc_taxi_data_analytics.unique_dim_time_time_id.0752c025e8"
[0m18:41:17.461044 [debug] [Thread-2 (]: Finished running node test.nyc_taxi_data_analytics.not_null_dim_time_time_id.6bb481dd5c
[0m18:41:17.461258 [debug] [Thread-2 (]: Began running node model.nyc_taxi_data_analytics.average_fare_amount
[0m18:41:17.461431 [debug] [Thread-2 (]: Re-using an available connection from the pool (formerly test.nyc_taxi_data_analytics.not_null_dim_time_time_id.6bb481dd5c, now model.nyc_taxi_data_analytics.average_fare_amount)
[0m18:41:17.461622 [debug] [Thread-2 (]: Began compiling node model.nyc_taxi_data_analytics.average_fare_amount
[0m18:41:17.462898 [debug] [Thread-2 (]: Writing injected SQL for node "model.nyc_taxi_data_analytics.average_fare_amount"
[0m18:41:17.463065 [debug] [Thread-1 (]: Began executing node test.nyc_taxi_data_analytics.unique_dim_time_time_id.0752c025e8
[0m18:41:17.463358 [debug] [Thread-1 (]: Finished running node test.nyc_taxi_data_analytics.unique_dim_time_time_id.0752c025e8
[0m18:41:17.463526 [debug] [Thread-1 (]: Began running node model.nyc_taxi_data_analytics.average_trip_duration
[0m18:41:17.463706 [debug] [Thread-1 (]: Re-using an available connection from the pool (formerly test.nyc_taxi_data_analytics.unique_dim_time_time_id.0752c025e8, now model.nyc_taxi_data_analytics.average_trip_duration)
[0m18:41:17.463880 [debug] [Thread-1 (]: Began compiling node model.nyc_taxi_data_analytics.average_trip_duration
[0m18:41:17.465253 [debug] [Thread-1 (]: Writing injected SQL for node "model.nyc_taxi_data_analytics.average_trip_duration"
[0m18:41:17.465420 [debug] [Thread-2 (]: Began executing node model.nyc_taxi_data_analytics.average_fare_amount
[0m18:41:17.465695 [debug] [Thread-2 (]: Finished running node model.nyc_taxi_data_analytics.average_fare_amount
[0m18:41:17.465868 [debug] [Thread-2 (]: Began running node model.nyc_taxi_data_analytics.average_waiting_time_bw_trips
[0m18:41:17.466046 [debug] [Thread-2 (]: Re-using an available connection from the pool (formerly model.nyc_taxi_data_analytics.average_fare_amount, now model.nyc_taxi_data_analytics.average_waiting_time_bw_trips)
[0m18:41:17.466204 [debug] [Thread-1 (]: Began executing node model.nyc_taxi_data_analytics.average_trip_duration
[0m18:41:17.466347 [debug] [Thread-2 (]: Began compiling node model.nyc_taxi_data_analytics.average_waiting_time_bw_trips
[0m18:41:17.466589 [debug] [Thread-1 (]: Finished running node model.nyc_taxi_data_analytics.average_trip_duration
[0m18:41:17.467786 [debug] [Thread-2 (]: Writing injected SQL for node "model.nyc_taxi_data_analytics.average_waiting_time_bw_trips"
[0m18:41:17.467967 [debug] [Thread-1 (]: Began running node model.nyc_taxi_data_analytics.cash_vs_card_trans
[0m18:41:17.468170 [debug] [Thread-1 (]: Re-using an available connection from the pool (formerly model.nyc_taxi_data_analytics.average_trip_duration, now model.nyc_taxi_data_analytics.cash_vs_card_trans)
[0m18:41:17.468328 [debug] [Thread-1 (]: Began compiling node model.nyc_taxi_data_analytics.cash_vs_card_trans
[0m18:41:17.469481 [debug] [Thread-1 (]: Writing injected SQL for node "model.nyc_taxi_data_analytics.cash_vs_card_trans"
[0m18:41:17.469688 [debug] [Thread-2 (]: Began executing node model.nyc_taxi_data_analytics.average_waiting_time_bw_trips
[0m18:41:17.469974 [debug] [Thread-2 (]: Finished running node model.nyc_taxi_data_analytics.average_waiting_time_bw_trips
[0m18:41:17.470148 [debug] [Thread-2 (]: Began running node model.nyc_taxi_data_analytics.common_pickup_locations
[0m18:41:17.470299 [debug] [Thread-1 (]: Began executing node model.nyc_taxi_data_analytics.cash_vs_card_trans
[0m18:41:17.470446 [debug] [Thread-2 (]: Re-using an available connection from the pool (formerly model.nyc_taxi_data_analytics.average_waiting_time_bw_trips, now model.nyc_taxi_data_analytics.common_pickup_locations)
[0m18:41:17.470694 [debug] [Thread-1 (]: Finished running node model.nyc_taxi_data_analytics.cash_vs_card_trans
[0m18:41:17.470840 [debug] [Thread-2 (]: Began compiling node model.nyc_taxi_data_analytics.common_pickup_locations
[0m18:41:17.471002 [debug] [Thread-1 (]: Began running node model.nyc_taxi_data_analytics.fare_amount_by_borough
[0m18:41:17.472491 [debug] [Thread-2 (]: Writing injected SQL for node "model.nyc_taxi_data_analytics.common_pickup_locations"
[0m18:41:17.472675 [debug] [Thread-1 (]: Re-using an available connection from the pool (formerly model.nyc_taxi_data_analytics.cash_vs_card_trans, now model.nyc_taxi_data_analytics.fare_amount_by_borough)
[0m18:41:17.472863 [debug] [Thread-1 (]: Began compiling node model.nyc_taxi_data_analytics.fare_amount_by_borough
[0m18:41:17.474177 [debug] [Thread-1 (]: Writing injected SQL for node "model.nyc_taxi_data_analytics.fare_amount_by_borough"
[0m18:41:17.474388 [debug] [Thread-2 (]: Began executing node model.nyc_taxi_data_analytics.common_pickup_locations
[0m18:41:17.474665 [debug] [Thread-2 (]: Finished running node model.nyc_taxi_data_analytics.common_pickup_locations
[0m18:41:17.474825 [debug] [Thread-2 (]: Began running node model.nyc_taxi_data_analytics.most_common_payment
[0m18:41:17.475024 [debug] [Thread-1 (]: Began executing node model.nyc_taxi_data_analytics.fare_amount_by_borough
[0m18:41:17.475179 [debug] [Thread-2 (]: Re-using an available connection from the pool (formerly model.nyc_taxi_data_analytics.common_pickup_locations, now model.nyc_taxi_data_analytics.most_common_payment)
[0m18:41:17.475486 [debug] [Thread-1 (]: Finished running node model.nyc_taxi_data_analytics.fare_amount_by_borough
[0m18:41:17.475641 [debug] [Thread-2 (]: Began compiling node model.nyc_taxi_data_analytics.most_common_payment
[0m18:41:17.475807 [debug] [Thread-1 (]: Began running node model.nyc_taxi_data_analytics.most_efficient_route
[0m18:41:17.478069 [debug] [Thread-2 (]: Writing injected SQL for node "model.nyc_taxi_data_analytics.most_common_payment"
[0m18:41:17.478284 [debug] [Thread-1 (]: Re-using an available connection from the pool (formerly model.nyc_taxi_data_analytics.fare_amount_by_borough, now model.nyc_taxi_data_analytics.most_efficient_route)
[0m18:41:17.478482 [debug] [Thread-1 (]: Began compiling node model.nyc_taxi_data_analytics.most_efficient_route
[0m18:41:17.479823 [debug] [Thread-1 (]: Writing injected SQL for node "model.nyc_taxi_data_analytics.most_efficient_route"
[0m18:41:17.480035 [debug] [Thread-2 (]: Began executing node model.nyc_taxi_data_analytics.most_common_payment
[0m18:41:17.480327 [debug] [Thread-2 (]: Finished running node model.nyc_taxi_data_analytics.most_common_payment
[0m18:41:17.480502 [debug] [Thread-2 (]: Began running node model.nyc_taxi_data_analytics.peak_customer_demand
[0m18:41:17.480705 [debug] [Thread-2 (]: Re-using an available connection from the pool (formerly model.nyc_taxi_data_analytics.most_common_payment, now model.nyc_taxi_data_analytics.peak_customer_demand)
[0m18:41:17.480858 [debug] [Thread-1 (]: Began executing node model.nyc_taxi_data_analytics.most_efficient_route
[0m18:41:17.480995 [debug] [Thread-2 (]: Began compiling node model.nyc_taxi_data_analytics.peak_customer_demand
[0m18:41:17.481230 [debug] [Thread-1 (]: Finished running node model.nyc_taxi_data_analytics.most_efficient_route
[0m18:41:17.482737 [debug] [Thread-2 (]: Writing injected SQL for node "model.nyc_taxi_data_analytics.peak_customer_demand"
[0m18:41:17.482946 [debug] [Thread-1 (]: Began running node model.nyc_taxi_data_analytics.peak_vs_nonpeak_hour
[0m18:41:17.483179 [debug] [Thread-1 (]: Re-using an available connection from the pool (formerly model.nyc_taxi_data_analytics.most_efficient_route, now model.nyc_taxi_data_analytics.peak_vs_nonpeak_hour)
[0m18:41:17.483340 [debug] [Thread-1 (]: Began compiling node model.nyc_taxi_data_analytics.peak_vs_nonpeak_hour
[0m18:41:17.484727 [debug] [Thread-1 (]: Writing injected SQL for node "model.nyc_taxi_data_analytics.peak_vs_nonpeak_hour"
[0m18:41:17.484985 [debug] [Thread-2 (]: Began executing node model.nyc_taxi_data_analytics.peak_customer_demand
[0m18:41:17.485240 [debug] [Thread-2 (]: Finished running node model.nyc_taxi_data_analytics.peak_customer_demand
[0m18:41:17.485407 [debug] [Thread-2 (]: Began running node model.nyc_taxi_data_analytics.short_vs_long_trips
[0m18:41:17.485571 [debug] [Thread-1 (]: Began executing node model.nyc_taxi_data_analytics.peak_vs_nonpeak_hour
[0m18:41:17.485726 [debug] [Thread-2 (]: Re-using an available connection from the pool (formerly model.nyc_taxi_data_analytics.peak_customer_demand, now model.nyc_taxi_data_analytics.short_vs_long_trips)
[0m18:41:17.485993 [debug] [Thread-1 (]: Finished running node model.nyc_taxi_data_analytics.peak_vs_nonpeak_hour
[0m18:41:17.486142 [debug] [Thread-2 (]: Began compiling node model.nyc_taxi_data_analytics.short_vs_long_trips
[0m18:41:17.486309 [debug] [Thread-1 (]: Began running node model.nyc_taxi_data_analytics.tipping_behavior
[0m18:41:17.487630 [debug] [Thread-2 (]: Writing injected SQL for node "model.nyc_taxi_data_analytics.short_vs_long_trips"
[0m18:41:17.487813 [debug] [Thread-1 (]: Re-using an available connection from the pool (formerly model.nyc_taxi_data_analytics.peak_vs_nonpeak_hour, now model.nyc_taxi_data_analytics.tipping_behavior)
[0m18:41:17.487996 [debug] [Thread-1 (]: Began compiling node model.nyc_taxi_data_analytics.tipping_behavior
[0m18:41:17.489312 [debug] [Thread-1 (]: Writing injected SQL for node "model.nyc_taxi_data_analytics.tipping_behavior"
[0m18:41:17.489523 [debug] [Thread-2 (]: Began executing node model.nyc_taxi_data_analytics.short_vs_long_trips
[0m18:41:17.489788 [debug] [Thread-2 (]: Finished running node model.nyc_taxi_data_analytics.short_vs_long_trips
[0m18:41:17.489946 [debug] [Thread-2 (]: Began running node model.nyc_taxi_data_analytics.total_earnings_per_month
[0m18:41:17.490118 [debug] [Thread-2 (]: Re-using an available connection from the pool (formerly model.nyc_taxi_data_analytics.short_vs_long_trips, now model.nyc_taxi_data_analytics.total_earnings_per_month)
[0m18:41:17.490271 [debug] [Thread-2 (]: Began compiling node model.nyc_taxi_data_analytics.total_earnings_per_month
[0m18:41:17.490409 [debug] [Thread-1 (]: Began executing node model.nyc_taxi_data_analytics.tipping_behavior
[0m18:41:17.491649 [debug] [Thread-2 (]: Writing injected SQL for node "model.nyc_taxi_data_analytics.total_earnings_per_month"
[0m18:41:17.491930 [debug] [Thread-1 (]: Finished running node model.nyc_taxi_data_analytics.tipping_behavior
[0m18:41:17.492121 [debug] [Thread-1 (]: Began running node model.nyc_taxi_data_analytics.trips_by_time_and_day
[0m18:41:17.492288 [debug] [Thread-1 (]: Re-using an available connection from the pool (formerly model.nyc_taxi_data_analytics.tipping_behavior, now model.nyc_taxi_data_analytics.trips_by_time_and_day)
[0m18:41:17.492433 [debug] [Thread-1 (]: Began compiling node model.nyc_taxi_data_analytics.trips_by_time_and_day
[0m18:41:17.493685 [debug] [Thread-1 (]: Writing injected SQL for node "model.nyc_taxi_data_analytics.trips_by_time_and_day"
[0m18:41:17.493858 [debug] [Thread-2 (]: Began executing node model.nyc_taxi_data_analytics.total_earnings_per_month
[0m18:41:17.494108 [debug] [Thread-2 (]: Finished running node model.nyc_taxi_data_analytics.total_earnings_per_month
[0m18:41:17.494264 [debug] [Thread-2 (]: Began running node model.nyc_taxi_data_analytics.vendor_market_share
[0m18:41:17.494435 [debug] [Thread-2 (]: Re-using an available connection from the pool (formerly model.nyc_taxi_data_analytics.total_earnings_per_month, now model.nyc_taxi_data_analytics.vendor_market_share)
[0m18:41:17.494588 [debug] [Thread-2 (]: Began compiling node model.nyc_taxi_data_analytics.vendor_market_share
[0m18:41:17.494728 [debug] [Thread-1 (]: Began executing node model.nyc_taxi_data_analytics.trips_by_time_and_day
[0m18:41:17.495849 [debug] [Thread-2 (]: Writing injected SQL for node "model.nyc_taxi_data_analytics.vendor_market_share"
[0m18:41:17.496112 [debug] [Thread-1 (]: Finished running node model.nyc_taxi_data_analytics.trips_by_time_and_day
[0m18:41:17.496311 [debug] [Thread-1 (]: Began running node test.nyc_taxi_data_analytics.assert_positive_value_fact_taxi_trips_fare_amount.e1cbe379d5
[0m18:41:17.496494 [debug] [Thread-1 (]: Re-using an available connection from the pool (formerly model.nyc_taxi_data_analytics.trips_by_time_and_day, now test.nyc_taxi_data_analytics.assert_positive_value_fact_taxi_trips_fare_amount.e1cbe379d5)
[0m18:41:17.496642 [debug] [Thread-1 (]: Began compiling node test.nyc_taxi_data_analytics.assert_positive_value_fact_taxi_trips_fare_amount.e1cbe379d5
[0m18:41:17.496779 [debug] [Thread-2 (]: Began executing node model.nyc_taxi_data_analytics.vendor_market_share
[0m18:41:17.498355 [debug] [Thread-1 (]: Writing injected SQL for node "test.nyc_taxi_data_analytics.assert_positive_value_fact_taxi_trips_fare_amount.e1cbe379d5"
[0m18:41:17.498641 [debug] [Thread-2 (]: Finished running node model.nyc_taxi_data_analytics.vendor_market_share
[0m18:41:17.498835 [debug] [Thread-2 (]: Began running node test.nyc_taxi_data_analytics.fact_vs_dim_count
[0m18:41:17.499004 [debug] [Thread-2 (]: Re-using an available connection from the pool (formerly model.nyc_taxi_data_analytics.vendor_market_share, now test.nyc_taxi_data_analytics.fact_vs_dim_count)
[0m18:41:17.499162 [debug] [Thread-2 (]: Began compiling node test.nyc_taxi_data_analytics.fact_vs_dim_count
[0m18:41:17.500469 [debug] [Thread-2 (]: Writing injected SQL for node "test.nyc_taxi_data_analytics.fact_vs_dim_count"
[0m18:41:17.500623 [debug] [Thread-1 (]: Began executing node test.nyc_taxi_data_analytics.assert_positive_value_fact_taxi_trips_fare_amount.e1cbe379d5
[0m18:41:17.500889 [debug] [Thread-1 (]: Finished running node test.nyc_taxi_data_analytics.assert_positive_value_fact_taxi_trips_fare_amount.e1cbe379d5
[0m18:41:17.501048 [debug] [Thread-1 (]: Began running node test.nyc_taxi_data_analytics.not_null_fact_taxi_trips_dropoff_datetime.b267ed285c
[0m18:41:17.501218 [debug] [Thread-1 (]: Re-using an available connection from the pool (formerly test.nyc_taxi_data_analytics.assert_positive_value_fact_taxi_trips_fare_amount.e1cbe379d5, now test.nyc_taxi_data_analytics.not_null_fact_taxi_trips_dropoff_datetime.b267ed285c)
[0m18:41:17.501380 [debug] [Thread-1 (]: Began compiling node test.nyc_taxi_data_analytics.not_null_fact_taxi_trips_dropoff_datetime.b267ed285c
[0m18:41:17.502906 [debug] [Thread-1 (]: Writing injected SQL for node "test.nyc_taxi_data_analytics.not_null_fact_taxi_trips_dropoff_datetime.b267ed285c"
[0m18:41:17.503064 [debug] [Thread-2 (]: Began executing node test.nyc_taxi_data_analytics.fact_vs_dim_count
[0m18:41:17.503319 [debug] [Thread-2 (]: Finished running node test.nyc_taxi_data_analytics.fact_vs_dim_count
[0m18:41:17.503466 [debug] [Thread-2 (]: Began running node test.nyc_taxi_data_analytics.not_null_fact_taxi_trips_pickup_datetime.d87413dbcd
[0m18:41:17.503631 [debug] [Thread-2 (]: Re-using an available connection from the pool (formerly test.nyc_taxi_data_analytics.fact_vs_dim_count, now test.nyc_taxi_data_analytics.not_null_fact_taxi_trips_pickup_datetime.d87413dbcd)
[0m18:41:17.503788 [debug] [Thread-2 (]: Began compiling node test.nyc_taxi_data_analytics.not_null_fact_taxi_trips_pickup_datetime.d87413dbcd
[0m18:41:17.503925 [debug] [Thread-1 (]: Began executing node test.nyc_taxi_data_analytics.not_null_fact_taxi_trips_dropoff_datetime.b267ed285c
[0m18:41:17.506301 [debug] [Thread-2 (]: Writing injected SQL for node "test.nyc_taxi_data_analytics.not_null_fact_taxi_trips_pickup_datetime.d87413dbcd"
[0m18:41:17.506583 [debug] [Thread-1 (]: Finished running node test.nyc_taxi_data_analytics.not_null_fact_taxi_trips_dropoff_datetime.b267ed285c
[0m18:41:17.506782 [debug] [Thread-1 (]: Began running node test.nyc_taxi_data_analytics.not_null_fact_taxi_trips_trip_id.0a488b34a6
[0m18:41:17.506935 [debug] [Thread-1 (]: Re-using an available connection from the pool (formerly test.nyc_taxi_data_analytics.not_null_fact_taxi_trips_dropoff_datetime.b267ed285c, now test.nyc_taxi_data_analytics.not_null_fact_taxi_trips_trip_id.0a488b34a6)
[0m18:41:17.507080 [debug] [Thread-1 (]: Began compiling node test.nyc_taxi_data_analytics.not_null_fact_taxi_trips_trip_id.0a488b34a6
[0m18:41:17.508635 [debug] [Thread-1 (]: Writing injected SQL for node "test.nyc_taxi_data_analytics.not_null_fact_taxi_trips_trip_id.0a488b34a6"
[0m18:41:17.508828 [debug] [Thread-2 (]: Began executing node test.nyc_taxi_data_analytics.not_null_fact_taxi_trips_pickup_datetime.d87413dbcd
[0m18:41:17.509095 [debug] [Thread-2 (]: Finished running node test.nyc_taxi_data_analytics.not_null_fact_taxi_trips_pickup_datetime.d87413dbcd
[0m18:41:17.509262 [debug] [Thread-2 (]: Began running node test.nyc_taxi_data_analytics.relationships_fact_taxi_trips_dropoff_location_id__location_id__ref_dim_location_.d9808e50a4
[0m18:41:17.509438 [debug] [Thread-2 (]: Re-using an available connection from the pool (formerly test.nyc_taxi_data_analytics.not_null_fact_taxi_trips_pickup_datetime.d87413dbcd, now test.nyc_taxi_data_analytics.relationships_fact_taxi_trips_dropoff_location_id__location_id__ref_dim_location_.d9808e50a4)
[0m18:41:17.509594 [debug] [Thread-2 (]: Began compiling node test.nyc_taxi_data_analytics.relationships_fact_taxi_trips_dropoff_location_id__location_id__ref_dim_location_.d9808e50a4
[0m18:41:17.509729 [debug] [Thread-1 (]: Began executing node test.nyc_taxi_data_analytics.not_null_fact_taxi_trips_trip_id.0a488b34a6
[0m18:41:17.511732 [debug] [Thread-2 (]: Writing injected SQL for node "test.nyc_taxi_data_analytics.relationships_fact_taxi_trips_dropoff_location_id__location_id__ref_dim_location_.d9808e50a4"
[0m18:41:17.512009 [debug] [Thread-1 (]: Finished running node test.nyc_taxi_data_analytics.not_null_fact_taxi_trips_trip_id.0a488b34a6
[0m18:41:17.512201 [debug] [Thread-1 (]: Began running node test.nyc_taxi_data_analytics.relationships_fact_taxi_trips_pickup_location_id__location_id__ref_dim_location_.2b200d8db8
[0m18:41:17.512369 [debug] [Thread-1 (]: Re-using an available connection from the pool (formerly test.nyc_taxi_data_analytics.not_null_fact_taxi_trips_trip_id.0a488b34a6, now test.nyc_taxi_data_analytics.relationships_fact_taxi_trips_pickup_location_id__location_id__ref_dim_location_.2b200d8db8)
[0m18:41:17.512527 [debug] [Thread-1 (]: Began compiling node test.nyc_taxi_data_analytics.relationships_fact_taxi_trips_pickup_location_id__location_id__ref_dim_location_.2b200d8db8
[0m18:41:17.514522 [debug] [Thread-1 (]: Writing injected SQL for node "test.nyc_taxi_data_analytics.relationships_fact_taxi_trips_pickup_location_id__location_id__ref_dim_location_.2b200d8db8"
[0m18:41:17.514709 [debug] [Thread-2 (]: Began executing node test.nyc_taxi_data_analytics.relationships_fact_taxi_trips_dropoff_location_id__location_id__ref_dim_location_.d9808e50a4
[0m18:41:17.514962 [debug] [Thread-2 (]: Finished running node test.nyc_taxi_data_analytics.relationships_fact_taxi_trips_dropoff_location_id__location_id__ref_dim_location_.d9808e50a4
[0m18:41:17.515112 [debug] [Thread-2 (]: Began running node test.nyc_taxi_data_analytics.unique_fact_taxi_trips_trip_id.9bcb3949ad
[0m18:41:17.515289 [debug] [Thread-2 (]: Re-using an available connection from the pool (formerly test.nyc_taxi_data_analytics.relationships_fact_taxi_trips_dropoff_location_id__location_id__ref_dim_location_.d9808e50a4, now test.nyc_taxi_data_analytics.unique_fact_taxi_trips_trip_id.9bcb3949ad)
[0m18:41:17.515453 [debug] [Thread-2 (]: Began compiling node test.nyc_taxi_data_analytics.unique_fact_taxi_trips_trip_id.9bcb3949ad
[0m18:41:17.515595 [debug] [Thread-1 (]: Began executing node test.nyc_taxi_data_analytics.relationships_fact_taxi_trips_pickup_location_id__location_id__ref_dim_location_.2b200d8db8
[0m18:41:17.517093 [debug] [Thread-2 (]: Writing injected SQL for node "test.nyc_taxi_data_analytics.unique_fact_taxi_trips_trip_id.9bcb3949ad"
[0m18:41:17.517370 [debug] [Thread-1 (]: Finished running node test.nyc_taxi_data_analytics.relationships_fact_taxi_trips_pickup_location_id__location_id__ref_dim_location_.2b200d8db8
[0m18:41:17.517647 [debug] [Thread-2 (]: Began executing node test.nyc_taxi_data_analytics.unique_fact_taxi_trips_trip_id.9bcb3949ad
[0m18:41:17.517890 [debug] [Thread-2 (]: Finished running node test.nyc_taxi_data_analytics.unique_fact_taxi_trips_trip_id.9bcb3949ad
[0m18:41:17.518306 [debug] [MainThread]: Connection 'master' was properly closed.
[0m18:41:17.518435 [debug] [MainThread]: Connection 'test.nyc_taxi_data_analytics.relationships_fact_taxi_trips_pickup_location_id__location_id__ref_dim_location_.2b200d8db8' was left open.
[0m18:41:17.518560 [debug] [MainThread]: On test.nyc_taxi_data_analytics.relationships_fact_taxi_trips_pickup_location_id__location_id__ref_dim_location_.2b200d8db8: Close
[0m18:41:18.231471 [debug] [MainThread]: Connection 'test.nyc_taxi_data_analytics.unique_fact_taxi_trips_trip_id.9bcb3949ad' was left open.
[0m18:41:18.232050 [debug] [MainThread]: On test.nyc_taxi_data_analytics.unique_fact_taxi_trips_trip_id.9bcb3949ad: Close
[0m18:41:18.874171 [debug] [MainThread]: Command end result
[0m18:41:18.905457 [debug] [MainThread]: Wrote artifact WritableManifest to /Users/tushargupta/Documents/Projects/NYC-Taxi-Data-Analytics/target/manifest.json
[0m18:41:18.906596 [debug] [MainThread]: Wrote artifact SemanticManifest to /Users/tushargupta/Documents/Projects/NYC-Taxi-Data-Analytics/target/semantic_manifest.json
[0m18:41:18.912029 [debug] [MainThread]: Wrote artifact RunExecutionResult to /Users/tushargupta/Documents/Projects/NYC-Taxi-Data-Analytics/target/run_results.json
[0m18:41:18.915352 [debug] [MainThread]: Resource report: {"command_name": "compile", "command_success": true, "command_wall_clock_time": 5.432192, "process_in_blocks": "0", "process_kernel_time": 0.476788, "process_mem_max_rss": "198836224", "process_out_blocks": "0", "process_user_time": 3.656763}
[0m18:41:18.915637 [debug] [MainThread]: Command `dbt compile` succeeded at 18:41:18.915578 after 5.43 seconds
[0m18:41:18.915889 [debug] [MainThread]: Sending event: {'category': 'dbt', 'action': 'invocation', 'label': 'end', 'context': [<snowplow_tracker.self_describing_json.SelfDescribingJson object at 0x108bd3500>, <snowplow_tracker.self_describing_json.SelfDescribingJson object at 0x13b9887d0>, <snowplow_tracker.self_describing_json.SelfDescribingJson object at 0x108186210>]}
[0m18:41:18.916117 [debug] [MainThread]: Flushing usage events
[0m18:41:19.864116 [debug] [MainThread]: An error was encountered while trying to flush usage events
[0m18:41:28.559267 [debug] [MainThread]: Sending event: {'category': 'dbt', 'action': 'invocation', 'label': 'start', 'context': [<snowplow_tracker.self_describing_json.SelfDescribingJson object at 0x103fb0ce0>, <snowplow_tracker.self_describing_json.SelfDescribingJson object at 0x1044d1be0>, <snowplow_tracker.self_describing_json.SelfDescribingJson object at 0x1044d1940>]}


============================== 18:41:28.561805 | c9cad90a-d783-4e96-98bf-81dad4ab9c31 ==============================
[0m18:41:28.561805 [info ] [MainThread]: Running with dbt=1.9.2
[0m18:41:28.562130 [debug] [MainThread]: running dbt with arguments {'printer_width': '80', 'indirect_selection': 'eager', 'log_cache_events': 'False', 'write_json': 'True', 'partial_parse': 'True', 'cache_selected_only': 'False', 'profiles_dir': '/Users/tushargupta/.dbt', 'fail_fast': 'False', 'warn_error': 'None', 'log_path': '/Users/tushargupta/Documents/Projects/NYC-Taxi-Data-Analytics/logs', 'debug': 'False', 'version_check': 'True', 'use_colors': 'True', 'use_experimental_parser': 'False', 'empty': 'None', 'quiet': 'False', 'no_print': 'None', 'warn_error_options': 'WarnErrorOptions(include=[], exclude=[])', 'introspect': 'True', 'log_format': 'default', 'invocation_command': 'dbt docs generate', 'target_path': 'None', 'static_parser': 'True', 'send_anonymous_usage_stats': 'True'}
[0m18:41:29.109760 [debug] [MainThread]: Sending event: {'category': 'dbt', 'action': 'project_id', 'label': 'c9cad90a-d783-4e96-98bf-81dad4ab9c31', 'context': [<snowplow_tracker.self_describing_json.SelfDescribingJson object at 0x120519d30>]}
[0m18:41:29.133518 [debug] [MainThread]: Sending event: {'category': 'dbt', 'action': 'adapter_info', 'label': 'c9cad90a-d783-4e96-98bf-81dad4ab9c31', 'context': [<snowplow_tracker.self_describing_json.SelfDescribingJson object at 0x1039670b0>]}
[0m18:41:29.133973 [info ] [MainThread]: Registered adapter: snowflake=1.9.1
[0m18:41:29.210430 [debug] [MainThread]: checksum: 12b12750b70de726cfd89136b8e24afc3f3e77597a97bff40ab7e5f9b39d5e18, vars: {}, profile: , target: , version: 1.9.2
[0m18:41:29.283759 [debug] [MainThread]: Partial parsing enabled: 0 files deleted, 0 files added, 0 files changed.
[0m18:41:29.283952 [debug] [MainThread]: Partial parsing enabled, no changes found, skipping parsing
[0m18:41:29.286721 [warn ] [MainThread]: [[33mWARNING[0m]: Configuration paths exist in your dbt_project.yml file which do not apply to any resources.
There are 1 unused configuration paths:
- models.nyc_taxi_data_analytics.raw
[0m18:41:29.311550 [debug] [MainThread]: Sending event: {'category': 'dbt', 'action': 'load_project', 'label': 'c9cad90a-d783-4e96-98bf-81dad4ab9c31', 'context': [<snowplow_tracker.self_describing_json.SelfDescribingJson object at 0x1044a8f50>]}
[0m18:41:29.324265 [debug] [MainThread]: Sending event: {'category': 'dbt', 'action': 'resource_counts', 'label': 'c9cad90a-d783-4e96-98bf-81dad4ab9c31', 'context': [<snowplow_tracker.self_describing_json.SelfDescribingJson object at 0x1301aef90>]}
[0m18:41:29.324504 [info ] [MainThread]: Found 20 models, 34 data tests, 4 seeds, 1 source, 474 macros
[0m18:41:29.324677 [debug] [MainThread]: Sending event: {'category': 'dbt', 'action': 'runnable_timing', 'label': 'c9cad90a-d783-4e96-98bf-81dad4ab9c31', 'context': [<snowplow_tracker.self_describing_json.SelfDescribingJson object at 0x127e15280>]}
[0m18:41:29.326228 [info ] [MainThread]: 
[0m18:41:29.326419 [info ] [MainThread]: Concurrency: 2 threads (target='dev')
[0m18:41:29.326554 [info ] [MainThread]: 
[0m18:41:29.326780 [debug] [MainThread]: Acquiring new snowflake connection 'master'
[0m18:41:29.329148 [debug] [ThreadPool]: Acquiring new snowflake connection 'list_nyc_taxi_db_seeds'
[0m18:41:29.330820 [debug] [ThreadPool]: Acquiring new snowflake connection 'list_nyc_taxi_db_analytics'
[0m18:41:29.359010 [debug] [ThreadPool]: Using snowflake connection "list_nyc_taxi_db_seeds"
[0m18:41:29.359281 [debug] [ThreadPool]: Using snowflake connection "list_nyc_taxi_db_analytics"
[0m18:41:29.359445 [debug] [ThreadPool]: On list_nyc_taxi_db_seeds: /* {"app": "dbt", "dbt_version": "1.9.2", "profile_name": "nyc_taxi_data_profile", "target_name": "dev", "connection_name": "list_nyc_taxi_db_seeds"} */
show objects in nyc_taxi_db.seeds limit 10000;
[0m18:41:29.359604 [debug] [ThreadPool]: On list_nyc_taxi_db_analytics: /* {"app": "dbt", "dbt_version": "1.9.2", "profile_name": "nyc_taxi_data_profile", "target_name": "dev", "connection_name": "list_nyc_taxi_db_analytics"} */
show objects in nyc_taxi_db.analytics limit 10000;
[0m18:41:29.359748 [debug] [ThreadPool]: Opening a new connection, currently in state init
[0m18:41:29.359874 [debug] [ThreadPool]: Opening a new connection, currently in state init
[0m18:41:31.197609 [debug] [ThreadPool]: SQL status: SUCCESS 15 in 1.837 seconds
[0m18:41:31.203261 [debug] [ThreadPool]: Re-using an available connection from the pool (formerly list_nyc_taxi_db_analytics, now list_nyc_taxi_db_conformed)
[0m18:41:31.211084 [debug] [ThreadPool]: Using snowflake connection "list_nyc_taxi_db_conformed"
[0m18:41:31.211603 [debug] [ThreadPool]: On list_nyc_taxi_db_conformed: /* {"app": "dbt", "dbt_version": "1.9.2", "profile_name": "nyc_taxi_data_profile", "target_name": "dev", "connection_name": "list_nyc_taxi_db_conformed"} */
show objects in nyc_taxi_db.conformed limit 10000;
[0m18:41:31.224159 [debug] [ThreadPool]: SQL status: SUCCESS 4 in 1.864 seconds
[0m18:41:31.227425 [debug] [ThreadPool]: Re-using an available connection from the pool (formerly list_nyc_taxi_db_seeds, now list_nyc_taxi_db_processed)
[0m18:41:31.230725 [debug] [ThreadPool]: Using snowflake connection "list_nyc_taxi_db_processed"
[0m18:41:31.231108 [debug] [ThreadPool]: On list_nyc_taxi_db_processed: /* {"app": "dbt", "dbt_version": "1.9.2", "profile_name": "nyc_taxi_data_profile", "target_name": "dev", "connection_name": "list_nyc_taxi_db_processed"} */
show objects in nyc_taxi_db.processed limit 10000;
[0m18:41:31.602208 [debug] [ThreadPool]: SQL status: SUCCESS 4 in 0.390 seconds
[0m18:41:31.638924 [debug] [ThreadPool]: SQL status: SUCCESS 1 in 0.407 seconds
[0m18:41:31.640481 [debug] [MainThread]: Sending event: {'category': 'dbt', 'action': 'runnable_timing', 'label': 'c9cad90a-d783-4e96-98bf-81dad4ab9c31', 'context': [<snowplow_tracker.self_describing_json.SelfDescribingJson object at 0x1028b0830>]}
[0m18:41:31.642881 [debug] [Thread-1 (]: Began running node model.nyc_taxi_data_analytics.prc_taxi_trips
[0m18:41:31.643165 [debug] [Thread-2 (]: Began running node seed.nyc_taxi_data_analytics.payments
[0m18:41:31.643425 [debug] [Thread-1 (]: Re-using an available connection from the pool (formerly list_nyc_taxi_db_processed, now model.nyc_taxi_data_analytics.prc_taxi_trips)
[0m18:41:31.643670 [debug] [Thread-2 (]: Re-using an available connection from the pool (formerly list_nyc_taxi_db_conformed, now seed.nyc_taxi_data_analytics.payments)
[0m18:41:31.643898 [debug] [Thread-1 (]: Began compiling node model.nyc_taxi_data_analytics.prc_taxi_trips
[0m18:41:31.644110 [debug] [Thread-2 (]: Began compiling node seed.nyc_taxi_data_analytics.payments
[0m18:41:31.649986 [debug] [Thread-1 (]: Writing injected SQL for node "model.nyc_taxi_data_analytics.prc_taxi_trips"
[0m18:41:31.651118 [debug] [Thread-2 (]: Began executing node seed.nyc_taxi_data_analytics.payments
[0m18:41:31.651603 [debug] [Thread-2 (]: Finished running node seed.nyc_taxi_data_analytics.payments
[0m18:41:31.651856 [debug] [Thread-2 (]: Began running node seed.nyc_taxi_data_analytics.rate_codes
[0m18:41:31.652117 [debug] [Thread-2 (]: Re-using an available connection from the pool (formerly seed.nyc_taxi_data_analytics.payments, now seed.nyc_taxi_data_analytics.rate_codes)
[0m18:41:31.652466 [debug] [Thread-2 (]: Began compiling node seed.nyc_taxi_data_analytics.rate_codes
[0m18:41:31.653521 [debug] [Thread-2 (]: Began executing node seed.nyc_taxi_data_analytics.rate_codes
[0m18:41:31.653872 [debug] [Thread-2 (]: Finished running node seed.nyc_taxi_data_analytics.rate_codes
[0m18:41:31.654075 [debug] [Thread-1 (]: Began executing node model.nyc_taxi_data_analytics.prc_taxi_trips
[0m18:41:31.654283 [debug] [Thread-2 (]: Began running node seed.nyc_taxi_data_analytics.taxi_zone_lookup
[0m18:41:31.654637 [debug] [Thread-1 (]: Finished running node model.nyc_taxi_data_analytics.prc_taxi_trips
[0m18:41:31.654850 [debug] [Thread-2 (]: Re-using an available connection from the pool (formerly seed.nyc_taxi_data_analytics.rate_codes, now seed.nyc_taxi_data_analytics.taxi_zone_lookup)
[0m18:41:31.655064 [debug] [Thread-1 (]: Began running node seed.nyc_taxi_data_analytics.vendors
[0m18:41:31.655256 [debug] [Thread-2 (]: Began compiling node seed.nyc_taxi_data_analytics.taxi_zone_lookup
[0m18:41:31.655710 [debug] [Thread-1 (]: Re-using an available connection from the pool (formerly model.nyc_taxi_data_analytics.prc_taxi_trips, now seed.nyc_taxi_data_analytics.vendors)
[0m18:41:31.656754 [debug] [Thread-2 (]: Began executing node seed.nyc_taxi_data_analytics.taxi_zone_lookup
[0m18:41:31.656946 [debug] [Thread-1 (]: Began compiling node seed.nyc_taxi_data_analytics.vendors
[0m18:41:31.657254 [debug] [Thread-2 (]: Finished running node seed.nyc_taxi_data_analytics.taxi_zone_lookup
[0m18:41:31.658190 [debug] [Thread-1 (]: Began executing node seed.nyc_taxi_data_analytics.vendors
[0m18:41:31.658397 [debug] [Thread-2 (]: Began running node model.nyc_taxi_data_analytics.dim_taxi_trips
[0m18:41:31.658741 [debug] [Thread-1 (]: Finished running node seed.nyc_taxi_data_analytics.vendors
[0m18:41:31.659047 [debug] [Thread-2 (]: Re-using an available connection from the pool (formerly seed.nyc_taxi_data_analytics.taxi_zone_lookup, now model.nyc_taxi_data_analytics.dim_taxi_trips)
[0m18:41:31.659252 [debug] [Thread-1 (]: Began running node model.nyc_taxi_data_analytics.dim_time
[0m18:41:31.659447 [debug] [Thread-2 (]: Began compiling node model.nyc_taxi_data_analytics.dim_taxi_trips
[0m18:41:31.659641 [debug] [Thread-1 (]: Re-using an available connection from the pool (formerly seed.nyc_taxi_data_analytics.vendors, now model.nyc_taxi_data_analytics.dim_time)
[0m18:41:31.661318 [debug] [Thread-2 (]: Writing injected SQL for node "model.nyc_taxi_data_analytics.dim_taxi_trips"
[0m18:41:31.661521 [debug] [Thread-1 (]: Began compiling node model.nyc_taxi_data_analytics.dim_time
[0m18:41:31.663091 [debug] [Thread-1 (]: Writing injected SQL for node "model.nyc_taxi_data_analytics.dim_time"
[0m18:41:31.663346 [debug] [Thread-2 (]: Began executing node model.nyc_taxi_data_analytics.dim_taxi_trips
[0m18:41:31.663648 [debug] [Thread-2 (]: Finished running node model.nyc_taxi_data_analytics.dim_taxi_trips
[0m18:41:31.663839 [debug] [Thread-2 (]: Began running node test.nyc_taxi_data_analytics.accepted_values_prc_taxi_trips_RatecodeID__1__2__3__4__5__6.5686e7b36c
[0m18:41:31.664032 [debug] [Thread-1 (]: Began executing node model.nyc_taxi_data_analytics.dim_time
[0m18:41:31.664296 [debug] [Thread-2 (]: Re-using an available connection from the pool (formerly model.nyc_taxi_data_analytics.dim_taxi_trips, now test.nyc_taxi_data_analytics.accepted_values_prc_taxi_trips_RatecodeID__1__2__3__4__5__6.5686e7b36c)
[0m18:41:31.664717 [debug] [Thread-1 (]: Finished running node model.nyc_taxi_data_analytics.dim_time
[0m18:41:31.664902 [debug] [Thread-2 (]: Began compiling node test.nyc_taxi_data_analytics.accepted_values_prc_taxi_trips_RatecodeID__1__2__3__4__5__6.5686e7b36c
[0m18:41:31.665109 [debug] [Thread-1 (]: Began running node test.nyc_taxi_data_analytics.accepted_values_prc_taxi_trips_payment_type__0__1__2__3__4__5.3a01381e67
[0m18:41:31.670906 [debug] [Thread-2 (]: Writing injected SQL for node "test.nyc_taxi_data_analytics.accepted_values_prc_taxi_trips_RatecodeID__1__2__3__4__5__6.5686e7b36c"
[0m18:41:31.671103 [debug] [Thread-1 (]: Re-using an available connection from the pool (formerly model.nyc_taxi_data_analytics.dim_time, now test.nyc_taxi_data_analytics.accepted_values_prc_taxi_trips_payment_type__0__1__2__3__4__5.3a01381e67)
[0m18:41:31.671356 [debug] [Thread-1 (]: Began compiling node test.nyc_taxi_data_analytics.accepted_values_prc_taxi_trips_payment_type__0__1__2__3__4__5.3a01381e67
[0m18:41:31.673933 [debug] [Thread-1 (]: Writing injected SQL for node "test.nyc_taxi_data_analytics.accepted_values_prc_taxi_trips_payment_type__0__1__2__3__4__5.3a01381e67"
[0m18:41:31.674186 [debug] [Thread-2 (]: Began executing node test.nyc_taxi_data_analytics.accepted_values_prc_taxi_trips_RatecodeID__1__2__3__4__5__6.5686e7b36c
[0m18:41:31.674522 [debug] [Thread-2 (]: Finished running node test.nyc_taxi_data_analytics.accepted_values_prc_taxi_trips_RatecodeID__1__2__3__4__5__6.5686e7b36c
[0m18:41:31.674709 [debug] [Thread-2 (]: Began running node test.nyc_taxi_data_analytics.accepted_values_prc_taxi_trips_store_and_fwd_flag__Y__N.ddf9a2ffed
[0m18:41:31.674882 [debug] [Thread-1 (]: Began executing node test.nyc_taxi_data_analytics.accepted_values_prc_taxi_trips_payment_type__0__1__2__3__4__5.3a01381e67
[0m18:41:31.675083 [debug] [Thread-2 (]: Re-using an available connection from the pool (formerly test.nyc_taxi_data_analytics.accepted_values_prc_taxi_trips_RatecodeID__1__2__3__4__5__6.5686e7b36c, now test.nyc_taxi_data_analytics.accepted_values_prc_taxi_trips_store_and_fwd_flag__Y__N.ddf9a2ffed)
[0m18:41:31.675379 [debug] [Thread-1 (]: Finished running node test.nyc_taxi_data_analytics.accepted_values_prc_taxi_trips_payment_type__0__1__2__3__4__5.3a01381e67
[0m18:41:31.675557 [debug] [Thread-2 (]: Began compiling node test.nyc_taxi_data_analytics.accepted_values_prc_taxi_trips_store_and_fwd_flag__Y__N.ddf9a2ffed
[0m18:41:31.675738 [debug] [Thread-1 (]: Began running node test.nyc_taxi_data_analytics.assert_valid_timestamp
[0m18:41:31.678113 [debug] [Thread-2 (]: Writing injected SQL for node "test.nyc_taxi_data_analytics.accepted_values_prc_taxi_trips_store_and_fwd_flag__Y__N.ddf9a2ffed"
[0m18:41:31.678326 [debug] [Thread-1 (]: Re-using an available connection from the pool (formerly test.nyc_taxi_data_analytics.accepted_values_prc_taxi_trips_payment_type__0__1__2__3__4__5.3a01381e67, now test.nyc_taxi_data_analytics.assert_valid_timestamp)
[0m18:41:31.678524 [debug] [Thread-1 (]: Began compiling node test.nyc_taxi_data_analytics.assert_valid_timestamp
[0m18:41:31.679805 [debug] [Thread-1 (]: Writing injected SQL for node "test.nyc_taxi_data_analytics.assert_valid_timestamp"
[0m18:41:31.680049 [debug] [Thread-2 (]: Began executing node test.nyc_taxi_data_analytics.accepted_values_prc_taxi_trips_store_and_fwd_flag__Y__N.ddf9a2ffed
[0m18:41:31.680360 [debug] [Thread-2 (]: Finished running node test.nyc_taxi_data_analytics.accepted_values_prc_taxi_trips_store_and_fwd_flag__Y__N.ddf9a2ffed
[0m18:41:31.680537 [debug] [Thread-2 (]: Began running node test.nyc_taxi_data_analytics.assert_valid_trip_location
[0m18:41:31.680696 [debug] [Thread-1 (]: Began executing node test.nyc_taxi_data_analytics.assert_valid_timestamp
[0m18:41:31.680875 [debug] [Thread-2 (]: Re-using an available connection from the pool (formerly test.nyc_taxi_data_analytics.accepted_values_prc_taxi_trips_store_and_fwd_flag__Y__N.ddf9a2ffed, now test.nyc_taxi_data_analytics.assert_valid_trip_location)
[0m18:41:31.681146 [debug] [Thread-1 (]: Finished running node test.nyc_taxi_data_analytics.assert_valid_timestamp
[0m18:41:31.681302 [debug] [Thread-2 (]: Began compiling node test.nyc_taxi_data_analytics.assert_valid_trip_location
[0m18:41:31.681466 [debug] [Thread-1 (]: Began running node test.nyc_taxi_data_analytics.not_null_prc_taxi_trips_DOLocationID.dcf73d25bf
[0m18:41:31.682651 [debug] [Thread-2 (]: Writing injected SQL for node "test.nyc_taxi_data_analytics.assert_valid_trip_location"
[0m18:41:31.682821 [debug] [Thread-1 (]: Re-using an available connection from the pool (formerly test.nyc_taxi_data_analytics.assert_valid_timestamp, now test.nyc_taxi_data_analytics.not_null_prc_taxi_trips_DOLocationID.dcf73d25bf)
[0m18:41:31.683009 [debug] [Thread-1 (]: Began compiling node test.nyc_taxi_data_analytics.not_null_prc_taxi_trips_DOLocationID.dcf73d25bf
[0m18:41:31.686858 [debug] [Thread-1 (]: Writing injected SQL for node "test.nyc_taxi_data_analytics.not_null_prc_taxi_trips_DOLocationID.dcf73d25bf"
[0m18:41:31.687066 [debug] [Thread-2 (]: Began executing node test.nyc_taxi_data_analytics.assert_valid_trip_location
[0m18:41:31.687349 [debug] [Thread-2 (]: Finished running node test.nyc_taxi_data_analytics.assert_valid_trip_location
[0m18:41:31.687525 [debug] [Thread-2 (]: Began running node test.nyc_taxi_data_analytics.not_null_prc_taxi_trips_PULocationID.1bbd3f1146
[0m18:41:31.687718 [debug] [Thread-2 (]: Re-using an available connection from the pool (formerly test.nyc_taxi_data_analytics.assert_valid_trip_location, now test.nyc_taxi_data_analytics.not_null_prc_taxi_trips_PULocationID.1bbd3f1146)
[0m18:41:31.687890 [debug] [Thread-2 (]: Began compiling node test.nyc_taxi_data_analytics.not_null_prc_taxi_trips_PULocationID.1bbd3f1146
[0m18:41:31.688043 [debug] [Thread-1 (]: Began executing node test.nyc_taxi_data_analytics.not_null_prc_taxi_trips_DOLocationID.dcf73d25bf
[0m18:41:31.689718 [debug] [Thread-2 (]: Writing injected SQL for node "test.nyc_taxi_data_analytics.not_null_prc_taxi_trips_PULocationID.1bbd3f1146"
[0m18:41:31.690004 [debug] [Thread-1 (]: Finished running node test.nyc_taxi_data_analytics.not_null_prc_taxi_trips_DOLocationID.dcf73d25bf
[0m18:41:31.690206 [debug] [Thread-1 (]: Began running node test.nyc_taxi_data_analytics.not_null_prc_taxi_trips_RatecodeID.fea7928e11
[0m18:41:31.690386 [debug] [Thread-1 (]: Re-using an available connection from the pool (formerly test.nyc_taxi_data_analytics.not_null_prc_taxi_trips_DOLocationID.dcf73d25bf, now test.nyc_taxi_data_analytics.not_null_prc_taxi_trips_RatecodeID.fea7928e11)
[0m18:41:31.690539 [debug] [Thread-1 (]: Began compiling node test.nyc_taxi_data_analytics.not_null_prc_taxi_trips_RatecodeID.fea7928e11
[0m18:41:31.690680 [debug] [Thread-2 (]: Began executing node test.nyc_taxi_data_analytics.not_null_prc_taxi_trips_PULocationID.1bbd3f1146
[0m18:41:31.692349 [debug] [Thread-1 (]: Writing injected SQL for node "test.nyc_taxi_data_analytics.not_null_prc_taxi_trips_RatecodeID.fea7928e11"
[0m18:41:31.692638 [debug] [Thread-2 (]: Finished running node test.nyc_taxi_data_analytics.not_null_prc_taxi_trips_PULocationID.1bbd3f1146
[0m18:41:31.692841 [debug] [Thread-2 (]: Began running node test.nyc_taxi_data_analytics.not_null_prc_taxi_trips_dropoff_datetime.7f59eea3b3
[0m18:41:31.693080 [debug] [Thread-2 (]: Re-using an available connection from the pool (formerly test.nyc_taxi_data_analytics.not_null_prc_taxi_trips_PULocationID.1bbd3f1146, now test.nyc_taxi_data_analytics.not_null_prc_taxi_trips_dropoff_datetime.7f59eea3b3)
[0m18:41:31.693265 [debug] [Thread-2 (]: Began compiling node test.nyc_taxi_data_analytics.not_null_prc_taxi_trips_dropoff_datetime.7f59eea3b3
[0m18:41:31.694889 [debug] [Thread-2 (]: Writing injected SQL for node "test.nyc_taxi_data_analytics.not_null_prc_taxi_trips_dropoff_datetime.7f59eea3b3"
[0m18:41:31.695054 [debug] [Thread-1 (]: Began executing node test.nyc_taxi_data_analytics.not_null_prc_taxi_trips_RatecodeID.fea7928e11
[0m18:41:31.695318 [debug] [Thread-1 (]: Finished running node test.nyc_taxi_data_analytics.not_null_prc_taxi_trips_RatecodeID.fea7928e11
[0m18:41:31.695495 [debug] [Thread-1 (]: Began running node test.nyc_taxi_data_analytics.not_null_prc_taxi_trips_payment_type.fde637a2d7
[0m18:41:31.695676 [debug] [Thread-1 (]: Re-using an available connection from the pool (formerly test.nyc_taxi_data_analytics.not_null_prc_taxi_trips_RatecodeID.fea7928e11, now test.nyc_taxi_data_analytics.not_null_prc_taxi_trips_payment_type.fde637a2d7)
[0m18:41:31.695830 [debug] [Thread-2 (]: Began executing node test.nyc_taxi_data_analytics.not_null_prc_taxi_trips_dropoff_datetime.7f59eea3b3
[0m18:41:31.695969 [debug] [Thread-1 (]: Began compiling node test.nyc_taxi_data_analytics.not_null_prc_taxi_trips_payment_type.fde637a2d7
[0m18:41:31.696218 [debug] [Thread-2 (]: Finished running node test.nyc_taxi_data_analytics.not_null_prc_taxi_trips_dropoff_datetime.7f59eea3b3
[0m18:41:31.697820 [debug] [Thread-1 (]: Writing injected SQL for node "test.nyc_taxi_data_analytics.not_null_prc_taxi_trips_payment_type.fde637a2d7"
[0m18:41:31.698010 [debug] [Thread-2 (]: Began running node test.nyc_taxi_data_analytics.not_null_prc_taxi_trips_pickup_datetime.2e510a5b8f
[0m18:41:31.698215 [debug] [Thread-2 (]: Re-using an available connection from the pool (formerly test.nyc_taxi_data_analytics.not_null_prc_taxi_trips_dropoff_datetime.7f59eea3b3, now test.nyc_taxi_data_analytics.not_null_prc_taxi_trips_pickup_datetime.2e510a5b8f)
[0m18:41:31.698379 [debug] [Thread-2 (]: Began compiling node test.nyc_taxi_data_analytics.not_null_prc_taxi_trips_pickup_datetime.2e510a5b8f
[0m18:41:31.699965 [debug] [Thread-2 (]: Writing injected SQL for node "test.nyc_taxi_data_analytics.not_null_prc_taxi_trips_pickup_datetime.2e510a5b8f"
[0m18:41:31.700137 [debug] [Thread-1 (]: Began executing node test.nyc_taxi_data_analytics.not_null_prc_taxi_trips_payment_type.fde637a2d7
[0m18:41:31.700419 [debug] [Thread-1 (]: Finished running node test.nyc_taxi_data_analytics.not_null_prc_taxi_trips_payment_type.fde637a2d7
[0m18:41:31.700592 [debug] [Thread-1 (]: Began running node test.nyc_taxi_data_analytics.not_null_prc_taxi_trips_store_and_fwd_flag.68c1bb5d40
[0m18:41:31.700765 [debug] [Thread-1 (]: Re-using an available connection from the pool (formerly test.nyc_taxi_data_analytics.not_null_prc_taxi_trips_payment_type.fde637a2d7, now test.nyc_taxi_data_analytics.not_null_prc_taxi_trips_store_and_fwd_flag.68c1bb5d40)
[0m18:41:31.700929 [debug] [Thread-1 (]: Began compiling node test.nyc_taxi_data_analytics.not_null_prc_taxi_trips_store_and_fwd_flag.68c1bb5d40
[0m18:41:31.701069 [debug] [Thread-2 (]: Began executing node test.nyc_taxi_data_analytics.not_null_prc_taxi_trips_pickup_datetime.2e510a5b8f
[0m18:41:31.702664 [debug] [Thread-1 (]: Writing injected SQL for node "test.nyc_taxi_data_analytics.not_null_prc_taxi_trips_store_and_fwd_flag.68c1bb5d40"
[0m18:41:31.702949 [debug] [Thread-2 (]: Finished running node test.nyc_taxi_data_analytics.not_null_prc_taxi_trips_pickup_datetime.2e510a5b8f
[0m18:41:31.703146 [debug] [Thread-2 (]: Began running node test.nyc_taxi_data_analytics.not_null_prc_taxi_trips_total_amount.c5d16f0a53
[0m18:41:31.703317 [debug] [Thread-2 (]: Re-using an available connection from the pool (formerly test.nyc_taxi_data_analytics.not_null_prc_taxi_trips_pickup_datetime.2e510a5b8f, now test.nyc_taxi_data_analytics.not_null_prc_taxi_trips_total_amount.c5d16f0a53)
[0m18:41:31.703480 [debug] [Thread-2 (]: Began compiling node test.nyc_taxi_data_analytics.not_null_prc_taxi_trips_total_amount.c5d16f0a53
[0m18:41:31.705818 [debug] [Thread-2 (]: Writing injected SQL for node "test.nyc_taxi_data_analytics.not_null_prc_taxi_trips_total_amount.c5d16f0a53"
[0m18:41:31.705980 [debug] [Thread-1 (]: Began executing node test.nyc_taxi_data_analytics.not_null_prc_taxi_trips_store_and_fwd_flag.68c1bb5d40
[0m18:41:31.706243 [debug] [Thread-1 (]: Finished running node test.nyc_taxi_data_analytics.not_null_prc_taxi_trips_store_and_fwd_flag.68c1bb5d40
[0m18:41:31.706416 [debug] [Thread-1 (]: Began running node test.nyc_taxi_data_analytics.not_null_prc_taxi_trips_trip_distance.7d0f1fe7bd
[0m18:41:31.706589 [debug] [Thread-1 (]: Re-using an available connection from the pool (formerly test.nyc_taxi_data_analytics.not_null_prc_taxi_trips_store_and_fwd_flag.68c1bb5d40, now test.nyc_taxi_data_analytics.not_null_prc_taxi_trips_trip_distance.7d0f1fe7bd)
[0m18:41:31.706735 [debug] [Thread-2 (]: Began executing node test.nyc_taxi_data_analytics.not_null_prc_taxi_trips_total_amount.c5d16f0a53
[0m18:41:31.706869 [debug] [Thread-1 (]: Began compiling node test.nyc_taxi_data_analytics.not_null_prc_taxi_trips_trip_distance.7d0f1fe7bd
[0m18:41:31.707110 [debug] [Thread-2 (]: Finished running node test.nyc_taxi_data_analytics.not_null_prc_taxi_trips_total_amount.c5d16f0a53
[0m18:41:31.708645 [debug] [Thread-1 (]: Writing injected SQL for node "test.nyc_taxi_data_analytics.not_null_prc_taxi_trips_trip_distance.7d0f1fe7bd"
[0m18:41:31.708837 [debug] [Thread-2 (]: Began running node model.nyc_taxi_data_analytics.dim_location
[0m18:41:31.709037 [debug] [Thread-2 (]: Re-using an available connection from the pool (formerly test.nyc_taxi_data_analytics.not_null_prc_taxi_trips_total_amount.c5d16f0a53, now model.nyc_taxi_data_analytics.dim_location)
[0m18:41:31.709195 [debug] [Thread-2 (]: Began compiling node model.nyc_taxi_data_analytics.dim_location
[0m18:41:31.710361 [debug] [Thread-2 (]: Writing injected SQL for node "model.nyc_taxi_data_analytics.dim_location"
[0m18:41:31.710531 [debug] [Thread-1 (]: Began executing node test.nyc_taxi_data_analytics.not_null_prc_taxi_trips_trip_distance.7d0f1fe7bd
[0m18:41:31.710804 [debug] [Thread-1 (]: Finished running node test.nyc_taxi_data_analytics.not_null_prc_taxi_trips_trip_distance.7d0f1fe7bd
[0m18:41:31.710978 [debug] [Thread-1 (]: Began running node test.nyc_taxi_data_analytics.assert_positive_value_dim_taxi_trips_fare_amount.ae4b2cab1d
[0m18:41:31.711157 [debug] [Thread-1 (]: Re-using an available connection from the pool (formerly test.nyc_taxi_data_analytics.not_null_prc_taxi_trips_trip_distance.7d0f1fe7bd, now test.nyc_taxi_data_analytics.assert_positive_value_dim_taxi_trips_fare_amount.ae4b2cab1d)
[0m18:41:31.711314 [debug] [Thread-2 (]: Began executing node model.nyc_taxi_data_analytics.dim_location
[0m18:41:31.711459 [debug] [Thread-1 (]: Began compiling node test.nyc_taxi_data_analytics.assert_positive_value_dim_taxi_trips_fare_amount.ae4b2cab1d
[0m18:41:31.711699 [debug] [Thread-2 (]: Finished running node model.nyc_taxi_data_analytics.dim_location
[0m18:41:31.713506 [debug] [Thread-1 (]: Writing injected SQL for node "test.nyc_taxi_data_analytics.assert_positive_value_dim_taxi_trips_fare_amount.ae4b2cab1d"
[0m18:41:31.713691 [debug] [Thread-2 (]: Began running node test.nyc_taxi_data_analytics.assert_positive_value_dim_taxi_trips_passenger_count.0a2123d397
[0m18:41:31.713937 [debug] [Thread-2 (]: Re-using an available connection from the pool (formerly model.nyc_taxi_data_analytics.dim_location, now test.nyc_taxi_data_analytics.assert_positive_value_dim_taxi_trips_passenger_count.0a2123d397)
[0m18:41:31.714094 [debug] [Thread-2 (]: Began compiling node test.nyc_taxi_data_analytics.assert_positive_value_dim_taxi_trips_passenger_count.0a2123d397
[0m18:41:31.715621 [debug] [Thread-2 (]: Writing injected SQL for node "test.nyc_taxi_data_analytics.assert_positive_value_dim_taxi_trips_passenger_count.0a2123d397"
[0m18:41:31.715822 [debug] [Thread-1 (]: Began executing node test.nyc_taxi_data_analytics.assert_positive_value_dim_taxi_trips_fare_amount.ae4b2cab1d
[0m18:41:31.716118 [debug] [Thread-1 (]: Finished running node test.nyc_taxi_data_analytics.assert_positive_value_dim_taxi_trips_fare_amount.ae4b2cab1d
[0m18:41:31.716284 [debug] [Thread-1 (]: Began running node test.nyc_taxi_data_analytics.assert_positive_value_dim_taxi_trips_total_amount.87eb026bb6
[0m18:41:31.716434 [debug] [Thread-2 (]: Began executing node test.nyc_taxi_data_analytics.assert_positive_value_dim_taxi_trips_passenger_count.0a2123d397
[0m18:41:31.716671 [debug] [Thread-1 (]: Re-using an available connection from the pool (formerly test.nyc_taxi_data_analytics.assert_positive_value_dim_taxi_trips_fare_amount.ae4b2cab1d, now test.nyc_taxi_data_analytics.assert_positive_value_dim_taxi_trips_total_amount.87eb026bb6)
[0m18:41:31.716932 [debug] [Thread-2 (]: Finished running node test.nyc_taxi_data_analytics.assert_positive_value_dim_taxi_trips_passenger_count.0a2123d397
[0m18:41:31.717081 [debug] [Thread-1 (]: Began compiling node test.nyc_taxi_data_analytics.assert_positive_value_dim_taxi_trips_total_amount.87eb026bb6
[0m18:41:31.717237 [debug] [Thread-2 (]: Began running node test.nyc_taxi_data_analytics.assert_positive_value_dim_taxi_trips_trip_distance.0af149968a
[0m18:41:31.718734 [debug] [Thread-1 (]: Writing injected SQL for node "test.nyc_taxi_data_analytics.assert_positive_value_dim_taxi_trips_total_amount.87eb026bb6"
[0m18:41:31.718909 [debug] [Thread-2 (]: Re-using an available connection from the pool (formerly test.nyc_taxi_data_analytics.assert_positive_value_dim_taxi_trips_passenger_count.0a2123d397, now test.nyc_taxi_data_analytics.assert_positive_value_dim_taxi_trips_trip_distance.0af149968a)
[0m18:41:31.719110 [debug] [Thread-2 (]: Began compiling node test.nyc_taxi_data_analytics.assert_positive_value_dim_taxi_trips_trip_distance.0af149968a
[0m18:41:31.720614 [debug] [Thread-2 (]: Writing injected SQL for node "test.nyc_taxi_data_analytics.assert_positive_value_dim_taxi_trips_trip_distance.0af149968a"
[0m18:41:31.720790 [debug] [Thread-1 (]: Began executing node test.nyc_taxi_data_analytics.assert_positive_value_dim_taxi_trips_total_amount.87eb026bb6
[0m18:41:31.721027 [debug] [Thread-1 (]: Finished running node test.nyc_taxi_data_analytics.assert_positive_value_dim_taxi_trips_total_amount.87eb026bb6
[0m18:41:31.721196 [debug] [Thread-1 (]: Began running node test.nyc_taxi_data_analytics.duplicate_check
[0m18:41:31.721361 [debug] [Thread-1 (]: Re-using an available connection from the pool (formerly test.nyc_taxi_data_analytics.assert_positive_value_dim_taxi_trips_total_amount.87eb026bb6, now test.nyc_taxi_data_analytics.duplicate_check)
[0m18:41:31.721505 [debug] [Thread-2 (]: Began executing node test.nyc_taxi_data_analytics.assert_positive_value_dim_taxi_trips_trip_distance.0af149968a
[0m18:41:31.721645 [debug] [Thread-1 (]: Began compiling node test.nyc_taxi_data_analytics.duplicate_check
[0m18:41:31.721896 [debug] [Thread-2 (]: Finished running node test.nyc_taxi_data_analytics.assert_positive_value_dim_taxi_trips_trip_distance.0af149968a
[0m18:41:31.722970 [debug] [Thread-1 (]: Writing injected SQL for node "test.nyc_taxi_data_analytics.duplicate_check"
[0m18:41:31.723145 [debug] [Thread-2 (]: Began running node test.nyc_taxi_data_analytics.not_null_dim_time_time_id.6bb481dd5c
[0m18:41:31.723339 [debug] [Thread-2 (]: Re-using an available connection from the pool (formerly test.nyc_taxi_data_analytics.assert_positive_value_dim_taxi_trips_trip_distance.0af149968a, now test.nyc_taxi_data_analytics.not_null_dim_time_time_id.6bb481dd5c)
[0m18:41:31.723503 [debug] [Thread-2 (]: Began compiling node test.nyc_taxi_data_analytics.not_null_dim_time_time_id.6bb481dd5c
[0m18:41:31.725076 [debug] [Thread-2 (]: Writing injected SQL for node "test.nyc_taxi_data_analytics.not_null_dim_time_time_id.6bb481dd5c"
[0m18:41:31.725238 [debug] [Thread-1 (]: Began executing node test.nyc_taxi_data_analytics.duplicate_check
[0m18:41:31.725515 [debug] [Thread-1 (]: Finished running node test.nyc_taxi_data_analytics.duplicate_check
[0m18:41:31.725693 [debug] [Thread-1 (]: Began running node test.nyc_taxi_data_analytics.unique_dim_time_time_id.0752c025e8
[0m18:41:31.725872 [debug] [Thread-1 (]: Re-using an available connection from the pool (formerly test.nyc_taxi_data_analytics.duplicate_check, now test.nyc_taxi_data_analytics.unique_dim_time_time_id.0752c025e8)
[0m18:41:31.726018 [debug] [Thread-2 (]: Began executing node test.nyc_taxi_data_analytics.not_null_dim_time_time_id.6bb481dd5c
[0m18:41:31.726153 [debug] [Thread-1 (]: Began compiling node test.nyc_taxi_data_analytics.unique_dim_time_time_id.0752c025e8
[0m18:41:31.726396 [debug] [Thread-2 (]: Finished running node test.nyc_taxi_data_analytics.not_null_dim_time_time_id.6bb481dd5c
[0m18:41:31.728924 [debug] [Thread-1 (]: Writing injected SQL for node "test.nyc_taxi_data_analytics.unique_dim_time_time_id.0752c025e8"
[0m18:41:31.729106 [debug] [Thread-2 (]: Began running node model.nyc_taxi_data_analytics.fact_taxi_trips
[0m18:41:31.729303 [debug] [Thread-2 (]: Re-using an available connection from the pool (formerly test.nyc_taxi_data_analytics.not_null_dim_time_time_id.6bb481dd5c, now model.nyc_taxi_data_analytics.fact_taxi_trips)
[0m18:41:31.729458 [debug] [Thread-2 (]: Began compiling node model.nyc_taxi_data_analytics.fact_taxi_trips
[0m18:41:31.731313 [debug] [Thread-2 (]: Writing injected SQL for node "model.nyc_taxi_data_analytics.fact_taxi_trips"
[0m18:41:31.731555 [debug] [Thread-1 (]: Began executing node test.nyc_taxi_data_analytics.unique_dim_time_time_id.0752c025e8
[0m18:41:31.731813 [debug] [Thread-1 (]: Finished running node test.nyc_taxi_data_analytics.unique_dim_time_time_id.0752c025e8
[0m18:41:31.731964 [debug] [Thread-2 (]: Began executing node model.nyc_taxi_data_analytics.fact_taxi_trips
[0m18:41:31.732128 [debug] [Thread-1 (]: Began running node test.nyc_taxi_data_analytics.assert_positive_value_dim_location_location_id.bfa80221c8
[0m18:41:31.732397 [debug] [Thread-2 (]: Finished running node model.nyc_taxi_data_analytics.fact_taxi_trips
[0m18:41:31.732564 [debug] [Thread-1 (]: Re-using an available connection from the pool (formerly test.nyc_taxi_data_analytics.unique_dim_time_time_id.0752c025e8, now test.nyc_taxi_data_analytics.assert_positive_value_dim_location_location_id.bfa80221c8)
[0m18:41:31.732731 [debug] [Thread-2 (]: Began running node test.nyc_taxi_data_analytics.not_null_dim_location_borough.a8e6f2b983
[0m18:41:31.732917 [debug] [Thread-1 (]: Began compiling node test.nyc_taxi_data_analytics.assert_positive_value_dim_location_location_id.bfa80221c8
[0m18:41:31.733184 [debug] [Thread-2 (]: Re-using an available connection from the pool (formerly model.nyc_taxi_data_analytics.fact_taxi_trips, now test.nyc_taxi_data_analytics.not_null_dim_location_borough.a8e6f2b983)
[0m18:41:31.735628 [debug] [Thread-1 (]: Writing injected SQL for node "test.nyc_taxi_data_analytics.assert_positive_value_dim_location_location_id.bfa80221c8"
[0m18:41:31.735796 [debug] [Thread-2 (]: Began compiling node test.nyc_taxi_data_analytics.not_null_dim_location_borough.a8e6f2b983
[0m18:41:31.737330 [debug] [Thread-2 (]: Writing injected SQL for node "test.nyc_taxi_data_analytics.not_null_dim_location_borough.a8e6f2b983"
[0m18:41:31.737542 [debug] [Thread-1 (]: Began executing node test.nyc_taxi_data_analytics.assert_positive_value_dim_location_location_id.bfa80221c8
[0m18:41:31.737803 [debug] [Thread-1 (]: Finished running node test.nyc_taxi_data_analytics.assert_positive_value_dim_location_location_id.bfa80221c8
[0m18:41:31.737963 [debug] [Thread-1 (]: Began running node test.nyc_taxi_data_analytics.not_null_dim_location_location_id.8635435d86
[0m18:41:31.738106 [debug] [Thread-2 (]: Began executing node test.nyc_taxi_data_analytics.not_null_dim_location_borough.a8e6f2b983
[0m18:41:31.738276 [debug] [Thread-1 (]: Re-using an available connection from the pool (formerly test.nyc_taxi_data_analytics.assert_positive_value_dim_location_location_id.bfa80221c8, now test.nyc_taxi_data_analytics.not_null_dim_location_location_id.8635435d86)
[0m18:41:31.738584 [debug] [Thread-2 (]: Finished running node test.nyc_taxi_data_analytics.not_null_dim_location_borough.a8e6f2b983
[0m18:41:31.738728 [debug] [Thread-1 (]: Began compiling node test.nyc_taxi_data_analytics.not_null_dim_location_location_id.8635435d86
[0m18:41:31.738880 [debug] [Thread-2 (]: Began running node test.nyc_taxi_data_analytics.not_null_dim_location_zone.f8af2ac241
[0m18:41:31.740525 [debug] [Thread-1 (]: Writing injected SQL for node "test.nyc_taxi_data_analytics.not_null_dim_location_location_id.8635435d86"
[0m18:41:31.740697 [debug] [Thread-2 (]: Re-using an available connection from the pool (formerly test.nyc_taxi_data_analytics.not_null_dim_location_borough.a8e6f2b983, now test.nyc_taxi_data_analytics.not_null_dim_location_zone.f8af2ac241)
[0m18:41:31.740874 [debug] [Thread-2 (]: Began compiling node test.nyc_taxi_data_analytics.not_null_dim_location_zone.f8af2ac241
[0m18:41:31.742437 [debug] [Thread-2 (]: Writing injected SQL for node "test.nyc_taxi_data_analytics.not_null_dim_location_zone.f8af2ac241"
[0m18:41:31.742622 [debug] [Thread-1 (]: Began executing node test.nyc_taxi_data_analytics.not_null_dim_location_location_id.8635435d86
[0m18:41:31.742868 [debug] [Thread-1 (]: Finished running node test.nyc_taxi_data_analytics.not_null_dim_location_location_id.8635435d86
[0m18:41:31.743017 [debug] [Thread-1 (]: Began running node test.nyc_taxi_data_analytics.unique_dim_location_location_id.9acbee647a
[0m18:41:31.743191 [debug] [Thread-1 (]: Re-using an available connection from the pool (formerly test.nyc_taxi_data_analytics.not_null_dim_location_location_id.8635435d86, now test.nyc_taxi_data_analytics.unique_dim_location_location_id.9acbee647a)
[0m18:41:31.743356 [debug] [Thread-1 (]: Began compiling node test.nyc_taxi_data_analytics.unique_dim_location_location_id.9acbee647a
[0m18:41:31.743496 [debug] [Thread-2 (]: Began executing node test.nyc_taxi_data_analytics.not_null_dim_location_zone.f8af2ac241
[0m18:41:31.744971 [debug] [Thread-1 (]: Writing injected SQL for node "test.nyc_taxi_data_analytics.unique_dim_location_location_id.9acbee647a"
[0m18:41:31.745248 [debug] [Thread-2 (]: Finished running node test.nyc_taxi_data_analytics.not_null_dim_location_zone.f8af2ac241
[0m18:41:31.745449 [debug] [Thread-2 (]: Began running node model.nyc_taxi_data_analytics.average_fare_amount
[0m18:41:31.745626 [debug] [Thread-2 (]: Re-using an available connection from the pool (formerly test.nyc_taxi_data_analytics.not_null_dim_location_zone.f8af2ac241, now model.nyc_taxi_data_analytics.average_fare_amount)
[0m18:41:31.745777 [debug] [Thread-2 (]: Began compiling node model.nyc_taxi_data_analytics.average_fare_amount
[0m18:41:31.745919 [debug] [Thread-1 (]: Began executing node test.nyc_taxi_data_analytics.unique_dim_location_location_id.9acbee647a
[0m18:41:31.747067 [debug] [Thread-2 (]: Writing injected SQL for node "model.nyc_taxi_data_analytics.average_fare_amount"
[0m18:41:31.747338 [debug] [Thread-1 (]: Finished running node test.nyc_taxi_data_analytics.unique_dim_location_location_id.9acbee647a
[0m18:41:31.747525 [debug] [Thread-1 (]: Began running node model.nyc_taxi_data_analytics.average_trip_duration
[0m18:41:31.747687 [debug] [Thread-1 (]: Re-using an available connection from the pool (formerly test.nyc_taxi_data_analytics.unique_dim_location_location_id.9acbee647a, now model.nyc_taxi_data_analytics.average_trip_duration)
[0m18:41:31.747847 [debug] [Thread-1 (]: Began compiling node model.nyc_taxi_data_analytics.average_trip_duration
[0m18:41:31.749134 [debug] [Thread-1 (]: Writing injected SQL for node "model.nyc_taxi_data_analytics.average_trip_duration"
[0m18:41:31.749299 [debug] [Thread-2 (]: Began executing node model.nyc_taxi_data_analytics.average_fare_amount
[0m18:41:31.749572 [debug] [Thread-2 (]: Finished running node model.nyc_taxi_data_analytics.average_fare_amount
[0m18:41:31.749745 [debug] [Thread-2 (]: Began running node model.nyc_taxi_data_analytics.average_waiting_time_bw_trips
[0m18:41:31.749929 [debug] [Thread-2 (]: Re-using an available connection from the pool (formerly model.nyc_taxi_data_analytics.average_fare_amount, now model.nyc_taxi_data_analytics.average_waiting_time_bw_trips)
[0m18:41:31.750087 [debug] [Thread-2 (]: Began compiling node model.nyc_taxi_data_analytics.average_waiting_time_bw_trips
[0m18:41:31.750230 [debug] [Thread-1 (]: Began executing node model.nyc_taxi_data_analytics.average_trip_duration
[0m18:41:31.751426 [debug] [Thread-2 (]: Writing injected SQL for node "model.nyc_taxi_data_analytics.average_waiting_time_bw_trips"
[0m18:41:31.751700 [debug] [Thread-1 (]: Finished running node model.nyc_taxi_data_analytics.average_trip_duration
[0m18:41:31.751889 [debug] [Thread-1 (]: Began running node model.nyc_taxi_data_analytics.cash_vs_card_trans
[0m18:41:31.752065 [debug] [Thread-1 (]: Re-using an available connection from the pool (formerly model.nyc_taxi_data_analytics.average_trip_duration, now model.nyc_taxi_data_analytics.cash_vs_card_trans)
[0m18:41:31.752211 [debug] [Thread-1 (]: Began compiling node model.nyc_taxi_data_analytics.cash_vs_card_trans
[0m18:41:31.753414 [debug] [Thread-1 (]: Writing injected SQL for node "model.nyc_taxi_data_analytics.cash_vs_card_trans"
[0m18:41:31.753574 [debug] [Thread-2 (]: Began executing node model.nyc_taxi_data_analytics.average_waiting_time_bw_trips
[0m18:41:31.753837 [debug] [Thread-2 (]: Finished running node model.nyc_taxi_data_analytics.average_waiting_time_bw_trips
[0m18:41:31.754011 [debug] [Thread-2 (]: Began running node model.nyc_taxi_data_analytics.common_pickup_locations
[0m18:41:31.754190 [debug] [Thread-2 (]: Re-using an available connection from the pool (formerly model.nyc_taxi_data_analytics.average_waiting_time_bw_trips, now model.nyc_taxi_data_analytics.common_pickup_locations)
[0m18:41:31.754340 [debug] [Thread-1 (]: Began executing node model.nyc_taxi_data_analytics.cash_vs_card_trans
[0m18:41:31.754477 [debug] [Thread-2 (]: Began compiling node model.nyc_taxi_data_analytics.common_pickup_locations
[0m18:41:31.754724 [debug] [Thread-1 (]: Finished running node model.nyc_taxi_data_analytics.cash_vs_card_trans
[0m18:41:31.756077 [debug] [Thread-2 (]: Writing injected SQL for node "model.nyc_taxi_data_analytics.common_pickup_locations"
[0m18:41:31.756255 [debug] [Thread-1 (]: Began running node model.nyc_taxi_data_analytics.fare_amount_by_borough
[0m18:41:31.756444 [debug] [Thread-1 (]: Re-using an available connection from the pool (formerly model.nyc_taxi_data_analytics.cash_vs_card_trans, now model.nyc_taxi_data_analytics.fare_amount_by_borough)
[0m18:41:31.756589 [debug] [Thread-1 (]: Began compiling node model.nyc_taxi_data_analytics.fare_amount_by_borough
[0m18:41:31.757872 [debug] [Thread-1 (]: Writing injected SQL for node "model.nyc_taxi_data_analytics.fare_amount_by_borough"
[0m18:41:31.758296 [debug] [Thread-1 (]: Began executing node model.nyc_taxi_data_analytics.fare_amount_by_borough
[0m18:41:31.758448 [debug] [Thread-2 (]: Began executing node model.nyc_taxi_data_analytics.common_pickup_locations
[0m18:41:31.758703 [debug] [Thread-1 (]: Finished running node model.nyc_taxi_data_analytics.fare_amount_by_borough
[0m18:41:31.758963 [debug] [Thread-2 (]: Finished running node model.nyc_taxi_data_analytics.common_pickup_locations
[0m18:41:31.759123 [debug] [Thread-1 (]: Began running node model.nyc_taxi_data_analytics.most_common_payment
[0m18:41:31.759285 [debug] [Thread-2 (]: Began running node model.nyc_taxi_data_analytics.most_efficient_route
[0m18:41:31.759446 [debug] [Thread-1 (]: Re-using an available connection from the pool (formerly model.nyc_taxi_data_analytics.fare_amount_by_borough, now model.nyc_taxi_data_analytics.most_common_payment)
[0m18:41:31.759601 [debug] [Thread-2 (]: Re-using an available connection from the pool (formerly model.nyc_taxi_data_analytics.common_pickup_locations, now model.nyc_taxi_data_analytics.most_efficient_route)
[0m18:41:31.759748 [debug] [Thread-1 (]: Began compiling node model.nyc_taxi_data_analytics.most_common_payment
[0m18:41:31.759886 [debug] [Thread-2 (]: Began compiling node model.nyc_taxi_data_analytics.most_efficient_route
[0m18:41:31.762078 [debug] [Thread-1 (]: Writing injected SQL for node "model.nyc_taxi_data_analytics.most_common_payment"
[0m18:41:31.763405 [debug] [Thread-2 (]: Writing injected SQL for node "model.nyc_taxi_data_analytics.most_efficient_route"
[0m18:41:31.763657 [debug] [Thread-1 (]: Began executing node model.nyc_taxi_data_analytics.most_common_payment
[0m18:41:31.763905 [debug] [Thread-1 (]: Finished running node model.nyc_taxi_data_analytics.most_common_payment
[0m18:41:31.800101 [debug] [Thread-1 (]: Began running node model.nyc_taxi_data_analytics.peak_customer_demand
[0m18:41:31.801271 [debug] [Thread-2 (]: Began executing node model.nyc_taxi_data_analytics.most_efficient_route
[0m18:41:31.801500 [debug] [Thread-1 (]: Re-using an available connection from the pool (formerly model.nyc_taxi_data_analytics.most_common_payment, now model.nyc_taxi_data_analytics.peak_customer_demand)
[0m18:41:31.801796 [debug] [Thread-2 (]: Finished running node model.nyc_taxi_data_analytics.most_efficient_route
[0m18:41:31.801961 [debug] [Thread-1 (]: Began compiling node model.nyc_taxi_data_analytics.peak_customer_demand
[0m18:41:31.802122 [debug] [Thread-2 (]: Began running node model.nyc_taxi_data_analytics.peak_vs_nonpeak_hour
[0m18:41:31.803684 [debug] [Thread-1 (]: Writing injected SQL for node "model.nyc_taxi_data_analytics.peak_customer_demand"
[0m18:41:31.803886 [debug] [Thread-2 (]: Re-using an available connection from the pool (formerly model.nyc_taxi_data_analytics.most_efficient_route, now model.nyc_taxi_data_analytics.peak_vs_nonpeak_hour)
[0m18:41:31.804087 [debug] [Thread-2 (]: Began compiling node model.nyc_taxi_data_analytics.peak_vs_nonpeak_hour
[0m18:41:31.805406 [debug] [Thread-2 (]: Writing injected SQL for node "model.nyc_taxi_data_analytics.peak_vs_nonpeak_hour"
[0m18:41:31.805682 [debug] [Thread-1 (]: Began executing node model.nyc_taxi_data_analytics.peak_customer_demand
[0m18:41:31.805946 [debug] [Thread-1 (]: Finished running node model.nyc_taxi_data_analytics.peak_customer_demand
[0m18:41:31.806117 [debug] [Thread-1 (]: Began running node model.nyc_taxi_data_analytics.short_vs_long_trips
[0m18:41:31.806285 [debug] [Thread-1 (]: Re-using an available connection from the pool (formerly model.nyc_taxi_data_analytics.peak_customer_demand, now model.nyc_taxi_data_analytics.short_vs_long_trips)
[0m18:41:31.806445 [debug] [Thread-2 (]: Began executing node model.nyc_taxi_data_analytics.peak_vs_nonpeak_hour
[0m18:41:31.806594 [debug] [Thread-1 (]: Began compiling node model.nyc_taxi_data_analytics.short_vs_long_trips
[0m18:41:31.806846 [debug] [Thread-2 (]: Finished running node model.nyc_taxi_data_analytics.peak_vs_nonpeak_hour
[0m18:41:31.808052 [debug] [Thread-1 (]: Writing injected SQL for node "model.nyc_taxi_data_analytics.short_vs_long_trips"
[0m18:41:31.808218 [debug] [Thread-2 (]: Began running node model.nyc_taxi_data_analytics.tipping_behavior
[0m18:41:31.808404 [debug] [Thread-2 (]: Re-using an available connection from the pool (formerly model.nyc_taxi_data_analytics.peak_vs_nonpeak_hour, now model.nyc_taxi_data_analytics.tipping_behavior)
[0m18:41:31.808547 [debug] [Thread-2 (]: Began compiling node model.nyc_taxi_data_analytics.tipping_behavior
[0m18:41:31.809817 [debug] [Thread-2 (]: Writing injected SQL for node "model.nyc_taxi_data_analytics.tipping_behavior"
[0m18:41:31.810029 [debug] [Thread-1 (]: Began executing node model.nyc_taxi_data_analytics.short_vs_long_trips
[0m18:41:31.810281 [debug] [Thread-1 (]: Finished running node model.nyc_taxi_data_analytics.short_vs_long_trips
[0m18:41:31.810434 [debug] [Thread-1 (]: Began running node model.nyc_taxi_data_analytics.total_earnings_per_month
[0m18:41:31.810597 [debug] [Thread-1 (]: Re-using an available connection from the pool (formerly model.nyc_taxi_data_analytics.short_vs_long_trips, now model.nyc_taxi_data_analytics.total_earnings_per_month)
[0m18:41:31.810749 [debug] [Thread-1 (]: Began compiling node model.nyc_taxi_data_analytics.total_earnings_per_month
[0m18:41:31.810881 [debug] [Thread-2 (]: Began executing node model.nyc_taxi_data_analytics.tipping_behavior
[0m18:41:31.812112 [debug] [Thread-1 (]: Writing injected SQL for node "model.nyc_taxi_data_analytics.total_earnings_per_month"
[0m18:41:31.812388 [debug] [Thread-2 (]: Finished running node model.nyc_taxi_data_analytics.tipping_behavior
[0m18:41:31.812572 [debug] [Thread-2 (]: Began running node model.nyc_taxi_data_analytics.trips_by_time_and_day
[0m18:41:31.812732 [debug] [Thread-2 (]: Re-using an available connection from the pool (formerly model.nyc_taxi_data_analytics.tipping_behavior, now model.nyc_taxi_data_analytics.trips_by_time_and_day)
[0m18:41:31.812890 [debug] [Thread-2 (]: Began compiling node model.nyc_taxi_data_analytics.trips_by_time_and_day
[0m18:41:31.814199 [debug] [Thread-2 (]: Writing injected SQL for node "model.nyc_taxi_data_analytics.trips_by_time_and_day"
[0m18:41:31.814357 [debug] [Thread-1 (]: Began executing node model.nyc_taxi_data_analytics.total_earnings_per_month
[0m18:41:31.814618 [debug] [Thread-1 (]: Finished running node model.nyc_taxi_data_analytics.total_earnings_per_month
[0m18:41:31.814775 [debug] [Thread-1 (]: Began running node model.nyc_taxi_data_analytics.vendor_market_share
[0m18:41:31.814923 [debug] [Thread-1 (]: Re-using an available connection from the pool (formerly model.nyc_taxi_data_analytics.total_earnings_per_month, now model.nyc_taxi_data_analytics.vendor_market_share)
[0m18:41:31.815104 [debug] [Thread-1 (]: Began compiling node model.nyc_taxi_data_analytics.vendor_market_share
[0m18:41:31.816390 [debug] [Thread-1 (]: Writing injected SQL for node "model.nyc_taxi_data_analytics.vendor_market_share"
[0m18:41:31.816559 [debug] [Thread-2 (]: Began executing node model.nyc_taxi_data_analytics.trips_by_time_and_day
[0m18:41:31.816846 [debug] [Thread-2 (]: Finished running node model.nyc_taxi_data_analytics.trips_by_time_and_day
[0m18:41:31.817018 [debug] [Thread-2 (]: Began running node test.nyc_taxi_data_analytics.assert_positive_value_fact_taxi_trips_fare_amount.e1cbe379d5
[0m18:41:31.817186 [debug] [Thread-2 (]: Re-using an available connection from the pool (formerly model.nyc_taxi_data_analytics.trips_by_time_and_day, now test.nyc_taxi_data_analytics.assert_positive_value_fact_taxi_trips_fare_amount.e1cbe379d5)
[0m18:41:31.817344 [debug] [Thread-2 (]: Began compiling node test.nyc_taxi_data_analytics.assert_positive_value_fact_taxi_trips_fare_amount.e1cbe379d5
[0m18:41:31.818927 [debug] [Thread-2 (]: Writing injected SQL for node "test.nyc_taxi_data_analytics.assert_positive_value_fact_taxi_trips_fare_amount.e1cbe379d5"
[0m18:41:31.819090 [debug] [Thread-1 (]: Began executing node model.nyc_taxi_data_analytics.vendor_market_share
[0m18:41:31.819353 [debug] [Thread-1 (]: Finished running node model.nyc_taxi_data_analytics.vendor_market_share
[0m18:41:31.819510 [debug] [Thread-1 (]: Began running node test.nyc_taxi_data_analytics.fact_vs_dim_count
[0m18:41:31.819672 [debug] [Thread-1 (]: Re-using an available connection from the pool (formerly model.nyc_taxi_data_analytics.vendor_market_share, now test.nyc_taxi_data_analytics.fact_vs_dim_count)
[0m18:41:31.819834 [debug] [Thread-1 (]: Began compiling node test.nyc_taxi_data_analytics.fact_vs_dim_count
[0m18:41:31.821196 [debug] [Thread-1 (]: Writing injected SQL for node "test.nyc_taxi_data_analytics.fact_vs_dim_count"
[0m18:41:31.821359 [debug] [Thread-2 (]: Began executing node test.nyc_taxi_data_analytics.assert_positive_value_fact_taxi_trips_fare_amount.e1cbe379d5
[0m18:41:31.821632 [debug] [Thread-2 (]: Finished running node test.nyc_taxi_data_analytics.assert_positive_value_fact_taxi_trips_fare_amount.e1cbe379d5
[0m18:41:31.821798 [debug] [Thread-2 (]: Began running node test.nyc_taxi_data_analytics.not_null_fact_taxi_trips_dropoff_datetime.b267ed285c
[0m18:41:31.821977 [debug] [Thread-2 (]: Re-using an available connection from the pool (formerly test.nyc_taxi_data_analytics.assert_positive_value_fact_taxi_trips_fare_amount.e1cbe379d5, now test.nyc_taxi_data_analytics.not_null_fact_taxi_trips_dropoff_datetime.b267ed285c)
[0m18:41:31.822139 [debug] [Thread-2 (]: Began compiling node test.nyc_taxi_data_analytics.not_null_fact_taxi_trips_dropoff_datetime.b267ed285c
[0m18:41:31.822280 [debug] [Thread-1 (]: Began executing node test.nyc_taxi_data_analytics.fact_vs_dim_count
[0m18:41:31.823855 [debug] [Thread-2 (]: Writing injected SQL for node "test.nyc_taxi_data_analytics.not_null_fact_taxi_trips_dropoff_datetime.b267ed285c"
[0m18:41:31.824128 [debug] [Thread-1 (]: Finished running node test.nyc_taxi_data_analytics.fact_vs_dim_count
[0m18:41:31.824316 [debug] [Thread-1 (]: Began running node test.nyc_taxi_data_analytics.not_null_fact_taxi_trips_pickup_datetime.d87413dbcd
[0m18:41:31.824485 [debug] [Thread-1 (]: Re-using an available connection from the pool (formerly test.nyc_taxi_data_analytics.fact_vs_dim_count, now test.nyc_taxi_data_analytics.not_null_fact_taxi_trips_pickup_datetime.d87413dbcd)
[0m18:41:31.824645 [debug] [Thread-1 (]: Began compiling node test.nyc_taxi_data_analytics.not_null_fact_taxi_trips_pickup_datetime.d87413dbcd
[0m18:41:31.826241 [debug] [Thread-1 (]: Writing injected SQL for node "test.nyc_taxi_data_analytics.not_null_fact_taxi_trips_pickup_datetime.d87413dbcd"
[0m18:41:31.826397 [debug] [Thread-2 (]: Began executing node test.nyc_taxi_data_analytics.not_null_fact_taxi_trips_dropoff_datetime.b267ed285c
[0m18:41:31.826654 [debug] [Thread-2 (]: Finished running node test.nyc_taxi_data_analytics.not_null_fact_taxi_trips_dropoff_datetime.b267ed285c
[0m18:41:31.826818 [debug] [Thread-2 (]: Began running node test.nyc_taxi_data_analytics.not_null_fact_taxi_trips_trip_id.0a488b34a6
[0m18:41:31.826987 [debug] [Thread-2 (]: Re-using an available connection from the pool (formerly test.nyc_taxi_data_analytics.not_null_fact_taxi_trips_dropoff_datetime.b267ed285c, now test.nyc_taxi_data_analytics.not_null_fact_taxi_trips_trip_id.0a488b34a6)
[0m18:41:31.827143 [debug] [Thread-1 (]: Began executing node test.nyc_taxi_data_analytics.not_null_fact_taxi_trips_pickup_datetime.d87413dbcd
[0m18:41:31.827276 [debug] [Thread-2 (]: Began compiling node test.nyc_taxi_data_analytics.not_null_fact_taxi_trips_trip_id.0a488b34a6
[0m18:41:31.827549 [debug] [Thread-1 (]: Finished running node test.nyc_taxi_data_analytics.not_null_fact_taxi_trips_pickup_datetime.d87413dbcd
[0m18:41:31.830011 [debug] [Thread-2 (]: Writing injected SQL for node "test.nyc_taxi_data_analytics.not_null_fact_taxi_trips_trip_id.0a488b34a6"
[0m18:41:31.830204 [debug] [Thread-1 (]: Began running node test.nyc_taxi_data_analytics.relationships_fact_taxi_trips_dropoff_location_id__location_id__ref_dim_location_.d9808e50a4
[0m18:41:31.830410 [debug] [Thread-1 (]: Re-using an available connection from the pool (formerly test.nyc_taxi_data_analytics.not_null_fact_taxi_trips_pickup_datetime.d87413dbcd, now test.nyc_taxi_data_analytics.relationships_fact_taxi_trips_dropoff_location_id__location_id__ref_dim_location_.d9808e50a4)
[0m18:41:31.830569 [debug] [Thread-1 (]: Began compiling node test.nyc_taxi_data_analytics.relationships_fact_taxi_trips_dropoff_location_id__location_id__ref_dim_location_.d9808e50a4
[0m18:41:31.834059 [debug] [Thread-1 (]: Writing injected SQL for node "test.nyc_taxi_data_analytics.relationships_fact_taxi_trips_dropoff_location_id__location_id__ref_dim_location_.d9808e50a4"
[0m18:41:31.834267 [debug] [Thread-2 (]: Began executing node test.nyc_taxi_data_analytics.not_null_fact_taxi_trips_trip_id.0a488b34a6
[0m18:41:31.834535 [debug] [Thread-2 (]: Finished running node test.nyc_taxi_data_analytics.not_null_fact_taxi_trips_trip_id.0a488b34a6
[0m18:41:31.834699 [debug] [Thread-2 (]: Began running node test.nyc_taxi_data_analytics.relationships_fact_taxi_trips_pickup_location_id__location_id__ref_dim_location_.2b200d8db8
[0m18:41:31.834854 [debug] [Thread-1 (]: Began executing node test.nyc_taxi_data_analytics.relationships_fact_taxi_trips_dropoff_location_id__location_id__ref_dim_location_.d9808e50a4
[0m18:41:31.835036 [debug] [Thread-2 (]: Re-using an available connection from the pool (formerly test.nyc_taxi_data_analytics.not_null_fact_taxi_trips_trip_id.0a488b34a6, now test.nyc_taxi_data_analytics.relationships_fact_taxi_trips_pickup_location_id__location_id__ref_dim_location_.2b200d8db8)
[0m18:41:31.835293 [debug] [Thread-1 (]: Finished running node test.nyc_taxi_data_analytics.relationships_fact_taxi_trips_dropoff_location_id__location_id__ref_dim_location_.d9808e50a4
[0m18:41:31.835445 [debug] [Thread-2 (]: Began compiling node test.nyc_taxi_data_analytics.relationships_fact_taxi_trips_pickup_location_id__location_id__ref_dim_location_.2b200d8db8
[0m18:41:31.835600 [debug] [Thread-1 (]: Began running node test.nyc_taxi_data_analytics.unique_fact_taxi_trips_trip_id.9bcb3949ad
[0m18:41:31.837600 [debug] [Thread-2 (]: Writing injected SQL for node "test.nyc_taxi_data_analytics.relationships_fact_taxi_trips_pickup_location_id__location_id__ref_dim_location_.2b200d8db8"
[0m18:41:31.837783 [debug] [Thread-1 (]: Re-using an available connection from the pool (formerly test.nyc_taxi_data_analytics.relationships_fact_taxi_trips_dropoff_location_id__location_id__ref_dim_location_.d9808e50a4, now test.nyc_taxi_data_analytics.unique_fact_taxi_trips_trip_id.9bcb3949ad)
[0m18:41:31.837976 [debug] [Thread-1 (]: Began compiling node test.nyc_taxi_data_analytics.unique_fact_taxi_trips_trip_id.9bcb3949ad
[0m18:41:31.839604 [debug] [Thread-1 (]: Writing injected SQL for node "test.nyc_taxi_data_analytics.unique_fact_taxi_trips_trip_id.9bcb3949ad"
[0m18:41:31.839852 [debug] [Thread-2 (]: Began executing node test.nyc_taxi_data_analytics.relationships_fact_taxi_trips_pickup_location_id__location_id__ref_dim_location_.2b200d8db8
[0m18:41:31.840125 [debug] [Thread-2 (]: Finished running node test.nyc_taxi_data_analytics.relationships_fact_taxi_trips_pickup_location_id__location_id__ref_dim_location_.2b200d8db8
[0m18:41:31.840312 [debug] [Thread-1 (]: Began executing node test.nyc_taxi_data_analytics.unique_fact_taxi_trips_trip_id.9bcb3949ad
[0m18:41:31.840599 [debug] [Thread-1 (]: Finished running node test.nyc_taxi_data_analytics.unique_fact_taxi_trips_trip_id.9bcb3949ad
[0m18:41:31.841111 [debug] [MainThread]: Connection 'master' was properly closed.
[0m18:41:31.841247 [debug] [MainThread]: Connection 'test.nyc_taxi_data_analytics.unique_fact_taxi_trips_trip_id.9bcb3949ad' was left open.
[0m18:41:31.841377 [debug] [MainThread]: On test.nyc_taxi_data_analytics.unique_fact_taxi_trips_trip_id.9bcb3949ad: Close
[0m18:41:32.474622 [debug] [MainThread]: Connection 'test.nyc_taxi_data_analytics.relationships_fact_taxi_trips_pickup_location_id__location_id__ref_dim_location_.2b200d8db8' was left open.
[0m18:41:32.475608 [debug] [MainThread]: On test.nyc_taxi_data_analytics.relationships_fact_taxi_trips_pickup_location_id__location_id__ref_dim_location_.2b200d8db8: Close
[0m18:41:33.118172 [debug] [MainThread]: Command end result
[0m18:41:33.190661 [debug] [MainThread]: Wrote artifact WritableManifest to /Users/tushargupta/Documents/Projects/NYC-Taxi-Data-Analytics/target/manifest.json
[0m18:41:33.191560 [debug] [MainThread]: Wrote artifact SemanticManifest to /Users/tushargupta/Documents/Projects/NYC-Taxi-Data-Analytics/target/semantic_manifest.json
[0m18:41:33.195433 [debug] [MainThread]: Wrote artifact RunExecutionResult to /Users/tushargupta/Documents/Projects/NYC-Taxi-Data-Analytics/target/run_results.json
[0m18:41:33.197564 [debug] [MainThread]: Acquiring new snowflake connection 'generate_catalog'
[0m18:41:33.197728 [info ] [MainThread]: Building catalog
[0m18:41:33.203040 [debug] [ThreadPool]: Acquiring new snowflake connection 'nyc_taxi_db.information_schema'
[0m18:41:33.214218 [debug] [ThreadPool]: Using snowflake connection "nyc_taxi_db.information_schema"
[0m18:41:33.214903 [debug] [ThreadPool]: On nyc_taxi_db.information_schema: /* {"app": "dbt", "dbt_version": "1.9.2", "profile_name": "nyc_taxi_data_profile", "target_name": "dev", "connection_name": "nyc_taxi_db.information_schema"} */
with tables as (
            select
        table_catalog as "table_database",
        table_schema as "table_schema",
        table_name as "table_name",
        case
            when is_dynamic = 'YES' and table_type = 'BASE TABLE' THEN 'DYNAMIC TABLE'
            else table_type
        end as "table_type",
        comment as "table_comment",

        -- note: this is the _role_ that owns the table
        table_owner as "table_owner",

        'Clustering Key' as "stats:clustering_key:label",
        clustering_key as "stats:clustering_key:value",
        'The key used to cluster this table' as "stats:clustering_key:description",
        (clustering_key is not null) as "stats:clustering_key:include",

        'Row Count' as "stats:row_count:label",
        row_count as "stats:row_count:value",
        'An approximate count of rows in this table' as "stats:row_count:description",
        (row_count is not null) as "stats:row_count:include",

        'Approximate Size' as "stats:bytes:label",
        bytes as "stats:bytes:value",
        'Approximate size of the table as reported by Snowflake' as "stats:bytes:description",
        (bytes is not null) as "stats:bytes:include",

        'Last Modified' as "stats:last_modified:label",
        to_varchar(convert_timezone('UTC', last_altered), 'yyyy-mm-dd HH24:MI'||'UTC') as "stats:last_modified:value",
        'The timestamp for last update/change' as "stats:last_modified:description",
        (last_altered is not null and table_type='BASE TABLE') as "stats:last_modified:include"
    from nyc_taxi_db.INFORMATION_SCHEMA.tables
            where (
                (
                    
    "table_schema" ilike 'seeds' and upper("table_schema") = upper('seeds')

                    and 
    "table_name" ilike 'vendors' and upper("table_name") = upper('vendors')

                )
             or 
                (
                    
    "table_schema" ilike 'analytics' and upper("table_schema") = upper('analytics')

                    and 
    "table_name" ilike 'peak_vs_nonpeak_hour' and upper("table_name") = upper('peak_vs_nonpeak_hour')

                )
             or 
                (
                    
    "table_schema" ilike 'analytics' and upper("table_schema") = upper('analytics')

                    and 
    "table_name" ilike 'average_trip_duration' and upper("table_name") = upper('average_trip_duration')

                )
             or 
                (
                    
    "table_schema" ilike 'analytics' and upper("table_schema") = upper('analytics')

                    and 
    "table_name" ilike 'cash_vs_card_trans' and upper("table_name") = upper('cash_vs_card_trans')

                )
             or 
                (
                    
    "table_schema" ilike 'processed' and upper("table_schema") = upper('processed')

                    and 
    "table_name" ilike 'prc_taxi_trips' and upper("table_name") = upper('prc_taxi_trips')

                )
             or 
                (
                    
    "table_schema" ilike 'raw' and upper("table_schema") = upper('raw')

                    and 
    "table_name" ilike 'nyc_taxi_trips' and upper("table_name") = upper('nyc_taxi_trips')

                )
             or 
                (
                    
    "table_schema" ilike 'analytics' and upper("table_schema") = upper('analytics')

                    and 
    "table_name" ilike 'tipping_behavior' and upper("table_name") = upper('tipping_behavior')

                )
             or 
                (
                    
    "table_schema" ilike 'seeds' and upper("table_schema") = upper('seeds')

                    and 
    "table_name" ilike 'taxi_zone_lookup' and upper("table_name") = upper('taxi_zone_lookup')

                )
             or 
                (
                    
    "table_schema" ilike 'analytics' and upper("table_schema") = upper('analytics')

                    and 
    "table_name" ilike 'average_waiting_time_bw_trips' and upper("table_name") = upper('average_waiting_time_bw_trips')

                )
             or 
                (
                    
    "table_schema" ilike 'analytics' and upper("table_schema") = upper('analytics')

                    and 
    "table_name" ilike 'common_pickup_locations' and upper("table_name") = upper('common_pickup_locations')

                )
             or 
                (
                    
    "table_schema" ilike 'analytics' and upper("table_schema") = upper('analytics')

                    and 
    "table_name" ilike 'trips_by_time_and_day' and upper("table_name") = upper('trips_by_time_and_day')

                )
             or 
                (
                    
    "table_schema" ilike 'analytics' and upper("table_schema") = upper('analytics')

                    and 
    "table_name" ilike 'short_vs_long_trips' and upper("table_name") = upper('short_vs_long_trips')

                )
             or 
                (
                    
    "table_schema" ilike 'analytics' and upper("table_schema") = upper('analytics')

                    and 
    "table_name" ilike 'peak_customer_demand' and upper("table_name") = upper('peak_customer_demand')

                )
             or 
                (
                    
    "table_schema" ilike 'seeds' and upper("table_schema") = upper('seeds')

                    and 
    "table_name" ilike 'payments' and upper("table_name") = upper('payments')

                )
             or 
                (
                    
    "table_schema" ilike 'seeds' and upper("table_schema") = upper('seeds')

                    and 
    "table_name" ilike 'rate_codes' and upper("table_name") = upper('rate_codes')

                )
             or 
                (
                    
    "table_schema" ilike 'conformed' and upper("table_schema") = upper('conformed')

                    and 
    "table_name" ilike 'fact_taxi_trips' and upper("table_name") = upper('fact_taxi_trips')

                )
             or 
                (
                    
    "table_schema" ilike 'analytics' and upper("table_schema") = upper('analytics')

                    and 
    "table_name" ilike 'vendor_market_share' and upper("table_name") = upper('vendor_market_share')

                )
             or 
                (
                    
    "table_schema" ilike 'conformed' and upper("table_schema") = upper('conformed')

                    and 
    "table_name" ilike 'dim_location' and upper("table_name") = upper('dim_location')

                )
             or 
                (
                    
    "table_schema" ilike 'analytics' and upper("table_schema") = upper('analytics')

                    and 
    "table_name" ilike 'most_efficient_route' and upper("table_name") = upper('most_efficient_route')

                )
             or 
                (
                    
    "table_schema" ilike 'analytics' and upper("table_schema") = upper('analytics')

                    and 
    "table_name" ilike 'average_fare_amount' and upper("table_name") = upper('average_fare_amount')

                )
             or 
                (
                    
    "table_schema" ilike 'conformed' and upper("table_schema") = upper('conformed')

                    and 
    "table_name" ilike 'dim_taxi_trips' and upper("table_name") = upper('dim_taxi_trips')

                )
             or 
                (
                    
    "table_schema" ilike 'analytics' and upper("table_schema") = upper('analytics')

                    and 
    "table_name" ilike 'most_common_payment' and upper("table_name") = upper('most_common_payment')

                )
             or 
                (
                    
    "table_schema" ilike 'analytics' and upper("table_schema") = upper('analytics')

                    and 
    "table_name" ilike 'fare_amount_by_borough' and upper("table_name") = upper('fare_amount_by_borough')

                )
             or 
                (
                    
    "table_schema" ilike 'analytics' and upper("table_schema") = upper('analytics')

                    and 
    "table_name" ilike 'total_earnings_per_month' and upper("table_name") = upper('total_earnings_per_month')

                )
             or 
                (
                    
    "table_schema" ilike 'conformed' and upper("table_schema") = upper('conformed')

                    and 
    "table_name" ilike 'dim_time' and upper("table_name") = upper('dim_time')

                )
            )
        ),
        columns as (
            select
        table_catalog as "table_database",
        table_schema as "table_schema",
        table_name as "table_name",

        column_name as "column_name",
        ordinal_position as "column_index",
        data_type as "column_type",
        comment as "column_comment"
    from nyc_taxi_db.INFORMATION_SCHEMA.columns
            where (
                (
                    
    "table_schema" ilike 'seeds' and upper("table_schema") = upper('seeds')

                    and 
    "table_name" ilike 'vendors' and upper("table_name") = upper('vendors')

                )
             or 
                (
                    
    "table_schema" ilike 'analytics' and upper("table_schema") = upper('analytics')

                    and 
    "table_name" ilike 'peak_vs_nonpeak_hour' and upper("table_name") = upper('peak_vs_nonpeak_hour')

                )
             or 
                (
                    
    "table_schema" ilike 'analytics' and upper("table_schema") = upper('analytics')

                    and 
    "table_name" ilike 'average_trip_duration' and upper("table_name") = upper('average_trip_duration')

                )
             or 
                (
                    
    "table_schema" ilike 'analytics' and upper("table_schema") = upper('analytics')

                    and 
    "table_name" ilike 'cash_vs_card_trans' and upper("table_name") = upper('cash_vs_card_trans')

                )
             or 
                (
                    
    "table_schema" ilike 'processed' and upper("table_schema") = upper('processed')

                    and 
    "table_name" ilike 'prc_taxi_trips' and upper("table_name") = upper('prc_taxi_trips')

                )
             or 
                (
                    
    "table_schema" ilike 'raw' and upper("table_schema") = upper('raw')

                    and 
    "table_name" ilike 'nyc_taxi_trips' and upper("table_name") = upper('nyc_taxi_trips')

                )
             or 
                (
                    
    "table_schema" ilike 'analytics' and upper("table_schema") = upper('analytics')

                    and 
    "table_name" ilike 'tipping_behavior' and upper("table_name") = upper('tipping_behavior')

                )
             or 
                (
                    
    "table_schema" ilike 'seeds' and upper("table_schema") = upper('seeds')

                    and 
    "table_name" ilike 'taxi_zone_lookup' and upper("table_name") = upper('taxi_zone_lookup')

                )
             or 
                (
                    
    "table_schema" ilike 'analytics' and upper("table_schema") = upper('analytics')

                    and 
    "table_name" ilike 'average_waiting_time_bw_trips' and upper("table_name") = upper('average_waiting_time_bw_trips')

                )
             or 
                (
                    
    "table_schema" ilike 'analytics' and upper("table_schema") = upper('analytics')

                    and 
    "table_name" ilike 'common_pickup_locations' and upper("table_name") = upper('common_pickup_locations')

                )
             or 
                (
                    
    "table_schema" ilike 'analytics' and upper("table_schema") = upper('analytics')

                    and 
    "table_name" ilike 'trips_by_time_and_day' and upper("table_name") = upper('trips_by_time_and_day')

                )
             or 
                (
                    
    "table_schema" ilike 'analytics' and upper("table_schema") = upper('analytics')

                    and 
    "table_name" ilike 'short_vs_long_trips' and upper("table_name") = upper('short_vs_long_trips')

                )
             or 
                (
                    
    "table_schema" ilike 'analytics' and upper("table_schema") = upper('analytics')

                    and 
    "table_name" ilike 'peak_customer_demand' and upper("table_name") = upper('peak_customer_demand')

                )
             or 
                (
                    
    "table_schema" ilike 'seeds' and upper("table_schema") = upper('seeds')

                    and 
    "table_name" ilike 'payments' and upper("table_name") = upper('payments')

                )
             or 
                (
                    
    "table_schema" ilike 'seeds' and upper("table_schema") = upper('seeds')

                    and 
    "table_name" ilike 'rate_codes' and upper("table_name") = upper('rate_codes')

                )
             or 
                (
                    
    "table_schema" ilike 'conformed' and upper("table_schema") = upper('conformed')

                    and 
    "table_name" ilike 'fact_taxi_trips' and upper("table_name") = upper('fact_taxi_trips')

                )
             or 
                (
                    
    "table_schema" ilike 'analytics' and upper("table_schema") = upper('analytics')

                    and 
    "table_name" ilike 'vendor_market_share' and upper("table_name") = upper('vendor_market_share')

                )
             or 
                (
                    
    "table_schema" ilike 'conformed' and upper("table_schema") = upper('conformed')

                    and 
    "table_name" ilike 'dim_location' and upper("table_name") = upper('dim_location')

                )
             or 
                (
                    
    "table_schema" ilike 'analytics' and upper("table_schema") = upper('analytics')

                    and 
    "table_name" ilike 'most_efficient_route' and upper("table_name") = upper('most_efficient_route')

                )
             or 
                (
                    
    "table_schema" ilike 'analytics' and upper("table_schema") = upper('analytics')

                    and 
    "table_name" ilike 'average_fare_amount' and upper("table_name") = upper('average_fare_amount')

                )
             or 
                (
                    
    "table_schema" ilike 'conformed' and upper("table_schema") = upper('conformed')

                    and 
    "table_name" ilike 'dim_taxi_trips' and upper("table_name") = upper('dim_taxi_trips')

                )
             or 
                (
                    
    "table_schema" ilike 'analytics' and upper("table_schema") = upper('analytics')

                    and 
    "table_name" ilike 'most_common_payment' and upper("table_name") = upper('most_common_payment')

                )
             or 
                (
                    
    "table_schema" ilike 'analytics' and upper("table_schema") = upper('analytics')

                    and 
    "table_name" ilike 'fare_amount_by_borough' and upper("table_name") = upper('fare_amount_by_borough')

                )
             or 
                (
                    
    "table_schema" ilike 'analytics' and upper("table_schema") = upper('analytics')

                    and 
    "table_name" ilike 'total_earnings_per_month' and upper("table_name") = upper('total_earnings_per_month')

                )
             or 
                (
                    
    "table_schema" ilike 'conformed' and upper("table_schema") = upper('conformed')

                    and 
    "table_name" ilike 'dim_time' and upper("table_name") = upper('dim_time')

                )
            )
        )
        select *
    from tables
    join columns using ("table_database", "table_schema", "table_name")
    order by "column_index"
[0m18:41:33.215574 [debug] [ThreadPool]: Opening a new connection, currently in state init
[0m18:41:43.387389 [debug] [ThreadPool]: SQL status: SUCCESS 152 in 10.170 seconds
[0m18:41:44.420836 [debug] [MainThread]: Wrote artifact CatalogArtifact to /Users/tushargupta/Documents/Projects/NYC-Taxi-Data-Analytics/target/catalog.json
[0m18:41:44.438393 [debug] [MainThread]: Wrote artifact WritableManifest to /Users/tushargupta/Documents/Projects/NYC-Taxi-Data-Analytics/target/manifest.json
[0m18:41:44.440838 [debug] [MainThread]: Wrote artifact SemanticManifest to /Users/tushargupta/Documents/Projects/NYC-Taxi-Data-Analytics/target/semantic_manifest.json
[0m18:41:44.441020 [info ] [MainThread]: Catalog written to /Users/tushargupta/Documents/Projects/NYC-Taxi-Data-Analytics/target/catalog.json
[0m18:41:44.444257 [debug] [MainThread]: Resource report: {"command_name": "generate", "command_success": true, "command_wall_clock_time": 15.920307, "process_in_blocks": "0", "process_kernel_time": 0.555214, "process_mem_max_rss": "197459968", "process_out_blocks": "0", "process_user_time": 3.225021}
[0m18:41:44.444901 [debug] [MainThread]: Command `dbt docs generate` succeeded at 18:41:44.444711 after 15.92 seconds
[0m18:41:44.445325 [debug] [MainThread]: Connection 'generate_catalog' was properly closed.
[0m18:41:44.445463 [debug] [MainThread]: Connection 'nyc_taxi_db.information_schema' was left open.
[0m18:41:44.445627 [debug] [MainThread]: On nyc_taxi_db.information_schema: Close
[0m18:41:45.066765 [debug] [MainThread]: Sending event: {'category': 'dbt', 'action': 'invocation', 'label': 'end', 'context': [<snowplow_tracker.self_describing_json.SelfDescribingJson object at 0x1031343b0>, <snowplow_tracker.self_describing_json.SelfDescribingJson object at 0x1303131d0>, <snowplow_tracker.self_describing_json.SelfDescribingJson object at 0x130311d90>]}
[0m18:41:45.067480 [debug] [MainThread]: Flushing usage events
[0m18:41:46.078239 [debug] [MainThread]: An error was encountered while trying to flush usage events
[0m18:41:51.891946 [debug] [MainThread]: Sending event: {'category': 'dbt', 'action': 'invocation', 'label': 'start', 'context': [<snowplow_tracker.self_describing_json.SelfDescribingJson object at 0x108605190>, <snowplow_tracker.self_describing_json.SelfDescribingJson object at 0x109da9c70>, <snowplow_tracker.self_describing_json.SelfDescribingJson object at 0x109da9a00>]}


============================== 18:41:51.894484 | 7171bc4e-48a7-493c-a9fb-1f91ad5d52d5 ==============================
[0m18:41:51.894484 [info ] [MainThread]: Running with dbt=1.9.2
[0m18:41:51.894785 [debug] [MainThread]: running dbt with arguments {'printer_width': '80', 'indirect_selection': 'eager', 'log_cache_events': 'False', 'write_json': 'True', 'partial_parse': 'True', 'cache_selected_only': 'False', 'profiles_dir': '/Users/tushargupta/.dbt', 'debug': 'False', 'warn_error': 'None', 'log_path': '/Users/tushargupta/Documents/Projects/NYC-Taxi-Data-Analytics/logs', 'version_check': 'True', 'fail_fast': 'False', 'use_colors': 'True', 'use_experimental_parser': 'False', 'no_print': 'None', 'quiet': 'False', 'empty': 'None', 'log_format': 'default', 'invocation_command': 'dbt docs serve', 'static_parser': 'True', 'introspect': 'True', 'target_path': 'None', 'warn_error_options': 'WarnErrorOptions(include=[], exclude=[])', 'send_anonymous_usage_stats': 'True'}
[0m18:41:52.469135 [debug] [MainThread]: Sending event: {'category': 'dbt', 'action': 'project_id', 'label': '7171bc4e-48a7-493c-a9fb-1f91ad5d52d5', 'context': [<snowplow_tracker.self_describing_json.SelfDescribingJson object at 0x10f058770>]}
[0m18:41:52.492958 [debug] [MainThread]: Sending event: {'category': 'dbt', 'action': 'adapter_info', 'label': '7171bc4e-48a7-493c-a9fb-1f91ad5d52d5', 'context': [<snowplow_tracker.self_describing_json.SelfDescribingJson object at 0x10fda5250>]}
[0m18:41:52.785344 [error] [MainThread]: Encountered an error:
[Errno 48] Address already in use
[0m18:41:52.788924 [error] [MainThread]: Traceback (most recent call last):
  File "/Users/tushargupta/Documents/Projects/NYC-Taxi-Data-Analytics/nyc-taxi-venv/lib/python3.12/site-packages/dbt/cli/requires.py", line 153, in wrapper
    result, success = func(*args, **kwargs)
                      ^^^^^^^^^^^^^^^^^^^^^
  File "/Users/tushargupta/Documents/Projects/NYC-Taxi-Data-Analytics/nyc-taxi-venv/lib/python3.12/site-packages/dbt/cli/requires.py", line 103, in wrapper
    return func(*args, **kwargs)
           ^^^^^^^^^^^^^^^^^^^^^
  File "/Users/tushargupta/Documents/Projects/NYC-Taxi-Data-Analytics/nyc-taxi-venv/lib/python3.12/site-packages/dbt/cli/requires.py", line 235, in wrapper
    return func(*args, **kwargs)
           ^^^^^^^^^^^^^^^^^^^^^
  File "/Users/tushargupta/Documents/Projects/NYC-Taxi-Data-Analytics/nyc-taxi-venv/lib/python3.12/site-packages/dbt/cli/requires.py", line 264, in wrapper
    return func(*args, **kwargs)
           ^^^^^^^^^^^^^^^^^^^^^
  File "/Users/tushargupta/Documents/Projects/NYC-Taxi-Data-Analytics/nyc-taxi-venv/lib/python3.12/site-packages/dbt/cli/requires.py", line 311, in wrapper
    return func(*args, **kwargs)
           ^^^^^^^^^^^^^^^^^^^^^
  File "/Users/tushargupta/Documents/Projects/NYC-Taxi-Data-Analytics/nyc-taxi-venv/lib/python3.12/site-packages/dbt/cli/main.py", line 301, in docs_serve
    results = task.run()
              ^^^^^^^^^^
  File "/Users/tushargupta/Documents/Projects/NYC-Taxi-Data-Analytics/nyc-taxi-venv/lib/python3.12/site-packages/dbt/task/docs/serve.py", line 24, in run
    with socketserver.TCPServer((host, port), SimpleHTTPRequestHandler) as httpd:
         ^^^^^^^^^^^^^^^^^^^^^^^^^^^^^^^^^^^^^^^^^^^^^^^^^^^^^^^^^^^^^^
  File "/Library/Frameworks/Python.framework/Versions/3.12/lib/python3.12/socketserver.py", line 457, in __init__
    self.server_bind()
  File "/Library/Frameworks/Python.framework/Versions/3.12/lib/python3.12/socketserver.py", line 473, in server_bind
    self.socket.bind(self.server_address)
OSError: [Errno 48] Address already in use

[0m18:41:52.790796 [debug] [MainThread]: Resource report: {"command_name": "serve", "command_success": false, "command_wall_clock_time": 0.93172336, "process_in_blocks": "0", "process_kernel_time": 0.486978, "process_mem_max_rss": "179503104", "process_out_blocks": "0", "process_user_time": 2.363273}
[0m18:41:52.791179 [debug] [MainThread]: Command `dbt docs serve` failed at 18:41:52.791109 after 0.93 seconds
[0m18:41:52.791529 [debug] [MainThread]: Sending event: {'category': 'dbt', 'action': 'invocation', 'label': 'end', 'context': [<snowplow_tracker.self_describing_json.SelfDescribingJson object at 0x109d3f860>, <snowplow_tracker.self_describing_json.SelfDescribingJson object at 0x12eb8a9f0>, <snowplow_tracker.self_describing_json.SelfDescribingJson object at 0x10f037da0>]}
[0m18:41:52.791772 [debug] [MainThread]: Flushing usage events
[0m18:41:53.874720 [debug] [MainThread]: An error was encountered while trying to flush usage events
[0m18:42:10.274749 [debug] [MainThread]: Sending event: {'category': 'dbt', 'action': 'invocation', 'label': 'start', 'context': [<snowplow_tracker.self_describing_json.SelfDescribingJson object at 0x10899b6b0>, <snowplow_tracker.self_describing_json.SelfDescribingJson object at 0x108a09970>, <snowplow_tracker.self_describing_json.SelfDescribingJson object at 0x108a09700>]}


============================== 18:42:10.277367 | 587ea71c-1c95-4a71-ab7f-3d0e6b31a48c ==============================
[0m18:42:10.277367 [info ] [MainThread]: Running with dbt=1.9.2
[0m18:42:10.277672 [debug] [MainThread]: running dbt with arguments {'printer_width': '80', 'indirect_selection': 'eager', 'log_cache_events': 'False', 'write_json': 'True', 'partial_parse': 'True', 'cache_selected_only': 'False', 'profiles_dir': '/Users/tushargupta/.dbt', 'fail_fast': 'False', 'version_check': 'True', 'log_path': '/Users/tushargupta/Documents/Projects/NYC-Taxi-Data-Analytics/logs', 'debug': 'False', 'warn_error': 'None', 'use_colors': 'True', 'use_experimental_parser': 'False', 'empty': 'None', 'quiet': 'False', 'no_print': 'None', 'log_format': 'default', 'introspect': 'True', 'invocation_command': 'dbt docs serve', 'static_parser': 'True', 'target_path': 'None', 'warn_error_options': 'WarnErrorOptions(include=[], exclude=[])', 'send_anonymous_usage_stats': 'True'}
[0m18:42:10.820954 [debug] [MainThread]: Sending event: {'category': 'dbt', 'action': 'project_id', 'label': '587ea71c-1c95-4a71-ab7f-3d0e6b31a48c', 'context': [<snowplow_tracker.self_describing_json.SelfDescribingJson object at 0x109bee510>]}
[0m18:42:10.845999 [debug] [MainThread]: Sending event: {'category': 'dbt', 'action': 'adapter_info', 'label': '587ea71c-1c95-4a71-ab7f-3d0e6b31a48c', 'context': [<snowplow_tracker.self_describing_json.SelfDescribingJson object at 0x11ef925a0>]}
[0m18:42:11.016026 [error] [MainThread]: Encountered an error:
[Errno 48] Address already in use
[0m18:42:11.019786 [error] [MainThread]: Traceback (most recent call last):
  File "/Users/tushargupta/Documents/Projects/NYC-Taxi-Data-Analytics/nyc-taxi-venv/lib/python3.12/site-packages/dbt/cli/requires.py", line 153, in wrapper
    result, success = func(*args, **kwargs)
                      ^^^^^^^^^^^^^^^^^^^^^
  File "/Users/tushargupta/Documents/Projects/NYC-Taxi-Data-Analytics/nyc-taxi-venv/lib/python3.12/site-packages/dbt/cli/requires.py", line 103, in wrapper
    return func(*args, **kwargs)
           ^^^^^^^^^^^^^^^^^^^^^
  File "/Users/tushargupta/Documents/Projects/NYC-Taxi-Data-Analytics/nyc-taxi-venv/lib/python3.12/site-packages/dbt/cli/requires.py", line 235, in wrapper
    return func(*args, **kwargs)
           ^^^^^^^^^^^^^^^^^^^^^
  File "/Users/tushargupta/Documents/Projects/NYC-Taxi-Data-Analytics/nyc-taxi-venv/lib/python3.12/site-packages/dbt/cli/requires.py", line 264, in wrapper
    return func(*args, **kwargs)
           ^^^^^^^^^^^^^^^^^^^^^
  File "/Users/tushargupta/Documents/Projects/NYC-Taxi-Data-Analytics/nyc-taxi-venv/lib/python3.12/site-packages/dbt/cli/requires.py", line 311, in wrapper
    return func(*args, **kwargs)
           ^^^^^^^^^^^^^^^^^^^^^
  File "/Users/tushargupta/Documents/Projects/NYC-Taxi-Data-Analytics/nyc-taxi-venv/lib/python3.12/site-packages/dbt/cli/main.py", line 301, in docs_serve
    results = task.run()
              ^^^^^^^^^^
  File "/Users/tushargupta/Documents/Projects/NYC-Taxi-Data-Analytics/nyc-taxi-venv/lib/python3.12/site-packages/dbt/task/docs/serve.py", line 24, in run
    with socketserver.TCPServer((host, port), SimpleHTTPRequestHandler) as httpd:
         ^^^^^^^^^^^^^^^^^^^^^^^^^^^^^^^^^^^^^^^^^^^^^^^^^^^^^^^^^^^^^^
  File "/Library/Frameworks/Python.framework/Versions/3.12/lib/python3.12/socketserver.py", line 457, in __init__
    self.server_bind()
  File "/Library/Frameworks/Python.framework/Versions/3.12/lib/python3.12/socketserver.py", line 473, in server_bind
    self.socket.bind(self.server_address)
OSError: [Errno 48] Address already in use

[0m18:42:11.022522 [debug] [MainThread]: Resource report: {"command_name": "serve", "command_success": false, "command_wall_clock_time": 0.782741, "process_in_blocks": "0", "process_kernel_time": 0.741639, "process_mem_max_rss": "180502528", "process_out_blocks": "0", "process_user_time": 2.100943}
[0m18:42:11.023006 [debug] [MainThread]: Command `dbt docs serve` failed at 18:42:11.022821 after 0.78 seconds
[0m18:42:11.023403 [debug] [MainThread]: Sending event: {'category': 'dbt', 'action': 'invocation', 'label': 'end', 'context': [<snowplow_tracker.self_describing_json.SelfDescribingJson object at 0x108a091f0>, <snowplow_tracker.self_describing_json.SelfDescribingJson object at 0x10899b890>, <snowplow_tracker.self_describing_json.SelfDescribingJson object at 0x11e67fb30>]}
[0m18:42:11.023673 [debug] [MainThread]: Flushing usage events
[0m18:42:12.023896 [debug] [MainThread]: An error was encountered while trying to flush usage events
[0m18:42:44.938083 [debug] [MainThread]: Sending event: {'category': 'dbt', 'action': 'invocation', 'label': 'start', 'context': [<snowplow_tracker.self_describing_json.SelfDescribingJson object at 0x1118c5d00>, <snowplow_tracker.self_describing_json.SelfDescribingJson object at 0x111cadcd0>, <snowplow_tracker.self_describing_json.SelfDescribingJson object at 0x111cada30>]}


============================== 18:42:44.940713 | 1f45dcc7-f006-4e24-bec4-9b3ef47625e4 ==============================
[0m18:42:44.940713 [info ] [MainThread]: Running with dbt=1.9.2
[0m18:42:44.941015 [debug] [MainThread]: running dbt with arguments {'printer_width': '80', 'indirect_selection': 'eager', 'write_json': 'True', 'log_cache_events': 'False', 'partial_parse': 'True', 'cache_selected_only': 'False', 'profiles_dir': '/Users/tushargupta/.dbt', 'fail_fast': 'False', 'warn_error': 'None', 'log_path': '/Users/tushargupta/Documents/Projects/NYC-Taxi-Data-Analytics/logs', 'debug': 'False', 'version_check': 'True', 'use_colors': 'True', 'use_experimental_parser': 'False', 'no_print': 'None', 'quiet': 'False', 'empty': 'None', 'warn_error_options': 'WarnErrorOptions(include=[], exclude=[])', 'introspect': 'True', 'invocation_command': 'dbt docs serve', 'log_format': 'default', 'target_path': 'None', 'static_parser': 'True', 'send_anonymous_usage_stats': 'True'}
[0m18:42:45.539813 [debug] [MainThread]: Sending event: {'category': 'dbt', 'action': 'project_id', 'label': '1f45dcc7-f006-4e24-bec4-9b3ef47625e4', 'context': [<snowplow_tracker.self_describing_json.SelfDescribingJson object at 0x111e82270>]}
[0m18:42:45.563884 [debug] [MainThread]: Sending event: {'category': 'dbt', 'action': 'adapter_info', 'label': '1f45dcc7-f006-4e24-bec4-9b3ef47625e4', 'context': [<snowplow_tracker.self_describing_json.SelfDescribingJson object at 0x1325ff8f0>]}
[0m18:43:00.957313 [error] [MainThread]: Encountered an error:

[0m18:43:00.970954 [error] [MainThread]: Traceback (most recent call last):
  File "/Users/tushargupta/Documents/Projects/NYC-Taxi-Data-Analytics/nyc-taxi-venv/lib/python3.12/site-packages/dbt/cli/requires.py", line 153, in wrapper
    result, success = func(*args, **kwargs)
                      ^^^^^^^^^^^^^^^^^^^^^
  File "/Users/tushargupta/Documents/Projects/NYC-Taxi-Data-Analytics/nyc-taxi-venv/lib/python3.12/site-packages/dbt/cli/requires.py", line 103, in wrapper
    return func(*args, **kwargs)
           ^^^^^^^^^^^^^^^^^^^^^
  File "/Users/tushargupta/Documents/Projects/NYC-Taxi-Data-Analytics/nyc-taxi-venv/lib/python3.12/site-packages/dbt/cli/requires.py", line 235, in wrapper
    return func(*args, **kwargs)
           ^^^^^^^^^^^^^^^^^^^^^
  File "/Users/tushargupta/Documents/Projects/NYC-Taxi-Data-Analytics/nyc-taxi-venv/lib/python3.12/site-packages/dbt/cli/requires.py", line 264, in wrapper
    return func(*args, **kwargs)
           ^^^^^^^^^^^^^^^^^^^^^
  File "/Users/tushargupta/Documents/Projects/NYC-Taxi-Data-Analytics/nyc-taxi-venv/lib/python3.12/site-packages/dbt/cli/requires.py", line 311, in wrapper
    return func(*args, **kwargs)
           ^^^^^^^^^^^^^^^^^^^^^
  File "/Users/tushargupta/Documents/Projects/NYC-Taxi-Data-Analytics/nyc-taxi-venv/lib/python3.12/site-packages/dbt/cli/main.py", line 301, in docs_serve
    results = task.run()
              ^^^^^^^^^^
  File "/Users/tushargupta/Documents/Projects/NYC-Taxi-Data-Analytics/nyc-taxi-venv/lib/python3.12/site-packages/dbt/task/docs/serve.py", line 29, in run
    httpd.serve_forever()
  File "/Library/Frameworks/Python.framework/Versions/3.12/lib/python3.12/socketserver.py", line 235, in serve_forever
    ready = selector.select(poll_interval)
            ^^^^^^^^^^^^^^^^^^^^^^^^^^^^^^
  File "/Library/Frameworks/Python.framework/Versions/3.12/lib/python3.12/selectors.py", line 415, in select
    fd_event_list = self._selector.poll(timeout)
                    ^^^^^^^^^^^^^^^^^^^^^^^^^^^^
KeyboardInterrupt

[0m18:43:00.975999 [debug] [MainThread]: Resource report: {"command_name": "serve", "command_success": false, "command_wall_clock_time": 16.071798, "process_in_blocks": "0", "process_kernel_time": 0.692281, "process_mem_max_rss": "180371456", "process_out_blocks": "0", "process_user_time": 2.198237}
[0m18:43:00.976956 [debug] [MainThread]: Command `dbt docs serve` failed at 18:43:00.976822 after 16.07 seconds
[0m18:43:00.978673 [debug] [MainThread]: Sending event: {'category': 'dbt', 'action': 'invocation', 'label': 'end', 'context': [<snowplow_tracker.self_describing_json.SelfDescribingJson object at 0x111c3f860>, <snowplow_tracker.self_describing_json.SelfDescribingJson object at 0x13277d5b0>, <snowplow_tracker.self_describing_json.SelfDescribingJson object at 0x127e886e0>]}
[0m18:43:00.979685 [debug] [MainThread]: Flushing usage events
[0m18:43:02.105983 [debug] [MainThread]: An error was encountered while trying to flush usage events
[0m22:26:51.548019 [debug] [MainThread]: Sending event: {'category': 'dbt', 'action': 'invocation', 'label': 'start', 'context': [<snowplow_tracker.self_describing_json.SelfDescribingJson object at 0x107798410>, <snowplow_tracker.self_describing_json.SelfDescribingJson object at 0x11a4a9730>, <snowplow_tracker.self_describing_json.SelfDescribingJson object at 0x11a4a9490>]}


============================== 22:26:51.550879 | f83eff3e-e097-415c-99ee-0c77d8f85bb7 ==============================
[0m22:26:51.550879 [info ] [MainThread]: Running with dbt=1.9.2
[0m22:26:51.551189 [debug] [MainThread]: running dbt with arguments {'printer_width': '80', 'indirect_selection': 'eager', 'write_json': 'True', 'log_cache_events': 'False', 'partial_parse': 'True', 'cache_selected_only': 'False', 'profiles_dir': '/Users/tushargupta/.dbt', 'fail_fast': 'False', 'debug': 'False', 'log_path': '/Users/tushargupta/Documents/Projects/NYC-Taxi-Data-Analytics/logs', 'version_check': 'True', 'warn_error': 'None', 'use_colors': 'True', 'use_experimental_parser': 'False', 'no_print': 'None', 'quiet': 'False', 'empty': 'None', 'warn_error_options': 'WarnErrorOptions(include=[], exclude=[])', 'invocation_command': 'dbt debug', 'log_format': 'default', 'introspect': 'True', 'target_path': 'None', 'static_parser': 'True', 'send_anonymous_usage_stats': 'True'}
[0m22:26:51.561827 [info ] [MainThread]: dbt version: 1.9.2
[0m22:26:51.562040 [info ] [MainThread]: python version: 3.12.7
[0m22:26:51.562186 [info ] [MainThread]: python path: /Users/tushargupta/Documents/Projects/NYC-Taxi-Data-Analytics/nyc-taxi-venv/bin/python3.12
[0m22:26:51.562317 [info ] [MainThread]: os info: macOS-15.3.1-arm64-arm-64bit
[0m22:26:52.256563 [info ] [MainThread]: Using profiles dir at /Users/tushargupta/.dbt
[0m22:26:52.256822 [info ] [MainThread]: Using profiles.yml file at /Users/tushargupta/.dbt/profiles.yml
[0m22:26:52.257002 [info ] [MainThread]: Using dbt_project.yml file at /Users/tushargupta/Documents/Projects/NYC-Taxi-Data-Analytics/dbt_project.yml
[0m22:26:52.257304 [info ] [MainThread]: adapter type: snowflake
[0m22:26:52.257512 [info ] [MainThread]: adapter version: 1.9.1
[0m22:26:52.297490 [info ] [MainThread]: Configuration:
[0m22:26:52.297733 [info ] [MainThread]:   profiles.yml file [[32mOK found and valid[0m]
[0m22:26:52.297909 [info ] [MainThread]:   dbt_project.yml file [[32mOK found and valid[0m]
[0m22:26:52.298052 [info ] [MainThread]: Required dependencies:
[0m22:26:52.298240 [debug] [MainThread]: Executing "git --help"
[0m22:26:52.352543 [debug] [MainThread]: STDOUT: "b"usage: git [-v | --version] [-h | --help] [-C <path>] [-c <name>=<value>]\n           [--exec-path[=<path>]] [--html-path] [--man-path] [--info-path]\n           [-p | --paginate | -P | --no-pager] [--no-replace-objects] [--bare]\n           [--git-dir=<path>] [--work-tree=<path>] [--namespace=<name>]\n           [--super-prefix=<path>] [--config-env=<name>=<envvar>]\n           <command> [<args>]\n\nThese are common Git commands used in various situations:\n\nstart a working area (see also: git help tutorial)\n   clone     Clone a repository into a new directory\n   init      Create an empty Git repository or reinitialize an existing one\n\nwork on the current change (see also: git help everyday)\n   add       Add file contents to the index\n   mv        Move or rename a file, a directory, or a symlink\n   restore   Restore working tree files\n   rm        Remove files from the working tree and from the index\n\nexamine the history and state (see also: git help revisions)\n   bisect    Use binary search to find the commit that introduced a bug\n   diff      Show changes between commits, commit and working tree, etc\n   grep      Print lines matching a pattern\n   log       Show commit logs\n   show      Show various types of objects\n   status    Show the working tree status\n\ngrow, mark and tweak your common history\n   branch    List, create, or delete branches\n   commit    Record changes to the repository\n   merge     Join two or more development histories together\n   rebase    Reapply commits on top of another base tip\n   reset     Reset current HEAD to the specified state\n   switch    Switch branches\n   tag       Create, list, delete or verify a tag object signed with GPG\n\ncollaborate (see also: git help workflows)\n   fetch     Download objects and refs from another repository\n   pull      Fetch from and integrate with another repository or a local branch\n   push      Update remote refs along with associated objects\n\n'git help -a' and 'git help -g' list available subcommands and some\nconcept guides. See 'git help <command>' or 'git help <concept>'\nto read about a specific subcommand or concept.\nSee 'git help git' for an overview of the system.\n""
[0m22:26:52.353131 [debug] [MainThread]: STDERR: "b''"
[0m22:26:52.353315 [info ] [MainThread]:  - git [[32mOK found[0m]

[0m22:26:52.353477 [info ] [MainThread]: Connection:
[0m22:26:52.353640 [info ] [MainThread]:   account: ytioqpg-kmb08725
[0m22:26:52.353767 [info ] [MainThread]:   user: SnowflakeDA
[0m22:26:52.353884 [info ] [MainThread]:   database: nyc_taxi_db
[0m22:26:52.353996 [info ] [MainThread]:   warehouse: nyc_taxi_wh
[0m22:26:52.354110 [info ] [MainThread]:   role: SYSADMIN
[0m22:26:52.354220 [info ] [MainThread]:   schema: public
[0m22:26:52.354329 [info ] [MainThread]:   authenticator: None
[0m22:26:52.354435 [info ] [MainThread]:   oauth_client_id: None
[0m22:26:52.354543 [info ] [MainThread]:   query_tag: None
[0m22:26:52.354652 [info ] [MainThread]:   client_session_keep_alive: False
[0m22:26:52.354896 [info ] [MainThread]:   host: None
[0m22:26:52.355042 [info ] [MainThread]:   port: None
[0m22:26:52.355169 [info ] [MainThread]:   proxy_host: None
[0m22:26:52.355288 [info ] [MainThread]:   proxy_port: None
[0m22:26:52.355401 [info ] [MainThread]:   protocol: None
[0m22:26:52.355517 [info ] [MainThread]:   connect_retries: 1
[0m22:26:52.355624 [info ] [MainThread]:   connect_timeout: None
[0m22:26:52.355732 [info ] [MainThread]:   retry_on_database_errors: False
[0m22:26:52.355842 [info ] [MainThread]:   retry_all: False
[0m22:26:52.355948 [info ] [MainThread]:   insecure_mode: False
[0m22:26:52.356053 [info ] [MainThread]:   reuse_connections: True
[0m22:26:52.356384 [info ] [MainThread]: Registered adapter: snowflake=1.9.1
[0m22:26:52.457950 [debug] [MainThread]: Acquiring new snowflake connection 'debug'
[0m22:26:52.482558 [debug] [MainThread]: Using snowflake connection "debug"
[0m22:26:52.482747 [debug] [MainThread]: On debug: select 1 as id
[0m22:26:52.482878 [debug] [MainThread]: Opening a new connection, currently in state init
[0m22:26:54.664928 [debug] [MainThread]: SQL status: SUCCESS 1 in 2.182 seconds
[0m22:26:54.667663 [info ] [MainThread]:   Connection test: [[32mOK connection ok[0m]

[0m22:26:54.668362 [info ] [MainThread]: [32mAll checks passed![0m
[0m22:26:54.674138 [debug] [MainThread]: Resource report: {"command_name": "debug", "command_success": true, "command_wall_clock_time": 3.1680608, "process_in_blocks": "0", "process_kernel_time": 0.397288, "process_mem_max_rss": "184320000", "process_out_blocks": "0", "process_user_time": 2.686964}
[0m22:26:54.675020 [debug] [MainThread]: Command `dbt debug` succeeded at 22:26:54.674754 after 3.17 seconds
[0m22:26:54.675675 [debug] [MainThread]: Connection 'debug' was left open.
[0m22:26:54.676102 [debug] [MainThread]: On debug: Close
[0m22:26:55.339539 [debug] [MainThread]: Sending event: {'category': 'dbt', 'action': 'invocation', 'label': 'end', 'context': [<snowplow_tracker.self_describing_json.SelfDescribingJson object at 0x11a4a97c0>, <snowplow_tracker.self_describing_json.SelfDescribingJson object at 0x11a478200>, <snowplow_tracker.self_describing_json.SelfDescribingJson object at 0x1456f3b30>]}
[0m22:26:55.341425 [debug] [MainThread]: Flushing usage events
[0m22:26:56.524040 [debug] [MainThread]: An error was encountered while trying to flush usage events
[0m22:26:58.655079 [debug] [MainThread]: Sending event: {'category': 'dbt', 'action': 'invocation', 'label': 'start', 'context': [<snowplow_tracker.self_describing_json.SelfDescribingJson object at 0x106af3b30>, <snowplow_tracker.self_describing_json.SelfDescribingJson object at 0x108d05d00>, <snowplow_tracker.self_describing_json.SelfDescribingJson object at 0x108d05a90>]}


============================== 22:26:58.657663 | 81c3e1c7-fc69-4b38-95b2-e110427cded7 ==============================
[0m22:26:58.657663 [info ] [MainThread]: Running with dbt=1.9.2
[0m22:26:58.658000 [debug] [MainThread]: running dbt with arguments {'printer_width': '80', 'indirect_selection': 'eager', 'log_cache_events': 'False', 'write_json': 'True', 'partial_parse': 'True', 'cache_selected_only': 'False', 'profiles_dir': '/Users/tushargupta/.dbt', 'fail_fast': 'False', 'warn_error': 'None', 'log_path': '/Users/tushargupta/Documents/Projects/NYC-Taxi-Data-Analytics/logs', 'debug': 'False', 'version_check': 'True', 'use_colors': 'True', 'use_experimental_parser': 'False', 'no_print': 'None', 'quiet': 'False', 'empty': 'False', 'log_format': 'default', 'introspect': 'True', 'static_parser': 'True', 'warn_error_options': 'WarnErrorOptions(include=[], exclude=[])', 'target_path': 'None', 'invocation_command': 'dbt compile', 'send_anonymous_usage_stats': 'True'}
[0m22:26:59.249223 [debug] [MainThread]: Sending event: {'category': 'dbt', 'action': 'project_id', 'label': '81c3e1c7-fc69-4b38-95b2-e110427cded7', 'context': [<snowplow_tracker.self_describing_json.SelfDescribingJson object at 0x1372ca390>]}
[0m22:26:59.273859 [debug] [MainThread]: Sending event: {'category': 'dbt', 'action': 'adapter_info', 'label': '81c3e1c7-fc69-4b38-95b2-e110427cded7', 'context': [<snowplow_tracker.self_describing_json.SelfDescribingJson object at 0x13176ce30>]}
[0m22:26:59.274694 [info ] [MainThread]: Registered adapter: snowflake=1.9.1
[0m22:26:59.351232 [debug] [MainThread]: checksum: 12b12750b70de726cfd89136b8e24afc3f3e77597a97bff40ab7e5f9b39d5e18, vars: {}, profile: , target: , version: 1.9.2
[0m22:26:59.431367 [debug] [MainThread]: Partial parsing enabled: 0 files deleted, 0 files added, 0 files changed.
[0m22:26:59.431564 [debug] [MainThread]: Partial parsing enabled, no changes found, skipping parsing
[0m22:26:59.434315 [warn ] [MainThread]: [[33mWARNING[0m]: Configuration paths exist in your dbt_project.yml file which do not apply to any resources.
There are 1 unused configuration paths:
- models.nyc_taxi_data_analytics.raw
[0m22:26:59.458386 [debug] [MainThread]: Sending event: {'category': 'dbt', 'action': 'load_project', 'label': '81c3e1c7-fc69-4b38-95b2-e110427cded7', 'context': [<snowplow_tracker.self_describing_json.SelfDescribingJson object at 0x1379150d0>]}
[0m22:26:59.507142 [debug] [MainThread]: Wrote artifact WritableManifest to /Users/tushargupta/Documents/Projects/NYC-Taxi-Data-Analytics/target/manifest.json
[0m22:26:59.508254 [debug] [MainThread]: Wrote artifact SemanticManifest to /Users/tushargupta/Documents/Projects/NYC-Taxi-Data-Analytics/target/semantic_manifest.json
[0m22:26:59.519516 [debug] [MainThread]: Sending event: {'category': 'dbt', 'action': 'resource_counts', 'label': '81c3e1c7-fc69-4b38-95b2-e110427cded7', 'context': [<snowplow_tracker.self_describing_json.SelfDescribingJson object at 0x137cbe690>]}
[0m22:26:59.519738 [info ] [MainThread]: Found 20 models, 34 data tests, 4 seeds, 1 source, 474 macros
[0m22:26:59.519901 [debug] [MainThread]: Sending event: {'category': 'dbt', 'action': 'runnable_timing', 'label': '81c3e1c7-fc69-4b38-95b2-e110427cded7', 'context': [<snowplow_tracker.self_describing_json.SelfDescribingJson object at 0x137915400>]}
[0m22:26:59.521442 [info ] [MainThread]: 
[0m22:26:59.521618 [info ] [MainThread]: Concurrency: 2 threads (target='dev')
[0m22:26:59.521749 [info ] [MainThread]: 
[0m22:26:59.521978 [debug] [MainThread]: Acquiring new snowflake connection 'master'
[0m22:26:59.524318 [debug] [ThreadPool]: Acquiring new snowflake connection 'list_nyc_taxi_db_processed'
[0m22:26:59.531564 [debug] [ThreadPool]: Acquiring new snowflake connection 'list_nyc_taxi_db_seeds'
[0m22:26:59.552290 [debug] [ThreadPool]: Using snowflake connection "list_nyc_taxi_db_processed"
[0m22:26:59.552540 [debug] [ThreadPool]: Using snowflake connection "list_nyc_taxi_db_seeds"
[0m22:26:59.552696 [debug] [ThreadPool]: On list_nyc_taxi_db_processed: /* {"app": "dbt", "dbt_version": "1.9.2", "profile_name": "nyc_taxi_data_profile", "target_name": "dev", "connection_name": "list_nyc_taxi_db_processed"} */
show objects in nyc_taxi_db.processed limit 10000;
[0m22:26:59.552848 [debug] [ThreadPool]: On list_nyc_taxi_db_seeds: /* {"app": "dbt", "dbt_version": "1.9.2", "profile_name": "nyc_taxi_data_profile", "target_name": "dev", "connection_name": "list_nyc_taxi_db_seeds"} */
show objects in nyc_taxi_db.seeds limit 10000;
[0m22:26:59.552991 [debug] [ThreadPool]: Opening a new connection, currently in state init
[0m22:26:59.553118 [debug] [ThreadPool]: Opening a new connection, currently in state init
[0m22:27:01.544634 [debug] [ThreadPool]: SQL status: SUCCESS 4 in 1.991 seconds
[0m22:27:01.548179 [debug] [ThreadPool]: Re-using an available connection from the pool (formerly list_nyc_taxi_db_seeds, now list_nyc_taxi_db_analytics)
[0m22:27:01.551963 [debug] [ThreadPool]: Using snowflake connection "list_nyc_taxi_db_analytics"
[0m22:27:01.552806 [debug] [ThreadPool]: SQL status: SUCCESS 1 in 2.000 seconds
[0m22:27:01.553142 [debug] [ThreadPool]: On list_nyc_taxi_db_analytics: /* {"app": "dbt", "dbt_version": "1.9.2", "profile_name": "nyc_taxi_data_profile", "target_name": "dev", "connection_name": "list_nyc_taxi_db_analytics"} */
show objects in nyc_taxi_db.analytics limit 10000;
[0m22:27:01.554902 [debug] [ThreadPool]: Re-using an available connection from the pool (formerly list_nyc_taxi_db_processed, now list_nyc_taxi_db_conformed)
[0m22:27:01.557399 [debug] [ThreadPool]: Using snowflake connection "list_nyc_taxi_db_conformed"
[0m22:27:01.557999 [debug] [ThreadPool]: On list_nyc_taxi_db_conformed: /* {"app": "dbt", "dbt_version": "1.9.2", "profile_name": "nyc_taxi_data_profile", "target_name": "dev", "connection_name": "list_nyc_taxi_db_conformed"} */
show objects in nyc_taxi_db.conformed limit 10000;
[0m22:27:01.987518 [debug] [ThreadPool]: SQL status: SUCCESS 4 in 0.429 seconds
[0m22:27:01.999967 [debug] [ThreadPool]: SQL status: SUCCESS 15 in 0.444 seconds
[0m22:27:02.004725 [debug] [MainThread]: Sending event: {'category': 'dbt', 'action': 'runnable_timing', 'label': '81c3e1c7-fc69-4b38-95b2-e110427cded7', 'context': [<snowplow_tracker.self_describing_json.SelfDescribingJson object at 0x1375d7230>]}
[0m22:27:02.008256 [debug] [Thread-1 (]: Began running node model.nyc_taxi_data_analytics.prc_taxi_trips
[0m22:27:02.008628 [debug] [Thread-2 (]: Began running node seed.nyc_taxi_data_analytics.payments
[0m22:27:02.008989 [debug] [Thread-1 (]: Re-using an available connection from the pool (formerly list_nyc_taxi_db_conformed, now model.nyc_taxi_data_analytics.prc_taxi_trips)
[0m22:27:02.009330 [debug] [Thread-2 (]: Re-using an available connection from the pool (formerly list_nyc_taxi_db_analytics, now seed.nyc_taxi_data_analytics.payments)
[0m22:27:02.009646 [debug] [Thread-1 (]: Began compiling node model.nyc_taxi_data_analytics.prc_taxi_trips
[0m22:27:02.009924 [debug] [Thread-2 (]: Began compiling node seed.nyc_taxi_data_analytics.payments
[0m22:27:02.017514 [debug] [Thread-1 (]: Writing injected SQL for node "model.nyc_taxi_data_analytics.prc_taxi_trips"
[0m22:27:02.019039 [debug] [Thread-2 (]: Began executing node seed.nyc_taxi_data_analytics.payments
[0m22:27:02.019657 [debug] [Thread-2 (]: Finished running node seed.nyc_taxi_data_analytics.payments
[0m22:27:02.019982 [debug] [Thread-2 (]: Began running node seed.nyc_taxi_data_analytics.rate_codes
[0m22:27:02.020362 [debug] [Thread-2 (]: Re-using an available connection from the pool (formerly seed.nyc_taxi_data_analytics.payments, now seed.nyc_taxi_data_analytics.rate_codes)
[0m22:27:02.020643 [debug] [Thread-2 (]: Began compiling node seed.nyc_taxi_data_analytics.rate_codes
[0m22:27:02.021995 [debug] [Thread-2 (]: Began executing node seed.nyc_taxi_data_analytics.rate_codes
[0m22:27:02.022489 [debug] [Thread-2 (]: Finished running node seed.nyc_taxi_data_analytics.rate_codes
[0m22:27:02.022743 [debug] [Thread-1 (]: Began executing node model.nyc_taxi_data_analytics.prc_taxi_trips
[0m22:27:02.022986 [debug] [Thread-2 (]: Began running node seed.nyc_taxi_data_analytics.taxi_zone_lookup
[0m22:27:02.023587 [debug] [Thread-1 (]: Finished running node model.nyc_taxi_data_analytics.prc_taxi_trips
[0m22:27:02.023843 [debug] [Thread-2 (]: Re-using an available connection from the pool (formerly seed.nyc_taxi_data_analytics.rate_codes, now seed.nyc_taxi_data_analytics.taxi_zone_lookup)
[0m22:27:02.024086 [debug] [Thread-1 (]: Began running node seed.nyc_taxi_data_analytics.vendors
[0m22:27:02.024357 [debug] [Thread-2 (]: Began compiling node seed.nyc_taxi_data_analytics.taxi_zone_lookup
[0m22:27:02.024709 [debug] [Thread-1 (]: Re-using an available connection from the pool (formerly model.nyc_taxi_data_analytics.prc_taxi_trips, now seed.nyc_taxi_data_analytics.vendors)
[0m22:27:02.025884 [debug] [Thread-2 (]: Began executing node seed.nyc_taxi_data_analytics.taxi_zone_lookup
[0m22:27:02.026115 [debug] [Thread-1 (]: Began compiling node seed.nyc_taxi_data_analytics.vendors
[0m22:27:02.026494 [debug] [Thread-2 (]: Finished running node seed.nyc_taxi_data_analytics.taxi_zone_lookup
[0m22:27:02.027648 [debug] [Thread-1 (]: Began executing node seed.nyc_taxi_data_analytics.vendors
[0m22:27:02.027999 [debug] [Thread-2 (]: Began running node model.nyc_taxi_data_analytics.dim_taxi_trips
[0m22:27:02.028400 [debug] [Thread-1 (]: Finished running node seed.nyc_taxi_data_analytics.vendors
[0m22:27:02.028658 [debug] [Thread-2 (]: Re-using an available connection from the pool (formerly seed.nyc_taxi_data_analytics.taxi_zone_lookup, now model.nyc_taxi_data_analytics.dim_taxi_trips)
[0m22:27:02.028896 [debug] [Thread-1 (]: Began running node model.nyc_taxi_data_analytics.dim_time
[0m22:27:02.029116 [debug] [Thread-2 (]: Began compiling node model.nyc_taxi_data_analytics.dim_taxi_trips
[0m22:27:02.029339 [debug] [Thread-1 (]: Re-using an available connection from the pool (formerly seed.nyc_taxi_data_analytics.vendors, now model.nyc_taxi_data_analytics.dim_time)
[0m22:27:02.032279 [debug] [Thread-2 (]: Writing injected SQL for node "model.nyc_taxi_data_analytics.dim_taxi_trips"
[0m22:27:02.032516 [debug] [Thread-1 (]: Began compiling node model.nyc_taxi_data_analytics.dim_time
[0m22:27:02.034260 [debug] [Thread-1 (]: Writing injected SQL for node "model.nyc_taxi_data_analytics.dim_time"
[0m22:27:02.034676 [debug] [Thread-2 (]: Began executing node model.nyc_taxi_data_analytics.dim_taxi_trips
[0m22:27:02.034882 [debug] [Thread-1 (]: Began executing node model.nyc_taxi_data_analytics.dim_time
[0m22:27:02.035216 [debug] [Thread-2 (]: Finished running node model.nyc_taxi_data_analytics.dim_taxi_trips
[0m22:27:02.035672 [debug] [Thread-1 (]: Finished running node model.nyc_taxi_data_analytics.dim_time
[0m22:27:02.035920 [debug] [Thread-2 (]: Began running node test.nyc_taxi_data_analytics.accepted_values_prc_taxi_trips_RatecodeID__1__2__3__4__5__6.5686e7b36c
[0m22:27:02.036175 [debug] [Thread-1 (]: Began running node test.nyc_taxi_data_analytics.accepted_values_prc_taxi_trips_payment_type__0__1__2__3__4__5.3a01381e67
[0m22:27:02.036472 [debug] [Thread-2 (]: Re-using an available connection from the pool (formerly model.nyc_taxi_data_analytics.dim_taxi_trips, now test.nyc_taxi_data_analytics.accepted_values_prc_taxi_trips_RatecodeID__1__2__3__4__5__6.5686e7b36c)
[0m22:27:02.036717 [debug] [Thread-1 (]: Re-using an available connection from the pool (formerly model.nyc_taxi_data_analytics.dim_time, now test.nyc_taxi_data_analytics.accepted_values_prc_taxi_trips_payment_type__0__1__2__3__4__5.3a01381e67)
[0m22:27:02.036922 [debug] [Thread-2 (]: Began compiling node test.nyc_taxi_data_analytics.accepted_values_prc_taxi_trips_RatecodeID__1__2__3__4__5__6.5686e7b36c
[0m22:27:02.037130 [debug] [Thread-1 (]: Began compiling node test.nyc_taxi_data_analytics.accepted_values_prc_taxi_trips_payment_type__0__1__2__3__4__5.3a01381e67
[0m22:27:02.043306 [debug] [Thread-2 (]: Writing injected SQL for node "test.nyc_taxi_data_analytics.accepted_values_prc_taxi_trips_RatecodeID__1__2__3__4__5__6.5686e7b36c"
[0m22:27:02.045266 [debug] [Thread-1 (]: Writing injected SQL for node "test.nyc_taxi_data_analytics.accepted_values_prc_taxi_trips_payment_type__0__1__2__3__4__5.3a01381e67"
[0m22:27:02.045648 [debug] [Thread-2 (]: Began executing node test.nyc_taxi_data_analytics.accepted_values_prc_taxi_trips_RatecodeID__1__2__3__4__5__6.5686e7b36c
[0m22:27:02.045842 [debug] [Thread-1 (]: Began executing node test.nyc_taxi_data_analytics.accepted_values_prc_taxi_trips_payment_type__0__1__2__3__4__5.3a01381e67
[0m22:27:02.046142 [debug] [Thread-2 (]: Finished running node test.nyc_taxi_data_analytics.accepted_values_prc_taxi_trips_RatecodeID__1__2__3__4__5__6.5686e7b36c
[0m22:27:02.046433 [debug] [Thread-1 (]: Finished running node test.nyc_taxi_data_analytics.accepted_values_prc_taxi_trips_payment_type__0__1__2__3__4__5.3a01381e67
[0m22:27:02.046622 [debug] [Thread-2 (]: Began running node test.nyc_taxi_data_analytics.accepted_values_prc_taxi_trips_store_and_fwd_flag__Y__N.ddf9a2ffed
[0m22:27:02.046834 [debug] [Thread-1 (]: Began running node test.nyc_taxi_data_analytics.assert_valid_timestamp
[0m22:27:02.047062 [debug] [Thread-2 (]: Re-using an available connection from the pool (formerly test.nyc_taxi_data_analytics.accepted_values_prc_taxi_trips_RatecodeID__1__2__3__4__5__6.5686e7b36c, now test.nyc_taxi_data_analytics.accepted_values_prc_taxi_trips_store_and_fwd_flag__Y__N.ddf9a2ffed)
[0m22:27:02.047266 [debug] [Thread-1 (]: Re-using an available connection from the pool (formerly test.nyc_taxi_data_analytics.accepted_values_prc_taxi_trips_payment_type__0__1__2__3__4__5.3a01381e67, now test.nyc_taxi_data_analytics.assert_valid_timestamp)
[0m22:27:02.047457 [debug] [Thread-2 (]: Began compiling node test.nyc_taxi_data_analytics.accepted_values_prc_taxi_trips_store_and_fwd_flag__Y__N.ddf9a2ffed
[0m22:27:02.047633 [debug] [Thread-1 (]: Began compiling node test.nyc_taxi_data_analytics.assert_valid_timestamp
[0m22:27:02.050213 [debug] [Thread-2 (]: Writing injected SQL for node "test.nyc_taxi_data_analytics.accepted_values_prc_taxi_trips_store_and_fwd_flag__Y__N.ddf9a2ffed"
[0m22:27:02.051603 [debug] [Thread-1 (]: Writing injected SQL for node "test.nyc_taxi_data_analytics.assert_valid_timestamp"
[0m22:27:02.051969 [debug] [Thread-2 (]: Began executing node test.nyc_taxi_data_analytics.accepted_values_prc_taxi_trips_store_and_fwd_flag__Y__N.ddf9a2ffed
[0m22:27:02.052143 [debug] [Thread-1 (]: Began executing node test.nyc_taxi_data_analytics.assert_valid_timestamp
[0m22:27:02.052435 [debug] [Thread-2 (]: Finished running node test.nyc_taxi_data_analytics.accepted_values_prc_taxi_trips_store_and_fwd_flag__Y__N.ddf9a2ffed
[0m22:27:02.052716 [debug] [Thread-1 (]: Finished running node test.nyc_taxi_data_analytics.assert_valid_timestamp
[0m22:27:02.052902 [debug] [Thread-2 (]: Began running node test.nyc_taxi_data_analytics.assert_valid_trip_location
[0m22:27:02.053099 [debug] [Thread-1 (]: Began running node test.nyc_taxi_data_analytics.not_null_prc_taxi_trips_DOLocationID.dcf73d25bf
[0m22:27:02.053293 [debug] [Thread-2 (]: Re-using an available connection from the pool (formerly test.nyc_taxi_data_analytics.accepted_values_prc_taxi_trips_store_and_fwd_flag__Y__N.ddf9a2ffed, now test.nyc_taxi_data_analytics.assert_valid_trip_location)
[0m22:27:02.053520 [debug] [Thread-1 (]: Re-using an available connection from the pool (formerly test.nyc_taxi_data_analytics.assert_valid_timestamp, now test.nyc_taxi_data_analytics.not_null_prc_taxi_trips_DOLocationID.dcf73d25bf)
[0m22:27:02.053752 [debug] [Thread-2 (]: Began compiling node test.nyc_taxi_data_analytics.assert_valid_trip_location
[0m22:27:02.053921 [debug] [Thread-1 (]: Began compiling node test.nyc_taxi_data_analytics.not_null_prc_taxi_trips_DOLocationID.dcf73d25bf
[0m22:27:02.055255 [debug] [Thread-2 (]: Writing injected SQL for node "test.nyc_taxi_data_analytics.assert_valid_trip_location"
[0m22:27:02.059400 [debug] [Thread-1 (]: Writing injected SQL for node "test.nyc_taxi_data_analytics.not_null_prc_taxi_trips_DOLocationID.dcf73d25bf"
[0m22:27:02.059787 [debug] [Thread-2 (]: Began executing node test.nyc_taxi_data_analytics.assert_valid_trip_location
[0m22:27:02.059950 [debug] [Thread-1 (]: Began executing node test.nyc_taxi_data_analytics.not_null_prc_taxi_trips_DOLocationID.dcf73d25bf
[0m22:27:02.060214 [debug] [Thread-2 (]: Finished running node test.nyc_taxi_data_analytics.assert_valid_trip_location
[0m22:27:02.060476 [debug] [Thread-1 (]: Finished running node test.nyc_taxi_data_analytics.not_null_prc_taxi_trips_DOLocationID.dcf73d25bf
[0m22:27:02.060647 [debug] [Thread-2 (]: Began running node test.nyc_taxi_data_analytics.not_null_prc_taxi_trips_PULocationID.1bbd3f1146
[0m22:27:02.060827 [debug] [Thread-1 (]: Began running node test.nyc_taxi_data_analytics.not_null_prc_taxi_trips_RatecodeID.fea7928e11
[0m22:27:02.061010 [debug] [Thread-2 (]: Re-using an available connection from the pool (formerly test.nyc_taxi_data_analytics.assert_valid_trip_location, now test.nyc_taxi_data_analytics.not_null_prc_taxi_trips_PULocationID.1bbd3f1146)
[0m22:27:02.061193 [debug] [Thread-1 (]: Re-using an available connection from the pool (formerly test.nyc_taxi_data_analytics.not_null_prc_taxi_trips_DOLocationID.dcf73d25bf, now test.nyc_taxi_data_analytics.not_null_prc_taxi_trips_RatecodeID.fea7928e11)
[0m22:27:02.061358 [debug] [Thread-2 (]: Began compiling node test.nyc_taxi_data_analytics.not_null_prc_taxi_trips_PULocationID.1bbd3f1146
[0m22:27:02.061510 [debug] [Thread-1 (]: Began compiling node test.nyc_taxi_data_analytics.not_null_prc_taxi_trips_RatecodeID.fea7928e11
[0m22:27:02.063352 [debug] [Thread-2 (]: Writing injected SQL for node "test.nyc_taxi_data_analytics.not_null_prc_taxi_trips_PULocationID.1bbd3f1146"
[0m22:27:02.065153 [debug] [Thread-1 (]: Writing injected SQL for node "test.nyc_taxi_data_analytics.not_null_prc_taxi_trips_RatecodeID.fea7928e11"
[0m22:27:02.065511 [debug] [Thread-2 (]: Began executing node test.nyc_taxi_data_analytics.not_null_prc_taxi_trips_PULocationID.1bbd3f1146
[0m22:27:02.065674 [debug] [Thread-1 (]: Began executing node test.nyc_taxi_data_analytics.not_null_prc_taxi_trips_RatecodeID.fea7928e11
[0m22:27:02.065944 [debug] [Thread-2 (]: Finished running node test.nyc_taxi_data_analytics.not_null_prc_taxi_trips_PULocationID.1bbd3f1146
[0m22:27:02.066205 [debug] [Thread-1 (]: Finished running node test.nyc_taxi_data_analytics.not_null_prc_taxi_trips_RatecodeID.fea7928e11
[0m22:27:02.066369 [debug] [Thread-2 (]: Began running node test.nyc_taxi_data_analytics.not_null_prc_taxi_trips_dropoff_datetime.7f59eea3b3
[0m22:27:02.066541 [debug] [Thread-1 (]: Began running node test.nyc_taxi_data_analytics.not_null_prc_taxi_trips_payment_type.fde637a2d7
[0m22:27:02.066721 [debug] [Thread-2 (]: Re-using an available connection from the pool (formerly test.nyc_taxi_data_analytics.not_null_prc_taxi_trips_PULocationID.1bbd3f1146, now test.nyc_taxi_data_analytics.not_null_prc_taxi_trips_dropoff_datetime.7f59eea3b3)
[0m22:27:02.066890 [debug] [Thread-1 (]: Re-using an available connection from the pool (formerly test.nyc_taxi_data_analytics.not_null_prc_taxi_trips_RatecodeID.fea7928e11, now test.nyc_taxi_data_analytics.not_null_prc_taxi_trips_payment_type.fde637a2d7)
[0m22:27:02.067051 [debug] [Thread-2 (]: Began compiling node test.nyc_taxi_data_analytics.not_null_prc_taxi_trips_dropoff_datetime.7f59eea3b3
[0m22:27:02.067204 [debug] [Thread-1 (]: Began compiling node test.nyc_taxi_data_analytics.not_null_prc_taxi_trips_payment_type.fde637a2d7
[0m22:27:02.068931 [debug] [Thread-2 (]: Writing injected SQL for node "test.nyc_taxi_data_analytics.not_null_prc_taxi_trips_dropoff_datetime.7f59eea3b3"
[0m22:27:02.071400 [debug] [Thread-1 (]: Writing injected SQL for node "test.nyc_taxi_data_analytics.not_null_prc_taxi_trips_payment_type.fde637a2d7"
[0m22:27:02.071723 [debug] [Thread-2 (]: Began executing node test.nyc_taxi_data_analytics.not_null_prc_taxi_trips_dropoff_datetime.7f59eea3b3
[0m22:27:02.071890 [debug] [Thread-1 (]: Began executing node test.nyc_taxi_data_analytics.not_null_prc_taxi_trips_payment_type.fde637a2d7
[0m22:27:02.072162 [debug] [Thread-2 (]: Finished running node test.nyc_taxi_data_analytics.not_null_prc_taxi_trips_dropoff_datetime.7f59eea3b3
[0m22:27:02.072431 [debug] [Thread-1 (]: Finished running node test.nyc_taxi_data_analytics.not_null_prc_taxi_trips_payment_type.fde637a2d7
[0m22:27:02.072602 [debug] [Thread-2 (]: Began running node test.nyc_taxi_data_analytics.not_null_prc_taxi_trips_pickup_datetime.2e510a5b8f
[0m22:27:02.072776 [debug] [Thread-1 (]: Began running node test.nyc_taxi_data_analytics.not_null_prc_taxi_trips_store_and_fwd_flag.68c1bb5d40
[0m22:27:02.072950 [debug] [Thread-2 (]: Re-using an available connection from the pool (formerly test.nyc_taxi_data_analytics.not_null_prc_taxi_trips_dropoff_datetime.7f59eea3b3, now test.nyc_taxi_data_analytics.not_null_prc_taxi_trips_pickup_datetime.2e510a5b8f)
[0m22:27:02.073131 [debug] [Thread-1 (]: Re-using an available connection from the pool (formerly test.nyc_taxi_data_analytics.not_null_prc_taxi_trips_payment_type.fde637a2d7, now test.nyc_taxi_data_analytics.not_null_prc_taxi_trips_store_and_fwd_flag.68c1bb5d40)
[0m22:27:02.073289 [debug] [Thread-2 (]: Began compiling node test.nyc_taxi_data_analytics.not_null_prc_taxi_trips_pickup_datetime.2e510a5b8f
[0m22:27:02.073436 [debug] [Thread-1 (]: Began compiling node test.nyc_taxi_data_analytics.not_null_prc_taxi_trips_store_and_fwd_flag.68c1bb5d40
[0m22:27:02.075056 [debug] [Thread-2 (]: Writing injected SQL for node "test.nyc_taxi_data_analytics.not_null_prc_taxi_trips_pickup_datetime.2e510a5b8f"
[0m22:27:02.076613 [debug] [Thread-1 (]: Writing injected SQL for node "test.nyc_taxi_data_analytics.not_null_prc_taxi_trips_store_and_fwd_flag.68c1bb5d40"
[0m22:27:02.076891 [debug] [Thread-2 (]: Began executing node test.nyc_taxi_data_analytics.not_null_prc_taxi_trips_pickup_datetime.2e510a5b8f
[0m22:27:02.077049 [debug] [Thread-1 (]: Began executing node test.nyc_taxi_data_analytics.not_null_prc_taxi_trips_store_and_fwd_flag.68c1bb5d40
[0m22:27:02.077295 [debug] [Thread-2 (]: Finished running node test.nyc_taxi_data_analytics.not_null_prc_taxi_trips_pickup_datetime.2e510a5b8f
[0m22:27:02.077533 [debug] [Thread-1 (]: Finished running node test.nyc_taxi_data_analytics.not_null_prc_taxi_trips_store_and_fwd_flag.68c1bb5d40
[0m22:27:02.077694 [debug] [Thread-2 (]: Began running node test.nyc_taxi_data_analytics.not_null_prc_taxi_trips_total_amount.c5d16f0a53
[0m22:27:02.077857 [debug] [Thread-1 (]: Began running node test.nyc_taxi_data_analytics.not_null_prc_taxi_trips_trip_distance.7d0f1fe7bd
[0m22:27:02.078016 [debug] [Thread-2 (]: Re-using an available connection from the pool (formerly test.nyc_taxi_data_analytics.not_null_prc_taxi_trips_pickup_datetime.2e510a5b8f, now test.nyc_taxi_data_analytics.not_null_prc_taxi_trips_total_amount.c5d16f0a53)
[0m22:27:02.078184 [debug] [Thread-1 (]: Re-using an available connection from the pool (formerly test.nyc_taxi_data_analytics.not_null_prc_taxi_trips_store_and_fwd_flag.68c1bb5d40, now test.nyc_taxi_data_analytics.not_null_prc_taxi_trips_trip_distance.7d0f1fe7bd)
[0m22:27:02.078340 [debug] [Thread-2 (]: Began compiling node test.nyc_taxi_data_analytics.not_null_prc_taxi_trips_total_amount.c5d16f0a53
[0m22:27:02.078483 [debug] [Thread-1 (]: Began compiling node test.nyc_taxi_data_analytics.not_null_prc_taxi_trips_trip_distance.7d0f1fe7bd
[0m22:27:02.080123 [debug] [Thread-2 (]: Writing injected SQL for node "test.nyc_taxi_data_analytics.not_null_prc_taxi_trips_total_amount.c5d16f0a53"
[0m22:27:02.081808 [debug] [Thread-1 (]: Writing injected SQL for node "test.nyc_taxi_data_analytics.not_null_prc_taxi_trips_trip_distance.7d0f1fe7bd"
[0m22:27:02.082115 [debug] [Thread-2 (]: Began executing node test.nyc_taxi_data_analytics.not_null_prc_taxi_trips_total_amount.c5d16f0a53
[0m22:27:02.082276 [debug] [Thread-1 (]: Began executing node test.nyc_taxi_data_analytics.not_null_prc_taxi_trips_trip_distance.7d0f1fe7bd
[0m22:27:02.082529 [debug] [Thread-2 (]: Finished running node test.nyc_taxi_data_analytics.not_null_prc_taxi_trips_total_amount.c5d16f0a53
[0m22:27:02.082775 [debug] [Thread-1 (]: Finished running node test.nyc_taxi_data_analytics.not_null_prc_taxi_trips_trip_distance.7d0f1fe7bd
[0m22:27:02.082939 [debug] [Thread-2 (]: Began running node model.nyc_taxi_data_analytics.dim_location
[0m22:27:02.083107 [debug] [Thread-1 (]: Began running node test.nyc_taxi_data_analytics.assert_positive_value_dim_taxi_trips_fare_amount.ae4b2cab1d
[0m22:27:02.083272 [debug] [Thread-2 (]: Re-using an available connection from the pool (formerly test.nyc_taxi_data_analytics.not_null_prc_taxi_trips_total_amount.c5d16f0a53, now model.nyc_taxi_data_analytics.dim_location)
[0m22:27:02.083432 [debug] [Thread-1 (]: Re-using an available connection from the pool (formerly test.nyc_taxi_data_analytics.not_null_prc_taxi_trips_trip_distance.7d0f1fe7bd, now test.nyc_taxi_data_analytics.assert_positive_value_dim_taxi_trips_fare_amount.ae4b2cab1d)
[0m22:27:02.083580 [debug] [Thread-2 (]: Began compiling node model.nyc_taxi_data_analytics.dim_location
[0m22:27:02.083720 [debug] [Thread-1 (]: Began compiling node test.nyc_taxi_data_analytics.assert_positive_value_dim_taxi_trips_fare_amount.ae4b2cab1d
[0m22:27:02.084976 [debug] [Thread-2 (]: Writing injected SQL for node "model.nyc_taxi_data_analytics.dim_location"
[0m22:27:02.086866 [debug] [Thread-1 (]: Writing injected SQL for node "test.nyc_taxi_data_analytics.assert_positive_value_dim_taxi_trips_fare_amount.ae4b2cab1d"
[0m22:27:02.087142 [debug] [Thread-2 (]: Began executing node model.nyc_taxi_data_analytics.dim_location
[0m22:27:02.087397 [debug] [Thread-2 (]: Finished running node model.nyc_taxi_data_analytics.dim_location
[0m22:27:02.087574 [debug] [Thread-1 (]: Began executing node test.nyc_taxi_data_analytics.assert_positive_value_dim_taxi_trips_fare_amount.ae4b2cab1d
[0m22:27:02.087761 [debug] [Thread-2 (]: Began running node test.nyc_taxi_data_analytics.assert_positive_value_dim_taxi_trips_passenger_count.0a2123d397
[0m22:27:02.088103 [debug] [Thread-1 (]: Finished running node test.nyc_taxi_data_analytics.assert_positive_value_dim_taxi_trips_fare_amount.ae4b2cab1d
[0m22:27:02.088277 [debug] [Thread-2 (]: Re-using an available connection from the pool (formerly model.nyc_taxi_data_analytics.dim_location, now test.nyc_taxi_data_analytics.assert_positive_value_dim_taxi_trips_passenger_count.0a2123d397)
[0m22:27:02.088460 [debug] [Thread-1 (]: Began running node test.nyc_taxi_data_analytics.assert_positive_value_dim_taxi_trips_total_amount.87eb026bb6
[0m22:27:02.088640 [debug] [Thread-2 (]: Began compiling node test.nyc_taxi_data_analytics.assert_positive_value_dim_taxi_trips_passenger_count.0a2123d397
[0m22:27:02.088808 [debug] [Thread-1 (]: Re-using an available connection from the pool (formerly test.nyc_taxi_data_analytics.assert_positive_value_dim_taxi_trips_fare_amount.ae4b2cab1d, now test.nyc_taxi_data_analytics.assert_positive_value_dim_taxi_trips_total_amount.87eb026bb6)
[0m22:27:02.090338 [debug] [Thread-2 (]: Writing injected SQL for node "test.nyc_taxi_data_analytics.assert_positive_value_dim_taxi_trips_passenger_count.0a2123d397"
[0m22:27:02.090513 [debug] [Thread-1 (]: Began compiling node test.nyc_taxi_data_analytics.assert_positive_value_dim_taxi_trips_total_amount.87eb026bb6
[0m22:27:02.092016 [debug] [Thread-1 (]: Writing injected SQL for node "test.nyc_taxi_data_analytics.assert_positive_value_dim_taxi_trips_total_amount.87eb026bb6"
[0m22:27:02.092235 [debug] [Thread-2 (]: Began executing node test.nyc_taxi_data_analytics.assert_positive_value_dim_taxi_trips_passenger_count.0a2123d397
[0m22:27:02.092496 [debug] [Thread-2 (]: Finished running node test.nyc_taxi_data_analytics.assert_positive_value_dim_taxi_trips_passenger_count.0a2123d397
[0m22:27:02.092664 [debug] [Thread-2 (]: Began running node test.nyc_taxi_data_analytics.assert_positive_value_dim_taxi_trips_trip_distance.0af149968a
[0m22:27:02.092819 [debug] [Thread-1 (]: Began executing node test.nyc_taxi_data_analytics.assert_positive_value_dim_taxi_trips_total_amount.87eb026bb6
[0m22:27:02.092991 [debug] [Thread-2 (]: Re-using an available connection from the pool (formerly test.nyc_taxi_data_analytics.assert_positive_value_dim_taxi_trips_passenger_count.0a2123d397, now test.nyc_taxi_data_analytics.assert_positive_value_dim_taxi_trips_trip_distance.0af149968a)
[0m22:27:02.093301 [debug] [Thread-1 (]: Finished running node test.nyc_taxi_data_analytics.assert_positive_value_dim_taxi_trips_total_amount.87eb026bb6
[0m22:27:02.093454 [debug] [Thread-2 (]: Began compiling node test.nyc_taxi_data_analytics.assert_positive_value_dim_taxi_trips_trip_distance.0af149968a
[0m22:27:02.093618 [debug] [Thread-1 (]: Began running node test.nyc_taxi_data_analytics.duplicate_check
[0m22:27:02.095190 [debug] [Thread-2 (]: Writing injected SQL for node "test.nyc_taxi_data_analytics.assert_positive_value_dim_taxi_trips_trip_distance.0af149968a"
[0m22:27:02.095370 [debug] [Thread-1 (]: Re-using an available connection from the pool (formerly test.nyc_taxi_data_analytics.assert_positive_value_dim_taxi_trips_total_amount.87eb026bb6, now test.nyc_taxi_data_analytics.duplicate_check)
[0m22:27:02.095549 [debug] [Thread-1 (]: Began compiling node test.nyc_taxi_data_analytics.duplicate_check
[0m22:27:02.096629 [debug] [Thread-1 (]: Writing injected SQL for node "test.nyc_taxi_data_analytics.duplicate_check"
[0m22:27:02.096829 [debug] [Thread-2 (]: Began executing node test.nyc_taxi_data_analytics.assert_positive_value_dim_taxi_trips_trip_distance.0af149968a
[0m22:27:02.097193 [debug] [Thread-2 (]: Finished running node test.nyc_taxi_data_analytics.assert_positive_value_dim_taxi_trips_trip_distance.0af149968a
[0m22:27:02.097360 [debug] [Thread-2 (]: Began running node test.nyc_taxi_data_analytics.not_null_dim_time_time_id.6bb481dd5c
[0m22:27:02.097536 [debug] [Thread-2 (]: Re-using an available connection from the pool (formerly test.nyc_taxi_data_analytics.assert_positive_value_dim_taxi_trips_trip_distance.0af149968a, now test.nyc_taxi_data_analytics.not_null_dim_time_time_id.6bb481dd5c)
[0m22:27:02.097688 [debug] [Thread-1 (]: Began executing node test.nyc_taxi_data_analytics.duplicate_check
[0m22:27:02.097823 [debug] [Thread-2 (]: Began compiling node test.nyc_taxi_data_analytics.not_null_dim_time_time_id.6bb481dd5c
[0m22:27:02.098064 [debug] [Thread-1 (]: Finished running node test.nyc_taxi_data_analytics.duplicate_check
[0m22:27:02.100430 [debug] [Thread-2 (]: Writing injected SQL for node "test.nyc_taxi_data_analytics.not_null_dim_time_time_id.6bb481dd5c"
[0m22:27:02.100609 [debug] [Thread-1 (]: Began running node test.nyc_taxi_data_analytics.unique_dim_time_time_id.0752c025e8
[0m22:27:02.100808 [debug] [Thread-1 (]: Re-using an available connection from the pool (formerly test.nyc_taxi_data_analytics.duplicate_check, now test.nyc_taxi_data_analytics.unique_dim_time_time_id.0752c025e8)
[0m22:27:02.100953 [debug] [Thread-1 (]: Began compiling node test.nyc_taxi_data_analytics.unique_dim_time_time_id.0752c025e8
[0m22:27:02.140045 [debug] [Thread-1 (]: Writing injected SQL for node "test.nyc_taxi_data_analytics.unique_dim_time_time_id.0752c025e8"
[0m22:27:02.140292 [debug] [Thread-2 (]: Began executing node test.nyc_taxi_data_analytics.not_null_dim_time_time_id.6bb481dd5c
[0m22:27:02.140665 [debug] [Thread-2 (]: Finished running node test.nyc_taxi_data_analytics.not_null_dim_time_time_id.6bb481dd5c
[0m22:27:02.140859 [debug] [Thread-2 (]: Began running node model.nyc_taxi_data_analytics.fact_taxi_trips
[0m22:27:02.141082 [debug] [Thread-2 (]: Re-using an available connection from the pool (formerly test.nyc_taxi_data_analytics.not_null_dim_time_time_id.6bb481dd5c, now model.nyc_taxi_data_analytics.fact_taxi_trips)
[0m22:27:02.141292 [debug] [Thread-2 (]: Began compiling node model.nyc_taxi_data_analytics.fact_taxi_trips
[0m22:27:02.143337 [debug] [Thread-2 (]: Writing injected SQL for node "model.nyc_taxi_data_analytics.fact_taxi_trips"
[0m22:27:02.143506 [debug] [Thread-1 (]: Began executing node test.nyc_taxi_data_analytics.unique_dim_time_time_id.0752c025e8
[0m22:27:02.143798 [debug] [Thread-1 (]: Finished running node test.nyc_taxi_data_analytics.unique_dim_time_time_id.0752c025e8
[0m22:27:02.143957 [debug] [Thread-1 (]: Began running node test.nyc_taxi_data_analytics.assert_positive_value_dim_location_location_id.bfa80221c8
[0m22:27:02.144118 [debug] [Thread-1 (]: Re-using an available connection from the pool (formerly test.nyc_taxi_data_analytics.unique_dim_time_time_id.0752c025e8, now test.nyc_taxi_data_analytics.assert_positive_value_dim_location_location_id.bfa80221c8)
[0m22:27:02.144298 [debug] [Thread-1 (]: Began compiling node test.nyc_taxi_data_analytics.assert_positive_value_dim_location_location_id.bfa80221c8
[0m22:27:02.146000 [debug] [Thread-1 (]: Writing injected SQL for node "test.nyc_taxi_data_analytics.assert_positive_value_dim_location_location_id.bfa80221c8"
[0m22:27:02.146177 [debug] [Thread-2 (]: Began executing node model.nyc_taxi_data_analytics.fact_taxi_trips
[0m22:27:02.146455 [debug] [Thread-2 (]: Finished running node model.nyc_taxi_data_analytics.fact_taxi_trips
[0m22:27:02.146607 [debug] [Thread-2 (]: Began running node test.nyc_taxi_data_analytics.not_null_dim_location_borough.a8e6f2b983
[0m22:27:02.146826 [debug] [Thread-2 (]: Re-using an available connection from the pool (formerly model.nyc_taxi_data_analytics.fact_taxi_trips, now test.nyc_taxi_data_analytics.not_null_dim_location_borough.a8e6f2b983)
[0m22:27:02.146994 [debug] [Thread-2 (]: Began compiling node test.nyc_taxi_data_analytics.not_null_dim_location_borough.a8e6f2b983
[0m22:27:02.147139 [debug] [Thread-1 (]: Began executing node test.nyc_taxi_data_analytics.assert_positive_value_dim_location_location_id.bfa80221c8
[0m22:27:02.148929 [debug] [Thread-2 (]: Writing injected SQL for node "test.nyc_taxi_data_analytics.not_null_dim_location_borough.a8e6f2b983"
[0m22:27:02.149252 [debug] [Thread-1 (]: Finished running node test.nyc_taxi_data_analytics.assert_positive_value_dim_location_location_id.bfa80221c8
[0m22:27:02.149463 [debug] [Thread-1 (]: Began running node test.nyc_taxi_data_analytics.not_null_dim_location_location_id.8635435d86
[0m22:27:02.149650 [debug] [Thread-1 (]: Re-using an available connection from the pool (formerly test.nyc_taxi_data_analytics.assert_positive_value_dim_location_location_id.bfa80221c8, now test.nyc_taxi_data_analytics.not_null_dim_location_location_id.8635435d86)
[0m22:27:02.149828 [debug] [Thread-1 (]: Began compiling node test.nyc_taxi_data_analytics.not_null_dim_location_location_id.8635435d86
[0m22:27:02.151388 [debug] [Thread-1 (]: Writing injected SQL for node "test.nyc_taxi_data_analytics.not_null_dim_location_location_id.8635435d86"
[0m22:27:02.151546 [debug] [Thread-2 (]: Began executing node test.nyc_taxi_data_analytics.not_null_dim_location_borough.a8e6f2b983
[0m22:27:02.151824 [debug] [Thread-2 (]: Finished running node test.nyc_taxi_data_analytics.not_null_dim_location_borough.a8e6f2b983
[0m22:27:02.151976 [debug] [Thread-2 (]: Began running node test.nyc_taxi_data_analytics.not_null_dim_location_zone.f8af2ac241
[0m22:27:02.152144 [debug] [Thread-2 (]: Re-using an available connection from the pool (formerly test.nyc_taxi_data_analytics.not_null_dim_location_borough.a8e6f2b983, now test.nyc_taxi_data_analytics.not_null_dim_location_zone.f8af2ac241)
[0m22:27:02.152297 [debug] [Thread-2 (]: Began compiling node test.nyc_taxi_data_analytics.not_null_dim_location_zone.f8af2ac241
[0m22:27:02.152432 [debug] [Thread-1 (]: Began executing node test.nyc_taxi_data_analytics.not_null_dim_location_location_id.8635435d86
[0m22:27:02.154037 [debug] [Thread-2 (]: Writing injected SQL for node "test.nyc_taxi_data_analytics.not_null_dim_location_zone.f8af2ac241"
[0m22:27:02.154323 [debug] [Thread-1 (]: Finished running node test.nyc_taxi_data_analytics.not_null_dim_location_location_id.8635435d86
[0m22:27:02.154531 [debug] [Thread-1 (]: Began running node test.nyc_taxi_data_analytics.unique_dim_location_location_id.9acbee647a
[0m22:27:02.154691 [debug] [Thread-1 (]: Re-using an available connection from the pool (formerly test.nyc_taxi_data_analytics.not_null_dim_location_location_id.8635435d86, now test.nyc_taxi_data_analytics.unique_dim_location_location_id.9acbee647a)
[0m22:27:02.154869 [debug] [Thread-1 (]: Began compiling node test.nyc_taxi_data_analytics.unique_dim_location_location_id.9acbee647a
[0m22:27:02.156469 [debug] [Thread-1 (]: Writing injected SQL for node "test.nyc_taxi_data_analytics.unique_dim_location_location_id.9acbee647a"
[0m22:27:02.156635 [debug] [Thread-2 (]: Began executing node test.nyc_taxi_data_analytics.not_null_dim_location_zone.f8af2ac241
[0m22:27:02.156885 [debug] [Thread-2 (]: Finished running node test.nyc_taxi_data_analytics.not_null_dim_location_zone.f8af2ac241
[0m22:27:02.157043 [debug] [Thread-2 (]: Began running node model.nyc_taxi_data_analytics.average_fare_amount
[0m22:27:02.157194 [debug] [Thread-2 (]: Re-using an available connection from the pool (formerly test.nyc_taxi_data_analytics.not_null_dim_location_zone.f8af2ac241, now model.nyc_taxi_data_analytics.average_fare_amount)
[0m22:27:02.157359 [debug] [Thread-2 (]: Began compiling node model.nyc_taxi_data_analytics.average_fare_amount
[0m22:27:02.158561 [debug] [Thread-2 (]: Writing injected SQL for node "model.nyc_taxi_data_analytics.average_fare_amount"
[0m22:27:02.158720 [debug] [Thread-1 (]: Began executing node test.nyc_taxi_data_analytics.unique_dim_location_location_id.9acbee647a
[0m22:27:02.159004 [debug] [Thread-1 (]: Finished running node test.nyc_taxi_data_analytics.unique_dim_location_location_id.9acbee647a
[0m22:27:02.159163 [debug] [Thread-1 (]: Began running node model.nyc_taxi_data_analytics.average_trip_duration
[0m22:27:02.159337 [debug] [Thread-1 (]: Re-using an available connection from the pool (formerly test.nyc_taxi_data_analytics.unique_dim_location_location_id.9acbee647a, now model.nyc_taxi_data_analytics.average_trip_duration)
[0m22:27:02.159518 [debug] [Thread-1 (]: Began compiling node model.nyc_taxi_data_analytics.average_trip_duration
[0m22:27:02.160802 [debug] [Thread-1 (]: Writing injected SQL for node "model.nyc_taxi_data_analytics.average_trip_duration"
[0m22:27:02.160969 [debug] [Thread-2 (]: Began executing node model.nyc_taxi_data_analytics.average_fare_amount
[0m22:27:02.161251 [debug] [Thread-2 (]: Finished running node model.nyc_taxi_data_analytics.average_fare_amount
[0m22:27:02.161411 [debug] [Thread-2 (]: Began running node model.nyc_taxi_data_analytics.average_waiting_time_bw_trips
[0m22:27:02.161593 [debug] [Thread-2 (]: Re-using an available connection from the pool (formerly model.nyc_taxi_data_analytics.average_fare_amount, now model.nyc_taxi_data_analytics.average_waiting_time_bw_trips)
[0m22:27:02.161754 [debug] [Thread-2 (]: Began compiling node model.nyc_taxi_data_analytics.average_waiting_time_bw_trips
[0m22:27:02.161899 [debug] [Thread-1 (]: Began executing node model.nyc_taxi_data_analytics.average_trip_duration
[0m22:27:02.163152 [debug] [Thread-2 (]: Writing injected SQL for node "model.nyc_taxi_data_analytics.average_waiting_time_bw_trips"
[0m22:27:02.163421 [debug] [Thread-1 (]: Finished running node model.nyc_taxi_data_analytics.average_trip_duration
[0m22:27:02.163603 [debug] [Thread-1 (]: Began running node model.nyc_taxi_data_analytics.cash_vs_card_trans
[0m22:27:02.163771 [debug] [Thread-1 (]: Re-using an available connection from the pool (formerly model.nyc_taxi_data_analytics.average_trip_duration, now model.nyc_taxi_data_analytics.cash_vs_card_trans)
[0m22:27:02.163919 [debug] [Thread-1 (]: Began compiling node model.nyc_taxi_data_analytics.cash_vs_card_trans
[0m22:27:02.165098 [debug] [Thread-1 (]: Writing injected SQL for node "model.nyc_taxi_data_analytics.cash_vs_card_trans"
[0m22:27:02.165273 [debug] [Thread-2 (]: Began executing node model.nyc_taxi_data_analytics.average_waiting_time_bw_trips
[0m22:27:02.165530 [debug] [Thread-2 (]: Finished running node model.nyc_taxi_data_analytics.average_waiting_time_bw_trips
[0m22:27:02.165697 [debug] [Thread-2 (]: Began running node model.nyc_taxi_data_analytics.common_pickup_locations
[0m22:27:02.165865 [debug] [Thread-2 (]: Re-using an available connection from the pool (formerly model.nyc_taxi_data_analytics.average_waiting_time_bw_trips, now model.nyc_taxi_data_analytics.common_pickup_locations)
[0m22:27:02.166013 [debug] [Thread-1 (]: Began executing node model.nyc_taxi_data_analytics.cash_vs_card_trans
[0m22:27:02.166144 [debug] [Thread-2 (]: Began compiling node model.nyc_taxi_data_analytics.common_pickup_locations
[0m22:27:02.166373 [debug] [Thread-1 (]: Finished running node model.nyc_taxi_data_analytics.cash_vs_card_trans
[0m22:27:02.168558 [debug] [Thread-2 (]: Writing injected SQL for node "model.nyc_taxi_data_analytics.common_pickup_locations"
[0m22:27:02.168733 [debug] [Thread-1 (]: Began running node model.nyc_taxi_data_analytics.fare_amount_by_borough
[0m22:27:02.168930 [debug] [Thread-1 (]: Re-using an available connection from the pool (formerly model.nyc_taxi_data_analytics.cash_vs_card_trans, now model.nyc_taxi_data_analytics.fare_amount_by_borough)
[0m22:27:02.169076 [debug] [Thread-1 (]: Began compiling node model.nyc_taxi_data_analytics.fare_amount_by_borough
[0m22:27:02.170407 [debug] [Thread-1 (]: Writing injected SQL for node "model.nyc_taxi_data_analytics.fare_amount_by_borough"
[0m22:27:02.170607 [debug] [Thread-2 (]: Began executing node model.nyc_taxi_data_analytics.common_pickup_locations
[0m22:27:02.170851 [debug] [Thread-2 (]: Finished running node model.nyc_taxi_data_analytics.common_pickup_locations
[0m22:27:02.171013 [debug] [Thread-2 (]: Began running node model.nyc_taxi_data_analytics.most_common_payment
[0m22:27:02.171184 [debug] [Thread-2 (]: Re-using an available connection from the pool (formerly model.nyc_taxi_data_analytics.common_pickup_locations, now model.nyc_taxi_data_analytics.most_common_payment)
[0m22:27:02.171350 [debug] [Thread-1 (]: Began executing node model.nyc_taxi_data_analytics.fare_amount_by_borough
[0m22:27:02.171511 [debug] [Thread-2 (]: Began compiling node model.nyc_taxi_data_analytics.most_common_payment
[0m22:27:02.171768 [debug] [Thread-1 (]: Finished running node model.nyc_taxi_data_analytics.fare_amount_by_borough
[0m22:27:02.173093 [debug] [Thread-2 (]: Writing injected SQL for node "model.nyc_taxi_data_analytics.most_common_payment"
[0m22:27:02.173278 [debug] [Thread-1 (]: Began running node model.nyc_taxi_data_analytics.most_efficient_route
[0m22:27:02.173471 [debug] [Thread-1 (]: Re-using an available connection from the pool (formerly model.nyc_taxi_data_analytics.fare_amount_by_borough, now model.nyc_taxi_data_analytics.most_efficient_route)
[0m22:27:02.173615 [debug] [Thread-1 (]: Began compiling node model.nyc_taxi_data_analytics.most_efficient_route
[0m22:27:02.174959 [debug] [Thread-1 (]: Writing injected SQL for node "model.nyc_taxi_data_analytics.most_efficient_route"
[0m22:27:02.175167 [debug] [Thread-2 (]: Began executing node model.nyc_taxi_data_analytics.most_common_payment
[0m22:27:02.175436 [debug] [Thread-2 (]: Finished running node model.nyc_taxi_data_analytics.most_common_payment
[0m22:27:02.175592 [debug] [Thread-2 (]: Began running node model.nyc_taxi_data_analytics.peak_customer_demand
[0m22:27:02.175758 [debug] [Thread-2 (]: Re-using an available connection from the pool (formerly model.nyc_taxi_data_analytics.most_common_payment, now model.nyc_taxi_data_analytics.peak_customer_demand)
[0m22:27:02.175908 [debug] [Thread-2 (]: Began compiling node model.nyc_taxi_data_analytics.peak_customer_demand
[0m22:27:02.176045 [debug] [Thread-1 (]: Began executing node model.nyc_taxi_data_analytics.most_efficient_route
[0m22:27:02.177363 [debug] [Thread-2 (]: Writing injected SQL for node "model.nyc_taxi_data_analytics.peak_customer_demand"
[0m22:27:02.177646 [debug] [Thread-1 (]: Finished running node model.nyc_taxi_data_analytics.most_efficient_route
[0m22:27:02.177843 [debug] [Thread-1 (]: Began running node model.nyc_taxi_data_analytics.peak_vs_nonpeak_hour
[0m22:27:02.178011 [debug] [Thread-1 (]: Re-using an available connection from the pool (formerly model.nyc_taxi_data_analytics.most_efficient_route, now model.nyc_taxi_data_analytics.peak_vs_nonpeak_hour)
[0m22:27:02.178192 [debug] [Thread-1 (]: Began compiling node model.nyc_taxi_data_analytics.peak_vs_nonpeak_hour
[0m22:27:02.179476 [debug] [Thread-1 (]: Writing injected SQL for node "model.nyc_taxi_data_analytics.peak_vs_nonpeak_hour"
[0m22:27:02.179635 [debug] [Thread-2 (]: Began executing node model.nyc_taxi_data_analytics.peak_customer_demand
[0m22:27:02.179902 [debug] [Thread-2 (]: Finished running node model.nyc_taxi_data_analytics.peak_customer_demand
[0m22:27:02.180052 [debug] [Thread-2 (]: Began running node model.nyc_taxi_data_analytics.short_vs_long_trips
[0m22:27:02.180220 [debug] [Thread-2 (]: Re-using an available connection from the pool (formerly model.nyc_taxi_data_analytics.peak_customer_demand, now model.nyc_taxi_data_analytics.short_vs_long_trips)
[0m22:27:02.180370 [debug] [Thread-2 (]: Began compiling node model.nyc_taxi_data_analytics.short_vs_long_trips
[0m22:27:02.180504 [debug] [Thread-1 (]: Began executing node model.nyc_taxi_data_analytics.peak_vs_nonpeak_hour
[0m22:27:02.181637 [debug] [Thread-2 (]: Writing injected SQL for node "model.nyc_taxi_data_analytics.short_vs_long_trips"
[0m22:27:02.181901 [debug] [Thread-1 (]: Finished running node model.nyc_taxi_data_analytics.peak_vs_nonpeak_hour
[0m22:27:02.182087 [debug] [Thread-1 (]: Began running node model.nyc_taxi_data_analytics.tipping_behavior
[0m22:27:02.182271 [debug] [Thread-1 (]: Re-using an available connection from the pool (formerly model.nyc_taxi_data_analytics.peak_vs_nonpeak_hour, now model.nyc_taxi_data_analytics.tipping_behavior)
[0m22:27:02.182419 [debug] [Thread-1 (]: Began compiling node model.nyc_taxi_data_analytics.tipping_behavior
[0m22:27:02.182558 [debug] [Thread-2 (]: Began executing node model.nyc_taxi_data_analytics.short_vs_long_trips
[0m22:27:02.183783 [debug] [Thread-1 (]: Writing injected SQL for node "model.nyc_taxi_data_analytics.tipping_behavior"
[0m22:27:02.184036 [debug] [Thread-2 (]: Finished running node model.nyc_taxi_data_analytics.short_vs_long_trips
[0m22:27:02.184221 [debug] [Thread-2 (]: Began running node model.nyc_taxi_data_analytics.total_earnings_per_month
[0m22:27:02.184402 [debug] [Thread-2 (]: Re-using an available connection from the pool (formerly model.nyc_taxi_data_analytics.short_vs_long_trips, now model.nyc_taxi_data_analytics.total_earnings_per_month)
[0m22:27:02.184551 [debug] [Thread-1 (]: Began executing node model.nyc_taxi_data_analytics.tipping_behavior
[0m22:27:02.184688 [debug] [Thread-2 (]: Began compiling node model.nyc_taxi_data_analytics.total_earnings_per_month
[0m22:27:02.184930 [debug] [Thread-1 (]: Finished running node model.nyc_taxi_data_analytics.tipping_behavior
[0m22:27:02.186260 [debug] [Thread-2 (]: Writing injected SQL for node "model.nyc_taxi_data_analytics.total_earnings_per_month"
[0m22:27:02.186440 [debug] [Thread-1 (]: Began running node model.nyc_taxi_data_analytics.trips_by_time_and_day
[0m22:27:02.186626 [debug] [Thread-1 (]: Re-using an available connection from the pool (formerly model.nyc_taxi_data_analytics.tipping_behavior, now model.nyc_taxi_data_analytics.trips_by_time_and_day)
[0m22:27:02.186778 [debug] [Thread-1 (]: Began compiling node model.nyc_taxi_data_analytics.trips_by_time_and_day
[0m22:27:02.188177 [debug] [Thread-1 (]: Writing injected SQL for node "model.nyc_taxi_data_analytics.trips_by_time_and_day"
[0m22:27:02.188396 [debug] [Thread-2 (]: Began executing node model.nyc_taxi_data_analytics.total_earnings_per_month
[0m22:27:02.188651 [debug] [Thread-2 (]: Finished running node model.nyc_taxi_data_analytics.total_earnings_per_month
[0m22:27:02.188812 [debug] [Thread-2 (]: Began running node model.nyc_taxi_data_analytics.vendor_market_share
[0m22:27:02.188962 [debug] [Thread-2 (]: Re-using an available connection from the pool (formerly model.nyc_taxi_data_analytics.total_earnings_per_month, now model.nyc_taxi_data_analytics.vendor_market_share)
[0m22:27:02.189117 [debug] [Thread-1 (]: Began executing node model.nyc_taxi_data_analytics.trips_by_time_and_day
[0m22:27:02.189276 [debug] [Thread-2 (]: Began compiling node model.nyc_taxi_data_analytics.vendor_market_share
[0m22:27:02.189512 [debug] [Thread-1 (]: Finished running node model.nyc_taxi_data_analytics.trips_by_time_and_day
[0m22:27:02.190681 [debug] [Thread-2 (]: Writing injected SQL for node "model.nyc_taxi_data_analytics.vendor_market_share"
[0m22:27:02.190856 [debug] [Thread-1 (]: Began running node test.nyc_taxi_data_analytics.assert_positive_value_fact_taxi_trips_fare_amount.e1cbe379d5
[0m22:27:02.191055 [debug] [Thread-1 (]: Re-using an available connection from the pool (formerly model.nyc_taxi_data_analytics.trips_by_time_and_day, now test.nyc_taxi_data_analytics.assert_positive_value_fact_taxi_trips_fare_amount.e1cbe379d5)
[0m22:27:02.191205 [debug] [Thread-1 (]: Began compiling node test.nyc_taxi_data_analytics.assert_positive_value_fact_taxi_trips_fare_amount.e1cbe379d5
[0m22:27:02.192714 [debug] [Thread-1 (]: Writing injected SQL for node "test.nyc_taxi_data_analytics.assert_positive_value_fact_taxi_trips_fare_amount.e1cbe379d5"
[0m22:27:02.192928 [debug] [Thread-2 (]: Began executing node model.nyc_taxi_data_analytics.vendor_market_share
[0m22:27:02.193185 [debug] [Thread-2 (]: Finished running node model.nyc_taxi_data_analytics.vendor_market_share
[0m22:27:02.193347 [debug] [Thread-2 (]: Began running node test.nyc_taxi_data_analytics.fact_vs_dim_count
[0m22:27:02.193510 [debug] [Thread-2 (]: Re-using an available connection from the pool (formerly model.nyc_taxi_data_analytics.vendor_market_share, now test.nyc_taxi_data_analytics.fact_vs_dim_count)
[0m22:27:02.193670 [debug] [Thread-1 (]: Began executing node test.nyc_taxi_data_analytics.assert_positive_value_fact_taxi_trips_fare_amount.e1cbe379d5
[0m22:27:02.193816 [debug] [Thread-2 (]: Began compiling node test.nyc_taxi_data_analytics.fact_vs_dim_count
[0m22:27:02.194071 [debug] [Thread-1 (]: Finished running node test.nyc_taxi_data_analytics.assert_positive_value_fact_taxi_trips_fare_amount.e1cbe379d5
[0m22:27:02.196380 [debug] [Thread-2 (]: Writing injected SQL for node "test.nyc_taxi_data_analytics.fact_vs_dim_count"
[0m22:27:02.196569 [debug] [Thread-1 (]: Began running node test.nyc_taxi_data_analytics.not_null_fact_taxi_trips_dropoff_datetime.b267ed285c
[0m22:27:02.196777 [debug] [Thread-1 (]: Re-using an available connection from the pool (formerly test.nyc_taxi_data_analytics.assert_positive_value_fact_taxi_trips_fare_amount.e1cbe379d5, now test.nyc_taxi_data_analytics.not_null_fact_taxi_trips_dropoff_datetime.b267ed285c)
[0m22:27:02.196934 [debug] [Thread-1 (]: Began compiling node test.nyc_taxi_data_analytics.not_null_fact_taxi_trips_dropoff_datetime.b267ed285c
[0m22:27:02.198594 [debug] [Thread-1 (]: Writing injected SQL for node "test.nyc_taxi_data_analytics.not_null_fact_taxi_trips_dropoff_datetime.b267ed285c"
[0m22:27:02.198802 [debug] [Thread-2 (]: Began executing node test.nyc_taxi_data_analytics.fact_vs_dim_count
[0m22:27:02.199071 [debug] [Thread-2 (]: Finished running node test.nyc_taxi_data_analytics.fact_vs_dim_count
[0m22:27:02.199245 [debug] [Thread-2 (]: Began running node test.nyc_taxi_data_analytics.not_null_fact_taxi_trips_pickup_datetime.d87413dbcd
[0m22:27:02.199405 [debug] [Thread-2 (]: Re-using an available connection from the pool (formerly test.nyc_taxi_data_analytics.fact_vs_dim_count, now test.nyc_taxi_data_analytics.not_null_fact_taxi_trips_pickup_datetime.d87413dbcd)
[0m22:27:02.199562 [debug] [Thread-1 (]: Began executing node test.nyc_taxi_data_analytics.not_null_fact_taxi_trips_dropoff_datetime.b267ed285c
[0m22:27:02.199719 [debug] [Thread-2 (]: Began compiling node test.nyc_taxi_data_analytics.not_null_fact_taxi_trips_pickup_datetime.d87413dbcd
[0m22:27:02.199966 [debug] [Thread-1 (]: Finished running node test.nyc_taxi_data_analytics.not_null_fact_taxi_trips_dropoff_datetime.b267ed285c
[0m22:27:02.201520 [debug] [Thread-2 (]: Writing injected SQL for node "test.nyc_taxi_data_analytics.not_null_fact_taxi_trips_pickup_datetime.d87413dbcd"
[0m22:27:02.201694 [debug] [Thread-1 (]: Began running node test.nyc_taxi_data_analytics.not_null_fact_taxi_trips_trip_id.0a488b34a6
[0m22:27:02.201896 [debug] [Thread-1 (]: Re-using an available connection from the pool (formerly test.nyc_taxi_data_analytics.not_null_fact_taxi_trips_dropoff_datetime.b267ed285c, now test.nyc_taxi_data_analytics.not_null_fact_taxi_trips_trip_id.0a488b34a6)
[0m22:27:02.202066 [debug] [Thread-1 (]: Began compiling node test.nyc_taxi_data_analytics.not_null_fact_taxi_trips_trip_id.0a488b34a6
[0m22:27:02.203720 [debug] [Thread-1 (]: Writing injected SQL for node "test.nyc_taxi_data_analytics.not_null_fact_taxi_trips_trip_id.0a488b34a6"
[0m22:27:02.203885 [debug] [Thread-2 (]: Began executing node test.nyc_taxi_data_analytics.not_null_fact_taxi_trips_pickup_datetime.d87413dbcd
[0m22:27:02.204179 [debug] [Thread-2 (]: Finished running node test.nyc_taxi_data_analytics.not_null_fact_taxi_trips_pickup_datetime.d87413dbcd
[0m22:27:02.204363 [debug] [Thread-2 (]: Began running node test.nyc_taxi_data_analytics.relationships_fact_taxi_trips_dropoff_location_id__location_id__ref_dim_location_.d9808e50a4
[0m22:27:02.204554 [debug] [Thread-2 (]: Re-using an available connection from the pool (formerly test.nyc_taxi_data_analytics.not_null_fact_taxi_trips_pickup_datetime.d87413dbcd, now test.nyc_taxi_data_analytics.relationships_fact_taxi_trips_dropoff_location_id__location_id__ref_dim_location_.d9808e50a4)
[0m22:27:02.204734 [debug] [Thread-2 (]: Began compiling node test.nyc_taxi_data_analytics.relationships_fact_taxi_trips_dropoff_location_id__location_id__ref_dim_location_.d9808e50a4
[0m22:27:02.208312 [debug] [Thread-2 (]: Writing injected SQL for node "test.nyc_taxi_data_analytics.relationships_fact_taxi_trips_dropoff_location_id__location_id__ref_dim_location_.d9808e50a4"
[0m22:27:02.208500 [debug] [Thread-1 (]: Began executing node test.nyc_taxi_data_analytics.not_null_fact_taxi_trips_trip_id.0a488b34a6
[0m22:27:02.208814 [debug] [Thread-1 (]: Finished running node test.nyc_taxi_data_analytics.not_null_fact_taxi_trips_trip_id.0a488b34a6
[0m22:27:02.208988 [debug] [Thread-1 (]: Began running node test.nyc_taxi_data_analytics.relationships_fact_taxi_trips_pickup_location_id__location_id__ref_dim_location_.2b200d8db8
[0m22:27:02.209177 [debug] [Thread-1 (]: Re-using an available connection from the pool (formerly test.nyc_taxi_data_analytics.not_null_fact_taxi_trips_trip_id.0a488b34a6, now test.nyc_taxi_data_analytics.relationships_fact_taxi_trips_pickup_location_id__location_id__ref_dim_location_.2b200d8db8)
[0m22:27:02.209351 [debug] [Thread-1 (]: Began compiling node test.nyc_taxi_data_analytics.relationships_fact_taxi_trips_pickup_location_id__location_id__ref_dim_location_.2b200d8db8
[0m22:27:02.209505 [debug] [Thread-2 (]: Began executing node test.nyc_taxi_data_analytics.relationships_fact_taxi_trips_dropoff_location_id__location_id__ref_dim_location_.d9808e50a4
[0m22:27:02.211676 [debug] [Thread-1 (]: Writing injected SQL for node "test.nyc_taxi_data_analytics.relationships_fact_taxi_trips_pickup_location_id__location_id__ref_dim_location_.2b200d8db8"
[0m22:27:02.211968 [debug] [Thread-2 (]: Finished running node test.nyc_taxi_data_analytics.relationships_fact_taxi_trips_dropoff_location_id__location_id__ref_dim_location_.d9808e50a4
[0m22:27:02.212168 [debug] [Thread-2 (]: Began running node test.nyc_taxi_data_analytics.unique_fact_taxi_trips_trip_id.9bcb3949ad
[0m22:27:02.212353 [debug] [Thread-2 (]: Re-using an available connection from the pool (formerly test.nyc_taxi_data_analytics.relationships_fact_taxi_trips_dropoff_location_id__location_id__ref_dim_location_.d9808e50a4, now test.nyc_taxi_data_analytics.unique_fact_taxi_trips_trip_id.9bcb3949ad)
[0m22:27:02.212513 [debug] [Thread-2 (]: Began compiling node test.nyc_taxi_data_analytics.unique_fact_taxi_trips_trip_id.9bcb3949ad
[0m22:27:02.214095 [debug] [Thread-2 (]: Writing injected SQL for node "test.nyc_taxi_data_analytics.unique_fact_taxi_trips_trip_id.9bcb3949ad"
[0m22:27:02.214294 [debug] [Thread-1 (]: Began executing node test.nyc_taxi_data_analytics.relationships_fact_taxi_trips_pickup_location_id__location_id__ref_dim_location_.2b200d8db8
[0m22:27:02.214573 [debug] [Thread-1 (]: Finished running node test.nyc_taxi_data_analytics.relationships_fact_taxi_trips_pickup_location_id__location_id__ref_dim_location_.2b200d8db8
[0m22:27:02.214768 [debug] [Thread-2 (]: Began executing node test.nyc_taxi_data_analytics.unique_fact_taxi_trips_trip_id.9bcb3949ad
[0m22:27:02.215027 [debug] [Thread-2 (]: Finished running node test.nyc_taxi_data_analytics.unique_fact_taxi_trips_trip_id.9bcb3949ad
[0m22:27:02.215450 [debug] [MainThread]: Connection 'master' was properly closed.
[0m22:27:02.215584 [debug] [MainThread]: Connection 'test.nyc_taxi_data_analytics.relationships_fact_taxi_trips_pickup_location_id__location_id__ref_dim_location_.2b200d8db8' was left open.
[0m22:27:02.215718 [debug] [MainThread]: On test.nyc_taxi_data_analytics.relationships_fact_taxi_trips_pickup_location_id__location_id__ref_dim_location_.2b200d8db8: Close
[0m22:27:02.984012 [debug] [MainThread]: Connection 'test.nyc_taxi_data_analytics.unique_fact_taxi_trips_trip_id.9bcb3949ad' was left open.
[0m22:27:02.984357 [debug] [MainThread]: On test.nyc_taxi_data_analytics.unique_fact_taxi_trips_trip_id.9bcb3949ad: Close
[0m22:27:03.648468 [debug] [MainThread]: Command end result
[0m22:27:03.678814 [debug] [MainThread]: Wrote artifact WritableManifest to /Users/tushargupta/Documents/Projects/NYC-Taxi-Data-Analytics/target/manifest.json
[0m22:27:03.680177 [debug] [MainThread]: Wrote artifact SemanticManifest to /Users/tushargupta/Documents/Projects/NYC-Taxi-Data-Analytics/target/semantic_manifest.json
[0m22:27:03.686099 [debug] [MainThread]: Wrote artifact RunExecutionResult to /Users/tushargupta/Documents/Projects/NYC-Taxi-Data-Analytics/target/run_results.json
[0m22:27:03.687871 [debug] [MainThread]: Resource report: {"command_name": "compile", "command_success": true, "command_wall_clock_time": 5.063938, "process_in_blocks": "0", "process_kernel_time": 0.444609, "process_mem_max_rss": "191954944", "process_out_blocks": "0", "process_user_time": 3.074036}
[0m22:27:03.688228 [debug] [MainThread]: Command `dbt compile` succeeded at 22:27:03.688133 after 5.06 seconds
[0m22:27:03.688536 [debug] [MainThread]: Sending event: {'category': 'dbt', 'action': 'invocation', 'label': 'end', 'context': [<snowplow_tracker.self_describing_json.SelfDescribingJson object at 0x104baaba0>, <snowplow_tracker.self_describing_json.SelfDescribingJson object at 0x146604200>, <snowplow_tracker.self_describing_json.SelfDescribingJson object at 0x146605fd0>]}
[0m22:27:03.688797 [debug] [MainThread]: Flushing usage events
[0m22:27:04.618926 [debug] [MainThread]: An error was encountered while trying to flush usage events
